REALCHAR 118801 29713 51
REALCHAR 806521 201643 51
DEEP 8803369 2200869 107
SUPPORT 13867921 3466993 51
REALCHAR 16467361 4116853 51
SUPPORT 32794441 8198623 51
REALCHAR 80156521 20039143 51
DEEP 106376209 26594070 71
REALCHAR 117145081 29286283 51
REALCHAR 140919601 35229913 51
DEEP 144329329 36082350 71
REALCHAR 171348241 42837073 51
DEEP 230089729 57522451 75
SUPPORT 245034001 61258513 51
REALCHAR 278046001 69511513 51
REALCHAR 287567281 71891833 51
REALCHAR 287567281 71891839 75
DEEP 287567281 71891841 83
DEEP 332709841 83177478 71
DEEP 376197649 94049430 71
DEEP 401426041 100356528 71
REALCHAR 402847561 100711903 51
REALCHAR 441487201 110371813 51
DEEP 570743209 142685820 71
REALCHAR 587648161 146912053 51
REALCHAR 602030641 150507673 51
REALCHAR 651412441 162853123 51
DEEP 651412441 162853131 83
REALCHAR 698285641 174571423 51
REALCHAR 774378361 193594603 51
REALCHAR 778103881 194525983 51
DEEP 778103881 194525990 79
DEEP 793592809 198398221 75
SUPPORT 823247881 205811983 51
DEEP 1008855241 252213828 71
REALCHAR 1022055241 255513823 51
REALCHAR 1082985121 270746293 51
SUPPORT 1187266081 296816533 51
REALCHAR 1282346521 320586643 51
DEEP 1313972521 328493148 71
REALCHAR 1461306001 365326513 51
REALCHAR 1490176081 372544033 51
REALCHAR 1641245761 410311453 51
REALCHAR 1673206441 418301623 51
REALCHAR 1682127841 420531973 51
DEEP 1683652441 420913128 71
DEEP 1749233641 437308430 79
REALCHAR 1775179561 443794903 51
REALCHAR 1843269481 460817383 51
DEEP 1875932809 468983220 71
REALCHAR 1891167721 472791943 51
REALCHAR 2051050681 512762683 51
REALCHAR 2120414521 530103643 51
REALCHAR 2123538481 530884633 51
DEEP 2127634441 531908628 71
REALCHAR 2136905761 534226453 51
DEEP 2146664809 536666220 71
DEEP 2188875529 547218903 83
REALCHAR 2258910481 564727633 51
DEEP 2292821281 573205338 71
DEEP 2301031489 575257890 71
DEEP 2535613921 633903500 79
DEEP 2629216489 657304140 71
DEEP 2736032209 684008070 71
DEEP 2744973169 686243310 71
DEEP 2782002721 695500698 71
DEEP 2809257889 702314492 79
DEEP 2812462129 703115550 71
REALCHAR 3101304361 775326103 51
DEEP 3121838329 780459600 71
REALCHAR 3218397961 804599503 51
DEEP 3278006449 819501630 71
REALCHAR 3341581681 835395433 51
REALCHAR 3384621241 846155323 51
REALCHAR 3409966561 852491653 51
REALCHAR 3424509001 856127263 51
DEEP 3434195209 858548823 83
DEEP 3439335769 859833960 71
DEEP 3474307321 868576848 71
REALCHAR 3564506401 891126613 51
DEEP 3733223209 933305820 71
DEEP 3769072129 942268050 71
DEEP 3785271169 946317810 71
REALCHAR 3819171841 954792973 51
DEEP 3819171841 954792978 71
REALCHAR 3880135561 970033903 51
REALCHAR 3885147841 971286973 51
REALCHAR 3922010401 980502613 51
REALCHAR 3944291521 986072893 51
REALCHAR 4001109121 1000277293 51
DEEP 4038617521 1009654398 71
REALCHAR 4063936801 1015984213 51
DEEP 4165224001 1041306018 71
DEEP 4209674401 1052418618 71
DEEP 4315477609 1078869420 71
REALCHAR 4316871001 1079217763 51
DEEP 4382228449 1095557130 71
REALCHAR 4458945241 1114736323 51
REALCHAR 4493931121 1123482793 51
DEEP 4507554529 1126888650 71
REALCHAR 4729522561 1182380653 51
DEEP 4729522561 1182380660 79
REALCHAR 4793340841 1198335223 51
REALCHAR 4875763201 1218940813 51
DEEP 5066051761 1266512960 79
REALCHAR 5104221721 1276055443 51
REALCHAR 5162309881 1290577483 51
REALCHAR 5207967361 1301991853 51
SUPPORT 5207995321 1301998843 51
REALCHAR 5271091081 1317772783 51
DEEP 5322797089 1330699290 71
REALCHAR 5361815281 1340453833 51
REALCHAR 5366199721 1341549943 51
REALCHAR 5529849361 1382462353 51
DEEP 5531648929 1382912250 71
REALCHAR 5544555241 1386138823 51
REALCHAR 5544665281 1386166333 51
REALCHAR 5557679521 1389419893 51
REALCHAR 5671643041 1417910779 75
DEEP 5671643041 1417910780 79
DEEP 5683084801 1420771219 75
REALCHAR 5718345361 1429586353 51
DEEP 5743450729 1435862700 71
REALCHAR 5794829881 1448707483 51
DEEP 5998349449 1499587382 79
DEEP 6000595129 1500148803 83
DEEP 6024941521 1506235398 71
REALCHAR 6260931121 1565232793 51
REALCHAR 6273682321 1568420593 51
REALCHAR 6349532641 1587383173 51
REALCHAR 6541736041 1635434023 51
REALCHAR 6617607481 1654401883 51
REALCHAR 6697336801 1674334213 51
DEEP 6745884721 1686471198 71
REALCHAR 6773691961 1693423003 51
REALCHAR 6849243241 1712310823 51
REALCHAR 6939628081 1734907033 51
REALCHAR 7035501841 1758875473 51
REALCHAR 7100675761 1775168953 51
DEEP 7109478289 1777369592 79
REALCHAR 7138194361 1784548603 51
REALCHAR 7500685921 1875171493 51
DEEP 7620719089 1905179792 79
DEEP 7896580561 1974145158 71
SUPPORT 7932383281 1983095833 51
DEEP 8051168449 2012792130 71
REALCHAR 8109569521 2027392393 51
DEEP 8223619849 2055904980 71
DEEP 8314409041 2078602278 71
DEEP 8435854561 2108963658 71
REALCHAR 8544656761 2136164203 51
DEEP 8555613889 2138903492 79
DEEP 8667347329 2166836850 71
DEEP 8672438329 2168109600 71
SUPPORT 8975473081 2243868283 51
REALCHAR 9053010121 2263252543 51
REALCHAR 9157119841 2289279973 51
REALCHAR 9501601561 2375400403 51
DEEP 9724435009 2431108770 71
REALCHAR 9928868161 2482217053 51
REALCHAR 9962976241 2490744073 51
REALCHAR 10100413801 2525103463 51
DEEP 10204217521 2551054399 75
REALCHAR 10280988481 2570247133 51
REALCHAR 10425935521 2606483893 51
REALCHAR 10557606361 2639401603 51
SUPPORT 10642855441 2660713873 51
REALCHAR 10771920721 2692980193 51
REALCHAR 10873044961 2718261253 51
DEEP 10944752809 2736188222 79
DEEP 10972227841 2743056981 83
REALCHAR 11053687681 2763421933 51
DEEP 11067618241 2766904579 75
DEEP 11169469249 2792367330 71
DEEP 11221936489 2805484142 79
DEEP 11241838609 2810459673 83
DEEP 11470924921 2867731248 71
REALCHAR 11511377641 2877844423 51
DEEP 11538857929 2884714500 71
DEEP 11715888529 2928972150 71
REALCHAR 11740963441 2935240873 51
REALCHAR 11771677681 2942919433 51
REALCHAR 11799038161 2949759553 51
DEEP 11894393449 2973598380 71
SUPPORT 11943608161 2985902053 51
REALCHAR 11981351281 2995337833 51
REALCHAR 12024903361 3006225853 51
DEEP 12024903361 3006225859 75
DEEP 12250514329 3062628600 71
DEEP 12250602841 3062650728 71
DEEP 12300078961 3075019758 71
DEEP 12317209921 3079302498 71
REALCHAR 12331112161 3082778053 51
REALCHAR 12478960321 3119740093 51
DEEP 12478960321 3119740099 75
REALCHAR 12720301801 3180075463 51
DEEP 12814116121 3203529048 71
DEEP 12924028441 3231007128 71
REALCHAR 12929299681 3232324933 51
REALCHAR 12973565641 3243391423 51
REALCHAR 13012405561 3253101403 51
DEEP 13130318569 3282579664 87
REALCHAR 13153318201 3288329563 51
REALCHAR 13160306041 3290076523 51
DEEP 13266173209 3316543320 71
REALCHAR 13314231841 3328557973 51
REALCHAR 13344750721 3336187693 51
REALCHAR 13390072921 3347518243 51
REALCHAR 13401659881 3350414983 51
DEEP 13433085961 3358271510 79
DEEP 13489785241 3372446329 75
REALCHAR 13551050881 3387762733 51
DEEP 13593416929 3398354250 71
REALCHAR 13755662281 3438915583 51
REALCHAR 13805569801 3451392463 51
REALCHAR 13871578561 3467894653 51
REALCHAR 13897753321 3474438343 51
REALCHAR 13917506521 3479376643 51
SUPPORT 13997486281 3499371583 51
REALCHAR 14171797201 3542949313 51
DEEP 14183385241 3545846328 71
SUPPORT 14235975121 3558993793 51
SUPPORT 14293882201 3573470563 51
REALCHAR 14294421241 3573605323 51
REALCHAR 14362484761 3590621203 51
REALCHAR 14412925081 3603231283 51
DEEP 14519027329 3629756850 71
REALCHAR 14759283841 3689820973 51
REALCHAR 14800936921 3700234243 51
DEEP 15081514009 3770378520 71
REALCHAR 15094759681 3773689933 51
REALCHAR 15166916521 3791729143 51
SUPPORT 15223463641 3805865923 51
REALCHAR 15253375201 3813343813 51
REALCHAR 15265057201 3816264313 51
DEEP 15265057201 3816264318 71
REALCHAR 15362203921 3840550993 51
REALCHAR 15426553921 3856638493 51
DEEP 15426553921 3856638500 79
SUPPORT 15619157401 3904789363 51
DEEP 15640418641 3910104678 71
REALCHAR 15756025321 3939006343 51
REALCHAR 15814215481 3953553883 51
SUPPORT 15871779361 3967944853 51
REALCHAR 16060821001 4015205263 51
REALCHAR 16112416681 4028104183 51
REALCHAR 16130500681 4032625183 51
DEEP 16357472569 4089368160 71
REALCHAR 16380916561 4095229153 51
DEEP 16380916561 4095229158 71
DEEP 16494953281 4123738338 71
REALCHAR 16498140961 4124535253 51
REALCHAR 16637603761 4159400953 51
SUPPORT 17101266361 4275316603 51
DEEP 17150874049 4287718530 71
REALCHAR 17184110161 4296027559 75
DEEP 17184110161 4296027560 79
DEEP 17197589809 4299397470 71
REALCHAR 17541568801 4385392213 51
DEEP 17576746489 4394186643 83
DEEP 17654894401 4413723622 87
REALCHAR 17775551641 4443887923 51
REALCHAR 17882163121 4470540793 51
REALCHAR 17938074361 4484518603 51
REALCHAR 18017603041 4504400773 51
DEEP 18081052081 4520263040 79
REALCHAR 18130203001 4532550763 51
DEEP 18138381361 4534595361 83
REALCHAR 18219668041 4554917023 51
DEEP 18219668041 4554917028 71
DEEP 18315426529 4578856650 71
DEEP 18421153921 4605288499 75
DEEP 18483104929 4620776256 95
REALCHAR 18606472921 4651618243 51
REALCHAR 18640687321 4660171843 51
DEEP 18640687321 4660171848 71
DEEP 18900806401 4725201618 71
DEEP 19129745209 4782436324 87
DEEP 19155152641 4788788178 71
DEEP 19172029969 4793007512 79
REALCHAR 19180117441 4795029373 51
REALCHAR 19242566641 4810641673 51
REALCHAR 19572659401 4893164863 51
REALCHAR 19591076521 4897769143 51
DEEP 19599002329 4899750600 71
DEEP 19604997721 4901249448 71
REALCHAR 19674345961 4918586503 51
REALCHAR 19758326641 4939581673 51
DEEP 20302312969 5075578260 71
REALCHAR 20414795041 5103698773 51
SUPPORT 20484168721 5121042193 51
DEEP 20484168721 5121042198 71
REALCHAR 20518094041 5129523523 51
REALCHAR 20529954481 5132488633 51
DEEP 20529954481 5132488638 71
SUPPORT 20571188401 5142797113 51
DEEP 20571188401 5142797119 75
REALCHAR 20815693201 5203923313 51
REALCHAR 20898394609 5224598671 75
DEEP 20898394609 5224598673 83
REALCHAR 21156438601 5289109663 51
DEEP 21158687449 5289671885 91
REALCHAR 21182526121 5295631543 51
REALCHAR 21246604201 5311651063 51
DEEP 21263050561 5315762658 71
REALCHAR 21315331801 5328832963 51
DEEP 21333497641 5333374430 79
REALCHAR 21362844721 5340711193 51
REALCHAR 21372474601 5343118663 51
REALCHAR 21440633041 5360158273 51
REALCHAR 21516406081 5379101533 51
REALCHAR 21677446561 5419361653 51
REALCHAR 21719826361 5429956603 51
REALCHAR 21932012281 5483003083 51
REALCHAR 21970141561 5492535403 51
DEEP 21985759849 5496439983 83
DEEP 22040856601 5510214171 83
DEEP 22108983121 5527245800 79
REALCHAR 22281025321 5570256343 51
REALCHAR 22287840961 5571960253 51
REALCHAR 22295279161 5573819803 51
DEEP 22425929761 5606482462 87
DEEP 22488099481 5622024890 79
REALCHAR 22660911001 5665227763 51
REALCHAR 22700597761 5675149453 51
REALCHAR 22709085961 5677271503 51
REALCHAR 22775143561 5693785903 51
REALCHAR 22836293041 5709073273 51
DEEP 22836293041 5709073278 71
REALCHAR 22901223361 5725305853 51
DEEP 22930808209 5732702070 71
REALCHAR 22950759841 5737689973 51
REALCHAR 23027688121 5756922043 51
REALCHAR 23065413361 5766353353 51
DEEP 23089305121 5772326298 71
DEEP 23248669921 5812167498 71
REALCHAR 23266216801 5816554213 51
DEEP 23350858129 5837714556 95
REALCHAR 23381158441 5845289623 51
DEEP 23465455729 5866363950 71
REALCHAR 23496932281 5874233083 51
REALCHAR 23501838361 5875459603 51
DEEP 23712686449 5928171632 79
REALCHAR 23969935201 5992483813 51
REALCHAR 23989543561 5997385903 51
DEEP 24217089649 6054272432 79
SUPPORT 24370841401 6092710363 51
REALCHAR 24970153321 6242538343 51
REALCHAR 24987016441 6246754123 51
REALCHAR 25072836721 6268209193 51
REALCHAR 25084919161 6271229803 51
SUPPORT 25260980761 6315245203 51
REALCHAR 25347145321 6336786343 51
DEEP 26447308801 6611827221 83
REALCHAR 26550692281 6637673083 51
REALCHAR 26607986161 6651996553 51
REALCHAR 26717241721 6679310443 51
REALCHAR 26778074761 6694518703 51
SUPPORT 26785289521 6696322393 51
REALCHAR 27059848201 6764962063 51
DEEP 27273639409 6818409870 71
DEEP 27442495081 6860623788 71
DEEP 27577636321 6894409098 71
REALCHAR 27660004681 6915001183 51
REALCHAR 27898962841 6974740723 51
REALCHAR 28188903961 7047226003 51
DEEP 28370400529 7092600150 71
DEEP 28442651449 7110662882 79
REALCHAR 28481041801 7120260463 51
REALCHAR 28594817161 7148704303 51
REALCHAR 28595899921 7148974993 51
DEEP 28995127561 7248781908 71
REALCHAR 29058316681 7264579183 51
DEEP 29074652161 7268663058 71
REALCHAR 29088669481 7272167383 51
REALCHAR 29186323321 7296580843 51
DEEP 29199025969 7299756510 71
REALCHAR 29877587041 7469396773 51
REALCHAR 29907076081 7476769033 51
DEEP 29966959801 7491739969 75
REALCHAR 30431873761 7607968453 51
REALCHAR 30842917561 7710729403 51
REALCHAR 31507255081 7876813783 51
DEEP 31517403241 7879350831 83
REALCHAR 31597962841 7899490723 51
DEEP 31647815809 7911953971 75
REALCHAR 31703392081 7925848033 51
REALCHAR 31846270681 7961567683 51
SUPPORT 31867784881 7966946233 51
REALCHAR 32169097321 8042274343 51
DEEP 32172872449 8043218130 71
DEEP 32324230849 8081057733 83
DEEP 32362174849 8090543732 79
DEEP 32411019601 8102754920 79
REALCHAR 32478589441 8119647373 51
SUPPORT 32501506801 8125376713 51
REALCHAR 32561289601 8140322413 51
DEEP 32578459489 8144614890 71
REALCHAR 32612348521 8153087143 51
REALCHAR 32981196361 8245299103 51
DEEP 32981196361 8245299110 79
DEEP 33093387721 8273346950 79
DEEP 33208879729 8302219951 75
DEEP 33523014121 8380753548 71
REALCHAR 33531280561 8382820153 51
REALCHAR 33580838041 8395209523 51
DEEP 33580838041 8395209528 71
REALCHAR 33817762801 8454440713 51
DEEP 33818623609 8454655920 71
REALCHAR 34326166081 8581541533 51
DEEP 34376307001 8594076768 71
REALCHAR 34603077721 8650769443 51
REALCHAR 34618149721 8654537443 51
REALCHAR 34618149721 8654537449 75
DEEP 34618149721 8654537451 83
DEEP 34709533489 8677383390 71
REALCHAR 34731963841 8682990973 51
DEEP 34734147529 8683536900 71
DEEP 34982282449 8745570633 83
REALCHAR 35318969401 8829742363 51
REALCHAR 35515839241 8878959823 51
REALCHAR 35562284521 8890571143 51
REALCHAR 35584894801 8896223713 51
DEEP 35726487889 8931621996 95
REALCHAR 36125032441 9031258123 51
REALCHAR 36377087041 9094271773 51
DEEP 36450105169 9112526310 71
REALCHAR 36464339521 9116084893 51
REALCHAR 36648782041 9162195523 51
REALCHAR 36782769241 9195692323 51
DEEP 36976958209 9244239570 71
DEEP 36983626969 9245906760 71
REALCHAR 37227933961 9306983503 51
REALCHAR 37291363561 9322840903 51
REALCHAR 37344947641 9336236923 51
REALCHAR 37778223961 9444556003 51
REALCHAR 37876870201 9469217563 51
DEEP 38365413241 9591353328 71
DEEP 38523208441 9630802128 71
DEEP 38837508649 9709377182 79
REALCHAR 38990130001 9747532513 51
DEEP 39144114409 9786028624 87
REALCHAR 39162889921 9790722493 51
DEEP 39201271201 9800317818 71
REALCHAR 39556092601 9889023163 51
SUPPORT 39620818561 9905204653 51
DEEP 39685234801 9921308719 75
REALCHAR 39799196761 9949799203 51
REALCHAR 39823922161 9955980553 51
REALCHAR 39862324681 9965581183 51
REALCHAR 39906999001 9976749763 51
REALCHAR 39940947601 9985236913 51
SUPPORT 39967438681 9991859683 51
SUPPORT 39979642921 9994910743 51
REALCHAR 40040004601 10010001163 51
REALCHAR 40157492281 10039373083 51
REALCHAR 40310129161 10077532303 51
REALCHAR 40367538121 10091884543 51
REALCHAR 40424836321 10106209093 51
REALCHAR 40496353921 10124088493 51
DEEP 40496353921 10124088498 71
REALCHAR 40501797361 10125449353 51
REALCHAR 40514794321 10128698593 51
DEEP 40524500041 10131125028 71
DEEP 40909984369 10227496110 71
REALCHAR 40919655841 10229913973 51
REALCHAR 41099525041 10274881273 51
DEEP 41099525041 10274881278 71
DEEP 41421615481 10355403888 71
REALCHAR 41781831841 10445457973 51
REALCHAR 41943126241 10485781573 51
REALCHAR 42257327401 10564331863 51
REALCHAR 42334409881 10583602483 51
DEEP 42653853841 10663463478 71
REALCHAR 42832401481 10708100383 51
SUPPORT 42848969641 10712242423 51
SUPPORT 42925187761 10731296953 51
DEEP 42925187761 10731296958 71
DEEP 43023377401 10755844368 71
DEEP 43078210561 10769552660 79
DEEP 43510950289 10877737590 71
DEEP 43883526241 10970881578 71
REALCHAR 43952014681 10988003683 51
DEEP 44133021409 11033255370 71
REALCHAR 44135888281 11033972083 51
REALCHAR 44159875321 11039968843 51
REALCHAR 44278930081 11069732533 51
DEEP 44723463409 11180865871 75
REALCHAR 45110364601 11277591163 51
DEEP 45166017961 11291504509 75
DEEP 45195081409 11298770378 103
REALCHAR 45299315881 11324828983 51
REALCHAR 45332932681 11333233183 51
DEEP 45378170161 11344542558 71
REALCHAR 45528354481 11382088633 51
REALCHAR 46089299881 11522324983 51
SUPPORT 46107084241 11526771073 51
REALCHAR 46331162641 11582790673 51
DEEP 46544770561 11636192659 75
REALCHAR 46735413481 11683853383 51
REALCHAR 46870120441 11717530123 51
REALCHAR 47110409641 11777602423 51
REALCHAR 47322558721 11830639693 51
DEEP 47322558721 11830639698 71
REALCHAR 47361809401 11840452363 51
DEEP 47747444761 11936861208 71
DEEP 47874771961 11968693008 71
DEEP 48001175161 12000293808 71
DEEP 48076210009 12019052520 71
DEEP 48354252769 12088563210 71
REALCHAR 48355572721 12088893193 51
DEEP 48361098241 12090274578 71
DEEP 48455100409 12113775120 71
DEEP 48511296289 12127824093 83
DEEP 48763421281 12190855338 71
DEEP 48935920609 12233980170 71
REALCHAR 49294248721 12323562193 51
REALCHAR 49359046801 12339761713 51
DEEP 49402109689 12350527442 79
REALCHAR 49495782961 12373945753 51
DEEP 49546326769 12386581710 71
REALCHAR 50022403201 12505600813 51
REALCHAR 50231111401 12557777863 51
DEEP 50235839809 12558959970 71
DEEP 50265649729 12566412450 71
DEEP 50269907689 12567476940 71
REALCHAR 50276082481 12569020633 51
DEEP 50537956681 12634489188 71
SUPPORT 50538983881 12634745983 51
DEEP 50606240161 12651560058 71
REALCHAR 51345578881 12836394733 51
REALCHAR 51402424441 12850606123 51
REALCHAR 51417901921 12854475493 51
DEEP 51417901921 12854475500 79
REALCHAR 51509770321 12877442593 51
DEEP 51548527801 12887131968 71
DEEP 51712752961 12928188264 95
REALCHAR 51821211121 12955302793 51
DEEP 52028346049 13007086530 71
DEEP 52045125001 13011281268 71
REALCHAR 52109499121 13027374793 51
REALCHAR 52173523921 13043380993 51
DEEP 52261543489 13065385890 71
REALCHAR 52352891761 13088222953 51
REALCHAR 52495890841 13123972723 51
SUPPORT 52507187041 13126796773 51
REALCHAR 52622615761 13155653953 51
REALCHAR 52688363641 13172090923 51
DEEP 52928743921 13232185998 71
DEEP 52984739809 13246184970 71
DEEP 53047240009 13261810020 71
REALCHAR 53070042481 13267510633 51
SUPPORT 53182136401 13295534113 51
REALCHAR 53349532681 13337383183 51
REALCHAR 53522732041 13380683023 51
DEEP 53738702161 13434675558 71
REALCHAR 53859678601 13464919663 51
DEEP 54154929481 13538732388 71
REALCHAR 54232822081 13558205533 51
REALCHAR 54237617281 13559404333 51
REALCHAR 54427291801 13606822963 51
DEEP 54618909409 13654727371 75
REALCHAR 54938671321 13734667843 51
DEEP 55284420409 13821105120 71
REALCHAR 55322726281 13830681583 51
REALCHAR 55348518481 13837129633 51
REALCHAR 55542878161 13885719553 51
DEEP 55918911409 13979727873 83
REALCHAR 55944060481 13986015133 51
DEEP 56078907361 14019726858 71
REALCHAR 56327696881 14081924233 51
DEEP 56601605449 14150401380 71
DEEP 56701796449 14175449130 71
REALCHAR 56713170361 14178292603 51
REALCHAR 56984004001 14246001013 51
REALCHAR 57117585121 14279396293 51
REALCHAR 57329590081 14332397533 51
REALCHAR 57604371841 14401092973 51
REALCHAR 57742200961 14435550253 51
DEEP 58022932969 14505733263 83
REALCHAR 58179635641 14544908923 51
DEEP 58314009601 14578502418 71
REALCHAR 58405559521 14601389893 51
REALCHAR 58468650601 14617162663 51
REALCHAR 58675860721 14668965193 51
DEEP 59257838929 14814459752 79
DEEP 59293840369 14823460110 71
DEEP 59348217889 14837054490 71
REALCHAR 59650118641 14912529673 51
DEEP 59934892081 14983723041 83
SUPPORT 60096847561 15024211903 51
REALCHAR 60302531041 15075632773 51
SUPPORT 60393726121 15098431543 51
REALCHAR 60437380441 15109345123 51
REALCHAR 60598055281 15149513833 51
REALCHAR 60624878521 15156219643 51
REALCHAR 60703533361 15175883353 51
DEEP 61113203761 15278300958 71
DEEP 61263422089 15315855544 87
REALCHAR 61467278401 15366819613 51
REALCHAR 61508585161 15377146303 51
DEEP 61638633169 15409658310 71
DEEP 61824242041 15456060528 71
REALCHAR 62004211201 15501052813 51
DEEP 62065680121 15516420048 71
DEEP 62186464201 15546616068 71
REALCHAR 62267281561 15566820403 51
DEEP 62493253729 15623313450 71
REALCHAR 63015830641 15753957673 51
DEEP 63016636489 15754159141 75
REALCHAR 63115034161 15778758553 51
REALCHAR 63180948601 15795237163 51
REALCHAR 63208590481 15802147633 51
REALCHAR 63383665801 15845916463 51
DEEP 63383665801 15845916468 71
DEEP 63468183601 15867045918 71
REALCHAR 63468648721 15867162193 51
DEEP 63472158481 15868039638 71
REALCHAR 63501632041 15875408023 51
REALCHAR 63759456121 15939864043 51
REALCHAR 63820007161 15955001803 51
DEEP 63834180601 15958545169 75
REALCHAR 64345239841 16086309973 51
REALCHAR 64529823121 16132455793 51
DEEP 64744375609 16186093922 79
DEEP 64768935169 16192233811 75
DEEP 65157870649 16289467686 95
REALCHAR 65165158969 16291289761 75
DEEP 65165158969 16291289762 79
DEEP 65285329321 16321332348 71
REALCHAR 65311701361 16327925353 51
REALCHAR 65789232961 16447308253 51
SUPPORT 65938271281 16484567833 51
REALCHAR 66054070681 16513517683 51
REALCHAR 66067264561 16516816153 51
DEEP 66240013849 16560003480 71
REALCHAR 66342174721 16585543693 51
REALCHAR 66431664601 16607916163 51
REALCHAR 66563453401 16640863363 51
REALCHAR 66614358721 16653589699 75
DEEP 66614358721 16653589700 79
DEEP 66619670209 16654917570 71
REALCHAR 66680155441 16670038873 51
REALCHAR 66713311921 16678327993 51
REALCHAR 66751009081 16687752283 51
DEEP 66779375569 16694843910 71
DEEP 66887009401 16721752368 71
REALCHAR 66913057201 16728264313 51
DEEP 67006811089 16751702790 71
REALCHAR 67165154281 16791288583 51
REALCHAR 67586487721 16896621943 51
REALCHAR 67598301241 16899575323 51
DEEP 67635386809 16908846725 91
DEEP 67680123289 16920030842 79
DEEP 67826705521 16956676398 71
DEEP 68173456849 17043364230 71
REALCHAR 68401532161 17100383053 51
REALCHAR 68555695321 17138923843 51
REALCHAR 68826804601 17206701163 51
DEEP 68859976441 17214994128 71
DEEP 68867816161 17216954058 71
REALCHAR 69108746281 17277186583 51
REALCHAR 69256047961 17314012003 51
DEEP 69256047961 17314012010 79
REALCHAR 69282650761 17320662703 51
REALCHAR 69519499921 17379874993 51
REALCHAR 69577916521 17394479143 51
DEEP 69582688561 17395672158 71
REALCHAR 69601597321 17400399343 51
DEEP 69614345161 17403586308 71
DEEP 69953509081 17488377288 71
REALCHAR 70053014641 17513253673 51
REALCHAR 70068845401 17517211363 51
SUPPORT 70148516881 17537129233 51
REALCHAR 70411083961 17602771003 51
SUPPORT 70482858601 17620714663 51
REALCHAR 70518160441 17629540123 51
DEEP 70748675089 17687168794 87
DEEP 70905089641 17726272428 71
REALCHAR 71072277721 17768069443 51
SUPPORT 71293955041 17823488773 51
REALCHAR 72314545081 18078636283 51
DEEP 72459193921 18114798499 75
REALCHAR 72910856041 18227714023 51
REALCHAR 73310460001 18327615013 51
DEEP 73632551521 18408137898 71
DEEP 74158151929 18539538003 83
REALCHAR 74845968961 18711492253 51
SUPPORT 74889592801 18722398213 51
DEEP 75164137129 18791034300 71
REALCHAR 75531391321 18882847843 51
REALCHAR 75667005241 18916751323 51
REALCHAR 75899308081 18974827033 51
REALCHAR 75919408321 18979852093 51
REALCHAR 76269878281 19067469583 51
REALCHAR 76880255761 19220063953 51
REALCHAR 77213710729 19303427701 75
DEEP 77213710729 19303427702 79
REALCHAR 77374115641 19343528923 51
REALCHAR 77448849241 19362212323 51
DEEP 77448849241 19362212328 71
DEEP 77490401041 19372600278 71
REALCHAR 77520379561 19380094903 51
DEEP 77564488849 19391122232 79
REALCHAR 77733801601 19433450413 51
SUPPORT 77771868001 19442967013 51
DEEP 78434003041 19608500778 71
DEEP 78577551649 19644387930 71
REALCHAR 78824356081 19706089033 51
DEEP 78910994761 19727748708 71
DEEP 79167527209 19791881820 71
REALCHAR 79522480801 19880620213 51
REALCHAR 79721177761 19930294453 51
SUPPORT 79736847961 19934212003 51
DEEP 79838604169 19959651060 71
REALCHAR 79851002401 19962750613 51
REALCHAR 79894520161 19973630053 51
REALCHAR 80008885441 20002221373 51
DEEP 80338933249 20084733331 75
DEEP 80400270721 20100067699 75
REALCHAR 80402186881 20100546733 51
DEEP 80561385529 20140346402 79
REALCHAR 80738503561 20184625903 51
DEEP 80868654409 20217163622 79
DEEP 81052494769 20263123710 71
REALCHAR 81174983761 20293745953 51
DEEP 81530353129 20382588300 71
SUPPORT 81836338081 20459084533 51
REALCHAR 82118323681 20529580933 51
REALCHAR 82174452721 20543613193 51
REALCHAR 82480370281 20620092583 51
DEEP 82480370281 20620092591 83
DEEP 82665771841 20666442978 71
REALCHAR 82763531761 20690882953 51
REALCHAR 83227789681 20806947433 51
SUPPORT 83260782361 20815195603 51
DEEP 83601600889 20900400240 71
REALCHAR 83648374681 20912093683 51
REALCHAR 83834522641 20958630673 51
REALCHAR 84098490841 21024622723 51
REALCHAR 84132920041 21033230023 51
REALCHAR 84153178321 21038294593 51
DEEP 84360331969 21090083010 71
DEEP 85844675401 21461168870 79
REALCHAR 85862215321 21465553843 51
REALCHAR 85868068441 21467017123 51
REALCHAR 85915247401 21478811863 51
REALCHAR 85932863041 21483215773 51
REALCHAR 86202252361 21550563103 51
REALCHAR 86928270361 21732067603 51
SUPPORT 87007619521 21751904893 51
REALCHAR 87088424641 21772106173 51
DEEP 87245968489 21811492140 71
DEEP 87485470801 21871367720 79
DEEP 87574132801 21893533218 71
REALCHAR 87630862321 21907715593 51
REALCHAR 87857540521 21964385143 51
DEEP 88174711249 22043677832 79
REALCHAR 88358274601 22089568663 51
REALCHAR 88361512801 22090378213 51
DEEP 88517185849 22129296481 75
REALCHAR 88609052401 22152263113 51
DEEP 88609052401 22152263118 71
REALCHAR 88694620921 22173655243 51
REALCHAR 88850167561 22212541903 51
REALCHAR 88923662881 22230915733 51
DEEP 88982031889 22245507990 71
REALCHAR 89026987921 22256746993 51
DEEP 89107516369 22276879110 71
DEEP 89585632249 22396408080 71
REALCHAR 89690910241 22422727573 51
DEEP 89720518801 22430129718 71
SUPPORT 90048511081 22512127783 51
DEEP 90097644289 22524411090 71
DEEP 90288105961 22572026508 71
REALCHAR 90382418281 22595604583 51
DEEP 90382418281 22595604588 71
REALCHAR 90655449889 22663862491 75
DEEP 90655449889 22663862492 79
DEEP 90696475081 22674118788 71
DEEP 91521060409 22880265122 79
DEEP 91724200129 22931050050 71
REALCHAR 91739451241 22934862823 51
DEEP 92039679601 23009919922 87
REALCHAR 92068903081 23017225783 51
REALCHAR 92118298561 23029574653 51
DEEP 92118298561 23029574659 75
DEEP 92159707201 23039926825 99
REALCHAR 92185086361 23046271603 51
REALCHAR 92277451561 23069362903 51
REALCHAR 92307095521 23076773893 51
REALCHAR 92525721961 23131430503 51
DEEP 92535046321 23133761600 79
REALCHAR 92773518601 23193379663 51
REALCHAR 93125001841 23281250473 51
DEEP 93143390209 23285847570 71
REALCHAR 93255387481 23313846883 51
DEEP 93432459121 23358114798 71
DEEP 93859762441 23464940630 79
REALCHAR 94054895281 23513723833 51
REALCHAR 94064236561 23516059159 75
DEEP 94064236561 23516059160 79
REALCHAR 94071006481 23517751633 51
REALCHAR 94807551721 23701887943 51
DEEP 94904912041 23726228028 71
REALCHAR 95284098361 23821024603 51
SUPPORT 95472497761 23868124453 51
REALCHAR 95753188441 23938297123 51
DEEP 95784140761 23946035208 71
REALCHAR 95834370241 23958592573 51
DEEP 95898421369 23974605360 71
REALCHAR 95943348601 23985837163 51
REALCHAR 96317283841 24079320973 51
DEEP 96352838761 24088209709 75
REALCHAR 96445792921 24111448243 51
REALCHAR 96478004401 24119501113 51
REALCHAR 96757852801 24189463213 51
REALCHAR 96782444641 24195611173 51
REALCHAR 96817976161 24204494053 51
DEEP 96857566129 24214391550 71
REALCHAR 98170917601 24542729413 51
DEEP 98401441681 24600360438 71
DEEP 98426110561 24606527659 75
DEEP 98574055969 24643514010 71
DEEP 98657759209 24664439825 91
DEEP 98771007241 24692751829 75
REALCHAR 99003273121 24750818293 51
DEEP 99273350089 24818337540 71
DEEP 99391843849 24847960980 71
REALCHAR 99505868401 24876467113 51
REALCHAR 99563287321 24890821843 51
REALCHAR 100182436201 25045609063 51
DEEP 100627306081 25156826538 71
DEEP 101095546561 25273886658 71
DEEP 101113212841 25278303228 71
DEEP 101176797121 25294199300 79
REALCHAR 101187517201 25296879313 51
REALCHAR 101291689801 25322922463 51
REALCHAR 101469951361 25367487853 51
DEEP 101552538649 25388134680 71
DEEP 101653493881 25413373488 71
DEEP 101715413881 25428853488 71
DEEP 101732599081 25433149788 71
DEEP 101735893081 25433973288 71
DEEP 101823256441 25455814131 83
REALCHAR 101838179881 25459544983 51
REALCHAR 102284539681 25571134933 51
DEEP 102422998441 25605749628 71
REALCHAR 102438186601 25609546663 51
REALCHAR 102507010321 25626752593 51
REALCHAR 102894552601 25723638163 51
REALCHAR 103007507521 25751876893 51
REALCHAR 103080830161 25770207553 51
DEEP 103080830161 25770207558 71
REALCHAR 103320976201 25830244063 51
DEEP 103491635809 25872908970 71
DEEP 103988181361 25997045358 71
REALCHAR 104050247401 26012561863 51
REALCHAR 104132520361 26033130103 51
REALCHAR 104274361801 26068590463 51
REALCHAR 104529830161 26132457553 51
REALCHAR 104533934761 26133483703 51
REALCHAR 104664856921 26166214243 51
DEEP 104916776449 26229194130 71
REALCHAR 105267448441 26316862123 51
REALCHAR 105270491041 26317622773 51
DEEP 105270491041 26317622778 71
DEEP 105397969609 26349492420 71
DEEP 105548923561 26387230910 79
REALCHAR 105617950201 26404487563 51
DEEP 105728578201 26432144568 71
REALCHAR 105731907121 26432976793 51
DEEP 105847853329 26461963350 71
REALCHAR 105965956321 26491489093 51
REALCHAR 106298253961 26574563503 51
REALCHAR 106322231401 26580557863 51
REALCHAR 106493604361 26623401103 51
REALCHAR 106535924401 26633981113 51
REALCHAR 106545312241 26636328073 51
REALCHAR 106739431681 26684857933 51
DEEP 106911131209 26727782820 71
REALCHAR 107002981801 26750745463 51
REALCHAR 107049487561 26762371903 51
REALCHAR 107401966681 26850491683 51
REALCHAR 107550281521 26887570393 51
DEEP 107593231321 26898307848 71
DEEP 107638057921 26909514498 71
REALCHAR 107902540201 26975635063 51
DEEP 107942763289 26985690841 75
DEEP 108228873601 27057218420 79
DEEP 108367044769 27091761210 71
REALCHAR 108626410201 27156602563 51
DEEP 108799575361 27199893860 79
REALCHAR 109014222241 27253555573 51
DEEP 109014222241 27253555578 71
REALCHAR 109140990841 27285247723 51
DEEP 109400314321 27350078598 71
REALCHAR 109657770121 27414442543 51
DEEP 109924791001 27481197768 71
DEEP 110096589409 27524147370 71
DEEP 110180002321 27545000599 75
DEEP 110251967809 27562991971 75
DEEP 110469748321 27617437098 71
DEEP 110596803529 27649200900 71
REALCHAR 110813669521 27703417393 51
DEEP 111168982369 27792245612 79
REALCHAR 111266218561 27816554653 51
REALCHAR 111360904561 27840226153 51
REALCHAR 111606274081 27901568533 51
SUPPORT 111694859641 27923714923 51
REALCHAR 111868069681 27967017433 51
REALCHAR 111983235961 27995809003 51
DEEP 112163181001 28040795268 71
REALCHAR 112307587921 28076896993 51
DEEP 112612068529 28153017150 71
DEEP 112616508601 28154127168 71
DEEP 112783900441 28195975128 71
REALCHAR 112938866041 28234716523 51
REALCHAR 113610338521 28402584643 51
REALCHAR 113721827521 28430456893 51
SUPPORT 113827056841 28456764223 51
DEEP 113845059409 28461264870 71
REALCHAR 113987702761 28496925703 51
REALCHAR 114119484361 28529871103 51
REALCHAR 114614525041 28653631273 51
DEEP 114614525041 28653631279 75
REALCHAR 114827003281 28706750833 51
REALCHAR 114981853561 28745463403 51
REALCHAR 115033656721 28758414193 51
DEEP 115033656721 28758414200 79
REALCHAR 115311147121 28827786793 51
REALCHAR 115472938681 28868234683 51
DEEP 115526750641 28881687678 71
SUPPORT 115657212841 28914303223 51
REALCHAR 115723239241 28930809823 51
DEEP 115948853329 28987213350 71
SUPPORT 116074600321 29018650093 51
REALCHAR 116123848681 29030962183 51
REALCHAR 116415793321 29103948343 51
REALCHAR 116529134401 29132283613 51
REALCHAR 116543916241 29135979073 51
SUPPORT 116791066681 29197766683 51
REALCHAR 116879374921 29219843743 51
REALCHAR 116895621361 29223905353 51
DEEP 117188062489 29297015640 71
REALCHAR 117336459601 29334114913 51
DEEP 117867972121 29466993048 71
DEEP 117933696169 29483424060 71
DEEP 118323633409 29580908370 71
DEEP 118664360929 29666090250 71
REALCHAR 119450092441 29862523123 51
SUPPORT 119789449081 29947362283 51
REALCHAR 119873948041 29968487023 51
SUPPORT 119878321081 29969580283 51
DEEP 119945383009 29986345780 111
REALCHAR 120039948961 30009987253 51
REALCHAR 120057648481 30014412133 51
REALCHAR 120109461481 30027365383 51
DEEP 120109461481 30027365392 87
DEEP 120135849289 30033962341 75
DEEP 120341254609 30085313670 71
REALCHAR 120414699001 30103674763 51
DEEP 120589709881 30147427491 83
REALCHAR 120617337481 30154334383 51
REALCHAR 120964290841 30241072723 51
DEEP 121054532041 30263633030 79
DEEP 121066453369 30266613366 95
REALCHAR 121292585761 30323146453 51
DEEP 121292585761 30323146458 71
REALCHAR 121683097561 30420774403 51
REALCHAR 121807987681 30451996933 51
DEEP 121807987681 30451996938 71
REALCHAR 122072056681 30518014183 51
REALCHAR 122132017921 30533004493 51
DEEP 122201635609 30550408920 71
REALCHAR 122238619801 30559654963 51
REALCHAR 122386771081 30596692783 51
REALCHAR 122646412561 30661603153 51
REALCHAR 122654794201 30663698563 51
REALCHAR 123010745881 30752686483 51
DEEP 123046692409 30761673120 71
REALCHAR 123432701401 30858175363 51
SUPPORT 123518095801 30879523963 51
REALCHAR 123518165761 30879541453 51
DEEP 123658047241 30914511828 71
REALCHAR 123682644121 30920661043 51
REALCHAR 123786871321 30946717843 51
REALCHAR 123800290441 30950072623 51
DEEP 123942310801 30985577719 75
REALCHAR 124553934961 31138483753 51
DEEP 124554214009 31138553521 75
REALCHAR 124797822361 31199455603 51
DEEP 124797822361 31199455608 71
DEEP 125083485409 31270871372 79
REALCHAR 125206074841 31301518723 51
DEEP 125287133689 31321783440 71
DEEP 125540408449 31385102130 71
DEEP 125976978241 31494244578 71
REALCHAR 126491048401 31622762113 51
DEEP 126491048401 31622762118 71
REALCHAR 126506732641 31626683173 51
SUPPORT 127208346721 31802086693 51
REALCHAR 127242066121 31810516543 51
DEEP 127613093689 31903273440 71
REALCHAR 127834598761 31958649703 51
DEEP 127936216489 31984054140 71
REALCHAR 128101602841 32025400723 51
REALCHAR 128191122361 32047780603 51
DEEP 128191122361 32047780608 71
DEEP 128445981049 32111495282 79
REALCHAR 128704828561 32176207153 51
REALCHAR 128866335361 32216583853 51
REALCHAR 128980491481 32245122883 51
SUPPORT 129122857081 32280714283 51
DEEP 129122857081 32280714288 71
REALCHAR 129144366961 32286091753 51
REALCHAR 129210452281 32302613083 51
DEEP 129658413481 32414603388 71
DEEP 130114467289 32528616840 71
DEEP 130836628129 32709157050 71
DEEP 130836812089 32709203040 71
REALCHAR 130876828681 32719207183 51
REALCHAR 130983213001 32745803263 51
DEEP 131134600081 32783650038 71
REALCHAR 131377887481 32844471883 51
REALCHAR 131445930841 32861482723 51
REALCHAR 131554657081 32888664283 51
REALCHAR 131927315521 32981828893 51
REALCHAR 132019329121 33004832293 51
DEEP 132019441009 33004860272 79
DEEP 132287244961 33071811261 83
DEEP 132648450169 33162112560 71
REALCHAR 133068408841 33267102223 51
REALCHAR 133565983321 33391495843 51
REALCHAR 133748805961 33437201509 75
DEEP 133748805961 33437201510 79
REALCHAR 133901759161 33475439803 51
REALCHAR 133973733721 33493433443 51
REALCHAR 134175925321 33543981343 51
DEEP 134175925321 33543981350 79
REALCHAR 134329083001 33582270763 51
DEEP 134462284609 33615571170 71
REALCHAR 134592902161 33648225553 51
SUPPORT 134800017361 33700004353 51
REALCHAR 135118084201 33779521063 51
REALCHAR 135143651161 33785912803 51
SUPPORT 135159957241 33789989323 51
REALCHAR 135293368081 33823342033 51
DEEP 135477277321 33869319348 71
REALCHAR 135979351561 33994837903 51
SUPPORT 136705212361 34176303103 51
DEEP 136740753361 34185188359 75
REALCHAR 136755910201 34188977563 51
DEEP 137332584601 34333146168 71
REALCHAR 137702743201 34425685813 51
DEEP 137743473169 34435868310 71
REALCHAR 137945063881 34486265983 51
DEEP 137945063881 34486265988 71
REALCHAR 137950976881 34487744233 51
REALCHAR 138029167201 34507291813 51
REALCHAR 138067730161 34516932553 51
DEEP 138553481089 34638370294 87
REALCHAR 139024341481 34756085383 51
DEEP 139024341481 34756085388 71
DEEP 139788180841 34947045228 71
REALCHAR 140871147481 35217786883 51
DEEP 141135992209 35283998070 71
DEEP 141144143449 35286035880 71
DEEP 141539388169 35384847060 71
REALCHAR 141696492961 35424123253 51
DEEP 141712016209 35428004071 75
REALCHAR 141870058801 35467514713 51
DEEP 141870058801 35467514718 71
REALCHAR 142567808881 35641952233 51
DEEP 142567808881 35641952242 87
REALCHAR 142615178161 35653794553 51
REALCHAR 142774632001 35693658013 51
DEEP 142790915089 35697728792 79
REALCHAR 143388394081 35847098533 51
REALCHAR 143791153801 35947788463 51
REALCHAR 143956926961 35989231753 51
DEEP 144431115481 36107778891 83
REALCHAR 144916044001 36229011013 51
REALCHAR 144925763761 36231440953 51
REALCHAR 145423880281 36355970083 51
DEEP 145783875169 36445968810 71
REALCHAR 145972318801 36493079713 51
REALCHAR 146654115841 36663528973 51
REALCHAR 146829813601 36707453413 51
DEEP 147289906201 36822476570 79
REALCHAR 147720519241 36930129823 51
REALCHAR 147724027201 36931006813 51
DEEP 147724027201 36931006820 79
REALCHAR 147931605721 36982901443 51
DEEP 147993645409 36998411370 71
REALCHAR 148028777521 37007194393 51
REALCHAR 148570127161 37142531803 51
REALCHAR 148742483761 37185620953 51
REALCHAR 149025134281 37256283583 51
REALCHAR 149430578761 37357644703 51
DEEP 149605810201 37401452570 79
REALCHAR 149825240161 37456310053 51
REALCHAR 149920437241 37480109323 51
DEEP 149920437241 37480109328 71
DEEP 150384813049 37596203280 71
SUPPORT 150426160921 37606540243 51
REALCHAR 150725789041 37681447273 51
REALCHAR 150837008401 37709252113 51
DEEP 150837008401 37709252118 71
DEEP 151059049969 37764762511 75
REALCHAR 151083936481 37770984133 51
REALCHAR 151462842001 37865710513 51
REALCHAR 151510741321 37877685343 51
REALCHAR 151525739401 37881434863 51
REALCHAR 151636317121 37909079293 51
DEEP 152784439369 38196109860 71
REALCHAR 152855047801 38213761963 51
REALCHAR 153301514521 38325378643 51
DEEP 153482512681 38370628188 71
SUPPORT 153765854761 38441463703 51
REALCHAR 154170987961 38542747003 51
REALCHAR 154910652121 38727663043 51
REALCHAR 155627954161 38906988553 51
DEEP 155634006529 38908501650 71
REALCHAR 155775717241 38943929323 51
REALCHAR 155928567001 38982141763 51
DEEP 156775977121 39193994298 71
REALCHAR 156799691161 39199922803 51
REALCHAR 156818068801 39204517213 51
DEEP 156818068801 39204517218 71
REALCHAR 157164369961 39291092503 51
DEEP 157359046849 39339761731 75
DEEP 158024143369 39506035860 71
DEEP 158231653969 39557913512 79
REALCHAR 158249593681 39562398433 51
REALCHAR 158731613041 39682903273 51
REALCHAR 158770328161 39692582053 51
REALCHAR 158914121521 39728530393 51
REALCHAR 159580839721 39895209943 51
DEEP 159733957321 39933489348 71
SUPPORT 159755941801 39938985463 51
REALCHAR 159772425121 39943106293 51
REALCHAR 160128939961 40032235003 51
REALCHAR 160230820201 40057705063 51
REALCHAR 160327305121 40081826293 51
DEEP 160752781729 40188195450 71
REALCHAR 160789536961 40197384253 51
REALCHAR 161046048601 40261512163 51
REALCHAR 161256265921 40314066493 51
DEEP 161624168161 40406042058 71
DEEP 161629032049 40407258034 87
REALCHAR 161836279201 40459069813 51
DEEP 161847793969 40461948510 71
REALCHAR 161905653361 40476413353 51
DEEP 162617664889 40654416240 71
DEEP 162749862529 40687465650 71
REALCHAR 162940801321 40735200343 51
REALCHAR 163043171041 40760792773 51
REALCHAR 163307367721 40826841943 51
REALCHAR 163539128041 40884782023 51
REALCHAR 163639891801 40909972963 51
DEEP 163705279609 40926319920 71
DEEP 163891897129 40972974304 87
REALCHAR 164446159081 41111539783 51
REALCHAR 164477019001 41119254763 51
DEEP 164477019001 41119254768 71
SUPPORT 164649146041 41162286523 51
REALCHAR 164815940041 41203985023 51
REALCHAR 165459893041 41364973273 51
REALCHAR 165546301561 41386575403 51
DEEP 165596719201 41399179820 79
REALCHAR 165690870601 41422717663 51
REALCHAR 165765480241 41441370073 51
DEEP 165765480241 41441370078 71
DEEP 165948599881 41487149990 79
DEEP 166145296249 41536324084 87
REALCHAR 166710990601 41677747663 51
DEEP 166750136569 41687534161 75
DEEP 166953809929 41738452503 83
DEEP 166973277241 41743319328 71
DEEP 167044004689 41761001194 87
SUPPORT 167053719121 41763429793 51
REALCHAR 167301842761 41825460703 51
REALCHAR 167322584641 41830646173 51
REALCHAR 167336134681 41834033683 51
DEEP 167460249961 41865062508 71
DEEP 167768906449 41942226632 79
REALCHAR 168004349881 42001087483 51
DEEP 168089255161 42022313812 87
REALCHAR 168225482881 42056370733 51
DEEP 168500148961 42125037258 71
DEEP 168790044721 42197511198 71
DEEP 169011849241 42252962328 71
SUPPORT 169044783961 42261196003 51
REALCHAR 169238583361 42309645853 51
REALCHAR 169339753801 42334938463 51
REALCHAR 169528465681 42382116433 51
REALCHAR 169696230001 42424057513 51
DEEP 169773470689 42443367690 71
REALCHAR 169876228201 42469057063 51
DEEP 169876228201 42469057070 79
REALCHAR 169964646601 42491161663 51
DEEP 170003136241 42500784078 71
DEEP 170230867921 42557717007 107
DEEP 170339049721 42584762448 71
REALCHAR 170529338281 42632334583 51
REALCHAR 170662091161 42665522803 51
DEEP 170662091161 42665522808 71
REALCHAR 170913160441 42728290123 51
REALCHAR 170931590281 42732897583 51
DEEP 171046563601 42761640918 71
DEEP 171219528481 42804882138 71
DEEP 171258990841 42814747728 71
DEEP 171511997281 42877999342 87
REALCHAR 171842554321 42960638593 51
REALCHAR 172567552921 43141888243 51
REALCHAR 172579319641 43144829923 51
DEEP 172712385169 43178096310 71
REALCHAR 172844549641 43211137423 51
REALCHAR 173735835001 43433958763 51
REALCHAR 173747200201 43436800063 51
REALCHAR 173811821401 43452955363 51
DEEP 174151094569 43537773660 71
REALCHAR 174279315961 43569829003 51
REALCHAR 174416721361 43604180353 51
SUPPORT 174467406961 43616851753 51
DEEP 174964868521 43741217148 71
REALCHAR 175087856161 43771964053 51
REALCHAR 175138462321 43784615593 51
SUPPORT 175689979921 43922494993 51
SUPPORT 175720426561 43930106653 51
REALCHAR 175892797081 43973199283 51
DEEP 175892797081 43973199289 75
DEEP 175934210761 43983552708 71
REALCHAR 175986722521 43996680643 51
REALCHAR 175990920121 43997730043 51
DEEP 175990920121 43997730048 71
DEEP 176243187121 44060796798 71
REALCHAR 176491944841 44122986223 51
DEEP 176529553201 44132388320 79
REALCHAR 176922146041 44230536523 51
REALCHAR 177206550361 44301637603 51
DEEP 177712413649 44428103433 83
REALCHAR 177946991401 44486747863 51
DEEP 178241219641 44560304929 75
REALCHAR 178310004601 44577501163 51
REALCHAR 179309784721 44827446193 51
DEEP 179626451449 44906612881 75
DEEP 180076784281 45019196088 71
REALCHAR 180704036881 45176009233 51
REALCHAR 180982366321 45245591593 51
REALCHAR 181063247401 45265811869 75
DEEP 181063247401 45265811873 91
REALCHAR 181176708241 45294177073 51
REALCHAR 181436714761 45359178703 51
DEEP 181473764761 45368441210 79
REALCHAR 181582704601 45395676163 51
REALCHAR 182039786041 45509946523 51
REALCHAR 182128578241 45532144573 51
REALCHAR 182370407041 45592601773 51
REALCHAR 182370407041 45592601779 75
DEEP 182370407041 45592601780 79
REALCHAR 182458614361 45614653603 51
DEEP 182515844449 45628961130 71
REALCHAR 182835567121 45708891793 51
REALCHAR 183404795401 45851198863 51
DEEP 183438281569 45859570410 71
REALCHAR 183617484961 45904371253 51
DEEP 183617484961 45904371261 83
REALCHAR 184739291881 46184822983 51
REALCHAR 184859311081 46214827783 51
DEEP 185787407569 46446851913 83
REALCHAR 185925034681 46481258683 51
REALCHAR 185975220601 46493805163 51
REALCHAR 186259161001 46564790263 51
REALCHAR 186385410481 46596352633 51
DEEP 186444345649 46611086433 83
REALCHAR 186635632681 46658908183 51
DEEP 186769660009 46692415023 83
REALCHAR 186831085081 46707771283 51
DEEP 187428802201 46857200569 75
DEEP 187693526329 46923381600 71
DEEP 187697068441 46924267129 75
REALCHAR 187771537801 46942884463 51
REALCHAR 188358923041 47089730773 51
DEEP 188955357361 47238839358 71
DEEP 189043296649 47260824180 71
REALCHAR 189643091401 47410772863 51
REALCHAR 189751887361 47437971853 51
DEEP 190192441321 47548110351 83
DEEP 190268376841 47567094228 71
REALCHAR 190397712961 47599428253 51
REALCHAR 190465144321 47616286093 51
DEEP 190512620929 47628155250 71
DEEP 190645576969 47661394260 71
DEEP 191499676369 47874919110 71
REALCHAR 192612016801 48153004213 51
REALCHAR 192826873201 48206718313 51
DEEP 192826873201 48206718318 71
DEEP 193100920609 48275230170 71
DEEP 193170611089 48292652790 71
REALCHAR 193253927161 48313481803 51
DEEP 193339990321 48334997598 71
REALCHAR 193459255441 48364813873 51
REALCHAR 193768117321 48442029343 51
REALCHAR 193780797961 48445199503 51
DEEP 193781245681 48445311440 79
REALCHAR 193927744921 48481936243 51
DEEP 194373076921 48593269248 71
REALCHAR 195510008521 48877502143 51
REALCHAR 195523037161 48880759303 51
DEEP 195604367401 48901091870 79
DEEP 195656429929 48914107500 71
REALCHAR 195656629081 48914157283 51
REALCHAR 195699777001 48924944263 51
DEEP 195957871201 48989467818 71
REALCHAR 196115623201 49028905819 75
DEEP 196115623201 49028905821 83
DEEP 196353708769 49088427210 71
REALCHAR 196374134881 49093533733 51
REALCHAR 196586866921 49146716743 51
DEEP 196586866921 49146716749 75
REALCHAR 197259008521 49314752143 51
DEEP 197259008521 49314752148 71
REALCHAR 197328075961 49332019003 51
REALCHAR 197408036281 49352009083 51
REALCHAR 197477629801 49369407463 51
DEEP 197625710881 49406427740 79
SUPPORT 197679188281 49419797083 51
REALCHAR 197890001761 49472500453 51
DEEP 197904059809 49476014970 71
DEEP 198244819081 49561204788 71
REALCHAR 198531503041 49632875773 51
REALCHAR 198883358521 49720839643 51
REALCHAR 199043579641 49760894923 51
REALCHAR 199131889441 49782972373 51
DEEP 199671283249 49917820832 79
DEEP 200164882369 50041220612 79
REALCHAR 200322960601 50080740163 51
REALCHAR 200369121241 50092280323 51
DEEP 200440069561 50110017408 71
REALCHAR 200587788241 50146947073 51
DEEP 200662865209 50165716320 71
REALCHAR 200696878321 50174219593 51
DEEP 200785991641 50196497930 79
REALCHAR 200863606441 50215901629 75
DEEP 200863606441 50215901632 87
DEEP 201046679089 50261669790 71
REALCHAR 201180851041 50295212773 51
REALCHAR 201222762841 50305690723 51
REALCHAR 201247848481 50311962133 51
SUPPORT 201495446881 50373861733 51
DEEP 201564384961 50391096260 79
REALCHAR 201584907241 50396226823 51
DEEP 201998959009 50499739770 71
REALCHAR 202700957281 50675239333 51
REALCHAR 202727525641 50681881423 51
REALCHAR 203103785641 50775946423 51
REALCHAR 203131642081 50782910533 51
REALCHAR 203156692561 50789173153 51
REALCHAR 203193292201 50798323063 51
REALCHAR 203214868921 50803717243 51
REALCHAR 203246071081 50811517783 51
REALCHAR 203359393561 50839848403 51
SUPPORT 203467289041 50866822273 51
DEEP 203467289041 50866822279 75
REALCHAR 204078879601 51019719913 51
DEEP 204090646321 51022661598 71
SUPPORT 204279112801 51069778213 51
DEEP 204362326249 51090581583 83
REALCHAR 204502211761 51125552953 51
DEEP 205051099969 51262775010 71
REALCHAR 205212869761 51303217453 51
DEEP 205227422761 51306855710 79
REALCHAR 205234960681 51308740183 51
REALCHAR 205527273961 51381818503 51
REALCHAR 205558209481 51389552383 51
DEEP 206022617329 51505654350 71
SUPPORT 206198964721 51549741193 51
REALCHAR 206929985161 51732496303 51
DEEP 207625415089 51906353790 71
REALCHAR 207659564641 51914891173 51
REALCHAR 207858411601 51964602913 51
DEEP 207859808641 51964952178 71
REALCHAR 207927886321 51981971593 51
DEEP 207998164201 51999541068 71
REALCHAR 208311429481 52077857383 51
REALCHAR 208414976641 52103744173 51
REALCHAR 208478848561 52119712153 51
DEEP 209502341161 52375585308 71
REALCHAR 209631385681 52407846433 51
REALCHAR 210008534761 52502133703 51
REALCHAR 210641599921 52660399993 51
REALCHAR 210792724921 52698181243 51
DEEP 211547247409 52886811870 71
REALCHAR 211691320681 52922830183 51
DEEP 212356932841 53089233230 79
REALCHAR 212402180761 53100545203 51
DEEP 212599019161 53149754808 71
REALCHAR 212755794001 53188948513 51
REALCHAR 212847080161 53211770053 51
REALCHAR 212986185721 53246546443 51
REALCHAR 213072643081 53268160783 51
REALCHAR 213906525361 53476631353 51
DEEP 213906525361 53476631358 71
DEEP 214133970241 53533492578 71
REALCHAR 214385699641 53596424923 51
REALCHAR 214700159521 53675039893 51
DEEP 214966602841 53741650729 75
REALCHAR 215328404041 53832101023 51
REALCHAR 215416040401 53854010113 51
DEEP 216076828969 54019207262 79
SUPPORT 216475634281 54118908583 51
SUPPORT 216655196521 54163799143 51
REALCHAR 217132467841 54283116973 51
DEEP 217247849809 54311962470 71
REALCHAR 217459171801 54364792963 51
REALCHAR 217568126161 54392031553 51
REALCHAR 218227121641 54556780423 51
REALCHAR 218387213641 54596803423 51
DEEP 218500202209 54625050570 71
REALCHAR 218738210161 54684552553 51
REALCHAR 218788732801 54697183213 51
REALCHAR 218838470761 54709617703 51
REALCHAR 218911945561 54727986403 51
REALCHAR 218941031521 54735257893 51
REALCHAR 219083850241 54770962573 51
DEEP 219350837161 54837709308 71
REALCHAR 219653419441 54913354873 51
DEEP 220049697169 55012424310 71
REALCHAR 220144325041 55036081273 51
REALCHAR 220645016881 55161254233 51
REALCHAR 220738808761 55184702203 51
REALCHAR 220832852881 55208213233 51
DEEP 221014482649 55253620680 71
REALCHAR 221109522481 55277380633 51
DEEP 221237744641 55309436178 71
DEEP 221483862601 55370965668 71
DEEP 221628183001 55407045768 71
DEEP 221726915089 55431728790 71
REALCHAR 221727365161 55431841303 51
REALCHAR 221757300769 55439325211 75
DEEP 221757300769 55439325212 79
REALCHAR 222007248961 55501812253 51
DEEP 222007248961 55501812258 71
REALCHAR 223066909081 55766727283 51
REALCHAR 223119929041 55779982273 51
REALCHAR 223378331401 55844582863 51
REALCHAR 223791480721 55947870193 51
REALCHAR 223873768561 55968442153 51
REALCHAR 223968924001 55992231013 51
REALCHAR 224107272841 56026818223 51
DEEP 224393071081 56098267788 71
DEEP 225050681881 56262670491 83
REALCHAR 225563913481 56390978383 51
DEEP 225643332721 56410833198 71
REALCHAR 226366583881 56591645983 51
REALCHAR 226417642441 56604410623 51
REALCHAR 226651992121 56662998043 51
DEEP 226651992121 56662998049 75
REALCHAR 226858326601 56714581663 51
REALCHAR 227659383961 56914846003 51
REALCHAR 228057021721 57014255443 51
REALCHAR 228349513681 57087378433 51
DEEP 228349513681 57087378439 75
REALCHAR 228584332201 57146083063 51
REALCHAR 228941993641 57235498423 51
REALCHAR 229137114361 57284278603 51
SUPPORT 229658979001 57414744763 51
REALCHAR 229748643721 57437160943 51
DEEP 229748643721 57437160948 71
DEEP 229793143969 57448286010 71
DEEP 229825161721 57456290448 71
REALCHAR 230189683201 57547420813 51
REALCHAR 230206295881 57551573983 51
REALCHAR 230304953761 57576238453 51
REALCHAR 230349597241 57587399323 51
DEEP 230567973409 57641993370 71
REALCHAR 230569604281 57642401083 51
REALCHAR 230728509001 57682127263 51
REALCHAR 230850291961 57712573003 51
REALCHAR 231240481081 57810120283 51
REALCHAR 231247235521 57811808893 51
REALCHAR 231463556041 57865889023 51
REALCHAR 232645218961 58161304753 51
REALCHAR 233076236761 58269059203 51
DEEP 233358682561 58339670658 71
REALCHAR 234376020841 58594005223 51
REALCHAR 234716748841 58679187223 51
REALCHAR 235075559161 58768889803 51
DEEP 235662195409 58915548870 71
REALCHAR 236190459961 59047615003 51
REALCHAR 236219295601 59054823913 51
DEEP 236373728761 59093432209 75
REALCHAR 236762702401 59190675613 51
SUPPORT 236876427841 59219106973 51
REALCHAR 237120592801 59280148219 75
DEEP 237120592801 59280148225 99
DEEP 237537987241 59384496828 71
REALCHAR 237573921601 59393480413 51
REALCHAR 238056384721 59514096193 51
DEEP 238271338369 59567834612 79
REALCHAR 238389703561 59597425903 51
DEEP 238389703561 59597425911 83
DEEP 238462634089 59615658544 87
REALCHAR 239150842681 59787710683 51
REALCHAR 239381159161 59845289803 51
DEEP 239545321129 59886330302 79
DEEP 239647688641 59911922178 71
DEEP 239944920121 59986230048 71
REALCHAR 240474474241 60118618573 51
DEEP 240623408041 60155852028 71
REALCHAR 241054944001 60263736013 51
DEEP 241379733169 60344933312 79
REALCHAR 241573233841 60393308473 51
REALCHAR 241892916721 60473229193 51
REALCHAR 241892916721 60473229199 75
DEEP 241892916721 60473229200 79
SUPPORT 241959128401 60489782113 51
REALCHAR 241964842681 60491210683 51
REALCHAR 242036006521 60509001643 51
REALCHAR 242421235681 60605308933 51
REALCHAR 242589912601 60647478163 51
DEEP 242871931129 60717982801 75
REALCHAR 243183061801 60795765463 51
REALCHAR 243183115081 60795778783 51
REALCHAR 243288372721 60822093193 51
DEEP 243535545289 60883886340 71
REALCHAR 243836253049 60959063281 75
DEEP 243836253049 60959063282 79
DEEP 244171572649 61042893180 71
DEEP 244212345001 61053086268 71
REALCHAR 244467004681 61116751183 51
DEEP 244614465001 61153616268 71
REALCHAR 245025978961 61256494759 75
DEEP 245025978961 61256494760 79
DEEP 245491188721 61372797199 75
REALCHAR 245714901721 61428725443 51
REALCHAR 246599939881 61649984983 51
REALCHAR 246640280041 61660070023 51
REALCHAR 246646775761 61661693953 51
REALCHAR 246704481241 61676120323 51
REALCHAR 247188527881 61797131983 51
DEEP 247292714761 61823178708 71
REALCHAR 247694360761 61923590203 51
REALCHAR 247749782641 61937445673 51
REALCHAR 247823196721 61955799193 51
REALCHAR 248642415961 62160604003 51
REALCHAR 248672535721 62168133943 51
REALCHAR 248903886841 62225971723 51
DEEP 249057475969 62264369011 75
SUPPORT 249303373201 62325843313 51
DEEP 249303373201 62325843318 71
DEEP 249308580481 62327145138 71
REALCHAR 249470227561 62367556903 51
DEEP 249548153089 62387038290 71
REALCHAR 250124793361 62531198353 51
REALCHAR 250137946081 62534486533 51
DEEP 250192627441 62548156879 75
DEEP 250418368201 62604592068 71
REALCHAR 250543457761 62635864453 51
DEEP 250543457761 62635864458 71
REALCHAR 250887902281 62721975583 51
DEEP 251159644129 62789911050 71
DEEP 251346485329 62836621350 71
DEEP 251970646321 62992661598 71
DEEP 252425131729 63106282950 71
REALCHAR 252654206401 63163551613 51
REALCHAR 252939798721 63234949693 51
REALCHAR 253017428161 63254357053 51
DEEP 253177213969 63294303512 79
REALCHAR 253473329041 63368332273 51
REALCHAR 253773943921 63443485993 51
SUPPORT 253966408921 63491602243 51
REALCHAR 254134866001 63533716513 51
SUPPORT 254182973641 63545743423 51
DEEP 254605545769 63651386460 71
REALCHAR 254605639201 63651409813 51
DEEP 254605639201 63651409818 71
SUPPORT 255329725561 63832431403 51
DEEP 255329725561 63832431410 79
REALCHAR 255331943161 63832985803 51
DEEP 255883540441 63970885131 83
REALCHAR 255911496481 63977874133 51
DEEP 255986928289 63996732094 87
DEEP 256010827081 64002706788 71
REALCHAR 256027122121 64006780543 51
REALCHAR 256276937401 64069234363 51
DEEP 256698806809 64174701720 71
SUPPORT 256956076441 64239019123 51
REALCHAR 257843969881 64460992483 51
REALCHAR 257852595001 64463148763 51
DEEP 257852595001 64463148768 71
DEEP 258035656321 64508914098 71
REALCHAR 258069040681 64517260183 51
DEEP 258069040681 64517260188 71
REALCHAR 258907084921 64726771243 51
DEEP 259538484241 64884621080 79
DEEP 259754889241 64938722328 71
REALCHAR 259830317041 64957579273 51
REALCHAR 260003517601 65000879413 51
REALCHAR 260257500721 65064375193 51
REALCHAR 260774962681 65193740683 51
DEEP 260793923569 65198480912 79
REALCHAR 261254706241 65313676573 51
DEEP 261254706241 65313676578 71
SUPPORT 261285052081 65321263033 51
REALCHAR 261624428521 65406107143 51
DEEP 261630705961 65407676508 71
DEEP 261808315729 65452078950 71
DEEP 262260117289 65565029340 71
REALCHAR 262338286681 65584571683 51
REALCHAR 262586404441 65646601123 51
DEEP 262953868321 65738467098 71
REALCHAR 263063418601 65765854663 51
REALCHAR 263286847321 65821711843 51
DEEP 263716726729 65929181700 71
SUPPORT 263939646961 65984911753 51
DEEP 263939646961 65984911760 79
REALCHAR 264208968241 66052242073 51
DEEP 264208968241 66052242080 79
REALCHAR 264469154161 66117288553 51
REALCHAR 265109330641 66277332673 51
REALCHAR 265305153481 66326288383 51
REALCHAR 265562275801 66390568963 51
REALCHAR 266556758521 66639189643 51
REALCHAR 266683891321 66670972843 51
REALCHAR 267118775401 66779693863 51
REALCHAR 267267793321 66816948343 51
REALCHAR 267271140361 66817785103 51
REALCHAR 267539553961 66884888503 51
SUPPORT 267661786681 66915446683 51
REALCHAR 268282308121 67070577043 51
DEEP 268282308121 67070577049 75
REALCHAR 268531504081 67132876033 51
REALCHAR 268754467921 67188616993 51
REALCHAR 268991368801 67247842213 51
REALCHAR 269234587561 67308646903 51
REALCHAR 269280343081 67320085783 51
REALCHAR 269502225841 67375556473 51
REALCHAR 269646744481 67411686143 91
DEEP 269646744481 67411686147 107
REALCHAR 269835563761 67458890953 51
DEEP 269958835441 67489708878 71
DEEP 270235095001 67558773770 79
REALCHAR 270441062761 67610265703 51
REALCHAR 270634244521 67658561143 51
REALCHAR 270671805121 67667951293 51
REALCHAR 270886357681 67721589433 51
SUPPORT 270894479881 67723619983 51
REALCHAR 271394628961 67848657253 51
REALCHAR 271517875561 67879468903 51
REALCHAR 272436402001 68109100513 51
DEEP 272436402001 68109100518 71
REALCHAR 273427187881 68356796983 51
DEEP 273466370641 68366592678 71
DEEP 273483035401 68370758870 79
DEEP 273732482521 68433120648 71
SUPPORT 273793752961 68448438253 51
REALCHAR 273873157321 68468289343 51
REALCHAR 273993371521 68498342893 51
REALCHAR 274716231001 68679057763 51
REALCHAR 275212923241 68803230823 51
REALCHAR 275379064321 68844766093 51
REALCHAR 275549919241 68887479823 51
DEEP 276088135801 69022033968 71
REALCHAR 276312940201 69078235063 51
DEEP 276312940201 69078235070 79
REALCHAR 276479454241 69119863573 51
DEEP 276625942609 69156485670 71
REALCHAR 276722570881 69180642733 51
DEEP 276722570881 69180642738 71
SUPPORT 277044775921 69261193993 51
REALCHAR 277349420401 69337355113 51
SUPPORT 277485045601 69371261413 51
REALCHAR 277533204001 69383301013 51
DEEP 278500474849 69625118730 71
REALCHAR 278659541161 69664885303 51
DEEP 278714250049 69678562530 71
REALCHAR 278724752881 69681188233 51
REALCHAR 278900973121 69725243293 51
REALCHAR 279069395641 69767348923 51
DEEP 279273848569 69818462160 71
REALCHAR 280425803641 70106450923 51
REALCHAR 280877127001 70219281763 51
DEEP 281030180209 70257545070 71
REALCHAR 281355763441 70338940873 51
REALCHAR 281484348601 70371087163 51
DEEP 281484348601 70371087168 71
REALCHAR 281537288761 70384322203 51
DEEP 281850283969 70462571010 71
REALCHAR 282145215361 70536303853 51
DEEP 282145215361 70536303858 71
SUPPORT 282341340121 70585335043 51
SUPPORT 283145084401 70786271113 51
REALCHAR 283688463361 70922115853 51
REALCHAR 283746728281 70936682083 51
REALCHAR 283826497249 70956624331 75
DEEP 283826497249 70956624333 83
DEEP 283990189081 70997547292 87
REALCHAR 284377050721 71094262699 75
DEEP 284377050721 71094262700 79
REALCHAR 284459140681 71114785183 51
REALCHAR 284575145761 71143786453 51
REALCHAR 284705992561 71176498153 51
REALCHAR 284900984281 71225246083 51
SUPPORT 285033441001 71258360263 51
REALCHAR 285116494441 71279123623 51
REALCHAR 285227938921 71306984743 51
REALCHAR 285305619481 71326404883 51
DEEP 285422466289 71355616590 71
SUPPORT 285828175441 71457043873 51
DEEP 286207125649 71551781431 75
REALCHAR 286285038601 71571259663 51
REALCHAR 287676403921 71919100993 51
REALCHAR 287802835321 71950708843 51
REALCHAR 289323156721 72330789193 51
REALCHAR 289437152761 72359288203 51
REALCHAR 289842419161 72460604803 51
DEEP 289871888329 72467972100 71
DEEP 290087277481 72521819388 71
REALCHAR 290778164041 72694541023 51
REALCHAR 290782671001 72695667763 51
SUPPORT 291479469121 72869867293 51
REALCHAR 291540254041 72885063523 51
REALCHAR 291983353561 72995838403 51
DEEP 292614128689 73153532190 71
REALCHAR 292814872561 73203718153 51
DEEP 293085457681 73271364441 83
DEEP 293505583849 73376395980 71
DEEP 294056756569 73514189160 71
REALCHAR 294964171681 73741042933 51
DEEP 295312145881 73828036488 71
REALCHAR 295360308721 73840077193 51
REALCHAR 295428067321 73857016843 51
REALCHAR 295661169241 73915292323 51
REALCHAR 295803824761 73950956203 51
DEEP 295892296561 73973074158 71
REALCHAR 295942122961 73985530753 51
REALCHAR 295979036161 73994759053 51
DEEP 296541584641 74135396178 71
DEEP 296911854409 74227963623 83
DEEP 296927540641 74231885178 71
REALCHAR 297297462361 74324365603 51
DEEP 297368209609 74342052421 75
REALCHAR 297682479481 74420619883 51
REALCHAR 298518323401 74629580863 51
REALCHAR 298625405521 74656351393 51
SUPPORT 298675859161 74668964803 51
REALCHAR 298924560841 74731140223 51
REALCHAR 300045609361 75011402353 51
REALCHAR 300088866841 75022216723 51
REALCHAR 300382162441 75095540623 51
REALCHAR 300867327601 75216831913 51
DEEP 301049898601 75262474668 71
REALCHAR 301284793681 75321198433 51
DEEP 301580130289 75395032590 71
REALCHAR 301777585321 75444396343 51
DEEP 301777585321 75444396348 71
REALCHAR 301783953241 75445988323 51
REALCHAR 302062456081 75515614033 51
DEEP 302062456081 75515614038 71
REALCHAR 302147011321 75536752843 51
REALCHAR 302176953961 75544238503 51
REALCHAR 302582266561 75645566653 51
REALCHAR 302650527481 75662631883 51
DEEP 302809551529 75702387900 71
DEEP 303036924961 75759231258 71
REALCHAR 303238689121 75809672293 51
REALCHAR 303305905081 75826476283 51
DEEP 303475107049 75868776783 83
DEEP 303638404969 75909601264 87
DEEP 304058323969 76014581010 71
REALCHAR 304067408401 76016852113 51
REALCHAR 304067836921 76016959243 51
DEEP 304767141121 76191785298 71
DEEP 304811185561 76202796408 71
SUPPORT 306204529801 76551132463 51
DEEP 306386735209 76596683821 75
REALCHAR 306522872881 76630718233 51
SUPPORT 307210434001 76802608513 51
DEEP 307255761121 76813940298 71
REALCHAR 307609292761 76902323203 51
SUPPORT 307744936801 76936234213 51
REALCHAR 307825729201 76956432313 51
DEEP 307951484569 76987871162 79
REALCHAR 308305955281 77076488833 51
REALCHAR 308510465041 77127616273 51
DEEP 308510465041 77127616278 71
REALCHAR 308574104281 77143526083 51
REALCHAR 308923468681 77230867183 51
DEEP 309114411841 77278602978 71
SUPPORT 309602984161 77400746053 51
REALCHAR 309811243921 77452810993 51
REALCHAR 309951817081 77487954283 51
DEEP 309996141841 77499035478 71
DEEP 310675126969 77668781760 71
DEEP 310709398561 77677349664 95
REALCHAR 310730115721 77682528943 51
REALCHAR 310910136601 77727534163 51
DEEP 311420569321 77855142348 71
REALCHAR 311538477721 77884619443 51
REALCHAR 311577760321 77894440093 51
REALCHAR 311688780841 77922195223 51
REALCHAR 311848856881 77962214233 51
SUPPORT 312109948921 78027487243 51
REALCHAR 312766479481 78191619883 51
DEEP 312766479481 78191619888 71
SUPPORT 312888404761 78222101203 51
REALCHAR 313088294401 78272073613 51
DEEP 313088294401 78272073618 71
DEEP 313177873849 78294468482 79
SUPPORT 313785002521 78446250643 51
REALCHAR 313809014401 78452253613 51
REALCHAR 313855681441 78463920373 51
REALCHAR 314215836841 78553959223 51
SUPPORT 314298062521 78574515643 51
DEEP 314404775161 78601193808 71
REALCHAR 314786555521 78696638893 51
SUPPORT 314901389401 78725347363 51
REALCHAR 315394070161 78848517553 51
REALCHAR 315783061441 78945765373 51
REALCHAR 316681125601 79170281413 51
DEEP 316760361241 79190090330 79
REALCHAR 316771357081 79192839283 51
DEEP 317619720889 79404930240 71
REALCHAR 317868019921 79467004993 51
REALCHAR 318308463001 79577115763 51
REALCHAR 318509563681 79627390933 51
DEEP 318577419889 79644354990 71
REALCHAR 318588733681 79647183433 51
DEEP 318588733681 79647183438 71
DEEP 318910989049 79727747282 79
DEEP 318934168921 79733542248 71
DEEP 319125356449 79781339130 71
DEEP 319183698289 79795924590 71
REALCHAR 319579292761 79894823203 51
REALCHAR 319813017241 79953254323 51
DEEP 319813017241 79953254332 87
DEEP 319838413801 79959603469 75
REALCHAR 320007584521 80001896143 51
REALCHAR 320630022001 80157505513 51
SUPPORT 321201678121 80300419543 51
REALCHAR 321595874161 80398968553 51
REALCHAR 322101365041 80525341273 51
REALCHAR 323145502681 80786375683 51
REALCHAR 323351227081 80837806783 51
DEEP 323864452129 80966113050 71
REALCHAR 324127687321 81031921843 51
SUPPORT 324311821681 81077955433 51
REALCHAR 325027194361 81256798603 51
DEEP 325027194361 81256798608 71
REALCHAR 325568599801 81392149963 51
REALCHAR 325792728361 81448182103 51
REALCHAR 326775056521 81693764143 51
REALCHAR 326951232841 81737808223 51
REALCHAR 327269494561 81817373653 51
DEEP 327478471321 81869617850 79
DEEP 327595046689 81898761690 71
REALCHAR 328158228841 82039557223 51
DEEP 328523398921 82130849748 71
REALCHAR 328604326801 82151081713 51
REALCHAR 328669710121 82167427543 51
DEEP 329200791529 82300197900 71
REALCHAR 329471248681 82367812183 51
REALCHAR 329530537561 82382634403 51
REALCHAR 329556198721 82389049693 51
REALCHAR 329897939281 82474484833 51
REALCHAR 329958043321 82489510843 51
DEEP 330329953321 82582488351 83
DEEP 332094590689 83023647692 79
SUPPORT 332338613161 83084653303 51
REALCHAR 332487904681 83121976183 51
DEEP 332557461289 83139365340 71
DEEP 332743322521 83185830651 83
REALCHAR 332755945201 83188986313 51
REALCHAR 333079372609 83269843171 75
DEEP 333079372609 83269843172 79
REALCHAR 333262786081 83315696533 51
REALCHAR 333441186961 83360296753 51
DEEP 333569867401 83392466868 71
DEEP 333629746129 83407436550 71
DEEP 334679483161 83669870808 71
DEEP 334763287681 83690821938 71
REALCHAR 334910729521 83727682393 51
DEEP 335245745641 83811436428 71
REALCHAR 335264060881 83816015233 51
DEEP 335632723969 83908181012 79
REALCHAR 335953445881 83988361483 51
REALCHAR 336057584041 84014396023 51
REALCHAR 336075918481 84018979633 51
DEEP 337057495009 84264373770 71
REALCHAR 337814589121 84453647293 51
REALCHAR 337927591681 84481897933 51
REALCHAR 337933194481 84483298633 51
REALCHAR 338966990041 84741747523 51
REALCHAR 339730580401 84932645113 51
REALCHAR 339779392681 84944848183 51
REALCHAR 340552989001 85138247263 51
REALCHAR 340719697081 85179924283 51
DEEP 341206532209 85301633074 87
REALCHAR 341394857281 85348714333 51
REALCHAR 342112404841 85528101223 51
DEEP 342326309329 85581577350 71
DEEP 343114454929 85778613750 71
REALCHAR 343392948721 85848237193 51
DEEP 344031008161 86007752058 71
REALCHAR 344340860161 86085215053 51
DEEP 344340860161 86085215058 71
REALCHAR 344777553121 86194388293 51
REALCHAR 344898872761 86224718203 51
REALCHAR 345351497401 86337874363 51
DEEP 345351497401 86337874368 71
REALCHAR 345752447881 86438111983 51
REALCHAR 345880033801 86470008463 51
REALCHAR 345910861321 86477715343 51
DEEP 345910861321 86477715349 75
DEEP 346045435129 86511358801 75
REALCHAR 347122935721 86780733943 51
REALCHAR 347739065521 86934766393 51
REALCHAR 348153949441 87038487373 51
DEEP 348432492409 87108123124 87
DEEP 348647638249 87161909580 71
DEEP 348709684801 87177421218 71
DEEP 348721694689 87180423690 71
REALCHAR 348887275801 87221818963 51
DEEP 349190833489 87297708390 71
DEEP 349263148441 87315787128 71
REALCHAR 349290684961 87322671253 51
DEEP 349513417009 87378354271 75
DEEP 349537282249 87384320580 71
REALCHAR 349948822441 87487205623 51
REALCHAR 349996559641 87499139923 51
REALCHAR 350859422761 87714855703 51
SUPPORT 351550255681 87887563933 51
DEEP 351711589441 87927897378 71
REALCHAR 351803057761 87950764453 51
DEEP 351803057761 87950764458 71
REALCHAR 352654618801 88163654713 51
DEEP 352886981329 88221745350 71
DEEP 353559126001 88389781518 71
DEEP 353723268721 88430817198 71
DEEP 353787515041 88446878780 79
REALCHAR 353842311001 88460577763 51
REALCHAR 354281493721 88570373443 51
DEEP 354356948401 88589237120 79
REALCHAR 354574573081 88643643283 51
REALCHAR 354984462361 88746115603 51
REALCHAR 355301184001 88825296013 51
REALCHAR 355369226521 88842306643 51
REALCHAR 355756443961 88939111003 51
REALCHAR 356076318361 89019079603 51
REALCHAR 356081039161 89020259803 51
REALCHAR 356128981321 89032245343 51
REALCHAR 356177066281 89044266583 51
REALCHAR 356260869721 89065217443 51
REALCHAR 356522927401 89130731863 51
DEEP 356692359241 89173089828 71
REALCHAR 356718354001 89179588513 51
DEEP 356980923601 89245230919 75
DEEP 357410676529 89352669150 71
DEEP 357990997081 89497749292 87
DEEP 358105204081 89526301038 71
DEEP 358415048161 89603762058 71
REALCHAR 358521649201 89630412313 51
DEEP 358521649201 89630412318 71
REALCHAR 358868789161 89717197303 51
DEEP 359232903649 89808225938 103
DEEP 359452134721 89863033698 71
REALCHAR 359671384801 89917846213 51
REALCHAR 359877413281 89969353333 51
DEEP 360067115521 90016778898 71
REALCHAR 360208648801 90052162213 51
DEEP 360248778289 90062194590 71
DEEP 360259369369 90064842360 71
DEEP 360648921649 90162230430 71
SUPPORT 360826952641 90206738173 51
REALCHAR 361045012441 90261253123 51
REALCHAR 361290048001 90322512013 51
DEEP 361290048001 90322512018 71
REALCHAR 361402765201 90350691313 51
DEEP 361530854689 90382713690 71
REALCHAR 361580501881 90395125483 51
DEEP 361632874849 90408218733 83
REALCHAR 361888307881 90472076983 51
REALCHAR 362501770801 90625442713 51
REALCHAR 362873392561 90718348153 51
REALCHAR 363143683081 90785920783 51
REALCHAR 363231125401 90807781363 51
REALCHAR 363440523601 90860130913 51
DEEP 363531298729 90882824701 75
REALCHAR 363624824161 90906206053 51
DEEP 363624824161 90906206058 71
REALCHAR 364140743521 91035185893 51
REALCHAR 364433185561 91108296403 51
DEEP 364650588241 91162647080 79
REALCHAR 364829985361 91207496353 51
REALCHAR 365867030281 91466757583 51
REALCHAR 365997457081 91499364283 51
SUPPORT 366040202641 91510050673 51
REALCHAR 366057283201 91514320813 51
REALCHAR 367083856441 91770964123 51
DEEP 367488170449 91872042632 79
DEEP 367947196681 91986799188 71
REALCHAR 368293759681 92073439933 51
REALCHAR 369351388561 92337847153 51
DEEP 369552308449 92388077130 71
REALCHAR 369556008721 92389002193 51
DEEP 369786142489 92446535640 71
DEEP 369855362881 92463840740 79
REALCHAR 370203594121 92550898543 51
REALCHAR 370240455601 92560113913 51
REALCHAR 370255696561 92563924153 51
REALCHAR 370297701601 92574425413 51
REALCHAR 370367067841 92591766973 51
REALCHAR 370767727801 92691931963 51
REALCHAR 370832413561 92708103403 51
DEEP 370892247961 92723062008 71
REALCHAR 370946278921 92736569743 51
REALCHAR 370984045441 92746011373 51
REALCHAR 371528519041 92882129773 51
DEEP 371738052841 92934513230 79
REALCHAR 371832338641 92958084673 51
REALCHAR 371931312481 92982828133 51
DEEP 372200199121 93050049798 71
DEEP 372496462321 93124115598 71
DEEP 372549406441 93137351628 71
SUPPORT 373794724081 93448681033 51
DEEP 373976053201 93494013318 71
DEEP 374432403601 93608100920 79
REALCHAR 374438240401 93609560113 51
REALCHAR 374685003001 93671250763 51
DEEP 374685003001 93671250768 71
DEEP 374820515689 93705128941 75
REALCHAR 375453558841 93863389723 51
REALCHAR 375674982601 93918745663 51
REALCHAR 376284614161 94071153553 51
REALCHAR 376403454001 94100863513 51
REALCHAR 376674717721 94168679443 51
REALCHAR 376734168721 94183542193 51
REALCHAR 376948211641 94237052923 51
REALCHAR 377460288241 94365072073 51
REALCHAR 377484224881 94371056233 51
SUPPORT 377605307641 94401326923 51
REALCHAR 377878803241 94469700823 51
DEEP 378251939641 94562984928 71
REALCHAR 378318869041 94579717273 51
DEEP 378674391001 94668597768 71
REALCHAR 378828833161 94707208303 51
SUPPORT 378841995841 94710498973 51
REALCHAR 379785329641 94946332423 51
REALCHAR 379928572321 94982143093 51
DEEP 379928572321 94982143098 71
REALCHAR 380203662721 95050915693 51
DEEP 380297143249 95074285830 71
SUPPORT 380841367201 95210341813 51
REALCHAR 380964370081 95241092533 51
REALCHAR 381094970881 95273742733 51
REALCHAR 381122149321 95280537343 51
DEEP 381122149321 95280537348 71
REALCHAR 381484543801 95371135963 51
DEEP 381519600289 95379900091 75
REALCHAR 382305203281 95576300833 51
REALCHAR 382670447041 95667611773 51
DEEP 383163610369 95790902610 71
REALCHAR 383400368521 95850092143 51
DEEP 383450429209 95862607320 71
REALCHAR 383903779561 95975944903 51
DEEP 384135814969 96033953762 79
DEEP 384495357409 96123839370 71
REALCHAR 385390847521 96347711893 51
REALCHAR 385497567841 96374391973 51
DEEP 385497567841 96374391979 75
DEEP 385515601969 96378900510 71
REALCHAR 385553321521 96388330393 51
SUPPORT 385771717081 96442929283 51
DEEP 385771717081 96442929288 71
REALCHAR 385881622681 96470405683 51
REALCHAR 386639755681 96659938933 51
REALCHAR 386932110601 96733027663 51
REALCHAR 387860293921 96965073493 51
REALCHAR 388240629841 97060157473 51
REALCHAR 388632786721 97158196693 51
REALCHAR 388689593041 97172398273 51
DEEP 388689593041 97172398278 71
REALCHAR 388755892561 97188973153 51
REALCHAR 388837154161 97209288553 51
REALCHAR 388989761161 97247440303 51
SUPPORT 389131919401 97282979863 51
REALCHAR 389515821601 97378955413 51
DEEP 389559668689 97389917191 75
DEEP 389764981369 97441245360 71
DEEP 390402789529 97600697400 71
REALCHAR 390628007641 97657001923 51
DEEP 390628007641 97657001928 71
DEEP 390635991769 97658997960 71
DEEP 390842215201 97710553820 79
DEEP 391245821521 97811455399 75
REALCHAR 391365742681 97841435683 51
REALCHAR 392223751921 98055937993 51
DEEP 392364848929 98091212250 71
REALCHAR 393230563441 98307640873 51
SUPPORT 393277356481 98319339133 51
REALCHAR 393534104401 98383526113 51
DEEP 394233818521 98558454648 71
REALCHAR 394261216561 98565304153 51
REALCHAR 394946690161 98736672553 51
REALCHAR 395065900441 98766475123 51
DEEP 395065900441 98766475128 71
DEEP 395607809689 98901952441 75
REALCHAR 395667655681 98916913933 51
REALCHAR 396005498641 99001374673 51
DEEP 396034606969 99008651760 71
REALCHAR 397007550241 99251887573 51
REALCHAR 397270940641 99317735173 51
REALCHAR 397312548361 99328137103 51
SUPPORT 397532152081 99383038033 51
REALCHAR 397641341161 99410335303 51
DEEP 398962606249 99740651580 71
DEEP 398988430369 99747107610 71
REALCHAR 399391125961 99847781503 51
REALCHAR 399422583121 99855645793 51
REALCHAR 399445725121 99861431293 51
DEEP 399488663809 99872165970 71
SUPPORT 400396679281 100099169833 51
DEEP 400701104521 100175276149 75
DEEP 401050531249 100262632830 71
REALCHAR 401075411881 100268852983 51
DEEP 401552512729 100388128200 71
REALCHAR 401708042761 100427010703 51
REALCHAR 401799366721 100449841693 51
REALCHAR 401824296241 100456074073 51
DEEP 403178360209 100794590070 71
DEEP 403981792369 100995448111 75
REALCHAR 404122810081 101030702533 51
REALCHAR 404224388929 101056097251 75
DEEP 404224388929 101056097252 79
REALCHAR 404376102001 101094025513 51
REALCHAR 404633425249 101158356331 75
DEEP 404633425249 101158356333 83
REALCHAR 405107520841 101276880223 51
DEEP 405194475841 101298618978 71
REALCHAR 405208440121 101302110043 51
REALCHAR 405715269961 101428817503 51
REALCHAR 405755131681 101438782933 51
REALCHAR 405780758161 101445189553 51
REALCHAR 405787123921 101446780993 51
REALCHAR 405788824081 101447206033 51
REALCHAR 406751310001 101687827513 51
DEEP 406751310001 101687827518 71
DEEP 407011034329 101752758600 71
REALCHAR 407348772601 101837193163 51
DEEP 407435050201 101858762570 79
REALCHAR 408026697961 102006674503 51
REALCHAR 408074394841 102018598723 51
REALCHAR 408457566841 102114391723 51
REALCHAR 408461455081 102115363783 51
REALCHAR 408699859681 102174964933 51
DEEP 408979300129 102244825051 75
REALCHAR 409496030161 102374007553 51
REALCHAR 409762425361 102440606353 51
REALCHAR 409890724681 102472681183 51
DEEP 409890724681 102472681188 71
REALCHAR 411236105281 102809026333 51
REALCHAR 411320261641 102830065423 51
REALCHAR 411622895161 102905723803 51
DEEP 412115165641 103028791428 71
REALCHAR 412846340449 103211585131 75
DEEP 412846340449 103211585133 83
DEEP 413947433761 103486858458 71
REALCHAR 414328146961 103582036753 51
REALCHAR 414585948001 103646487013 51
REALCHAR 414837159361 103709289853 51
DEEP 414837159361 103709289858 71
REALCHAR 415143211921 103785802993 51
REALCHAR 415243940281 103810985083 51
DEEP 415243940281 103810985088 71
REALCHAR 415426270561 103856567653 51
DEEP 415621519681 103905379938 71
REALCHAR 415952019961 103988005003 51
REALCHAR 416191501441 104047875373 51
SUPPORT 416314917001 104078729263 51
REALCHAR 416326358449 104081589631 75
DEEP 416326358449 104081589632 79
DEEP 416456060329 104114015100 71
DEEP 416754529801 104188632468 71
DEEP 416938913689 104234728440 71
REALCHAR 417212475241 104303118823 51
REALCHAR 417413959561 104353489903 51
DEEP 418014075361 104503518858 71
REALCHAR 418146849961 104536712503 51
DEEP 418146849961 104536712508 71
REALCHAR 418290649921 104572662493 51
REALCHAR 418619150401 104654787613 51
SUPPORT 418717631641 104679407923 51
DEEP 418883130961 104720782758 71
DEEP 419047073449 104761768380 71
REALCHAR 419578189801 104894547463 51
REALCHAR 420322059481 105080514883 51
SUPPORT 421042811401 105260702863 51
REALCHAR 421706714881 105426678733 51
DEEP 421812276601 105453069168 71
REALCHAR 421962035881 105490508983 51
REALCHAR 422194314721 105548578693 51
DEEP 422197765609 105549441420 71
REALCHAR 422311622041 105577905523 51
REALCHAR 422443235041 105610808773 51
SUPPORT 422485004041 105621251023 51
DEEP 422485004041 105621251028 71
REALCHAR 422724559321 105681139843 51
REALCHAR 423016016641 105754004173 51
REALCHAR 423849463801 105962365963 51
DEEP 423849463801 105962365968 71
REALCHAR 423978299761 105994574953 51
DEEP 424446251161 106111562809 75
DEEP 424484399329 106121099850 71
REALCHAR 424721502241 106180375573 51
REALCHAR 424795816201 106198954063 51
REALCHAR 424812691081 106203172783 51
REALCHAR 424815996361 106203999103 51
DEEP 425054435521 106263608898 71
REALCHAR 425335828681 106333957183 51
DEEP 425442708289 106360677090 71
REALCHAR 425573436961 106393359253 51
REALCHAR 425577350641 106394337673 51
REALCHAR 426078875401 106519718863 51
REALCHAR 426112162921 106528040743 51
REALCHAR 426212806321 106553201593 51
SUPPORT 426765802681 106691450683 51
SUPPORT 427162633921 106790658493 51
SUPPORT 427387091041 106846772773 51
DEEP 427570842169 106892710560 71
REALCHAR 427574135041 106893533773 51
REALCHAR 427794623281 106948655833 51
SUPPORT 427852927441 106963231873 51
REALCHAR 428063771041 107015942773 51
REALCHAR 428303346241 107075836573 51
DEEP 428372857441 107093214380 79
DEEP 429210204361 107302551108 71
DEEP 429216868441 107304217129 75
REALCHAR 429370191721 107342547943 51
DEEP 430260388321 107565097098 71
DEEP 431029665889 107757416490 71
REALCHAR 431040038881 107760009739 75
DEEP 431040038881 107760009742 87
REALCHAR 431219159281 107804789833 51
SUPPORT 431466503521 107866625893 51
REALCHAR 431982642001 107995660513 51
REALCHAR 432114435481 108028608883 51
REALCHAR 432522762961 108130690753 51
DEEP 432594970369 108148742610 71
REALCHAR 432723816529 108180954151 75
DEEP 432723816529 108180954153 83
DEEP 432908425849 108227106481 75
REALCHAR 433293844201 108323461063 51
DEEP 433337824921 108334456248 71
REALCHAR 433489747441 108372436873 51
DEEP 433606885009 108401721270 71
REALCHAR 434067958921 108516989743 51
REALCHAR 434206085041 108551521273 51
REALCHAR 434251544281 108562886083 51
REALCHAR 434260848961 108565212253 51
DEEP 434616863641 108654215928 71
REALCHAR 435212223601 108803055913 51
REALCHAR 435753765841 108938441473 51
SUPPORT 436115206921 109028801743 51
DEEP 436289719321 109072429848 71
DEEP 436485556081 109121389038 71
REALCHAR 436583199361 109145799853 51
REALCHAR 436711576681 109177894183 51
REALCHAR 437059165321 109264791343 51
SUPPORT 437167101361 109291775353 51
REALCHAR 437765568241 109441392073 51
SUPPORT 438163678681 109540919683 51
REALCHAR 438163678681 109540919693 91
DEEP 438163678681 109540919694 95
REALCHAR 439164702601 109791175663 51
DEEP 439340630689 109835157690 71
REALCHAR 439632441361 109908110353 51
REALCHAR 439989636241 109997409073 51
REALCHAR 440166365521 110041591393 51
REALCHAR 440245725481 110061431383 51
DEEP 440349371401 110087342868 71
REALCHAR 440522761561 110130690403 51
DEEP 440522761561 110130690408 71
REALCHAR 440631523201 110157880813 51
DEEP 440809320169 110202330062 79
DEEP 441201952801 110300488219 75
REALCHAR 441337355281 110334338833 51
DEEP 441492789721 110373197449 75
REALCHAR 442561776721 110640444193 51
DEEP 442561776721 110640444199 75
REALCHAR 443079141961 110769785503 51
REALCHAR 443299989001 110824997263 51
REALCHAR 443359133281 110839783333 51
REALCHAR 443918447281 110979611833 51
SUPPORT 443932649521 110983162393 51
REALCHAR 443979805201 110994951313 51
REALCHAR 444056427721 111014106943 51
REALCHAR 444184282441 111046070623 51
REALCHAR 444456973321 111114243343 51
REALCHAR 444693352321 111173338099 75
DEEP 444693352321 111173338100 79
REALCHAR 445271091721 111317772943 51
REALCHAR 445430601841 111357650473 51
REALCHAR 446292185641 111573046423 51
REALCHAR 447013699441 111753424873 51
DEEP 447717653161 111929413308 71
REALCHAR 447905469001 111976367263 51
REALCHAR 448034838241 112008709573 51
REALCHAR 448147013161 112036753303 51
DEEP 448572270721 112143067698 71
SUPPORT 448580797921 112145199493 51
REALCHAR 448793064721 112198266193 51
DEEP 448852895929 112213224000 71
DEEP 449185362649 112296340684 87
REALCHAR 449417119321 112354279843 51
DEEP 449786808409 112446702120 71
REALCHAR 450170939521 112542734893 51
REALCHAR 450895516681 112723879183 51
REALCHAR 450895516681 112723879189 75
DEEP 450895516681 112723879190 79
DEEP 450910421329 112727605350 71
DEEP 451493639809 112873409970 71
REALCHAR 451961950441 112990487623 51
DEEP 452019399841 113004849978 71
REALCHAR 452023416601 113005854163 51
REALCHAR 452471069521 113117767393 51
REALCHAR 452911737721 113227934443 51
REALCHAR 452912870881 113228217733 51
DEEP 452929831201 113232457818 71
REALCHAR 453261549841 113315387473 51
SUPPORT 453366655681 113341663933 51
REALCHAR 453484751281 113371187833 51
DEEP 453484751281 113371187838 71
REALCHAR 453488277841 113372069473 51
REALCHAR 454907921521 113726980393 51
REALCHAR 455074259641 113768564923 51
DEEP 455280312601 113820078168 71
DEEP 455573857561 113893464408 71
DEEP 456294746209 114073686570 71
REALCHAR 456314642281 114078660583 51
DEEP 456314642281 114078660589 75
REALCHAR 456479576401 114119894113 51
DEEP 457112654881 114278163738 71
DEEP 457169364961 114292341258 71
REALCHAR 457293980641 114323495173 51
DEEP 457293980641 114323495178 71
REALCHAR 457676207041 114419051779 75
DEEP 457676207041 114419051780 79
DEEP 457785499081 114446374788 71
REALCHAR 458066459761 114516614953 51
DEEP 458086876129 114521719052 79
REALCHAR 458233498321 114558374593 51
DEEP 458233498321 114558374598 71
DEEP 458451656569 114612914160 71
REALCHAR 458934108361 114733527103 51
DEEP 459118676641 114779669183 91
REALCHAR 459302275441 114825568873 51
REALCHAR 459588460081 114897115033 51
REALCHAR 460017976441 115004494123 51
REALCHAR 461140331521 115285082893 51
REALCHAR 461491552201 115372888063 51
DEEP 461744632441 115436158128 71
REALCHAR 461798270761 115449567703 51
REALCHAR 462009506401 115502376613 51
DEEP 462096603721 115524150948 71
REALCHAR 462340975321 115585243843 51
REALCHAR 462524824441 115631206123 51
REALCHAR 463166209801 115791552463 51
REALCHAR 463526732881 115881683233 51
DEEP 463575663721 115893915948 71
DEEP 464255598361 116063899612 87
DEEP 464506600321 116126650098 71
REALCHAR 464896114321 116224028593 51
DEEP 465586990801 116396747719 75
REALCHAR 465649909321 116412477343 51
REALCHAR 465840318241 116460079573 51
DEEP 466180162009 116545040520 71
REALCHAR 467031682441 116757920623 51
REALCHAR 467338894201 116834723563 51
DEEP 467448232969 116862058260 71
REALCHAR 467489849401 116872462363 51
DEEP 470015306209 117503826570 71
REALCHAR 470197662841 117549415723 51
REALCHAR 470393545441 117598386373 51
SUPPORT 470614992961 117653748253 51
DEEP 470953766089 117738441546 95
SUPPORT 471484675561 117871168903 51
REALCHAR 471524776321 117881194093 51
REALCHAR 471563205961 117890801503 51
REALCHAR 471764365801 117941091463 51
REALCHAR 471954178081 117988544533 51
REALCHAR 471966517201 117991629313 51
REALCHAR 472263231001 118065807763 51
SUPPORT 472411988161 118102997053 51
REALCHAR 473896840561 118474210153 51
REALCHAR 475525073521 118881268393 51
REALCHAR 475977351721 118994337943 51
REALCHAR 476084495041 119021123773 51
REALCHAR 476097718321 119024429593 51
DEEP 476544713401 119136178368 71
DEEP 476887150609 119221787673 83
REALCHAR 477193968241 119298492073 51
REALCHAR 477267871921 119316967993 51
REALCHAR 477317841841 119329460473 51
DEEP 477726149209 119431537320 71
REALCHAR 478028701921 119507175493 51
REALCHAR 478195636801 119548909213 51
REALCHAR 478214207641 119553551923 51
REALCHAR 478718495641 119679623923 51
DEEP 478718495641 119679623928 71
REALCHAR 479196791761 119799197953 51
REALCHAR 479590528561 119897632153 51
REALCHAR 479739379081 119934844783 51
DEEP 480040638289 120010159590 71
REALCHAR 480067268521 120016817143 51
REALCHAR 481031871961 120257968003 51
REALCHAR 481491210841 120372802723 51
DEEP 481763330161 120440832558 71
REALCHAR 482242281361 120560570353 51
REALCHAR 483017175481 120754293883 51
REALCHAR 483289608481 120822402133 51
REALCHAR 483573723481 120893430883 51
REALCHAR 483960671041 120990167773 51
REALCHAR 484783372921 121195843243 51
DEEP 485236636369 121309159110 71
DEEP 485265377809 121316344471 75
SUPPORT 485441067721 121360266943 51
REALCHAR 485633942161 121408485553 51
DEEP 485633942161 121408485558 71
REALCHAR 486520245121 121630061293 51
REALCHAR 486734015161 121683503803 51
DEEP 486795433609 121698858421 75
SUPPORT 486899125441 121724781373 51
SUPPORT 486976074841 121744018723 51
DEEP 487096450801 121774112721 83
REALCHAR 487100250001 121775062513 51
REALCHAR 487135372201 121783843063 51
DEEP 487135372201 121783843068 71
REALCHAR 487196855161 121799213803 51
REALCHAR 487455694441 121863923623 51
REALCHAR 487888473361 121972118353 51
SUPPORT 488405859841 122101464973 51
SUPPORT 488457546721 122114386693 51
REALCHAR 488642772601 122160693163 51
REALCHAR 489519006001 122379751513 51
SUPPORT 489784460881 122446115233 51
DEEP 490183138201 122545784568 71
DEEP 490732112809 122683028220 71
DEEP 490964702089 122741175543 83
DEEP 491030201281 122757550338 71
REALCHAR 491163389161 122790847303 51
REALCHAR 491315097001 122828774263 51
DEEP 491315097001 122828774268 71
DEEP 491430160321 122857540100 79
REALCHAR 491744413801 122936103463 51
REALCHAR 491832170041 122958042523 51
REALCHAR 492134855521 123033713893 51
REALCHAR 492388082761 123097020703 51
REALCHAR 492515905561 123128976403 51
SUPPORT 492702399121 123175599793 51
REALCHAR 492950986441 123237746623 51
SUPPORT 493090523641 123272630923 51
REALCHAR 493150997641 123287749423 51
REALCHAR 493527354961 123381838753 51
REALCHAR 493603677961 123400919503 51
SUPPORT 494002563121 123500640793 51
REALCHAR 494133942481 123533485633 51
REALCHAR 495005762161 123751440553 51
REALCHAR 495052200241 123763050073 51
REALCHAR 495455731681 123863932933 51
REALCHAR 495847523161 123961880803 51
DEEP 495968422849 123992105732 79
REALCHAR 496897884001 124224471013 51
DEEP 496993543201 124248385818 71
REALCHAR 498207539041 124551884773 51
DEEP 499124371729 124781092950 71
REALCHAR 499218227041 124804556773 51
DEEP 499359927889 124839981990 71
DEEP 499416132601 124854033171 83
REALCHAR 499816219681 124954054933 51
REALCHAR 499888083601 124972020913 51
REALCHAR 500114989201 125028747313 51
REALCHAR 500276167561 125069041903 51
DEEP 500620467649 125155116930 71
DEEP 500670184249 125167546081 75
SUPPORT 500916019081 125229004783 51
REALCHAR 500972101081 125243025283 51
DEEP 501538723009 125384680770 71
REALCHAR 502047697321 125511924343 51
REALCHAR 502815323761 125703830953 51
REALCHAR 503298283849 125824570981 75
DEEP 503298283849 125824570982 79
DEEP 503701238881 125925309738 71
REALCHAR 504151521721 126037880443 51
DEEP 504151521721 126037880448 71
DEEP 504719336521 126179834148 71
REALCHAR 504834729961 126208682503 51
REALCHAR 504904193161 126226048303 51
REALCHAR 504904530601 126226132663 51
REALCHAR 505020264961 126255066253 51
REALCHAR 505400457241 126350114323 51
REALCHAR 505742306281 126435576583 51
DEEP 505968717409 126492179372 79
DEEP 506271610849 126567902730 71
SUPPORT 506331765241 126582941323 51
REALCHAR 506520180721 126630045193 51
REALCHAR 507207989521 126801997393 51
REALCHAR 507282736801 126820684213 51
SUPPORT 507299692201 126824923063 51
REALCHAR 508114520281 127028630083 51
DEEP 508300294441 127075073628 71
REALCHAR 508443431521 127110857893 51
REALCHAR 508452691321 127113172843 51
REALCHAR 508781217961 127195304503 51
REALCHAR 508808905201 127202226313 51
REALCHAR 509437680361 127359420103 51
REALCHAR 509468502841 127367125723 51
REALCHAR 509610236041 127402559023 51
REALCHAR 509698151041 127424537773 51
REALCHAR 509957952001 127489488013 51
REALCHAR 510311092201 127577773063 51
DEEP 510658442449 127664610630 71
REALCHAR 510674763481 127668690883 51
REALCHAR 510678648481 127669662133 51
DEEP 510907350409 127726837620 71
DEEP 511669109449 127917277383 83
REALCHAR 511736133841 127934033473 51
DEEP 511867781569 127966945410 71
DEEP 511919376049 127979844030 71
REALCHAR 512021782801 128005445713 51
DEEP 512159184289 128039796090 71
REALCHAR 512493272281 128123318083 51
SUPPORT 514577696161 128644424053 51
DEEP 515289727969 128822432012 79
REALCHAR 515605742521 128901435643 51
DEEP 516234781969 129058695510 71
REALCHAR 516336185401 129084046363 51
DEEP 516380916769 129095229210 71
DEEP 516810108049 129202527030 71
REALCHAR 517197481441 129299370373 51
DEEP 517522236841 129380559228 71
REALCHAR 518095730161 129523932553 51
DEEP 518349225241 129587306328 71
REALCHAR 518504227921 129626056993 51
DEEP 518504227921 129626056998 71
DEEP 518919125209 129729781320 71
DEEP 519169479481 129792369888 71
REALCHAR 519551897881 129887974483 51
DEEP 519551897881 129887974490 79
REALCHAR 519683215921 129920803993 51
REALCHAR 520493831881 130123457983 51
DEEP 520652871649 130163217930 71
DEEP 520879407889 130219851990 71
REALCHAR 521123925001 130280981263 51
DEEP 521123925001 130280981269 75
REALCHAR 521291873281 130322968333 51
REALCHAR 521595361681 130398840433 51
REALCHAR 522070074241 130517518573 51
DEEP 522070074241 130517518578 71
SUPPORT 522575059561 130643764903 51
REALCHAR 523233416161 130808354053 51
REALCHAR 523389676681 130847419183 51
REALCHAR 523672805881 130918201483 51
REALCHAR 523812969241 130953242323 51
DEEP 523812969241 130953242328 71
REALCHAR 523912835161 130978208803 51
REALCHAR 523925633401 130981408363 51
DEEP 524276542729 131069135700 71
SUPPORT 524879578441 131219894623 51
REALCHAR 525302144761 131325536203 51
REALCHAR 525517358521 131379339643 51
REALCHAR 525517386601 131379346663 51
DEEP 525691945249 131422986330 71
REALCHAR 525794050681 131448512683 51
DEEP 526504421881 131626105488 71
REALCHAR 526528635361 131632158853 51
REALCHAR 526722411121 131680602793 51
REALCHAR 526801840321 131700460093 51
REALCHAR 526965017881 131741254483 51
REALCHAR 527222186401 131805546613 51
SUPPORT 527250025201 131812506313 51
REALCHAR 527544849001 131886212263 51
REALCHAR 527557736161 131889434053 51
DEEP 527792070961 131948017761 83
DEEP 528140577409 132035144371 75
REALCHAR 528374891641 132093722923 51
DEEP 528426556681 132106639188 71
REALCHAR 528816018481 132204004633 51
REALCHAR 528913825441 132228456373 51
SUPPORT 530299409641 132574852423 51
REALCHAR 530753224681 132688306183 51
REALCHAR 530771504761 132692876203 51
REALCHAR 530848312201 132712078063 51
DEEP 530875966009 132718991521 75
REALCHAR 530888543641 132722135923 51
REALCHAR 531126352201 132781588063 51
SUPPORT 532050400561 133012600153 51
REALCHAR 532121325961 133030331503 51
REALCHAR 532244921881 133061230483 51
REALCHAR 532525329961 133131332503 51
REALCHAR 532600087321 133150021843 51
REALCHAR 532623612361 133155903103 51
REALCHAR 532755765481 133188941383 51
DEEP 532755765481 133188941391 83
REALCHAR 532862775481 133215693883 51
REALCHAR 534490034521 133622508643 51
REALCHAR 534669944041 133667486023 51
DEEP 536134876369 134033719113 83
REALCHAR 536243146321 134060786593 51
REALCHAR 536399474521 134099868643 51
SUPPORT 536410772041 134102693023 51
REALCHAR 537326634601 134331658663 51
DEEP 538179126241 134544781579 75
SUPPORT 538523102881 134630775733 51
DEEP 538523102881 134630775738 71
DEEP 538603824529 134650956151 75
REALCHAR 538707618121 134676904543 51
REALCHAR 538925319241 134731329823 51
REALCHAR 539118650281 134779662583 51
DEEP 539147885929 134786971500 71
REALCHAR 539188427761 134797106953 51
DEEP 539631048961 134907762258 71
REALCHAR 539908505761 134977126453 51
DEEP 540547808641 135136952178 71
REALCHAR 540625085641 135156271423 51
REALCHAR 540865870561 135216467653 51
REALCHAR 541122287161 135280571803 51
REALCHAR 541291166641 135322791673 51
REALCHAR 541323619321 135330904843 51
DEEP 541345885609 135336471420 71
REALCHAR 542715686041 135678921523 51
REALCHAR 542885171761 135721292953 51
REALCHAR 543006600361 135751650103 51
REALCHAR 543818574121 135954643543 51
REALCHAR 543895635721 135973908943 51
REALCHAR 545571784081 136392946033 51
DEEP 545618095801 136404523971 83
REALCHAR 545648125801 136412031463 51
REALCHAR 545895724201 136473931063 51
DEEP 546230509969 136557627510 71
REALCHAR 546483898801 136620974713 51
DEEP 546556079689 136639019940 71
REALCHAR 546573032041 136643258023 51
REALCHAR 546734218801 136683554713 51
DEEP 546832483201 136708120818 71
REALCHAR 547631480881 136907870233 51
DEEP 547886964769 136971741210 71
REALCHAR 547930855081 136982713783 51
DEEP 548024728969 137006182260 71
REALCHAR 548243419201 137060854813 51
REALCHAR 550623085321 137655771343 51
SUPPORT 550650086281 137662521583 51
REALCHAR 550741505161 137685376303 51
REALCHAR 551115351361 137778837853 51
DEEP 551189535961 137797384008 71
DEEP 551238026089 137809506541 75
REALCHAR 551561162881 137890290733 51
REALCHAR 552125104441 138031276123 51
REALCHAR 552764178121 138191044543 51
REALCHAR 553429227961 138357307003 51
DEEP 553429227961 138357307009 75
SUPPORT 553862751961 138465688003 51
REALCHAR 554477553361 138619388353 51
DEEP 554564047801 138641011970 79
REALCHAR 554730462001 138682615513 51
REALCHAR 554744670481 138686167633 51
REALCHAR 554764236601 138691059163 51
DEEP 554799630961 138699907758 71
DEEP 555622017721 138905504449 75
REALCHAR 555760121401 138940030363 51
REALCHAR 555784866961 138946216753 51
REALCHAR 556120375561 139030093903 51
REALCHAR 556257631801 139064407963 51
REALCHAR 556352848801 139088212213 51
REALCHAR 556712413321 139178103343 51
REALCHAR 557715912601 139428978163 51
REALCHAR 557720062201 139430015563 51
DEEP 557741547169 139435386810 71
DEEP 558192847969 139548212010 71
REALCHAR 558493375441 139623343873 51
DEEP 558789868849 139697467230 71
DEEP 559195528369 139798882110 71
REALCHAR 559736258761 139934064703 51
REALCHAR 559843148881 139960787233 51
SUPPORT 560409475081 140102368783 51
REALCHAR 560733101041 140183275273 51
REALCHAR 560836083721 140209020943 51
DEEP 560836083721 140209020948 71
REALCHAR 561146093041 140286523273 51
DEEP 561188592409 140297148120 71
DEEP 562075474249 140518868583 83
REALCHAR 562322777641 140580694423 51
REALCHAR 562570370041 140642592523 51
REALCHAR 562813135921 140703283993 51
DEEP 562988539369 140747134861 75
REALCHAR 563005651321 140751412843 51
REALCHAR 563209224601 140802306163 51
REALCHAR 564110029081 141027507283 51
DEEP 564400145929 141100036500 71
REALCHAR 565194946801 141298736713 51
REALCHAR 565900367041 141475091773 51
DEEP 566873961889 141718490490 71
SUPPORT 567403349881 141850837483 51
SUPPORT 567530595241 141882648823 51
REALCHAR 568049987521 142012496893 51
REALCHAR 568063834321 142015958593 51
REALCHAR 568366134961 142091533753 51
DEEP 568366134961 142091533758 71
DEEP 569624208169 142406052060 71
SUPPORT 570049039921 142512259993 51
REALCHAR 570553279921 142638319993 51
REALCHAR 570640428121 142660107043 51
REALCHAR 571470690001 142867672513 51
REALCHAR 571775558041 142943889523 51
REALCHAR 572061289801 143015322463 51
REALCHAR 572325266041 143081316523 51
DEEP 572605302361 143151325614 95
REALCHAR 572685775561 143171443903 51
DEEP 573028584241 143257146080 79
REALCHAR 573433560001 143358390013 51
REALCHAR 573461189401 143365297363 51
REALCHAR 573642928681 143410732183 51
DEEP 574000377721 143500094448 71
REALCHAR 574028517241 143507129323 51
DEEP 574258165441 143564541378 71
REALCHAR 574333193281 143583298333 51
DEEP 574333193281 143583298338 71
REALCHAR 574530910321 143632727593 51
DEEP 574530910321 143632727598 71
DEEP 574724087809 143681021970 71
DEEP 575073199801 143768299970 79
DEEP 575430782161 143857695562 87
REALCHAR 575521162441 143880290623 51
DEEP 575866712521 143966678152 87
REALCHAR 575946293521 143986573393 51
REALCHAR 577062660241 144265665073 51
DEEP 577269184969 144317296260 71
DEEP 577385797921 144346449498 71
DEEP 577630501009 144407625271 75
REALCHAR 578010505801 144502626463 51
REALCHAR 578679682681 144669920683 51
REALCHAR 578680908961 144670227253 51
REALCHAR 578855830081 144713957533 51
SUPPORT 579886444201 144971611063 51
REALCHAR 580095469801 145023867463 51
REALCHAR 580248024841 145062006223 51
REALCHAR 580348492201 145087123063 51
DEEP 580405328281 145101332090 79
DEEP 580964422921 145241105750 79
DEEP 581106002689 145276500690 71
DEEP 582258388009 145564597020 71
DEEP 582324353521 145581088398 71
REALCHAR 582653814961 145663453753 51
DEEP 583387166209 145846791570 71
SUPPORT 583446895201 145861723813 51
REALCHAR 583714000321 145928500093 51
REALCHAR 584066023921 146016505993 51
REALCHAR 584300418601 146075104663 51
REALCHAR 584683092841 146170773223 51
DEEP 584763185161 146190796308 71
REALCHAR 584841182641 146210295673 51
REALCHAR 584882261401 146220565363 51
DEEP 585637344601 146409336168 71
DEEP 585865177921 146466294498 71
DEEP 586333825081 146583456288 71
REALCHAR 586562832241 146640708073 51
REALCHAR 586852495681 146713123933 51
REALCHAR 587227990561 146806997653 51
REALCHAR 587288948401 146822237113 51
DEEP 587375327449 146843831881 75
DEEP 588351510289 147087877590 71
REALCHAR 588361620001 147090405013 51
REALCHAR 588567686281 147141921583 51
DEEP 588641022649 147160255680 71
REALCHAR 588760252081 147190063033 51
REALCHAR 588829852081 147207463033 51
REALCHAR 589004063041 147251015773 51
REALCHAR 589200149521 147300037393 51
REALCHAR 589436615161 147359153803 51
REALCHAR 589741478881 147435369733 51
DEEP 589831353409 147457838370 71
REALCHAR 590426986081 147606746533 51
REALCHAR 590587682281 147646920583 51
DEEP 591364400449 147841100130 71
REALCHAR 591692750401 147923187613 51
REALCHAR 591973966081 147993491533 51
REALCHAR 592767390601 148191847663 51
REALCHAR 593238893641 148309723423 51
REALCHAR 593617668121 148404417043 51
REALCHAR 593661148081 148415287033 51
DEEP 594800416081 148700104040 79
REALCHAR 595141105441 148785276373 51
DEEP 595145382049 148786345532 79
REALCHAR 595377804961 148844451253 51
DEEP 595526720881 148881680240 79
REALCHAR 595607638081 148901909533 51
DEEP 595628564281 148907141088 71
REALCHAR 596147061721 149036765443 51
DEEP 596631429241 149157857328 71
REALCHAR 596634168001 149158542013 51
DEEP 596742220369 149185555110 71
SUPPORT 597074082361 149268520603 51
DEEP 597658204441 149414551128 71
REALCHAR 597846110761 149461527703 51
DEEP 597951883489 149487970890 71
REALCHAR 598408923121 149602230793 51
REALCHAR 598549274761 149637318703 51
REALCHAR 598651445401 149662861363 51
REALCHAR 600876155881 150219038983 51
DEEP 601179503929 150294876000 71
REALCHAR 601468313161 150367078303 51
DEEP 601512829009 150378207270 71
REALCHAR 601713608521 150428402143 51
REALCHAR 602086301881 150521575483 51
REALCHAR 602169783601 150542445913 51
DEEP 603784070569 150946017660 71
REALCHAR 604597058521 151149264643 51
DEEP 605204879161 151301219808 71
REALCHAR 605735754121 151433938543 51
DEEP 606995625721 151748906449 75
SUPPORT 607721146321 151930286593 51
DEEP 608044008289 152011002090 71
DEEP 608324288881 152081072238 71
REALCHAR 608561806441 152140451623 51
DEEP 608615728561 152153932158 71
REALCHAR 608951499601 152237874913 51
REALCHAR 608977534201 152244383563 51
REALCHAR 609160185841 152290046473 51
REALCHAR 609240649081 152310162283 51
DEEP 609330202849 152332550730 71
REALCHAR 609511193281 152377798333 51
DEEP 609703963801 152425990969 75
DEEP 610237140241 152559285078 71
REALCHAR 610250635201 152562658813 51
SUPPORT 610401966001 152600491513 51
DEEP 610998007489 152749501892 79
REALCHAR 611050407361 152762601853 51
SUPPORT 611073154561 152768288653 51
DEEP 611918874961 152979718758 71
REALCHAR 612683048041 153170762023 51
DEEP 613562487409 153390621870 71
REALCHAR 614210420041 153552605023 51
REALCHAR 614286104041 153571526023 51
SUPPORT 614480700961 153620175253 51
REALCHAR 615036687721 153759171943 51
DEEP 615377800801 153844450218 71
DEEP 615521819641 153880454928 71
REALCHAR 615822756481 153955689133 51
REALCHAR 616388887321 154097221843 51
DEEP 616420778689 154105194690 71
DEEP 616438580209 154109645071 75
REALCHAR 616619046481 154154761633 51
REALCHAR 617184644521 154296161143 51
DEEP 617612100121 154403025049 75
REALCHAR 617615229001 154403807263 51
SUPPORT 618074752201 154518688063 51
DEEP 618333094369 154583273610 71
REALCHAR 618484378801 154621094713 51
DEEP 618604773361 154651193358 71
REALCHAR 618610146361 154652536603 51
DEEP 618738425761 154684606458 71
REALCHAR 619022055961 154755514003 51
SUPPORT 619139940241 154784985073 51
SUPPORT 619331504401 154832876113 51
REALCHAR 619472385841 154868096473 51
REALCHAR 619568444881 154892111233 51
REALCHAR 620137845721 155034461443 51
DEEP 620499319729 155124829950 71
DEEP 621055902769 155263975710 71
REALCHAR 621369285601 155342321413 51
REALCHAR 621611963281 155402990833 51
DEEP 621611963281 155402990839 75
REALCHAR 622120209481 155530052383 51
REALCHAR 622206515401 155551628863 51
REALCHAR 622489569601 155622392413 51
DEEP 622735665049 155683916280 71
REALCHAR 622807499161 155701874803 51
REALCHAR 623206901641 155801725423 51
DEEP 623213900929 155803475250 71
REALCHAR 623763201961 155940800503 51
DEEP 623763201961 155940800508 71
REALCHAR 624013382521 156003345643 51
DEEP 624122579809 156030644970 71
DEEP 624230283889 156057570991 75
REALCHAR 624249229321 156062307343 51
DEEP 624561263041 156140315778 71
SUPPORT 624708877081 156177219283 51
REALCHAR 625041297721 156260324443 51
DEEP 625486123441 156371530878 71
DEEP 626003027521 156500756898 71
REALCHAR 627175174921 156793793743 51
REALCHAR 627533667121 156883416793 51
REALCHAR 627574814161 156893703553 51
REALCHAR 627596563441 156899140873 51
REALCHAR 628815674881 157203918733 51
REALCHAR 629106147121 157276536793 51
DEEP 629303518321 157325879599 75
REALCHAR 629467467841 157366866973 51
REALCHAR 629624920681 157406230183 51
DEEP 629624920681 157406230189 75
REALCHAR 629760601201 157440150313 51
REALCHAR 629892175441 157473043873 51
REALCHAR 630037317121 157509329293 51
DEEP 630037317121 157509329298 71
SUPPORT 630333583441 157583395873 51
DEEP 630333583441 157583395878 71
DEEP 630348446809 157587111720 71
DEEP 630719436169 157679859061 75
DEEP 631373005201 157843251318 71
REALCHAR 631697867161 157924466803 51
REALCHAR 632140301521 158035075393 51
REALCHAR 632282027521 158070506893 51
DEEP 632345903809 158086475971 75
REALCHAR 632959629241 158239907323 51
DEEP 633028677121 158257169298 71
REALCHAR 634220443081 158555110783 51
REALCHAR 634401373321 158600343343 51
REALCHAR 634455535081 158613883783 51
REALCHAR 635091579721 158772894943 51
DEEP 635249013169 158812253311 75
REALCHAR 635302594081 158825648533 51
REALCHAR 636084934081 159021233533 51
DEEP 636120787129 159030196803 83
REALCHAR 636358115761 159089528953 51
DEEP 636750202201 159187550569 75
REALCHAR 637239520681 159309880183 51
DEEP 637457889121 159364472299 75
REALCHAR 637706767681 159426691933 51
SUPPORT 637798653361 159449663353 51
REALCHAR 638293078201 159573269563 51
REALCHAR 638832091921 159708022993 51
DEEP 639112754281 159778188588 71
DEEP 639246201049 159811550280 71
REALCHAR 639458251441 159864562873 51
REALCHAR 639863504641 159965876173 51
REALCHAR 640007877721 160001969443 51
REALCHAR 640391700001 160097925013 51
REALCHAR 641168146921 160292036743 51
REALCHAR 641795329561 160448832403 51
REALCHAR 642900128641 160725032173 51
DEEP 643082188681 160770547189 75
REALCHAR 643227190321 160806797593 51
DEEP 643771697209 160942924320 71
REALCHAR 643787703001 160946925763 51
REALCHAR 644199466681 161049866683 51
DEEP 644199466681 161049866688 71
REALCHAR 644369983321 161092495843 51
DEEP 644559995641 161139998930 79
REALCHAR 644861446441 161215361623 51
SUPPORT 645743616961 161435904253 51
DEEP 645862140361 161465535108 71
SUPPORT 645911470801 161477867713 51
REALCHAR 645966548761 161491637203 51
REALCHAR 646194602881 161548650733 51
DEEP 646399249609 161599812423 83
SUPPORT 646899563521 161724890893 51
REALCHAR 647054841241 161763710323 51
REALCHAR 647192958721 161798239693 51
REALCHAR 647641929841 161910482473 51
DEEP 647726673169 161931668312 79
REALCHAR 647796057841 161949014473 51
DEEP 648120913729 162030228450 71
DEEP 648491070529 162122767652 79
SUPPORT 648844386961 162211096753 51
REALCHAR 648966745561 162241686403 51
SUPPORT 649182704641 162295676173 51
DEEP 649189592041 162297398029 75
REALCHAR 649557559561 162389389903 51
REALCHAR 649749162001 162437290513 51
REALCHAR 650175938281 162543984583 51
REALCHAR 650390500321 162597625093 51
REALCHAR 650658592081 162664648033 51
DEEP 650981998969 162745499760 71
DEEP 651513038401 162878259618 71
REALCHAR 651517531681 162879382933 51
SUPPORT 652225533961 163056383503 51
DEEP 652445178529 163111294650 71
REALCHAR 652454187841 163113546973 51
DEEP 652710424129 163177606050 71
REALCHAR 653378402161 163344600553 51
REALCHAR 654730707409 163682676877 99
DEEP 654730707409 163682676880 111
REALCHAR 654865135681 163716283933 51
DEEP 655349071129 163837267802 79
DEEP 656048824201 164012206070 79
REALCHAR 656487489961 164121872503 51
DEEP 656788072249 164197018080 71
REALCHAR 657220456201 164305114063 51
DEEP 657220456201 164305114070 79
REALCHAR 657441373801 164360343463 51
DEEP 657583501969 164395875510 71
DEEP 657792292249 164448073084 87
DEEP 657937600609 164484400171 75
DEEP 658205664169 164551416060 71
REALCHAR 659229417001 164807354263 51
REALCHAR 660115707241 165028926823 51
SUPPORT 660209090641 165052272673 51
REALCHAR 660530219281 165132554833 51
DEEP 660554634601 165138658668 71
DEEP 660586577401 165146644370 79
DEEP 661021285681 165255321439 75
DEEP 661586282449 165396570632 79
REALCHAR 661698751081 165424687783 51
REALCHAR 662213338081 165553334533 51
REALCHAR 662650947841 165662736973 51
DEEP 662673591889 165668397990 71
DEEP 663183481489 165795870391 75
REALCHAR 663240046921 165810011743 51
DEEP 663240046921 165810011748 71
REALCHAR 663563530081 165890882533 51
DEEP 663653414449 165913353637 99
DEEP 664494710881 166123677738 71
DEEP 664813040761 166203260210 79
REALCHAR 664817312041 166204328023 51
REALCHAR 665632856641 166408214173 51
SUPPORT 665924859601 166481214913 51
REALCHAR 666613038001 166653259513 51
DEEP 666613038001 166653259521 83
REALCHAR 666771603481 166692900883 51
SUPPORT 667917626401 166979406613 51
REALCHAR 668744041681 167186010433 51
DEEP 668744041681 167186010441 83
REALCHAR 668836074481 167209018633 51
DEEP 669072687529 167268171900 71
REALCHAR 669228959281 167307239833 51
DEEP 669433951729 167358487954 87
DEEP 669510292201 167377573068 71
REALCHAR 669789469561 167447367403 51
REALCHAR 669862758601 167465689663 51
DEEP 670324879249 167581219832 79
DEEP 670519931449 167629982880 71
DEEP 670792957129 167698239300 71
REALCHAR 670946958361 167736739603 51
REALCHAR 671036588161 167759147053 51
REALCHAR 671380713481 167845178383 51
SUPPORT 672691389241 168172847323 51
SUPPORT 673052516161 168263129053 51
REALCHAR 673086717601 168271679413 51
REALCHAR 673389549121 168347387293 51
REALCHAR 673742721961 168435680503 51
DEEP 674586445009 168646611270 71
REALCHAR 675677715001 168919428763 51
REALCHAR 676016772601 169004193163 51
DEEP 676893516049 169223379030 71
DEEP 676914567169 169228641810 71
REALCHAR 676943678401 169235919613 51
DEEP 677622868729 169405717200 71
REALCHAR 677654802889 169413700741 75
DEEP 677654802889 169413700747 99
DEEP 678903373801 169725843468 71
REALCHAR 679013616121 169753404043 51
REALCHAR 679480761961 169870190503 51
REALCHAR 679942347841 169985586973 51
REALCHAR 679945645681 169986411433 51
REALCHAR 680571778441 170142944623 51
REALCHAR 681954553921 170488638493 51
SUPPORT 681977303401 170494325863 51
DEEP 681977303401 170494325868 71
SUPPORT 682086894241 170521723573 51
DEEP 682158615961 170539654011 83
REALCHAR 682211263561 170552815903 51
DEEP 682267445161 170566861308 71
REALCHAR 683094983041 170773745773 51
REALCHAR 683658601081 170914650283 51
REALCHAR 684014572921 171003643243 51
DEEP 684197287489 171049321890 71
DEEP 684814767289 171203691841 75
DEEP 685716312241 171429078078 71
DEEP 686517214681 171629303688 71
REALCHAR 686614960201 171653740063 51
SUPPORT 686855208601 171713802163 51
DEEP 687322355281 171830588838 71
DEEP 687533189281 171883297341 83
REALCHAR 688180531921 172045132993 51
REALCHAR 688504078081 172126019533 51
DEEP 688671642481 172167910638 71
DEEP 688736099041 172184024778 71
DEEP 689143787641 172285946928 71
DEEP 689499384289 172374846090 71
REALCHAR 689584094761 172396023703 51
REALCHAR 690236679001 172559169763 51
REALCHAR 690522368761 172630592203 51
SUPPORT 690756688801 172689172213 51
REALCHAR 690799641841 172699910473 51
DEEP 690869996881 172717499239 75
REALCHAR 690910133281 172727533333 51
REALCHAR 690980421121 172745105293 51
DEEP 690980421121 172745105298 71
REALCHAR 691126879921 172781719993 51
REALCHAR 691176596881 172794149233 51
DEEP 691176596881 172794149238 71
REALCHAR 691362162241 172840540573 51
REALCHAR 692158091641 173039522923 51
REALCHAR 692253153601 173063288413 51
REALCHAR 692606736721 173151684193 51
REALCHAR 693753846241 173438461573 51
REALCHAR 694387434841 173596858723 51
REALCHAR 695456449081 173864112283 51
REALCHAR 695826801121 173956700293 51
REALCHAR 695832960001 173958240013 51
REALCHAR 696024514201 174006128563 51
DEEP 696024514201 174006128570 79
DEEP 696193623889 174048405990 71
REALCHAR 696502847041 174125711773 51
REALCHAR 696589251121 174147312793 51
DEEP 697521898921 174380474748 71
REALCHAR 697715892721 174428973193 51
REALCHAR 697729984561 174432496153 51
SUPPORT 697777393681 174444348433 51
REALCHAR 698132200921 174533050243 51
REALCHAR 698179143601 174544785913 51
DEEP 698187506041 174546876528 71
REALCHAR 698669404801 174667351213 51
DEEP 699116643289 174779160840 71
DEEP 700282398841 175070599728 71
REALCHAR 700914670681 175228667683 51
REALCHAR 701256958921 175314239743 51
REALCHAR 701767993081 175441998283 51
REALCHAR 701838440521 175459610143 51
REALCHAR 702239123041 175559780773 51
REALCHAR 703363140841 175840785223 51
DEEP 704206468081 176051617038 71
REALCHAR 704596839241 176149209823 51
REALCHAR 704732184601 176183046163 51
REALCHAR 704817210241 176204302573 51
DEEP 705455128249 176363782082 79
REALCHAR 705567675121 176391918793 51
REALCHAR 705940261321 176485065343 51
REALCHAR 706230511561 176557627903 51
REALCHAR 706842638401 176710659613 51
REALCHAR 706876177921 176719044493 51
DEEP 706890329209 176722582320 71
REALCHAR 706992143881 176748035983 51
DEEP 707348683441 176837170880 79
REALCHAR 707790930001 176947732513 51
REALCHAR 708379370521 177094842643 51
REALCHAR 708797700361 177199425103 51
REALCHAR 708839124841 177209781223 51
DEEP 709448560921 177362140256 103
REALCHAR 709711827841 177427956973 51
DEEP 710998412569 177749603160 71
REALCHAR 712076942641 178019235673 51
DEEP 713874731761 178468682958 71
DEEP 714427267009 178606816770 71
REALCHAR 714585688441 178646422123 51
REALCHAR 714656710681 178664177683 51
DEEP 714696896761 178674224210 79
DEEP 715219922881 178804980738 71
DEEP 715786815241 178946703830 79
DEEP 715915256809 178978814220 71
DEEP 716480498449 179120124631 75
REALCHAR 716609861881 179152465483 51
REALCHAR 717199024441 179299756123 51
REALCHAR 717422932801 179355733213 51
REALCHAR 717693517921 179423379493 51
REALCHAR 717754556401 179438639113 51
DEEP 717754556401 179438639120 79
REALCHAR 718972326361 179743081603 51
SUPPORT 719070807361 179767701853 51
DEEP 719282653489 179820663390 71
REALCHAR 719292945361 179823236353 51
REALCHAR 719343991081 179835997783 51
REALCHAR 719813773561 179953443403 51
DEEP 719813773561 179953443408 71
REALCHAR 720024375841 180006093973 51
REALCHAR 720151169761 180037792453 51
DEEP 720303720361 180075930108 71
DEEP 720552828241 180138207080 79
REALCHAR 720718977001 180179744263 51
REALCHAR 721662609721 180415652443 51
REALCHAR 722656711921 180664177993 51
REALCHAR 722979062521 180744765643 51
REALCHAR 723304307881 180826076983 51
REALCHAR 723968815441 180992203873 51
DEEP 724091614009 181022903520 71
REALCHAR 724776660001 181194165013 51
DEEP 725779776121 181444944050 79
DEEP 725911543681 181477885939 75
REALCHAR 727110733801 181777683463 51
REALCHAR 727356338641 181839084673 51
DEEP 727366940689 181841735190 71
REALCHAR 727880718601 181970179663 51
REALCHAR 728068011841 182017002973 51
REALCHAR 728552905441 182138226373 51
REALCHAR 728578060081 182144515033 51
REALCHAR 728693085481 182173271383 51
DEEP 729006005809 182251501470 71
SUPPORT 729008594161 182252148553 51
REALCHAR 729418448641 182354612173 51
DEEP 729487991521 182371997898 71
SUPPORT 729868651801 182467162963 51
REALCHAR 730735997161 182683999303 51
REALCHAR 730762837561 182690709403 51
DEEP 731034202369 182758550610 71
DEEP 731217397849 182804349482 79
DEEP 731812943761 182953235960 79
REALCHAR 731978832841 182994708223 51
REALCHAR 732099127321 183024781843 51
DEEP 732571233601 183142808420 79
REALCHAR 733427632081 183356908033 51
REALCHAR 734125826281 183531456583 51
REALCHAR 734220909361 183555227353 51
DEEP 734253563521 183563390899 75
DEEP 734555338609 183638834670 71
REALCHAR 735770878441 183942719623 51
REALCHAR 736483495801 184120873963 51
DEEP 736504387249 184126096830 71
REALCHAR 737120712241 184280178073 51
REALCHAR 737213014561 184303253653 51
REALCHAR 737332692121 184333173043 51
REALCHAR 737435344801 184358836213 51
REALCHAR 737520385681 184380096433 51
DEEP 737520385681 184380096438 71
DEEP 737852198329 184463049602 79
REALCHAR 737886829681 184471707433 51
DEEP 737974012801 184493503218 71
REALCHAR 738183537001 184545884263 51
REALCHAR 738579234241 184644808573 51
REALCHAR 738625173001 184656293263 51
DEEP 738847255129 184711813800 71
REALCHAR 739068952561 184767238153 51
REALCHAR 739097302441 184774325623 51
REALCHAR 739108693801 184777173463 51
REALCHAR 739148661001 184787165263 51
REALCHAR 739257625681 184814406433 51
REALCHAR 739353342121 184838335543 51
REALCHAR 739765671241 184941417823 51
SUPPORT 739886412721 184971603193 51
DEEP 740259987769 185064996960 71
REALCHAR 740553872881 185138468233 51
DEEP 741237978121 185309494548 71
DEEP 742539701401 185634925368 71
REALCHAR 742788652321 185697163093 51
REALCHAR 743297777161 185824444303 51
REALCHAR 743454140641 185863535173 51
REALCHAR 743557888921 185889472243 51
REALCHAR 744539781001 186134945263 51
DEEP 744734984569 186183746160 71
REALCHAR 745251151681 186312787933 51
REALCHAR 745362889441 186340722373 51
DEEP 745548769681 186387192438 71
REALCHAR 745570972441 186392743123 51
REALCHAR 745779177361 186444794353 51
REALCHAR 745845418081 186461354533 51
DEEP 745845418081 186461354538 71
REALCHAR 746292051961 186573013003 51
REALCHAR 746428733521 186607183393 51
REALCHAR 749063538001 187265884513 51
DEEP 749409531049 187352382780 71
REALCHAR 749593968601 187398492163 51
REALCHAR 750375728281 187593932083 51
REALCHAR 750797171881 187699292983 51
DEEP 750965737729 187741434450 71
REALCHAR 751075093441 187768773373 51
SUPPORT 752030848321 188007712093 51
DEEP 752237732401 188059433118 71
DEEP 752623548121 188155887052 87
REALCHAR 753009533761 188252383453 51
REALCHAR 753679203601 188419800913 51
REALCHAR 753735946681 188433986683 51
REALCHAR 753841069921 188460267493 51
REALCHAR 754409872441 188602468129 75
DEEP 754409872441 188602468130 79
REALCHAR 754652425081 188663106283 51
DEEP 755100010729 188775002700 71
DEEP 755111930329 188777982602 79
DEEP 755963529721 188990882449 75
REALCHAR 756049380241 189012345073 51
DEEP 756049380241 189012345079 75
DEEP 756816903649 189204225936 95
REALCHAR 757052039041 189263009773 51
DEEP 757914802969 189478700760 71
DEEP 757986013801 189496503468 71
REALCHAR 758461199161 189615299803 51
DEEP 758663800801 189665950221 83
REALCHAR 758952684961 189738171253 51
REALCHAR 759762432361 189940608103 51
REALCHAR 759892683001 189973170763 51
REALCHAR 759920365801 189980091463 51
DEEP 761403297769 190350824470 111
REALCHAR 761681142121 190420285543 51
REALCHAR 762064160881 190516040233 51
REALCHAR 762675582601 190668895663 51
SUPPORT 763148502481 190787125633 51
DEEP 764321268481 191080317138 71
DEEP 764455703881 191113925988 71
DEEP 764672553121 191168138299 75
REALCHAR 764694804721 191173701193 51
REALCHAR 764926516561 191231629153 51
DEEP 764926516561 191231629160 79
DEEP 765038989009 191259747270 71
DEEP 765927239401 191481809868 71
SUPPORT 767358419881 191839604983 51
DEEP 767643464449 191910866130 71
REALCHAR 768945754201 192236438563 51
REALCHAR 769032025441 192258006373 51
REALCHAR 769636838881 192409209733 51
DEEP 769636838881 192409209740 79
REALCHAR 769994868241 192498717073 51
REALCHAR 770024061361 192506015353 51
REALCHAR 770774447881 192693611983 51
REALCHAR 771309924841 192827481223 51
DEEP 771541238521 192885309652 87
REALCHAR 771998889601 192999722413 51
REALCHAR 772359349441 193089837373 51
REALCHAR 772512129601 193128032413 51
REALCHAR 773007894961 193251973753 51
REALCHAR 773769994321 193442498593 51
DEEP 774049085209 193512271320 71
REALCHAR 774362525161 193590631303 51
REALCHAR 774571893001 193642973263 51
REALCHAR 775462481641 193865620423 51
REALCHAR 775567294321 193891823593 51
DEEP 776140199041 194035049778 71
SUPPORT 776417380561 194104345153 51
SUPPORT 777080165761 194270041453 51
REALCHAR 778062183721 194515545943 51
REALCHAR 778390674961 194597668753 51
REALCHAR 778728941761 194682235453 51
DEEP 779112694441 194778173628 71
REALCHAR 779131667161 194782916803 51
DEEP 779526954361 194881738608 71
REALCHAR 779925080281 194981270083 51
REALCHAR 780373999441 195093499873 51
REALCHAR 781079389561 195269847403 51
DEEP 781079389561 195269847408 71
SUPPORT 781106028481 195276507133 51
DEEP 781106028481 195276507138 71
REALCHAR 781246278121 195311569543 51
DEEP 781386934441 195346733628 71
REALCHAR 781712649481 195428162383 51
REALCHAR 781718769001 195429692263 51
DEEP 782407945489 195601986390 71
REALCHAR 783004863001 195751215763 51
DEEP 783563931049 195890982780 71
DEEP 784426314169 196106578560 71
REALCHAR 784547860321 196136965093 51
REALCHAR 784587321961 196146830503 51
SUPPORT 784674256081 196168564033 51
REALCHAR 784896632521 196224158143 51
REALCHAR 784930356961 196232589253 51
REALCHAR 785121589561 196280397403 51
REALCHAR 785182464361 196295616103 51
DEEP 785229965809 196307491470 71
REALCHAR 785393697841 196348424473 51
REALCHAR 785650195801 196412548963 51
REALCHAR 786014814601 196503703663 51
REALCHAR 786574625281 196643656333 51
REALCHAR 787147201201 196786800313 51
DEEP 787575891001 196893972771 83
REALCHAR 787913282521 196978320643 51
REALCHAR 788344080001 197086020013 51
REALCHAR 789014641321 197253660343 51
REALCHAR 789410262001 197352565513 51
REALCHAR 789819136681 197454784183 51
REALCHAR 790577587801 197644396963 51
DEEP 790577587801 197644396968 71
DEEP 790776422881 197694105738 71
REALCHAR 790997790361 197749447603 51
SUPPORT 791129143561 197782285903 51
REALCHAR 791918607841 197979651973 51
REALCHAR 792110770201 198027692563 51
REALCHAR 792252072361 198063018103 51
REALCHAR 793097262721 198274315693 51
REALCHAR 793527596761 198381899203 51
DEEP 793527596761 198381899211 83
DEEP 795032198041 198758049528 71
REALCHAR 795222231241 198805557823 51
REALCHAR 795699110761 198924777703 51
DEEP 795699110761 198924777710 79
REALCHAR 796203295801 199050823963 51
DEEP 796803638569 199200909660 71
REALCHAR 796943697001 199235924263 51
DEEP 796943697001 199235924270 79
DEEP 797020587169 199255146810 71
SUPPORT 797458987081 199364746783 51
REALCHAR 797948856721 199487214193 51
DEEP 798767915401 199691978868 71
REALCHAR 798955783921 199738945993 51
SUPPORT 799166014201 199791503563 51
DEEP 799166014201 199791503568 71
REALCHAR 799189788601 199797447163 51
REALCHAR 799203678121 199800919543 51
REALCHAR 799471896001 199867974013 51
REALCHAR 799596120241 199899030073 51
REALCHAR 799703382241 199925845573 51
REALCHAR 800252034481 200063008633 51
DEEP 800252034481 200063008638 71
DEEP 801260076241 200315019078 71
DEEP 801325371961 200331343009 75
DEEP 801563569249 200390892332 79
DEEP 802293372409 200573343120 71
DEEP 802712735449 200678183882 79
REALCHAR 802728892681 200682223183 51
DEEP 802887225529 200721806400 71
REALCHAR 803120935681 200780233933 51
REALCHAR 803739014521 200934753643 51
REALCHAR 803763539881 200940884983 51
DEEP 804586649161 201146662308 71
SUPPORT 804990678361 201247669603 51
DEEP 806232300241 201558075079 75
REALCHAR 806729120521 201682280143 51
DEEP 807154084489 201788521142 79
DEEP 807740540161 201935135061 83
REALCHAR 807759128401 201939782113 51
REALCHAR 807759128401 201939782119 75
DEEP 807759128401 201939782120 79
REALCHAR 807854686081 201963671533 51
REALCHAR 808353527881 202088381983 51
REALCHAR 808417349041 202104337273 51
REALCHAR 808502841721 202125710443 51
REALCHAR 808780885201 202195221313 51
REALCHAR 809002435081 202250608783 51
DEEP 809002435081 202250608788 71
DEEP 809060819449 202265204880 71
REALCHAR 809416011121 202354002793 51
REALCHAR 809574962641 202393740673 51
DEEP 809798481361 202449620359 75
DEEP 810164833921 202541208498 71
REALCHAR 810747029401 202686757363 51
DEEP 810747029401 202686757368 71
REALCHAR 810810805561 202702701403 51
DEEP 811452304441 202863076130 79
REALCHAR 811826168521 202956542143 51
REALCHAR 812111176801 203027794213 51
DEEP 812111176801 203027794218 71
REALCHAR 812238439321 203059609843 51
REALCHAR 812507808121 203126952043 51
DEEP 813272052961 203318013260 79
REALCHAR 813781098601 203445274663 51
REALCHAR 813896847481 203474211883 51
DEEP 815039419489 203759854890 71
REALCHAR 815632027681 203908006933 51
REALCHAR 816405052681 204101263183 51
DEEP 816908862169 204227215560 71
DEEP 817506734641 204376683679 75
REALCHAR 817672457281 204418114333 51
REALCHAR 818333481001 204583370263 51
REALCHAR 818663224201 204665806063 51
REALCHAR 819313794601 204828448663 51
REALCHAR 820118238241 205029559573 51
DEEP 820395309889 205098827491 75
REALCHAR 820909607281 205227401833 51
REALCHAR 821823294601 205455823663 51
DEEP 821901723889 205475430990 71
REALCHAR 823349292481 205837323133 51
DEEP 823951159201 205987789818 71
REALCHAR 824141952481 206035488133 51
REALCHAR 824248991281 206062247833 51
DEEP 824695028089 206173757040 71
REALCHAR 824823868801 206205967213 51
SUPPORT 824829206041 206207301523 51
REALCHAR 824928857041 206232214273 51
DEEP 824928857041 206232214279 75
REALCHAR 825182980801 206295745213 51
DEEP 825292132729 206323033201 75
DEEP 825858138169 206464534560 71
REALCHAR 826349476681 206587369183 51
REALCHAR 826479298681 206619824683 51
REALCHAR 827072585641 206768146423 51
SUPPORT 827504590201 206876147563 51
DEEP 828578895169 207144723812 79
REALCHAR 828833479321 207208369843 51
SUPPORT 828973243081 207243310783 51
REALCHAR 829142242681 207285560683 51
REALCHAR 829318330201 207329582563 51
REALCHAR 829717167841 207429291973 51
REALCHAR 830437971841 207609492973 51
DEEP 830437971841 207609492981 83
REALCHAR 831021899761 207755474953 51
DEEP 832235187169 208058796810 71
REALCHAR 832355613961 208088903503 51
REALCHAR 832642522321 208160630593 51
DEEP 832825524001 208206381018 71
DEEP 833630074489 208407518640 71
DEEP 834286844329 208571711101 75
REALCHAR 834328296481 208582074133 51
DEEP 835085491321 208771372848 71
REALCHAR 835207012201 208801753063 51
DEEP 835207012201 208801753070 79
SUPPORT 835264754041 208816188523 51
DEEP 836231120761 209057780208 71
DEEP 836687435809 209171858970 71
SUPPORT 837066195001 209266548763 51
SUPPORT 837724669681 209431167433 51
REALCHAR 838494541921 209623635493 51
REALCHAR 839045150161 209761287553 51
REALCHAR 839213226721 209803306693 51
DEEP 839213226721 209803306700 79
REALCHAR 839528855881 209882213983 51
REALCHAR 839729643481 209932410883 51
DEEP 839729643481 209932410888 71
DEEP 840757855081 210189463788 71
REALCHAR 842157874321 210539468593 51
REALCHAR 843058209841 210764552473 51
REALCHAR 843078933841 210769733473 51
REALCHAR 843497497441 210874374373 51
REALCHAR 843983458081 210995864533 51
REALCHAR 844137553561 211034388403 51
DEEP 844620249001 211155062270 79
DEEP 844723905481 211180976388 71
DEEP 844751955961 211187989011 83
REALCHAR 844887340441 211221835123 51
REALCHAR 845232902641 211308225673 51
REALCHAR 846642508321 211660627093 51
REALCHAR 846677130601 211669282663 51
DEEP 846677130601 211669282668 71
DEEP 847350048169 211837512060 71
DEEP 847566164041 211891541028 71
REALCHAR 847613409241 211903352323 51
DEEP 847756769161 211939192308 71
DEEP 848328151441 212082037880 79
REALCHAR 848470466281 212117616583 51
DEEP 848494799881 212123699988 71
REALCHAR 849108788761 212277197203 51
REALCHAR 850493202001 212623300513 51
DEEP 850493202001 212623300518 71
REALCHAR 851060741521 212765185393 51
REALCHAR 851159138281 212789784583 51
REALCHAR 851189115001 212797278763 51
DEEP 851625917041 212906479278 71
REALCHAR 852251761201 213062940313 51
REALCHAR 852266575801 213066643963 51
SUPPORT 852683704681 213170926183 51
REALCHAR 853345058281 213336264583 51
REALCHAR 853867518001 213466879513 51
REALCHAR 854100137641 213525034423 51
REALCHAR 854306876641 213576719173 51
REALCHAR 854559822601 213639955663 51
REALCHAR 854684848081 213671212033 51
DEEP 854847561649 213711890430 71
REALCHAR 855215697961 213803924503 51
REALCHAR 855401758201 213850439563 51
REALCHAR 856113609121 214028402293 51
DEEP 856438838161 214109709558 71
DEEP 856736127361 214184031858 71
REALCHAR 857138365561 214284591403 51
REALCHAR 857403522361 214350880603 51
DEEP 857403522361 214350880608 71
DEEP 857807897521 214451974398 71
REALCHAR 857825830801 214456457713 51
REALCHAR 857948255761 214487063953 51
REALCHAR 858199558441 214549889623 51
DEEP 858360177481 214590044390 79
REALCHAR 858387474961 214596868753 51
SUPPORT 858536415361 214634103853 51
SUPPORT 858550922161 214637730553 51
DEEP 858550922161 214637730559 75
DEEP 859977934201 214994483568 71
REALCHAR 860006050201 215001512563 51
REALCHAR 860295672721 215073918193 51
DEEP 860470218721 215117554698 71
REALCHAR 860566586881 215141646733 51
REALCHAR 861420643561 215355160903 51
REALCHAR 861581576521 215395394143 51
REALCHAR 861749694961 215437423759 75
DEEP 861749694961 215437423762 87
REALCHAR 862152734041 215538183523 51
REALCHAR 862724462161 215681115553 51
DEEP 862724462161 215681115558 71
REALCHAR 862758568681 215689642183 51
DEEP 862758568681 215689642192 87
DEEP 862882861129 215720715300 71
REALCHAR 863036475841 215759118973 51
REALCHAR 863328916321 215832229093 51
REALCHAR 864311439601 216077859913 51
SUPPORT 865018411321 216254602843 51
REALCHAR 865199340721 216299835193 51
DEEP 865199340721 216299835198 71
REALCHAR 865492593001 216373148263 51
REALCHAR 865507344601 216376836163 51
REALCHAR 865529301121 216382325293 51
DEEP 865612931401 216403232868 71
REALCHAR 865630985041 216407746273 51
REALCHAR 866757675001 216689418763 51
DEEP 866936227609 216734056920 71
REALCHAR 867162755761 216790688953 51
REALCHAR 867734889961 216933722503 51
DEEP 867734889961 216933722508 71
DEEP 867819842761 216954960708 71
REALCHAR 867876091681 216969022933 51
REALCHAR 868392636721 217098159193 51
DEEP 868392636721 217098159199 75
SUPPORT 868748126401 217187031613 51
REALCHAR 869020468801 217255117213 51
REALCHAR 869169443041 217292360773 51
REALCHAR 869554383721 217388595943 51
REALCHAR 869562668881 217390667233 51
REALCHAR 870159827161 217539956803 51
REALCHAR 871556097721 217889024443 51
DEEP 871670036689 217917509193 83
REALCHAR 871807440001 217951860013 51
REALCHAR 872039270041 218009817523 51
REALCHAR 872395792321 218098948093 51
REALCHAR 872739483841 218184870973 51
DEEP 872767949089 218191987290 71
REALCHAR 872774354761 218193588703 51
REALCHAR 872858835601 218214708913 51
DEEP 873021816241 218255454078 71
DEEP 873216821689 218304205440 71
DEEP 874603094401 218650773618 71
DEEP 874839156361 218709789108 71
REALCHAR 875209918801 218802479713 51
REALCHAR 875227805761 218806951453 51
DEEP 875492904049 218873226030 71
DEEP 875579458009 218894864520 71
REALCHAR 875962957081 218990739283 51
REALCHAR 876821833801 219205458463 51
REALCHAR 876827941201 219206985313 51
DEEP 876934921801 219233730470 79
SUPPORT 876947545321 219236886343 51
DEEP 877112182489 219278045641 75
REALCHAR 877270033201 219317508313 51
DEEP 877590618529 219397654650 71
SUPPORT 877628663521 219407165893 51
REALCHAR 877839636361 219459909103 51
REALCHAR 878311212601 219577803163 51
SUPPORT 878399865121 219599966293 51
REALCHAR 878436105121 219609026293 51
REALCHAR 878475628801 219618907213 51
REALCHAR 878560473961 219640118503 51
REALCHAR 879310482961 219827620753 51
REALCHAR 879322206361 219830551603 51
REALCHAR 879489672961 219872418253 51
DEEP 879570240649 219892560180 71
REALCHAR 879705879361 219926469853 51
REALCHAR 879815511961 219953878003 51
SUPPORT 880227468121 220056867043 51
DEEP 880371880249 220092970083 83
SUPPORT 880718971441 220179742873 51
REALCHAR 881224946281 220306236583 51
REALCHAR 881523341521 220380835393 51
REALCHAR 882355277281 220588819333 51
DEEP 882549481969 220637370510 71
DEEP 882642201841 220660550480 79
DEEP 882754852849 220688713232 79
REALCHAR 882768795841 220692198973 51
REALCHAR 883911466201 220977866563 51
DEEP 884888743729 221222185950 71
REALCHAR 885021771481 221255442883 51
REALCHAR 885061774081 221265443533 51
REALCHAR 885258989521 221314747393 51
REALCHAR 885342601441 221335650373 51
REALCHAR 885374258521 221343564643 51
REALCHAR 885427005961 221356751503 51
REALCHAR 885512988361 221378247103 51
SUPPORT 886547980081 221636995033 51
REALCHAR 887278494001 221819623513 51
DEEP 887318669329 221829667350 71
DEEP 888236640769 222059160210 71
DEEP 888365823361 222091455858 71
REALCHAR 888743217961 222185804503 51
REALCHAR 889315047721 222328761943 51
REALCHAR 889413684721 222353421193 51
REALCHAR 889651602841 222412900723 51
DEEP 889651602841 222412900728 71
REALCHAR 890256486001 222564121513 51
REALCHAR 890295719041 222573929773 51
DEEP 890352431329 222588107852 79
REALCHAR 890794490041 222698622523 51
REALCHAR 890900332921 222725083243 51
SUPPORT 891038868721 222759717193 51
DEEP 891661914361 222915478608 71
REALCHAR 891773643121 222943410793 51
REALCHAR 892448550841 223112137723 51
REALCHAR 893033087521 223258271893 51
REALCHAR 893472591001 223368147763 51
REALCHAR 894105431521 223526357893 51
REALCHAR 894209491081 223552372783 51
REALCHAR 894234627001 223558656763 51
DEEP 894234627001 223558656768 71
REALCHAR 894273912841 223568478223 51
REALCHAR 895318263841 223829565973 51
REALCHAR 895614998041 223903749523 51
DEEP 896976351769 224244087960 71
REALCHAR 897112720729 224278180201 75
DEEP 897112720729 224278180204 87
REALCHAR 897510680641 224377670173 51
REALCHAR 897676247521 224419061893 51
DEEP 898276720441 224569180128 71
DEEP 898850106001 224712526518 71
REALCHAR 898899882721 224724970693 51
REALCHAR 898923959761 224730989953 51
REALCHAR 898952432401 224738108113 51
REALCHAR 899350231081 224837557783 51
DEEP 899467765249 224866941330 71
REALCHAR 899805423721 224951355943 51
REALCHAR 900012239281 225003059833 51
REALCHAR 900277604521 225069401143 51
DEEP 900518149441 225129537378 71
REALCHAR 900667404121 225166851043 51
REALCHAR 901018969321 225254742343 51
REALCHAR 901184684401 225296171113 51
REALCHAR 901367409721 225341852443 51
REALCHAR 901957248721 225489312193 51
DEEP 902028655609 225507163920 71
REALCHAR 902164809841 225541202473 51
REALCHAR 902706850081 225676712533 51
DEEP 902747455009 225686863771 75
DEEP 902954977369 225738744360 71
REALCHAR 903151234441 225787808623 51
REALCHAR 903392198641 225848049673 51
SUPPORT 903739388161 225934847053 51
DEEP 903739388161 225934847058 71
REALCHAR 905729426281 226432356583 51
DEEP 905867567929 226466892000 71
REALCHAR 906248679961 226562170003 51
REALCHAR 906364469761 226591117453 51
REALCHAR 906439254361 226609813603 51
DEEP 906645211081 226661302788 71
DEEP 906727172521 226681793148 71
DEEP 907919217241 226979804328 71
REALCHAR 908647095841 227161773973 51
REALCHAR 908892457201 227223114313 51
DEEP 908984338441 227246084630 79
REALCHAR 909065155441 227266288873 51
REALCHAR 909130011241 227282502823 51
REALCHAR 909263257681 227315814433 51
DEEP 909862884121 227465721048 71
REALCHAR 911284391161 227821097809 75
DEEP 911284391161 227821097810 79
DEEP 911459343601 227864835918 71
REALCHAR 912968412841 228242103223 51
REALCHAR 913189037401 228297259363 51
DEEP 913403787409 228350946870 71
DEEP 913780547761 228445136959 75
REALCHAR 913859473921 228464868493 51
SUPPORT 914459561401 228614890363 51
REALCHAR 915145860841 228786465223 51
REALCHAR 915364269121 228841067293 51
REALCHAR 915875601481 228968900383 51
SUPPORT 916004380201 229001095063 51
REALCHAR 916758982441 229189745623 51
REALCHAR 916938580321 229234645093 51
REALCHAR 917598842161 229399710553 51
DEEP 918373106641 229593276680 79
REALCHAR 918653038801 229663259713 51
REALCHAR 918660941641 229665235423 51
REALCHAR 919016054401 229754013613 51
REALCHAR 919510181041 229877545273 51
DEEP 920732281921 230183070498 71
REALCHAR 920962694521 230240673643 51
REALCHAR 921019224841 230254806223 51
DEEP 921019224841 230254806228 71
DEEP 921192079921 230298019998 71
REALCHAR 921544683361 230386170853 51
REALCHAR 921713851081 230428462783 51
DEEP 921805391329 230451347850 71
REALCHAR 922037470561 230509367653 51
REALCHAR 922163218201 230540804563 51
REALCHAR 922358268001 230589567013 51
REALCHAR 922624786801 230656196713 51
DEEP 922752431329 230688107850 71
DEEP 923116027201 230779006820 79
REALCHAR 924327011521 231081752893 51
DEEP 924391196089 231097799042 79
DEEP 924624023761 231156005960 79
DEEP 924671835649 231167958930 71
REALCHAR 924736733281 231184183333 51
DEEP 925677338041 231419334528 71
DEEP 926158668241 231539667078 71
REALCHAR 926228634241 231557158573 51
REALCHAR 926270744281 231567686083 51
REALCHAR 926488101841 231622025473 51
REALCHAR 927688792801 231922198213 51
REALCHAR 928130133841 232032533473 51
SUPPORT 928630480801 232157620213 51
REALCHAR 928895997481 232223999383 51
DEEP 929142871801 232285717968 71
DEEP 930377853409 232594463370 71
DEEP 930433096321 232608274098 71
DEEP 930485288329 232621322100 71
DEEP 930885648289 232721412090 71
DEEP 930961246609 232740311670 71
DEEP 930983763649 232745940930 71
REALCHAR 931179981601 232794995413 51
DEEP 931179981601 232794995420 79
DEEP 931241777449 232810444380 71
DEEP 932013978289 233003494590 71
REALCHAR 932951988721 233237997193 51
REALCHAR 932966542561 233241635653 51
REALCHAR 933031196161 233257799053 51
REALCHAR 933280028041 233320007023 51
REALCHAR 934093210801 233523302713 51
DEEP 934127385409 233531846370 71
REALCHAR 934951774201 233737943563 51
REALCHAR 935249071201 233812267813 51
DEEP 935370632641 233842658178 71
DEEP 936160203169 234040050810 71
DEEP 936209894929 234052473750 71
REALCHAR 936747367921 234186841993 51
REALCHAR 937374374161 234343593553 51
REALCHAR 937561327921 234390331993 51
REALCHAR 938135380081 234533845033 51
REALCHAR 938694149761 234673537453 51
DEEP 938873241601 234718310418 71
DEEP 939106467121 234776616798 71
DEEP 939967796329 234991949100 71
DEEP 940134601849 235033650482 79
REALCHAR 940864786801 235216196713 51
REALCHAR 941247255001 235311813763 51
SUPPORT 941295527041 235323881773 51
DEEP 941898728521 235474682148 71
REALCHAR 941953283881 235488320983 51
DEEP 942001064449 235500266130 71
REALCHAR 942449659321 235612414843 51
REALCHAR 943444073881 235861018483 51
REALCHAR 944117480881 236029370233 51
REALCHAR 945152992081 236288248033 51
REALCHAR 945509997721 236377499443 51
DEEP 945698283721 236424570948 71
DEEP 945898707601 236474676921 83
REALCHAR 945915435481 236478858883 51
REALCHAR 946320896161 236580224053 51
DEEP 946509645481 236627411389 75
DEEP 946701754441 236675438634 95
DEEP 946825128649 236706282180 71
REALCHAR 946858152601 236714538163 51
REALCHAR 947030863081 236757715783 51
REALCHAR 948381510001 237095377513 51
DEEP 948474802081 237118700538 71
DEEP 948786414601 237196603668 71
DEEP 949144207489 237286051890 71
DEEP 950116324369 237529081111 75
REALCHAR 950639396281 237659849083 51
DEEP 950680889929 237670222504 87
DEEP 950918733769 237729683460 71
REALCHAR 950931746521 237732936643 51
SUPPORT 950989090921 237747272743 51
DEEP 951740083009 237935020772 79
SUPPORT 952485985201 238121496313 51
DEEP 953187025729 238296756450 71
SUPPORT 953403167161 238350791803 51
REALCHAR 954331473481 238582868383 51
REALCHAR 954399932641 238599983173 51
DEEP 954431493409 238607873370 71
DEEP 954474427201 238618606820 79
REALCHAR 955653546241 238913386573 51
SUPPORT 955789380001 238947345013 51
REALCHAR 956113077481 239028269383 51
REALCHAR 956186158321 239046539593 51
REALCHAR 956520862441 239130215623 51
REALCHAR 957538174321 239384543593 51
REALCHAR 958001235361 239500308853 51
REALCHAR 958056912121 239514228043 51
REALCHAR 958853717761 239713429453 51
SUPPORT 959101171081 239775292783 51
DEEP 959220132049 239805033030 71
SUPPORT 959326330561 239831582653 51
DEEP 959326330561 239831582666 103
DEEP 959937996889 239984499240 71
REALCHAR 960790632481 240197658133 51
REALCHAR 961032704641 240258176173 51
REALCHAR 961272465841 240318116473 51
REALCHAR 961697094121 240424273543 51
REALCHAR 962093766481 240523441633 51
REALCHAR 962670837241 240667709323 51
REALCHAR 962986808281 240746702083 51
REALCHAR 963264428281 240816107083 51
DEEP 963734849401 240933712369 75
DEEP 964150402609 241037600670 71
DEEP 965552181889 241388045490 71
REALCHAR 965699302681 241424825683 51
REALCHAR 965729443561 241432360903 51
REALCHAR 965748362881 241437090733 51
REALCHAR 966192658201 241548164563 51
DEEP 966292212649 241573053180 71
DEEP 967510188121 241877547048 71
REALCHAR 967644208801 241911052213 51
DEEP 968586257521 242146564398 71
REALCHAR 968966736721 242241684193 51
DEEP 969273817801 242318454468 71
REALCHAR 969568760161 242392190053 51
DEEP 969621117529 242405279400 71
REALCHAR 969637422961 242409355753 51
REALCHAR 970020892201 242505223063 51
REALCHAR 970656851761 242664212953 51
SUPPORT 971031770641 242757942673 51
DEEP 971031770641 242757942680 79
REALCHAR 971953070761 242988267703 51
DEEP 972262714201 243065678570 79
DEEP 973201298161 243300324558 71
REALCHAR 973210188721 243302547193 51
DEEP 973276279369 243319069860 71
REALCHAR 973380686041 243345171523 51
REALCHAR 973427560561 243356890153 51
DEEP 973427560561 243356890161 83
REALCHAR 973479683401 243369920863 51
DEEP 973645727209 243411431820 71
DEEP 974634063649 243658515932 79
REALCHAR 974687757481 243671939383 51
REALCHAR 974888707321 243722176843 51
REALCHAR 975559665721 243889916443 51
DEEP 975559665721 243889916448 71
DEEP 975868094161 243967023559 75
REALCHAR 975921482761 243980370703 51
REALCHAR 977752986961 244438246753 51
REALCHAR 977785245889 244446311491 75
DEEP 977785245889 244446311492 79
REALCHAR 978419547361 244604886853 51
REALCHAR 978443179081 244610794783 51
REALCHAR 978771361801 244692840463 51
REALCHAR 979282731001 244820682763 51
DEEP 979883762881 244970940738 71
DEEP 979883856169 244970964063 83
DEEP 980012113921 245003028498 71
REALCHAR 981723910561 245430977653 51
DEEP 982391857561 245597964410 79
REALCHAR 982430967961 245607742003 51
SUPPORT 982711551721 245677887943 51
DEEP 982850345569 245712586410 71
REALCHAR 982896222361 245724055603 51
REALCHAR 983021104081 245755276033 51
DEEP 984379322161 246094830559 75
DEEP 984942945529 246235736402 79
REALCHAR 985657070161 246414267553 51
REALCHAR 986670135721 246667533943 51
REALCHAR 986711631361 246677907853 51
REALCHAR 986818356001 246704589013 51
REALCHAR 987028583641 246757145923 51
REALCHAR 987755889961 246938972503 51
REALCHAR 987865203361 246966300853 51
REALCHAR 988107591241 247026897823 51
REALCHAR 988165704241 247041426073 51
REALCHAR 988826158321 247206539593 51
DEEP 988961516449 247240379130 71
DEEP 989455751881 247363937988 71
DEEP 989533415809 247383353971 75
DEEP 989554812481 247388703140 79
DEEP 990540559969 247635140011 75
REALCHAR 991341231721 247835307943 51
REALCHAR 991573626481 247893406633 51
REALCHAR 991820687881 247955171983 51
REALCHAR 992347026841 248086756723 51
DEEP 993123573289 248280893344 87
DEEP 993282024289 248320506098 103
DEEP 995583918169 248895979560 71
REALCHAR 995805883921 248951470993 51
REALCHAR 996136143601 249034035913 51
REALCHAR 996523088401 249130772113 51
SUPPORT 996624460441 249156115123 51
REALCHAR 997086368041 249271592023 51
REALCHAR 998017222801 249504305713 51
REALCHAR 998147635081 249536908783 51
DEEP 998413255249 249603313830 71
SUPPORT 998450496481 249612624133 51
REALCHAR 998578230241 249644557573 51
REALCHAR 998793401761 249698350453 51
REALCHAR 999014949241 249753737323 51
REALCHAR 999031506841 249757876723 51
REALCHAR 999114430441 249778607623 51
