REALCHAR 118801 29713 51
REALCHAR 806521 201643 51
DEEP 8803369 2200869 107
SUPPORT 13867921 3466993 51
REALCHAR 16467361 4116853 51
SUPPORT 32794441 8198623 51
REALCHAR 80156521 20039143 51
DEEP 106376209 26594070 71
REALCHAR 117145081 29286283 51
REALCHAR 140919601 35229913 51
DEEP 144329329 36082350 71
REALCHAR 171348241 42837073 51
DEEP 230089729 57522451 75
SUPPORT 245034001 61258513 51
REALCHAR 278046001 69511513 51
REALCHAR 287567281 71891833 51
REALCHAR 287567281 71891839 75
DEEP 287567281 71891841 83
DEEP 332709841 83177478 71
DEEP 376197649 94049430 71
DEEP 401426041 100356528 71
REALCHAR 402847561 100711903 51
REALCHAR 441487201 110371813 51
DEEP 570743209 142685820 71
REALCHAR 587648161 146912053 51
REALCHAR 602030641 150507673 51
REALCHAR 651412441 162853123 51
DEEP 651412441 162853131 83
REALCHAR 698285641 174571423 51
REALCHAR 774378361 193594603 51
REALCHAR 778103881 194525983 51
DEEP 778103881 194525990 79
DEEP 793592809 198398221 75
SUPPORT 823247881 205811983 51
DEEP 1008855241 252213828 71
REALCHAR 1022055241 255513823 51
REALCHAR 1082985121 270746293 51
SUPPORT 1187266081 296816533 51
REALCHAR 1282346521 320586643 51
DEEP 1313972521 328493148 71
REALCHAR 1461306001 365326513 51
REALCHAR 1490176081 372544033 51
REALCHAR 1641245761 410311453 51
REALCHAR 1673206441 418301623 51
REALCHAR 1682127841 420531973 51
DEEP 1683652441 420913128 71
DEEP 1749233641 437308430 79
REALCHAR 1775179561 443794903 51
REALCHAR 1843269481 460817383 51
DEEP 1875932809 468983220 71
REALCHAR 1891167721 472791943 51
REALCHAR 2051050681 512762683 51
REALCHAR 2120414521 530103643 51
REALCHAR 2123538481 530884633 51
DEEP 2127634441 531908628 71
REALCHAR 2136905761 534226453 51
DEEP 2146664809 536666220 71
DEEP 2188875529 547218903 83
REALCHAR 2258910481 564727633 51
DEEP 2292821281 573205338 71
DEEP 2301031489 575257890 71
DEEP 2535613921 633903500 79
DEEP 2629216489 657304140 71
DEEP 2736032209 684008070 71
DEEP 2744973169 686243310 71
DEEP 2782002721 695500698 71
DEEP 2809257889 702314492 79
DEEP 2812462129 703115550 71
REALCHAR 3101304361 775326103 51
DEEP 3121838329 780459600 71
REALCHAR 3218397961 804599503 51
DEEP 3278006449 819501630 71
REALCHAR 3341581681 835395433 51
REALCHAR 3384621241 846155323 51
REALCHAR 3409966561 852491653 51
REALCHAR 3424509001 856127263 51
DEEP 3434195209 858548823 83
DEEP 3439335769 859833960 71
DEEP 3474307321 868576848 71
REALCHAR 3564506401 891126613 51
DEEP 3733223209 933305820 71
DEEP 3769072129 942268050 71
DEEP 3785271169 946317810 71
REALCHAR 3819171841 954792973 51
DEEP 3819171841 954792978 71
REALCHAR 3880135561 970033903 51
REALCHAR 3885147841 971286973 51
REALCHAR 3922010401 980502613 51
REALCHAR 3944291521 986072893 51
REALCHAR 4001109121 1000277293 51
DEEP 4038617521 1009654398 71
REALCHAR 4063936801 1015984213 51
DEEP 4165224001 1041306018 71
DEEP 4209674401 1052418618 71
DEEP 4315477609 1078869420 71
REALCHAR 4316871001 1079217763 51
DEEP 4382228449 1095557130 71
REALCHAR 4458945241 1114736323 51
REALCHAR 4493931121 1123482793 51
DEEP 4507554529 1126888650 71
REALCHAR 4729522561 1182380653 51
DEEP 4729522561 1182380660 79
REALCHAR 4793340841 1198335223 51
REALCHAR 4875763201 1218940813 51
DEEP 5066051761 1266512960 79
REALCHAR 5104221721 1276055443 51
REALCHAR 5162309881 1290577483 51
REALCHAR 5207967361 1301991853 51
SUPPORT 5207995321 1301998843 51
REALCHAR 5271091081 1317772783 51
DEEP 5322797089 1330699290 71
REALCHAR 5361815281 1340453833 51
REALCHAR 5366199721 1341549943 51
REALCHAR 5529849361 1382462353 51
DEEP 5531648929 1382912250 71
REALCHAR 5544555241 1386138823 51
REALCHAR 5544665281 1386166333 51
REALCHAR 5557679521 1389419893 51
REALCHAR 5671643041 1417910779 75
DEEP 5671643041 1417910780 79
DEEP 5683084801 1420771219 75
REALCHAR 5718345361 1429586353 51
DEEP 5743450729 1435862700 71
REALCHAR 5794829881 1448707483 51
DEEP 5998349449 1499587382 79
DEEP 6000595129 1500148803 83
DEEP 6024941521 1506235398 71
REALCHAR 6260931121 1565232793 51
REALCHAR 6273682321 1568420593 51
REALCHAR 6349532641 1587383173 51
REALCHAR 6541736041 1635434023 51
REALCHAR 6617607481 1654401883 51
REALCHAR 6697336801 1674334213 51
DEEP 6745884721 1686471198 71
REALCHAR 6773691961 1693423003 51
REALCHAR 6849243241 1712310823 51
REALCHAR 6939628081 1734907033 51
REALCHAR 7035501841 1758875473 51
REALCHAR 7100675761 1775168953 51
DEEP 7109478289 1777369592 79
REALCHAR 7138194361 1784548603 51
REALCHAR 7500685921 1875171493 51
DEEP 7620719089 1905179792 79
DEEP 7896580561 1974145158 71
SUPPORT 7932383281 1983095833 51
DEEP 8051168449 2012792130 71
REALCHAR 8109569521 2027392393 51
DEEP 8223619849 2055904980 71
DEEP 8314409041 2078602278 71
DEEP 8435854561 2108963658 71
REALCHAR 8544656761 2136164203 51
DEEP 8555613889 2138903492 79
DEEP 8667347329 2166836850 71
DEEP 8672438329 2168109600 71
SUPPORT 8975473081 2243868283 51
REALCHAR 9053010121 2263252543 51
REALCHAR 9157119841 2289279973 51
REALCHAR 9501601561 2375400403 51
DEEP 9724435009 2431108770 71
REALCHAR 9928868161 2482217053 51
REALCHAR 9962976241 2490744073 51
REALCHAR 10100413801 2525103463 51
DEEP 10204217521 2551054399 75
REALCHAR 10280988481 2570247133 51
REALCHAR 10425935521 2606483893 51
REALCHAR 10557606361 2639401603 51
SUPPORT 10642855441 2660713873 51
REALCHAR 10771920721 2692980193 51
REALCHAR 10873044961 2718261253 51
DEEP 10944752809 2736188222 79
DEEP 10972227841 2743056981 83
REALCHAR 11053687681 2763421933 51
DEEP 11067618241 2766904579 75
DEEP 11169469249 2792367330 71
DEEP 11221936489 2805484142 79
DEEP 11241838609 2810459673 83
DEEP 11470924921 2867731248 71
REALCHAR 11511377641 2877844423 51
DEEP 11538857929 2884714500 71
DEEP 11715888529 2928972150 71
REALCHAR 11740963441 2935240873 51
REALCHAR 11771677681 2942919433 51
REALCHAR 11799038161 2949759553 51
DEEP 11894393449 2973598380 71
SUPPORT 11943608161 2985902053 51
REALCHAR 11981351281 2995337833 51
REALCHAR 12024903361 3006225853 51
DEEP 12024903361 3006225859 75
DEEP 12250514329 3062628600 71
DEEP 12250602841 3062650728 71
DEEP 12300078961 3075019758 71
DEEP 12317209921 3079302498 71
REALCHAR 12331112161 3082778053 51
REALCHAR 12478960321 3119740093 51
DEEP 12478960321 3119740099 75
REALCHAR 12720301801 3180075463 51
DEEP 12814116121 3203529048 71
DEEP 12924028441 3231007128 71
REALCHAR 12929299681 3232324933 51
REALCHAR 12973565641 3243391423 51
REALCHAR 13012405561 3253101403 51
DEEP 13130318569 3282579664 87
REALCHAR 13153318201 3288329563 51
REALCHAR 13160306041 3290076523 51
DEEP 13266173209 3316543320 71
REALCHAR 13314231841 3328557973 51
REALCHAR 13344750721 3336187693 51
REALCHAR 13390072921 3347518243 51
REALCHAR 13401659881 3350414983 51
DEEP 13433085961 3358271510 79
DEEP 13489785241 3372446329 75
REALCHAR 13551050881 3387762733 51
DEEP 13593416929 3398354250 71
REALCHAR 13755662281 3438915583 51
REALCHAR 13805569801 3451392463 51
REALCHAR 13871578561 3467894653 51
REALCHAR 13897753321 3474438343 51
REALCHAR 13917506521 3479376643 51
SUPPORT 13997486281 3499371583 51
REALCHAR 14171797201 3542949313 51
DEEP 14183385241 3545846328 71
SUPPORT 14235975121 3558993793 51
SUPPORT 14293882201 3573470563 51
REALCHAR 14294421241 3573605323 51
REALCHAR 14362484761 3590621203 51
REALCHAR 14412925081 3603231283 51
DEEP 14519027329 3629756850 71
REALCHAR 14759283841 3689820973 51
REALCHAR 14800936921 3700234243 51
DEEP 15081514009 3770378520 71
REALCHAR 15094759681 3773689933 51
REALCHAR 15166916521 3791729143 51
SUPPORT 15223463641 3805865923 51
REALCHAR 15253375201 3813343813 51
REALCHAR 15265057201 3816264313 51
DEEP 15265057201 3816264318 71
REALCHAR 15362203921 3840550993 51
REALCHAR 15426553921 3856638493 51
DEEP 15426553921 3856638500 79
SUPPORT 15619157401 3904789363 51
DEEP 15640418641 3910104678 71
REALCHAR 15756025321 3939006343 51
REALCHAR 15814215481 3953553883 51
SUPPORT 15871779361 3967944853 51
REALCHAR 16060821001 4015205263 51
REALCHAR 16112416681 4028104183 51
REALCHAR 16130500681 4032625183 51
DEEP 16357472569 4089368160 71
REALCHAR 16380916561 4095229153 51
DEEP 16380916561 4095229158 71
DEEP 16494953281 4123738338 71
REALCHAR 16498140961 4124535253 51
REALCHAR 16637603761 4159400953 51
SUPPORT 17101266361 4275316603 51
DEEP 17150874049 4287718530 71
REALCHAR 17184110161 4296027559 75
DEEP 17184110161 4296027560 79
DEEP 17197589809 4299397470 71
REALCHAR 17541568801 4385392213 51
DEEP 17576746489 4394186643 83
DEEP 17654894401 4413723622 87
REALCHAR 17775551641 4443887923 51
REALCHAR 17882163121 4470540793 51
REALCHAR 17938074361 4484518603 51
REALCHAR 18017603041 4504400773 51
DEEP 18081052081 4520263040 79
REALCHAR 18130203001 4532550763 51
DEEP 18138381361 4534595361 83
REALCHAR 18219668041 4554917023 51
DEEP 18219668041 4554917028 71
DEEP 18315426529 4578856650 71
DEEP 18421153921 4605288499 75
DEEP 18483104929 4620776256 95
REALCHAR 18606472921 4651618243 51
REALCHAR 18640687321 4660171843 51
DEEP 18640687321 4660171848 71
DEEP 18900806401 4725201618 71
DEEP 19129745209 4782436324 87
DEEP 19155152641 4788788178 71
DEEP 19172029969 4793007512 79
REALCHAR 19180117441 4795029373 51
REALCHAR 19242566641 4810641673 51
REALCHAR 19572659401 4893164863 51
REALCHAR 19591076521 4897769143 51
DEEP 19599002329 4899750600 71
DEEP 19604997721 4901249448 71
REALCHAR 19674345961 4918586503 51
REALCHAR 19758326641 4939581673 51
DEEP 20302312969 5075578260 71
REALCHAR 20414795041 5103698773 51
SUPPORT 20484168721 5121042193 51
DEEP 20484168721 5121042198 71
REALCHAR 20518094041 5129523523 51
REALCHAR 20529954481 5132488633 51
DEEP 20529954481 5132488638 71
SUPPORT 20571188401 5142797113 51
DEEP 20571188401 5142797119 75
REALCHAR 20815693201 5203923313 51
REALCHAR 20898394609 5224598671 75
DEEP 20898394609 5224598673 83
REALCHAR 21156438601 5289109663 51
DEEP 21158687449 5289671885 91
REALCHAR 21182526121 5295631543 51
REALCHAR 21246604201 5311651063 51
DEEP 21263050561 5315762658 71
REALCHAR 21315331801 5328832963 51
DEEP 21333497641 5333374430 79
REALCHAR 21362844721 5340711193 51
REALCHAR 21372474601 5343118663 51
REALCHAR 21440633041 5360158273 51
REALCHAR 21516406081 5379101533 51
REALCHAR 21677446561 5419361653 51
REALCHAR 21719826361 5429956603 51
REALCHAR 21932012281 5483003083 51
REALCHAR 21970141561 5492535403 51
DEEP 21985759849 5496439983 83
DEEP 22040856601 5510214171 83
DEEP 22108983121 5527245800 79
REALCHAR 22281025321 5570256343 51
REALCHAR 22287840961 5571960253 51
REALCHAR 22295279161 5573819803 51
DEEP 22425929761 5606482462 87
DEEP 22488099481 5622024890 79
REALCHAR 22660911001 5665227763 51
REALCHAR 22700597761 5675149453 51
REALCHAR 22709085961 5677271503 51
REALCHAR 22775143561 5693785903 51
REALCHAR 22836293041 5709073273 51
DEEP 22836293041 5709073278 71
REALCHAR 22901223361 5725305853 51
DEEP 22930808209 5732702070 71
REALCHAR 22950759841 5737689973 51
REALCHAR 23027688121 5756922043 51
REALCHAR 23065413361 5766353353 51
DEEP 23089305121 5772326298 71
DEEP 23248669921 5812167498 71
REALCHAR 23266216801 5816554213 51
DEEP 23350858129 5837714556 95
REALCHAR 23381158441 5845289623 51
DEEP 23465455729 5866363950 71
REALCHAR 23496932281 5874233083 51
REALCHAR 23501838361 5875459603 51
DEEP 23712686449 5928171632 79
REALCHAR 23969935201 5992483813 51
REALCHAR 23989543561 5997385903 51
DEEP 24217089649 6054272432 79
SUPPORT 24370841401 6092710363 51
REALCHAR 24970153321 6242538343 51
REALCHAR 24987016441 6246754123 51
REALCHAR 25072836721 6268209193 51
REALCHAR 25084919161 6271229803 51
SUPPORT 25260980761 6315245203 51
REALCHAR 25347145321 6336786343 51
DEEP 26447308801 6611827221 83
REALCHAR 26550692281 6637673083 51
REALCHAR 26607986161 6651996553 51
REALCHAR 26717241721 6679310443 51
REALCHAR 26778074761 6694518703 51
SUPPORT 26785289521 6696322393 51
REALCHAR 27059848201 6764962063 51
DEEP 27273639409 6818409870 71
DEEP 27442495081 6860623788 71
DEEP 27577636321 6894409098 71
REALCHAR 27660004681 6915001183 51
REALCHAR 27898962841 6974740723 51
REALCHAR 28188903961 7047226003 51
DEEP 28370400529 7092600150 71
DEEP 28442651449 7110662882 79
REALCHAR 28481041801 7120260463 51
REALCHAR 28594817161 7148704303 51
REALCHAR 28595899921 7148974993 51
DEEP 28995127561 7248781908 71
REALCHAR 29058316681 7264579183 51
DEEP 29074652161 7268663058 71
REALCHAR 29088669481 7272167383 51
REALCHAR 29186323321 7296580843 51
DEEP 29199025969 7299756510 71
REALCHAR 29877587041 7469396773 51
REALCHAR 29907076081 7476769033 51
DEEP 29966959801 7491739969 75
REALCHAR 30431873761 7607968453 51
REALCHAR 30842917561 7710729403 51
REALCHAR 31507255081 7876813783 51
DEEP 31517403241 7879350831 83
REALCHAR 31597962841 7899490723 51
DEEP 31647815809 7911953971 75
REALCHAR 31703392081 7925848033 51
REALCHAR 31846270681 7961567683 51
SUPPORT 31867784881 7966946233 51
REALCHAR 32169097321 8042274343 51
DEEP 32172872449 8043218130 71
DEEP 32324230849 8081057733 83
DEEP 32362174849 8090543732 79
DEEP 32411019601 8102754920 79
REALCHAR 32478589441 8119647373 51
SUPPORT 32501506801 8125376713 51
REALCHAR 32561289601 8140322413 51
DEEP 32578459489 8144614890 71
REALCHAR 32612348521 8153087143 51
REALCHAR 32981196361 8245299103 51
DEEP 32981196361 8245299110 79
DEEP 33093387721 8273346950 79
DEEP 33208879729 8302219951 75
DEEP 33523014121 8380753548 71
REALCHAR 33531280561 8382820153 51
REALCHAR 33580838041 8395209523 51
DEEP 33580838041 8395209528 71
REALCHAR 33817762801 8454440713 51
DEEP 33818623609 8454655920 71
REALCHAR 34326166081 8581541533 51
DEEP 34376307001 8594076768 71
REALCHAR 34603077721 8650769443 51
REALCHAR 34618149721 8654537443 51
REALCHAR 34618149721 8654537449 75
DEEP 34618149721 8654537451 83
DEEP 34709533489 8677383390 71
REALCHAR 34731963841 8682990973 51
DEEP 34734147529 8683536900 71
DEEP 34982282449 8745570633 83
REALCHAR 35318969401 8829742363 51
REALCHAR 35515839241 8878959823 51
REALCHAR 35562284521 8890571143 51
REALCHAR 35584894801 8896223713 51
DEEP 35726487889 8931621996 95
REALCHAR 36125032441 9031258123 51
REALCHAR 36377087041 9094271773 51
DEEP 36450105169 9112526310 71
REALCHAR 36464339521 9116084893 51
REALCHAR 36648782041 9162195523 51
REALCHAR 36782769241 9195692323 51
DEEP 36976958209 9244239570 71
DEEP 36983626969 9245906760 71
REALCHAR 37227933961 9306983503 51
REALCHAR 37291363561 9322840903 51
REALCHAR 37344947641 9336236923 51
REALCHAR 37778223961 9444556003 51
REALCHAR 37876870201 9469217563 51
DEEP 38365413241 9591353328 71
DEEP 38523208441 9630802128 71
DEEP 38837508649 9709377182 79
REALCHAR 38990130001 9747532513 51
DEEP 39144114409 9786028624 87
REALCHAR 39162889921 9790722493 51
DEEP 39201271201 9800317818 71
REALCHAR 39556092601 9889023163 51
SUPPORT 39620818561 9905204653 51
DEEP 39685234801 9921308719 75
REALCHAR 39799196761 9949799203 51
REALCHAR 39823922161 9955980553 51
REALCHAR 39862324681 9965581183 51
REALCHAR 39906999001 9976749763 51
REALCHAR 39940947601 9985236913 51
SUPPORT 39967438681 9991859683 51
SUPPORT 39979642921 9994910743 51
REALCHAR 40040004601 10010001163 51
REALCHAR 40157492281 10039373083 51
REALCHAR 40310129161 10077532303 51
REALCHAR 40367538121 10091884543 51
REALCHAR 40424836321 10106209093 51
REALCHAR 40496353921 10124088493 51
DEEP 40496353921 10124088498 71
REALCHAR 40501797361 10125449353 51
REALCHAR 40514794321 10128698593 51
DEEP 40524500041 10131125028 71
DEEP 40909984369 10227496110 71
REALCHAR 40919655841 10229913973 51
REALCHAR 41099525041 10274881273 51
DEEP 41099525041 10274881278 71
DEEP 41421615481 10355403888 71
REALCHAR 41781831841 10445457973 51
REALCHAR 41943126241 10485781573 51
REALCHAR 42257327401 10564331863 51
REALCHAR 42334409881 10583602483 51
DEEP 42653853841 10663463478 71
REALCHAR 42832401481 10708100383 51
SUPPORT 42848969641 10712242423 51
SUPPORT 42925187761 10731296953 51
DEEP 42925187761 10731296958 71
DEEP 43023377401 10755844368 71
DEEP 43078210561 10769552660 79
DEEP 43510950289 10877737590 71
DEEP 43883526241 10970881578 71
REALCHAR 43952014681 10988003683 51
DEEP 44133021409 11033255370 71
REALCHAR 44135888281 11033972083 51
REALCHAR 44159875321 11039968843 51
REALCHAR 44278930081 11069732533 51
DEEP 44723463409 11180865871 75
REALCHAR 45110364601 11277591163 51
DEEP 45166017961 11291504509 75
DEEP 45195081409 11298770378 103
REALCHAR 45299315881 11324828983 51
REALCHAR 45332932681 11333233183 51
DEEP 45378170161 11344542558 71
REALCHAR 45528354481 11382088633 51
REALCHAR 46089299881 11522324983 51
SUPPORT 46107084241 11526771073 51
REALCHAR 46331162641 11582790673 51
DEEP 46544770561 11636192659 75
REALCHAR 46735413481 11683853383 51
REALCHAR 46870120441 11717530123 51
REALCHAR 47110409641 11777602423 51
REALCHAR 47322558721 11830639693 51
DEEP 47322558721 11830639698 71
REALCHAR 47361809401 11840452363 51
DEEP 47747444761 11936861208 71
DEEP 47874771961 11968693008 71
DEEP 48001175161 12000293808 71
DEEP 48076210009 12019052520 71
DEEP 48354252769 12088563210 71
REALCHAR 48355572721 12088893193 51
DEEP 48361098241 12090274578 71
DEEP 48455100409 12113775120 71
DEEP 48511296289 12127824093 83
DEEP 48763421281 12190855338 71
DEEP 48935920609 12233980170 71
REALCHAR 49294248721 12323562193 51
REALCHAR 49359046801 12339761713 51
DEEP 49402109689 12350527442 79
REALCHAR 49495782961 12373945753 51
DEEP 49546326769 12386581710 71
REALCHAR 50022403201 12505600813 51
REALCHAR 50231111401 12557777863 51
DEEP 50235839809 12558959970 71
DEEP 50265649729 12566412450 71
DEEP 50269907689 12567476940 71
REALCHAR 50276082481 12569020633 51
DEEP 50537956681 12634489188 71
SUPPORT 50538983881 12634745983 51
DEEP 50606240161 12651560058 71
REALCHAR 51345578881 12836394733 51
REALCHAR 51402424441 12850606123 51
REALCHAR 51417901921 12854475493 51
DEEP 51417901921 12854475500 79
REALCHAR 51509770321 12877442593 51
DEEP 51548527801 12887131968 71
DEEP 51712752961 12928188264 95
REALCHAR 51821211121 12955302793 51
DEEP 52028346049 13007086530 71
DEEP 52045125001 13011281268 71
REALCHAR 52109499121 13027374793 51
REALCHAR 52173523921 13043380993 51
DEEP 52261543489 13065385890 71
REALCHAR 52352891761 13088222953 51
REALCHAR 52495890841 13123972723 51
SUPPORT 52507187041 13126796773 51
REALCHAR 52622615761 13155653953 51
REALCHAR 52688363641 13172090923 51
DEEP 52928743921 13232185998 71
DEEP 52984739809 13246184970 71
DEEP 53047240009 13261810020 71
REALCHAR 53070042481 13267510633 51
SUPPORT 53182136401 13295534113 51
REALCHAR 53349532681 13337383183 51
REALCHAR 53522732041 13380683023 51
DEEP 53738702161 13434675558 71
REALCHAR 53859678601 13464919663 51
DEEP 54154929481 13538732388 71
REALCHAR 54232822081 13558205533 51
REALCHAR 54237617281 13559404333 51
REALCHAR 54427291801 13606822963 51
DEEP 54618909409 13654727371 75
REALCHAR 54938671321 13734667843 51
DEEP 55284420409 13821105120 71
REALCHAR 55322726281 13830681583 51
REALCHAR 55348518481 13837129633 51
REALCHAR 55542878161 13885719553 51
DEEP 55918911409 13979727873 83
REALCHAR 55944060481 13986015133 51
DEEP 56078907361 14019726858 71
REALCHAR 56327696881 14081924233 51
DEEP 56601605449 14150401380 71
DEEP 56701796449 14175449130 71
REALCHAR 56713170361 14178292603 51
REALCHAR 56984004001 14246001013 51
REALCHAR 57117585121 14279396293 51
REALCHAR 57329590081 14332397533 51
REALCHAR 57604371841 14401092973 51
REALCHAR 57742200961 14435550253 51
DEEP 58022932969 14505733263 83
REALCHAR 58179635641 14544908923 51
DEEP 58314009601 14578502418 71
REALCHAR 58405559521 14601389893 51
REALCHAR 58468650601 14617162663 51
REALCHAR 58675860721 14668965193 51
DEEP 59257838929 14814459752 79
DEEP 59293840369 14823460110 71
DEEP 59348217889 14837054490 71
REALCHAR 59650118641 14912529673 51
DEEP 59934892081 14983723041 83
SUPPORT 60096847561 15024211903 51
REALCHAR 60302531041 15075632773 51
SUPPORT 60393726121 15098431543 51
REALCHAR 60437380441 15109345123 51
REALCHAR 60598055281 15149513833 51
REALCHAR 60624878521 15156219643 51
REALCHAR 60703533361 15175883353 51
DEEP 61113203761 15278300958 71
DEEP 61263422089 15315855544 87
REALCHAR 61467278401 15366819613 51
REALCHAR 61508585161 15377146303 51
DEEP 61638633169 15409658310 71
DEEP 61824242041 15456060528 71
REALCHAR 62004211201 15501052813 51
DEEP 62065680121 15516420048 71
DEEP 62186464201 15546616068 71
REALCHAR 62267281561 15566820403 51
DEEP 62493253729 15623313450 71
REALCHAR 63015830641 15753957673 51
DEEP 63016636489 15754159141 75
REALCHAR 63115034161 15778758553 51
REALCHAR 63180948601 15795237163 51
REALCHAR 63208590481 15802147633 51
REALCHAR 63383665801 15845916463 51
DEEP 63383665801 15845916468 71
DEEP 63468183601 15867045918 71
REALCHAR 63468648721 15867162193 51
DEEP 63472158481 15868039638 71
REALCHAR 63501632041 15875408023 51
REALCHAR 63759456121 15939864043 51
REALCHAR 63820007161 15955001803 51
DEEP 63834180601 15958545169 75
REALCHAR 64345239841 16086309973 51
REALCHAR 64529823121 16132455793 51
DEEP 64744375609 16186093922 79
DEEP 64768935169 16192233811 75
DEEP 65157870649 16289467686 95
REALCHAR 65165158969 16291289761 75
DEEP 65165158969 16291289762 79
DEEP 65285329321 16321332348 71
REALCHAR 65311701361 16327925353 51
REALCHAR 65789232961 16447308253 51
SUPPORT 65938271281 16484567833 51
REALCHAR 66054070681 16513517683 51
REALCHAR 66067264561 16516816153 51
DEEP 66240013849 16560003480 71
REALCHAR 66342174721 16585543693 51
REALCHAR 66431664601 16607916163 51
REALCHAR 66563453401 16640863363 51
REALCHAR 66614358721 16653589699 75
DEEP 66614358721 16653589700 79
DEEP 66619670209 16654917570 71
REALCHAR 66680155441 16670038873 51
REALCHAR 66713311921 16678327993 51
REALCHAR 66751009081 16687752283 51
DEEP 66779375569 16694843910 71
DEEP 66887009401 16721752368 71
REALCHAR 66913057201 16728264313 51
DEEP 67006811089 16751702790 71
REALCHAR 67165154281 16791288583 51
REALCHAR 67586487721 16896621943 51
REALCHAR 67598301241 16899575323 51
DEEP 67635386809 16908846725 91
DEEP 67680123289 16920030842 79
DEEP 67826705521 16956676398 71
DEEP 68173456849 17043364230 71
REALCHAR 68401532161 17100383053 51
REALCHAR 68555695321 17138923843 51
REALCHAR 68826804601 17206701163 51
DEEP 68859976441 17214994128 71
DEEP 68867816161 17216954058 71
REALCHAR 69108746281 17277186583 51
REALCHAR 69256047961 17314012003 51
DEEP 69256047961 17314012010 79
REALCHAR 69282650761 17320662703 51
REALCHAR 69519499921 17379874993 51
REALCHAR 69577916521 17394479143 51
DEEP 69582688561 17395672158 71
REALCHAR 69601597321 17400399343 51
DEEP 69614345161 17403586308 71
DEEP 69953509081 17488377288 71
REALCHAR 70053014641 17513253673 51
REALCHAR 70068845401 17517211363 51
SUPPORT 70148516881 17537129233 51
REALCHAR 70411083961 17602771003 51
SUPPORT 70482858601 17620714663 51
REALCHAR 70518160441 17629540123 51
DEEP 70748675089 17687168794 87
DEEP 70905089641 17726272428 71
REALCHAR 71072277721 17768069443 51
SUPPORT 71293955041 17823488773 51
REALCHAR 72314545081 18078636283 51
DEEP 72459193921 18114798499 75
REALCHAR 72910856041 18227714023 51
REALCHAR 73310460001 18327615013 51
DEEP 73632551521 18408137898 71
DEEP 74158151929 18539538003 83
REALCHAR 74845968961 18711492253 51
SUPPORT 74889592801 18722398213 51
DEEP 75164137129 18791034300 71
REALCHAR 75531391321 18882847843 51
REALCHAR 75667005241 18916751323 51
REALCHAR 75899308081 18974827033 51
REALCHAR 75919408321 18979852093 51
REALCHAR 76269878281 19067469583 51
REALCHAR 76880255761 19220063953 51
REALCHAR 77213710729 19303427701 75
DEEP 77213710729 19303427702 79
REALCHAR 77374115641 19343528923 51
REALCHAR 77448849241 19362212323 51
DEEP 77448849241 19362212328 71
DEEP 77490401041 19372600278 71
REALCHAR 77520379561 19380094903 51
DEEP 77564488849 19391122232 79
REALCHAR 77733801601 19433450413 51
SUPPORT 77771868001 19442967013 51
DEEP 78434003041 19608500778 71
DEEP 78577551649 19644387930 71
REALCHAR 78824356081 19706089033 51
DEEP 78910994761 19727748708 71
DEEP 79167527209 19791881820 71
REALCHAR 79522480801 19880620213 51
REALCHAR 79721177761 19930294453 51
SUPPORT 79736847961 19934212003 51
DEEP 79838604169 19959651060 71
REALCHAR 79851002401 19962750613 51
REALCHAR 79894520161 19973630053 51
REALCHAR 80008885441 20002221373 51
DEEP 80338933249 20084733331 75
DEEP 80400270721 20100067699 75
REALCHAR 80402186881 20100546733 51
DEEP 80561385529 20140346402 79
REALCHAR 80738503561 20184625903 51
DEEP 80868654409 20217163622 79
DEEP 81052494769 20263123710 71
REALCHAR 81174983761 20293745953 51
DEEP 81530353129 20382588300 71
SUPPORT 81836338081 20459084533 51
REALCHAR 82118323681 20529580933 51
REALCHAR 82174452721 20543613193 51
REALCHAR 82480370281 20620092583 51
DEEP 82480370281 20620092591 83
DEEP 82665771841 20666442978 71
REALCHAR 82763531761 20690882953 51
REALCHAR 83227789681 20806947433 51
SUPPORT 83260782361 20815195603 51
DEEP 83601600889 20900400240 71
REALCHAR 83648374681 20912093683 51
REALCHAR 83834522641 20958630673 51
REALCHAR 84098490841 21024622723 51
REALCHAR 84132920041 21033230023 51
REALCHAR 84153178321 21038294593 51
DEEP 84360331969 21090083010 71
DEEP 85844675401 21461168870 79
REALCHAR 85862215321 21465553843 51
REALCHAR 85868068441 21467017123 51
REALCHAR 85915247401 21478811863 51
REALCHAR 85932863041 21483215773 51
REALCHAR 86202252361 21550563103 51
REALCHAR 86928270361 21732067603 51
SUPPORT 87007619521 21751904893 51
REALCHAR 87088424641 21772106173 51
DEEP 87245968489 21811492140 71
DEEP 87485470801 21871367720 79
DEEP 87574132801 21893533218 71
REALCHAR 87630862321 21907715593 51
REALCHAR 87857540521 21964385143 51
DEEP 88174711249 22043677832 79
REALCHAR 88358274601 22089568663 51
REALCHAR 88361512801 22090378213 51
DEEP 88517185849 22129296481 75
REALCHAR 88609052401 22152263113 51
DEEP 88609052401 22152263118 71
REALCHAR 88694620921 22173655243 51
REALCHAR 88850167561 22212541903 51
REALCHAR 88923662881 22230915733 51
DEEP 88982031889 22245507990 71
REALCHAR 89026987921 22256746993 51
DEEP 89107516369 22276879110 71
DEEP 89585632249 22396408080 71
REALCHAR 89690910241 22422727573 51
DEEP 89720518801 22430129718 71
SUPPORT 90048511081 22512127783 51
DEEP 90097644289 22524411090 71
DEEP 90288105961 22572026508 71
REALCHAR 90382418281 22595604583 51
DEEP 90382418281 22595604588 71
REALCHAR 90655449889 22663862491 75
DEEP 90655449889 22663862492 79
DEEP 90696475081 22674118788 71
DEEP 91521060409 22880265122 79
DEEP 91724200129 22931050050 71
REALCHAR 91739451241 22934862823 51
DEEP 92039679601 23009919922 87
REALCHAR 92068903081 23017225783 51
REALCHAR 92118298561 23029574653 51
DEEP 92118298561 23029574659 75
DEEP 92159707201 23039926825 99
REALCHAR 92185086361 23046271603 51
REALCHAR 92277451561 23069362903 51
REALCHAR 92307095521 23076773893 51
REALCHAR 92525721961 23131430503 51
DEEP 92535046321 23133761600 79
REALCHAR 92773518601 23193379663 51
REALCHAR 93125001841 23281250473 51
DEEP 93143390209 23285847570 71
REALCHAR 93255387481 23313846883 51
DEEP 93432459121 23358114798 71
DEEP 93859762441 23464940630 79
REALCHAR 94054895281 23513723833 51
REALCHAR 94064236561 23516059159 75
DEEP 94064236561 23516059160 79
REALCHAR 94071006481 23517751633 51
REALCHAR 94807551721 23701887943 51
DEEP 94904912041 23726228028 71
REALCHAR 95284098361 23821024603 51
SUPPORT 95472497761 23868124453 51
REALCHAR 95753188441 23938297123 51
DEEP 95784140761 23946035208 71
REALCHAR 95834370241 23958592573 51
DEEP 95898421369 23974605360 71
REALCHAR 95943348601 23985837163 51
REALCHAR 96317283841 24079320973 51
DEEP 96352838761 24088209709 75
REALCHAR 96445792921 24111448243 51
REALCHAR 96478004401 24119501113 51
REALCHAR 96757852801 24189463213 51
REALCHAR 96782444641 24195611173 51
REALCHAR 96817976161 24204494053 51
DEEP 96857566129 24214391550 71
REALCHAR 98170917601 24542729413 51
DEEP 98401441681 24600360438 71
DEEP 98426110561 24606527659 75
DEEP 98574055969 24643514010 71
DEEP 98657759209 24664439825 91
DEEP 98771007241 24692751829 75
REALCHAR 99003273121 24750818293 51
DEEP 99273350089 24818337540 71
DEEP 99391843849 24847960980 71
REALCHAR 99505868401 24876467113 51
REALCHAR 99563287321 24890821843 51
REALCHAR 100182436201 25045609063 51
DEEP 100627306081 25156826538 71
DEEP 101095546561 25273886658 71
DEEP 101113212841 25278303228 71
DEEP 101176797121 25294199300 79
REALCHAR 101187517201 25296879313 51
REALCHAR 101291689801 25322922463 51
REALCHAR 101469951361 25367487853 51
DEEP 101552538649 25388134680 71
DEEP 101653493881 25413373488 71
DEEP 101715413881 25428853488 71
DEEP 101732599081 25433149788 71
DEEP 101735893081 25433973288 71
DEEP 101823256441 25455814131 83
REALCHAR 101838179881 25459544983 51
REALCHAR 102284539681 25571134933 51
DEEP 102422998441 25605749628 71
REALCHAR 102438186601 25609546663 51
REALCHAR 102507010321 25626752593 51
REALCHAR 102894552601 25723638163 51
REALCHAR 103007507521 25751876893 51
REALCHAR 103080830161 25770207553 51
DEEP 103080830161 25770207558 71
REALCHAR 103320976201 25830244063 51
DEEP 103491635809 25872908970 71
DEEP 103988181361 25997045358 71
REALCHAR 104050247401 26012561863 51
REALCHAR 104132520361 26033130103 51
REALCHAR 104274361801 26068590463 51
REALCHAR 104529830161 26132457553 51
REALCHAR 104533934761 26133483703 51
REALCHAR 104664856921 26166214243 51
DEEP 104916776449 26229194130 71
REALCHAR 105267448441 26316862123 51
REALCHAR 105270491041 26317622773 51
DEEP 105270491041 26317622778 71
DEEP 105397969609 26349492420 71
DEEP 105548923561 26387230910 79
REALCHAR 105617950201 26404487563 51
DEEP 105728578201 26432144568 71
REALCHAR 105731907121 26432976793 51
DEEP 105847853329 26461963350 71
REALCHAR 105965956321 26491489093 51
REALCHAR 106298253961 26574563503 51
REALCHAR 106322231401 26580557863 51
REALCHAR 106493604361 26623401103 51
REALCHAR 106535924401 26633981113 51
REALCHAR 106545312241 26636328073 51
REALCHAR 106739431681 26684857933 51
DEEP 106911131209 26727782820 71
REALCHAR 107002981801 26750745463 51
REALCHAR 107049487561 26762371903 51
REALCHAR 107401966681 26850491683 51
REALCHAR 107550281521 26887570393 51
DEEP 107593231321 26898307848 71
DEEP 107638057921 26909514498 71
REALCHAR 107902540201 26975635063 51
DEEP 107942763289 26985690841 75
DEEP 108228873601 27057218420 79
DEEP 108367044769 27091761210 71
REALCHAR 108626410201 27156602563 51
DEEP 108799575361 27199893860 79
REALCHAR 109014222241 27253555573 51
DEEP 109014222241 27253555578 71
REALCHAR 109140990841 27285247723 51
DEEP 109400314321 27350078598 71
REALCHAR 109657770121 27414442543 51
DEEP 109924791001 27481197768 71
DEEP 110096589409 27524147370 71
DEEP 110180002321 27545000599 75
DEEP 110251967809 27562991971 75
DEEP 110469748321 27617437098 71
DEEP 110596803529 27649200900 71
REALCHAR 110813669521 27703417393 51
DEEP 111168982369 27792245612 79
REALCHAR 111266218561 27816554653 51
REALCHAR 111360904561 27840226153 51
REALCHAR 111606274081 27901568533 51
SUPPORT 111694859641 27923714923 51
REALCHAR 111868069681 27967017433 51
REALCHAR 111983235961 27995809003 51
DEEP 112163181001 28040795268 71
REALCHAR 112307587921 28076896993 51
DEEP 112612068529 28153017150 71
DEEP 112616508601 28154127168 71
DEEP 112783900441 28195975128 71
REALCHAR 112938866041 28234716523 51
REALCHAR 113610338521 28402584643 51
REALCHAR 113721827521 28430456893 51
SUPPORT 113827056841 28456764223 51
DEEP 113845059409 28461264870 71
REALCHAR 113987702761 28496925703 51
REALCHAR 114119484361 28529871103 51
REALCHAR 114614525041 28653631273 51
DEEP 114614525041 28653631279 75
REALCHAR 114827003281 28706750833 51
REALCHAR 114981853561 28745463403 51
REALCHAR 115033656721 28758414193 51
DEEP 115033656721 28758414200 79
REALCHAR 115311147121 28827786793 51
REALCHAR 115472938681 28868234683 51
DEEP 115526750641 28881687678 71
SUPPORT 115657212841 28914303223 51
REALCHAR 115723239241 28930809823 51
DEEP 115948853329 28987213350 71
SUPPORT 116074600321 29018650093 51
REALCHAR 116123848681 29030962183 51
REALCHAR 116415793321 29103948343 51
REALCHAR 116529134401 29132283613 51
REALCHAR 116543916241 29135979073 51
SUPPORT 116791066681 29197766683 51
REALCHAR 116879374921 29219843743 51
REALCHAR 116895621361 29223905353 51
DEEP 117188062489 29297015640 71
REALCHAR 117336459601 29334114913 51
DEEP 117867972121 29466993048 71
DEEP 117933696169 29483424060 71
DEEP 118323633409 29580908370 71
DEEP 118664360929 29666090250 71
REALCHAR 119450092441 29862523123 51
SUPPORT 119789449081 29947362283 51
REALCHAR 119873948041 29968487023 51
SUPPORT 119878321081 29969580283 51
DEEP 119945383009 29986345780 111
REALCHAR 120039948961 30009987253 51
REALCHAR 120057648481 30014412133 51
REALCHAR 120109461481 30027365383 51
DEEP 120109461481 30027365392 87
DEEP 120135849289 30033962341 75
DEEP 120341254609 30085313670 71
REALCHAR 120414699001 30103674763 51
DEEP 120589709881 30147427491 83
REALCHAR 120617337481 30154334383 51
REALCHAR 120964290841 30241072723 51
DEEP 121054532041 30263633030 79
DEEP 121066453369 30266613366 95
REALCHAR 121292585761 30323146453 51
DEEP 121292585761 30323146458 71
REALCHAR 121683097561 30420774403 51
REALCHAR 121807987681 30451996933 51
DEEP 121807987681 30451996938 71
REALCHAR 122072056681 30518014183 51
REALCHAR 122132017921 30533004493 51
DEEP 122201635609 30550408920 71
REALCHAR 122238619801 30559654963 51
REALCHAR 122386771081 30596692783 51
REALCHAR 122646412561 30661603153 51
REALCHAR 122654794201 30663698563 51
REALCHAR 123010745881 30752686483 51
DEEP 123046692409 30761673120 71
REALCHAR 123432701401 30858175363 51
SUPPORT 123518095801 30879523963 51
REALCHAR 123518165761 30879541453 51
DEEP 123658047241 30914511828 71
REALCHAR 123682644121 30920661043 51
REALCHAR 123786871321 30946717843 51
REALCHAR 123800290441 30950072623 51
DEEP 123942310801 30985577719 75
REALCHAR 124553934961 31138483753 51
DEEP 124554214009 31138553521 75
REALCHAR 124797822361 31199455603 51
DEEP 124797822361 31199455608 71
DEEP 125083485409 31270871372 79
REALCHAR 125206074841 31301518723 51
DEEP 125287133689 31321783440 71
DEEP 125540408449 31385102130 71
DEEP 125976978241 31494244578 71
REALCHAR 126491048401 31622762113 51
DEEP 126491048401 31622762118 71
REALCHAR 126506732641 31626683173 51
SUPPORT 127208346721 31802086693 51
REALCHAR 127242066121 31810516543 51
DEEP 127613093689 31903273440 71
REALCHAR 127834598761 31958649703 51
DEEP 127936216489 31984054140 71
REALCHAR 128101602841 32025400723 51
REALCHAR 128191122361 32047780603 51
DEEP 128191122361 32047780608 71
DEEP 128445981049 32111495282 79
REALCHAR 128704828561 32176207153 51
REALCHAR 128866335361 32216583853 51
REALCHAR 128980491481 32245122883 51
SUPPORT 129122857081 32280714283 51
DEEP 129122857081 32280714288 71
REALCHAR 129144366961 32286091753 51
REALCHAR 129210452281 32302613083 51
DEEP 129658413481 32414603388 71
DEEP 130114467289 32528616840 71
DEEP 130836628129 32709157050 71
DEEP 130836812089 32709203040 71
REALCHAR 130876828681 32719207183 51
REALCHAR 130983213001 32745803263 51
DEEP 131134600081 32783650038 71
REALCHAR 131377887481 32844471883 51
REALCHAR 131445930841 32861482723 51
REALCHAR 131554657081 32888664283 51
REALCHAR 131927315521 32981828893 51
REALCHAR 132019329121 33004832293 51
DEEP 132019441009 33004860272 79
DEEP 132287244961 33071811261 83
DEEP 132648450169 33162112560 71
REALCHAR 133068408841 33267102223 51
REALCHAR 133565983321 33391495843 51
REALCHAR 133748805961 33437201509 75
DEEP 133748805961 33437201510 79
REALCHAR 133901759161 33475439803 51
REALCHAR 133973733721 33493433443 51
REALCHAR 134175925321 33543981343 51
DEEP 134175925321 33543981350 79
REALCHAR 134329083001 33582270763 51
DEEP 134462284609 33615571170 71
REALCHAR 134592902161 33648225553 51
SUPPORT 134800017361 33700004353 51
REALCHAR 135118084201 33779521063 51
REALCHAR 135143651161 33785912803 51
SUPPORT 135159957241 33789989323 51
REALCHAR 135293368081 33823342033 51
DEEP 135477277321 33869319348 71
REALCHAR 135979351561 33994837903 51
SUPPORT 136705212361 34176303103 51
DEEP 136740753361 34185188359 75
REALCHAR 136755910201 34188977563 51
DEEP 137332584601 34333146168 71
REALCHAR 137702743201 34425685813 51
DEEP 137743473169 34435868310 71
REALCHAR 137945063881 34486265983 51
DEEP 137945063881 34486265988 71
REALCHAR 137950976881 34487744233 51
REALCHAR 138029167201 34507291813 51
REALCHAR 138067730161 34516932553 51
DEEP 138553481089 34638370294 87
REALCHAR 139024341481 34756085383 51
DEEP 139024341481 34756085388 71
DEEP 139788180841 34947045228 71
REALCHAR 140871147481 35217786883 51
DEEP 141135992209 35283998070 71
DEEP 141144143449 35286035880 71
DEEP 141539388169 35384847060 71
REALCHAR 141696492961 35424123253 51
DEEP 141712016209 35428004071 75
REALCHAR 141870058801 35467514713 51
DEEP 141870058801 35467514718 71
REALCHAR 142567808881 35641952233 51
DEEP 142567808881 35641952242 87
REALCHAR 142615178161 35653794553 51
REALCHAR 142774632001 35693658013 51
DEEP 142790915089 35697728792 79
REALCHAR 143388394081 35847098533 51
REALCHAR 143791153801 35947788463 51
REALCHAR 143956926961 35989231753 51
DEEP 144431115481 36107778891 83
REALCHAR 144916044001 36229011013 51
REALCHAR 144925763761 36231440953 51
REALCHAR 145423880281 36355970083 51
DEEP 145783875169 36445968810 71
REALCHAR 145972318801 36493079713 51
REALCHAR 146654115841 36663528973 51
REALCHAR 146829813601 36707453413 51
DEEP 147289906201 36822476570 79
REALCHAR 147720519241 36930129823 51
REALCHAR 147724027201 36931006813 51
DEEP 147724027201 36931006820 79
REALCHAR 147931605721 36982901443 51
DEEP 147993645409 36998411370 71
REALCHAR 148028777521 37007194393 51
REALCHAR 148570127161 37142531803 51
REALCHAR 148742483761 37185620953 51
REALCHAR 149025134281 37256283583 51
REALCHAR 149430578761 37357644703 51
DEEP 149605810201 37401452570 79
REALCHAR 149825240161 37456310053 51
REALCHAR 149920437241 37480109323 51
DEEP 149920437241 37480109328 71
DEEP 150384813049 37596203280 71
SUPPORT 150426160921 37606540243 51
REALCHAR 150725789041 37681447273 51
REALCHAR 150837008401 37709252113 51
DEEP 150837008401 37709252118 71
DEEP 151059049969 37764762511 75
REALCHAR 151083936481 37770984133 51
REALCHAR 151462842001 37865710513 51
REALCHAR 151510741321 37877685343 51
REALCHAR 151525739401 37881434863 51
REALCHAR 151636317121 37909079293 51
DEEP 152784439369 38196109860 71
REALCHAR 152855047801 38213761963 51
REALCHAR 153301514521 38325378643 51
DEEP 153482512681 38370628188 71
SUPPORT 153765854761 38441463703 51
REALCHAR 154170987961 38542747003 51
REALCHAR 154910652121 38727663043 51
REALCHAR 155627954161 38906988553 51
DEEP 155634006529 38908501650 71
REALCHAR 155775717241 38943929323 51
REALCHAR 155928567001 38982141763 51
DEEP 156775977121 39193994298 71
REALCHAR 156799691161 39199922803 51
REALCHAR 156818068801 39204517213 51
DEEP 156818068801 39204517218 71
REALCHAR 157164369961 39291092503 51
DEEP 157359046849 39339761731 75
DEEP 158024143369 39506035860 71
DEEP 158231653969 39557913512 79
REALCHAR 158249593681 39562398433 51
REALCHAR 158731613041 39682903273 51
REALCHAR 158770328161 39692582053 51
REALCHAR 158914121521 39728530393 51
REALCHAR 159580839721 39895209943 51
DEEP 159733957321 39933489348 71
SUPPORT 159755941801 39938985463 51
REALCHAR 159772425121 39943106293 51
REALCHAR 160128939961 40032235003 51
REALCHAR 160230820201 40057705063 51
REALCHAR 160327305121 40081826293 51
DEEP 160752781729 40188195450 71
REALCHAR 160789536961 40197384253 51
REALCHAR 161046048601 40261512163 51
REALCHAR 161256265921 40314066493 51
DEEP 161624168161 40406042058 71
DEEP 161629032049 40407258034 87
REALCHAR 161836279201 40459069813 51
DEEP 161847793969 40461948510 71
REALCHAR 161905653361 40476413353 51
DEEP 162617664889 40654416240 71
DEEP 162749862529 40687465650 71
REALCHAR 162940801321 40735200343 51
REALCHAR 163043171041 40760792773 51
REALCHAR 163307367721 40826841943 51
REALCHAR 163539128041 40884782023 51
REALCHAR 163639891801 40909972963 51
DEEP 163705279609 40926319920 71
DEEP 163891897129 40972974304 87
REALCHAR 164446159081 41111539783 51
REALCHAR 164477019001 41119254763 51
DEEP 164477019001 41119254768 71
SUPPORT 164649146041 41162286523 51
REALCHAR 164815940041 41203985023 51
REALCHAR 165459893041 41364973273 51
REALCHAR 165546301561 41386575403 51
DEEP 165596719201 41399179820 79
REALCHAR 165690870601 41422717663 51
REALCHAR 165765480241 41441370073 51
DEEP 165765480241 41441370078 71
DEEP 165948599881 41487149990 79
DEEP 166145296249 41536324084 87
REALCHAR 166710990601 41677747663 51
DEEP 166750136569 41687534161 75
DEEP 166953809929 41738452503 83
DEEP 166973277241 41743319328 71
DEEP 167044004689 41761001194 87
SUPPORT 167053719121 41763429793 51
REALCHAR 167301842761 41825460703 51
REALCHAR 167322584641 41830646173 51
REALCHAR 167336134681 41834033683 51
DEEP 167460249961 41865062508 71
DEEP 167768906449 41942226632 79
REALCHAR 168004349881 42001087483 51
DEEP 168089255161 42022313812 87
REALCHAR 168225482881 42056370733 51
DEEP 168500148961 42125037258 71
DEEP 168790044721 42197511198 71
DEEP 169011849241 42252962328 71
SUPPORT 169044783961 42261196003 51
REALCHAR 169238583361 42309645853 51
REALCHAR 169339753801 42334938463 51
REALCHAR 169528465681 42382116433 51
REALCHAR 169696230001 42424057513 51
DEEP 169773470689 42443367690 71
REALCHAR 169876228201 42469057063 51
DEEP 169876228201 42469057070 79
REALCHAR 169964646601 42491161663 51
DEEP 170003136241 42500784078 71
DEEP 170230867921 42557717007 107
DEEP 170339049721 42584762448 71
REALCHAR 170529338281 42632334583 51
REALCHAR 170662091161 42665522803 51
DEEP 170662091161 42665522808 71
REALCHAR 170913160441 42728290123 51
REALCHAR 170931590281 42732897583 51
DEEP 171046563601 42761640918 71
DEEP 171219528481 42804882138 71
DEEP 171258990841 42814747728 71
DEEP 171511997281 42877999342 87
REALCHAR 171842554321 42960638593 51
REALCHAR 172567552921 43141888243 51
REALCHAR 172579319641 43144829923 51
DEEP 172712385169 43178096310 71
REALCHAR 172844549641 43211137423 51
REALCHAR 173735835001 43433958763 51
REALCHAR 173747200201 43436800063 51
REALCHAR 173811821401 43452955363 51
DEEP 174151094569 43537773660 71
REALCHAR 174279315961 43569829003 51
REALCHAR 174416721361 43604180353 51
SUPPORT 174467406961 43616851753 51
DEEP 174964868521 43741217148 71
REALCHAR 175087856161 43771964053 51
REALCHAR 175138462321 43784615593 51
SUPPORT 175689979921 43922494993 51
SUPPORT 175720426561 43930106653 51
REALCHAR 175892797081 43973199283 51
DEEP 175892797081 43973199289 75
DEEP 175934210761 43983552708 71
REALCHAR 175986722521 43996680643 51
REALCHAR 175990920121 43997730043 51
DEEP 175990920121 43997730048 71
DEEP 176243187121 44060796798 71
REALCHAR 176491944841 44122986223 51
DEEP 176529553201 44132388320 79
REALCHAR 176922146041 44230536523 51
REALCHAR 177206550361 44301637603 51
DEEP 177712413649 44428103433 83
REALCHAR 177946991401 44486747863 51
DEEP 178241219641 44560304929 75
REALCHAR 178310004601 44577501163 51
REALCHAR 179309784721 44827446193 51
DEEP 179626451449 44906612881 75
DEEP 180076784281 45019196088 71
REALCHAR 180704036881 45176009233 51
REALCHAR 180982366321 45245591593 51
REALCHAR 181063247401 45265811869 75
DEEP 181063247401 45265811873 91
REALCHAR 181176708241 45294177073 51
REALCHAR 181436714761 45359178703 51
DEEP 181473764761 45368441210 79
REALCHAR 181582704601 45395676163 51
REALCHAR 182039786041 45509946523 51
REALCHAR 182128578241 45532144573 51
REALCHAR 182370407041 45592601773 51
REALCHAR 182370407041 45592601779 75
DEEP 182370407041 45592601780 79
REALCHAR 182458614361 45614653603 51
DEEP 182515844449 45628961130 71
REALCHAR 182835567121 45708891793 51
REALCHAR 183404795401 45851198863 51
DEEP 183438281569 45859570410 71
REALCHAR 183617484961 45904371253 51
DEEP 183617484961 45904371261 83
REALCHAR 184739291881 46184822983 51
REALCHAR 184859311081 46214827783 51
DEEP 185787407569 46446851913 83
REALCHAR 185925034681 46481258683 51
REALCHAR 185975220601 46493805163 51
REALCHAR 186259161001 46564790263 51
REALCHAR 186385410481 46596352633 51
DEEP 186444345649 46611086433 83
REALCHAR 186635632681 46658908183 51
DEEP 186769660009 46692415023 83
REALCHAR 186831085081 46707771283 51
DEEP 187428802201 46857200569 75
DEEP 187693526329 46923381600 71
DEEP 187697068441 46924267129 75
REALCHAR 187771537801 46942884463 51
REALCHAR 188358923041 47089730773 51
DEEP 188955357361 47238839358 71
DEEP 189043296649 47260824180 71
REALCHAR 189643091401 47410772863 51
REALCHAR 189751887361 47437971853 51
DEEP 190192441321 47548110351 83
DEEP 190268376841 47567094228 71
REALCHAR 190397712961 47599428253 51
REALCHAR 190465144321 47616286093 51
DEEP 190512620929 47628155250 71
DEEP 190645576969 47661394260 71
DEEP 191499676369 47874919110 71
REALCHAR 192612016801 48153004213 51
REALCHAR 192826873201 48206718313 51
DEEP 192826873201 48206718318 71
DEEP 193100920609 48275230170 71
DEEP 193170611089 48292652790 71
REALCHAR 193253927161 48313481803 51
DEEP 193339990321 48334997598 71
REALCHAR 193459255441 48364813873 51
REALCHAR 193768117321 48442029343 51
REALCHAR 193780797961 48445199503 51
DEEP 193781245681 48445311440 79
REALCHAR 193927744921 48481936243 51
DEEP 194373076921 48593269248 71
REALCHAR 195510008521 48877502143 51
REALCHAR 195523037161 48880759303 51
DEEP 195604367401 48901091870 79
DEEP 195656429929 48914107500 71
REALCHAR 195656629081 48914157283 51
REALCHAR 195699777001 48924944263 51
DEEP 195957871201 48989467818 71
REALCHAR 196115623201 49028905819 75
DEEP 196115623201 49028905821 83
DEEP 196353708769 49088427210 71
REALCHAR 196374134881 49093533733 51
REALCHAR 196586866921 49146716743 51
DEEP 196586866921 49146716749 75
REALCHAR 197259008521 49314752143 51
DEEP 197259008521 49314752148 71
REALCHAR 197328075961 49332019003 51
REALCHAR 197408036281 49352009083 51
REALCHAR 197477629801 49369407463 51
DEEP 197625710881 49406427740 79
SUPPORT 197679188281 49419797083 51
REALCHAR 197890001761 49472500453 51
DEEP 197904059809 49476014970 71
DEEP 198244819081 49561204788 71
REALCHAR 198531503041 49632875773 51
REALCHAR 198883358521 49720839643 51
REALCHAR 199043579641 49760894923 51
REALCHAR 199131889441 49782972373 51
DEEP 199671283249 49917820832 79
DEEP 200164882369 50041220612 79
REALCHAR 200322960601 50080740163 51
REALCHAR 200369121241 50092280323 51
DEEP 200440069561 50110017408 71
REALCHAR 200587788241 50146947073 51
DEEP 200662865209 50165716320 71
REALCHAR 200696878321 50174219593 51
DEEP 200785991641 50196497930 79
REALCHAR 200863606441 50215901629 75
DEEP 200863606441 50215901632 87
DEEP 201046679089 50261669790 71
REALCHAR 201180851041 50295212773 51
REALCHAR 201222762841 50305690723 51
REALCHAR 201247848481 50311962133 51
SUPPORT 201495446881 50373861733 51
DEEP 201564384961 50391096260 79
REALCHAR 201584907241 50396226823 51
DEEP 201998959009 50499739770 71
REALCHAR 202700957281 50675239333 51
REALCHAR 202727525641 50681881423 51
REALCHAR 203103785641 50775946423 51
REALCHAR 203131642081 50782910533 51
REALCHAR 203156692561 50789173153 51
REALCHAR 203193292201 50798323063 51
REALCHAR 203214868921 50803717243 51
REALCHAR 203246071081 50811517783 51
REALCHAR 203359393561 50839848403 51
SUPPORT 203467289041 50866822273 51
DEEP 203467289041 50866822279 75
REALCHAR 204078879601 51019719913 51
DEEP 204090646321 51022661598 71
SUPPORT 204279112801 51069778213 51
DEEP 204362326249 51090581583 83
REALCHAR 204502211761 51125552953 51
DEEP 205051099969 51262775010 71
REALCHAR 205212869761 51303217453 51
DEEP 205227422761 51306855710 79
REALCHAR 205234960681 51308740183 51
REALCHAR 205527273961 51381818503 51
REALCHAR 205558209481 51389552383 51
DEEP 206022617329 51505654350 71
SUPPORT 206198964721 51549741193 51
REALCHAR 206929985161 51732496303 51
DEEP 207625415089 51906353790 71
REALCHAR 207659564641 51914891173 51
REALCHAR 207858411601 51964602913 51
DEEP 207859808641 51964952178 71
REALCHAR 207927886321 51981971593 51
DEEP 207998164201 51999541068 71
REALCHAR 208311429481 52077857383 51
REALCHAR 208414976641 52103744173 51
REALCHAR 208478848561 52119712153 51
DEEP 209502341161 52375585308 71
REALCHAR 209631385681 52407846433 51
REALCHAR 210008534761 52502133703 51
REALCHAR 210641599921 52660399993 51
REALCHAR 210792724921 52698181243 51
DEEP 211547247409 52886811870 71
REALCHAR 211691320681 52922830183 51
DEEP 212356932841 53089233230 79
REALCHAR 212402180761 53100545203 51
DEEP 212599019161 53149754808 71
REALCHAR 212755794001 53188948513 51
REALCHAR 212847080161 53211770053 51
REALCHAR 212986185721 53246546443 51
REALCHAR 213072643081 53268160783 51
REALCHAR 213906525361 53476631353 51
DEEP 213906525361 53476631358 71
DEEP 214133970241 53533492578 71
REALCHAR 214385699641 53596424923 51
REALCHAR 214700159521 53675039893 51
DEEP 214966602841 53741650729 75
REALCHAR 215328404041 53832101023 51
REALCHAR 215416040401 53854010113 51
DEEP 216076828969 54019207262 79
SUPPORT 216475634281 54118908583 51
SUPPORT 216655196521 54163799143 51
REALCHAR 217132467841 54283116973 51
DEEP 217247849809 54311962470 71
REALCHAR 217459171801 54364792963 51
REALCHAR 217568126161 54392031553 51
REALCHAR 218227121641 54556780423 51
REALCHAR 218387213641 54596803423 51
DEEP 218500202209 54625050570 71
REALCHAR 218738210161 54684552553 51
REALCHAR 218788732801 54697183213 51
REALCHAR 218838470761 54709617703 51
REALCHAR 218911945561 54727986403 51
REALCHAR 218941031521 54735257893 51
REALCHAR 219083850241 54770962573 51
DEEP 219350837161 54837709308 71
REALCHAR 219653419441 54913354873 51
DEEP 220049697169 55012424310 71
REALCHAR 220144325041 55036081273 51
REALCHAR 220645016881 55161254233 51
REALCHAR 220738808761 55184702203 51
REALCHAR 220832852881 55208213233 51
DEEP 221014482649 55253620680 71
REALCHAR 221109522481 55277380633 51
DEEP 221237744641 55309436178 71
DEEP 221483862601 55370965668 71
DEEP 221628183001 55407045768 71
DEEP 221726915089 55431728790 71
REALCHAR 221727365161 55431841303 51
REALCHAR 221757300769 55439325211 75
DEEP 221757300769 55439325212 79
REALCHAR 222007248961 55501812253 51
DEEP 222007248961 55501812258 71
REALCHAR 223066909081 55766727283 51
REALCHAR 223119929041 55779982273 51
REALCHAR 223378331401 55844582863 51
REALCHAR 223791480721 55947870193 51
REALCHAR 223873768561 55968442153 51
REALCHAR 223968924001 55992231013 51
REALCHAR 224107272841 56026818223 51
DEEP 224393071081 56098267788 71
DEEP 225050681881 56262670491 83
REALCHAR 225563913481 56390978383 51
DEEP 225643332721 56410833198 71
REALCHAR 226366583881 56591645983 51
REALCHAR 226417642441 56604410623 51
REALCHAR 226651992121 56662998043 51
DEEP 226651992121 56662998049 75
REALCHAR 226858326601 56714581663 51
REALCHAR 227659383961 56914846003 51
REALCHAR 228057021721 57014255443 51
REALCHAR 228349513681 57087378433 51
DEEP 228349513681 57087378439 75
REALCHAR 228584332201 57146083063 51
REALCHAR 228941993641 57235498423 51
REALCHAR 229137114361 57284278603 51
SUPPORT 229658979001 57414744763 51
REALCHAR 229748643721 57437160943 51
DEEP 229748643721 57437160948 71
DEEP 229793143969 57448286010 71
DEEP 229825161721 57456290448 71
REALCHAR 230189683201 57547420813 51
REALCHAR 230206295881 57551573983 51
REALCHAR 230304953761 57576238453 51
REALCHAR 230349597241 57587399323 51
DEEP 230567973409 57641993370 71
REALCHAR 230569604281 57642401083 51
REALCHAR 230728509001 57682127263 51
REALCHAR 230850291961 57712573003 51
REALCHAR 231240481081 57810120283 51
REALCHAR 231247235521 57811808893 51
REALCHAR 231463556041 57865889023 51
REALCHAR 232645218961 58161304753 51
REALCHAR 233076236761 58269059203 51
DEEP 233358682561 58339670658 71
REALCHAR 234376020841 58594005223 51
REALCHAR 234716748841 58679187223 51
REALCHAR 235075559161 58768889803 51
DEEP 235662195409 58915548870 71
REALCHAR 236190459961 59047615003 51
REALCHAR 236219295601 59054823913 51
DEEP 236373728761 59093432209 75
REALCHAR 236762702401 59190675613 51
SUPPORT 236876427841 59219106973 51
REALCHAR 237120592801 59280148219 75
DEEP 237120592801 59280148225 99
DEEP 237537987241 59384496828 71
REALCHAR 237573921601 59393480413 51
REALCHAR 238056384721 59514096193 51
DEEP 238271338369 59567834612 79
REALCHAR 238389703561 59597425903 51
DEEP 238389703561 59597425911 83
DEEP 238462634089 59615658544 87
REALCHAR 239150842681 59787710683 51
REALCHAR 239381159161 59845289803 51
DEEP 239545321129 59886330302 79
DEEP 239647688641 59911922178 71
DEEP 239944920121 59986230048 71
REALCHAR 240474474241 60118618573 51
DEEP 240623408041 60155852028 71
REALCHAR 241054944001 60263736013 51
DEEP 241379733169 60344933312 79
REALCHAR 241573233841 60393308473 51
REALCHAR 241892916721 60473229193 51
REALCHAR 241892916721 60473229199 75
DEEP 241892916721 60473229200 79
SUPPORT 241959128401 60489782113 51
REALCHAR 241964842681 60491210683 51
REALCHAR 242036006521 60509001643 51
REALCHAR 242421235681 60605308933 51
REALCHAR 242589912601 60647478163 51
DEEP 242871931129 60717982801 75
REALCHAR 243183061801 60795765463 51
REALCHAR 243183115081 60795778783 51
REALCHAR 243288372721 60822093193 51
DEEP 243535545289 60883886340 71
REALCHAR 243836253049 60959063281 75
DEEP 243836253049 60959063282 79
DEEP 244171572649 61042893180 71
DEEP 244212345001 61053086268 71
REALCHAR 244467004681 61116751183 51
DEEP 244614465001 61153616268 71
REALCHAR 245025978961 61256494759 75
DEEP 245025978961 61256494760 79
DEEP 245491188721 61372797199 75
REALCHAR 245714901721 61428725443 51
REALCHAR 246599939881 61649984983 51
REALCHAR 246640280041 61660070023 51
REALCHAR 246646775761 61661693953 51
REALCHAR 246704481241 61676120323 51
REALCHAR 247188527881 61797131983 51
DEEP 247292714761 61823178708 71
REALCHAR 247694360761 61923590203 51
REALCHAR 247749782641 61937445673 51
REALCHAR 247823196721 61955799193 51
REALCHAR 248642415961 62160604003 51
REALCHAR 248672535721 62168133943 51
REALCHAR 248903886841 62225971723 51
DEEP 249057475969 62264369011 75
SUPPORT 249303373201 62325843313 51
DEEP 249303373201 62325843318 71
DEEP 249308580481 62327145138 71
REALCHAR 249470227561 62367556903 51
DEEP 249548153089 62387038290 71
REALCHAR 250124793361 62531198353 51
REALCHAR 250137946081 62534486533 51
DEEP 250192627441 62548156879 75
DEEP 250418368201 62604592068 71
REALCHAR 250543457761 62635864453 51
DEEP 250543457761 62635864458 71
REALCHAR 250887902281 62721975583 51
DEEP 251159644129 62789911050 71
DEEP 251346485329 62836621350 71
DEEP 251970646321 62992661598 71
DEEP 252425131729 63106282950 71
REALCHAR 252654206401 63163551613 51
REALCHAR 252939798721 63234949693 51
REALCHAR 253017428161 63254357053 51
DEEP 253177213969 63294303512 79
REALCHAR 253473329041 63368332273 51
REALCHAR 253773943921 63443485993 51
SUPPORT 253966408921 63491602243 51
REALCHAR 254134866001 63533716513 51
SUPPORT 254182973641 63545743423 51
DEEP 254605545769 63651386460 71
REALCHAR 254605639201 63651409813 51
DEEP 254605639201 63651409818 71
SUPPORT 255329725561 63832431403 51
DEEP 255329725561 63832431410 79
REALCHAR 255331943161 63832985803 51
DEEP 255883540441 63970885131 83
REALCHAR 255911496481 63977874133 51
DEEP 255986928289 63996732094 87
DEEP 256010827081 64002706788 71
REALCHAR 256027122121 64006780543 51
REALCHAR 256276937401 64069234363 51
DEEP 256698806809 64174701720 71
SUPPORT 256956076441 64239019123 51
REALCHAR 257843969881 64460992483 51
REALCHAR 257852595001 64463148763 51
DEEP 257852595001 64463148768 71
DEEP 258035656321 64508914098 71
REALCHAR 258069040681 64517260183 51
DEEP 258069040681 64517260188 71
REALCHAR 258907084921 64726771243 51
DEEP 259538484241 64884621080 79
DEEP 259754889241 64938722328 71
REALCHAR 259830317041 64957579273 51
REALCHAR 260003517601 65000879413 51
REALCHAR 260257500721 65064375193 51
REALCHAR 260774962681 65193740683 51
DEEP 260793923569 65198480912 79
REALCHAR 261254706241 65313676573 51
DEEP 261254706241 65313676578 71
SUPPORT 261285052081 65321263033 51
REALCHAR 261624428521 65406107143 51
DEEP 261630705961 65407676508 71
DEEP 261808315729 65452078950 71
DEEP 262260117289 65565029340 71
REALCHAR 262338286681 65584571683 51
REALCHAR 262586404441 65646601123 51
DEEP 262953868321 65738467098 71
REALCHAR 263063418601 65765854663 51
REALCHAR 263286847321 65821711843 51
DEEP 263716726729 65929181700 71
SUPPORT 263939646961 65984911753 51
DEEP 263939646961 65984911760 79
REALCHAR 264208968241 66052242073 51
DEEP 264208968241 66052242080 79
REALCHAR 264469154161 66117288553 51
REALCHAR 265109330641 66277332673 51
REALCHAR 265305153481 66326288383 51
REALCHAR 265562275801 66390568963 51
REALCHAR 266556758521 66639189643 51
REALCHAR 266683891321 66670972843 51
REALCHAR 267118775401 66779693863 51
REALCHAR 267267793321 66816948343 51
REALCHAR 267271140361 66817785103 51
REALCHAR 267539553961 66884888503 51
SUPPORT 267661786681 66915446683 51
REALCHAR 268282308121 67070577043 51
DEEP 268282308121 67070577049 75
REALCHAR 268531504081 67132876033 51
REALCHAR 268754467921 67188616993 51
REALCHAR 268991368801 67247842213 51
REALCHAR 269234587561 67308646903 51
REALCHAR 269280343081 67320085783 51
REALCHAR 269502225841 67375556473 51
REALCHAR 269646744481 67411686143 91
DEEP 269646744481 67411686147 107
REALCHAR 269835563761 67458890953 51
DEEP 269958835441 67489708878 71
DEEP 270235095001 67558773770 79
REALCHAR 270441062761 67610265703 51
REALCHAR 270634244521 67658561143 51
REALCHAR 270671805121 67667951293 51
REALCHAR 270886357681 67721589433 51
SUPPORT 270894479881 67723619983 51
REALCHAR 271394628961 67848657253 51
REALCHAR 271517875561 67879468903 51
REALCHAR 272436402001 68109100513 51
DEEP 272436402001 68109100518 71
REALCHAR 273427187881 68356796983 51
DEEP 273466370641 68366592678 71
DEEP 273483035401 68370758870 79
DEEP 273732482521 68433120648 71
SUPPORT 273793752961 68448438253 51
REALCHAR 273873157321 68468289343 51
REALCHAR 273993371521 68498342893 51
REALCHAR 274716231001 68679057763 51
REALCHAR 275212923241 68803230823 51
REALCHAR 275379064321 68844766093 51
REALCHAR 275549919241 68887479823 51
DEEP 276088135801 69022033968 71
REALCHAR 276312940201 69078235063 51
DEEP 276312940201 69078235070 79
REALCHAR 276479454241 69119863573 51
DEEP 276625942609 69156485670 71
REALCHAR 276722570881 69180642733 51
DEEP 276722570881 69180642738 71
SUPPORT 277044775921 69261193993 51
REALCHAR 277349420401 69337355113 51
SUPPORT 277485045601 69371261413 51
REALCHAR 277533204001 69383301013 51
DEEP 278500474849 69625118730 71
REALCHAR 278659541161 69664885303 51
DEEP 278714250049 69678562530 71
REALCHAR 278724752881 69681188233 51
REALCHAR 278900973121 69725243293 51
REALCHAR 279069395641 69767348923 51
DEEP 279273848569 69818462160 71
REALCHAR 280425803641 70106450923 51
REALCHAR 280877127001 70219281763 51
DEEP 281030180209 70257545070 71
REALCHAR 281355763441 70338940873 51
REALCHAR 281484348601 70371087163 51
DEEP 281484348601 70371087168 71
REALCHAR 281537288761 70384322203 51
DEEP 281850283969 70462571010 71
REALCHAR 282145215361 70536303853 51
DEEP 282145215361 70536303858 71
SUPPORT 282341340121 70585335043 51
SUPPORT 283145084401 70786271113 51
REALCHAR 283688463361 70922115853 51
REALCHAR 283746728281 70936682083 51
REALCHAR 283826497249 70956624331 75
DEEP 283826497249 70956624333 83
DEEP 283990189081 70997547292 87
REALCHAR 284377050721 71094262699 75
DEEP 284377050721 71094262700 79
REALCHAR 284459140681 71114785183 51
REALCHAR 284575145761 71143786453 51
REALCHAR 284705992561 71176498153 51
REALCHAR 284900984281 71225246083 51
SUPPORT 285033441001 71258360263 51
REALCHAR 285116494441 71279123623 51
REALCHAR 285227938921 71306984743 51
REALCHAR 285305619481 71326404883 51
DEEP 285422466289 71355616590 71
SUPPORT 285828175441 71457043873 51
DEEP 286207125649 71551781431 75
REALCHAR 286285038601 71571259663 51
REALCHAR 287676403921 71919100993 51
REALCHAR 287802835321 71950708843 51
REALCHAR 289323156721 72330789193 51
REALCHAR 289437152761 72359288203 51
REALCHAR 289842419161 72460604803 51
DEEP 289871888329 72467972100 71
DEEP 290087277481 72521819388 71
REALCHAR 290778164041 72694541023 51
REALCHAR 290782671001 72695667763 51
SUPPORT 291479469121 72869867293 51
REALCHAR 291540254041 72885063523 51
REALCHAR 291983353561 72995838403 51
DEEP 292614128689 73153532190 71
REALCHAR 292814872561 73203718153 51
DEEP 293085457681 73271364441 83
DEEP 293505583849 73376395980 71
DEEP 294056756569 73514189160 71
REALCHAR 294964171681 73741042933 51
DEEP 295312145881 73828036488 71
REALCHAR 295360308721 73840077193 51
REALCHAR 295428067321 73857016843 51
REALCHAR 295661169241 73915292323 51
REALCHAR 295803824761 73950956203 51
DEEP 295892296561 73973074158 71
REALCHAR 295942122961 73985530753 51
REALCHAR 295979036161 73994759053 51
DEEP 296541584641 74135396178 71
DEEP 296911854409 74227963623 83
DEEP 296927540641 74231885178 71
REALCHAR 297297462361 74324365603 51
DEEP 297368209609 74342052421 75
REALCHAR 297682479481 74420619883 51
REALCHAR 298518323401 74629580863 51
REALCHAR 298625405521 74656351393 51
SUPPORT 298675859161 74668964803 51
REALCHAR 298924560841 74731140223 51
REALCHAR 300045609361 75011402353 51
REALCHAR 300088866841 75022216723 51
REALCHAR 300382162441 75095540623 51
REALCHAR 300867327601 75216831913 51
DEEP 301049898601 75262474668 71
REALCHAR 301284793681 75321198433 51
DEEP 301580130289 75395032590 71
REALCHAR 301777585321 75444396343 51
DEEP 301777585321 75444396348 71
REALCHAR 301783953241 75445988323 51
REALCHAR 302062456081 75515614033 51
DEEP 302062456081 75515614038 71
REALCHAR 302147011321 75536752843 51
REALCHAR 302176953961 75544238503 51
REALCHAR 302582266561 75645566653 51
REALCHAR 302650527481 75662631883 51
DEEP 302809551529 75702387900 71
DEEP 303036924961 75759231258 71
REALCHAR 303238689121 75809672293 51
REALCHAR 303305905081 75826476283 51
DEEP 303475107049 75868776783 83
DEEP 303638404969 75909601264 87
DEEP 304058323969 76014581010 71
REALCHAR 304067408401 76016852113 51
REALCHAR 304067836921 76016959243 51
DEEP 304767141121 76191785298 71
DEEP 304811185561 76202796408 71
SUPPORT 306204529801 76551132463 51
DEEP 306386735209 76596683821 75
REALCHAR 306522872881 76630718233 51
SUPPORT 307210434001 76802608513 51
DEEP 307255761121 76813940298 71
REALCHAR 307609292761 76902323203 51
SUPPORT 307744936801 76936234213 51
REALCHAR 307825729201 76956432313 51
DEEP 307951484569 76987871162 79
REALCHAR 308305955281 77076488833 51
REALCHAR 308510465041 77127616273 51
DEEP 308510465041 77127616278 71
REALCHAR 308574104281 77143526083 51
REALCHAR 308923468681 77230867183 51
DEEP 309114411841 77278602978 71
SUPPORT 309602984161 77400746053 51
REALCHAR 309811243921 77452810993 51
REALCHAR 309951817081 77487954283 51
DEEP 309996141841 77499035478 71
DEEP 310675126969 77668781760 71
DEEP 310709398561 77677349664 95
REALCHAR 310730115721 77682528943 51
REALCHAR 310910136601 77727534163 51
DEEP 311420569321 77855142348 71
REALCHAR 311538477721 77884619443 51
REALCHAR 311577760321 77894440093 51
REALCHAR 311688780841 77922195223 51
REALCHAR 311848856881 77962214233 51
SUPPORT 312109948921 78027487243 51
REALCHAR 312766479481 78191619883 51
DEEP 312766479481 78191619888 71
SUPPORT 312888404761 78222101203 51
REALCHAR 313088294401 78272073613 51
DEEP 313088294401 78272073618 71
DEEP 313177873849 78294468482 79
SUPPORT 313785002521 78446250643 51
REALCHAR 313809014401 78452253613 51
REALCHAR 313855681441 78463920373 51
REALCHAR 314215836841 78553959223 51
SUPPORT 314298062521 78574515643 51
DEEP 314404775161 78601193808 71
REALCHAR 314786555521 78696638893 51
SUPPORT 314901389401 78725347363 51
REALCHAR 315394070161 78848517553 51
REALCHAR 315783061441 78945765373 51
REALCHAR 316681125601 79170281413 51
DEEP 316760361241 79190090330 79
REALCHAR 316771357081 79192839283 51
DEEP 317619720889 79404930240 71
REALCHAR 317868019921 79467004993 51
REALCHAR 318308463001 79577115763 51
REALCHAR 318509563681 79627390933 51
DEEP 318577419889 79644354990 71
REALCHAR 318588733681 79647183433 51
DEEP 318588733681 79647183438 71
DEEP 318910989049 79727747282 79
DEEP 318934168921 79733542248 71
DEEP 319125356449 79781339130 71
DEEP 319183698289 79795924590 71
REALCHAR 319579292761 79894823203 51
REALCHAR 319813017241 79953254323 51
DEEP 319813017241 79953254332 87
DEEP 319838413801 79959603469 75
REALCHAR 320007584521 80001896143 51
REALCHAR 320630022001 80157505513 51
SUPPORT 321201678121 80300419543 51
REALCHAR 321595874161 80398968553 51
REALCHAR 322101365041 80525341273 51
REALCHAR 323145502681 80786375683 51
REALCHAR 323351227081 80837806783 51
DEEP 323864452129 80966113050 71
REALCHAR 324127687321 81031921843 51
SUPPORT 324311821681 81077955433 51
REALCHAR 325027194361 81256798603 51
DEEP 325027194361 81256798608 71
REALCHAR 325568599801 81392149963 51
REALCHAR 325792728361 81448182103 51
REALCHAR 326775056521 81693764143 51
REALCHAR 326951232841 81737808223 51
REALCHAR 327269494561 81817373653 51
DEEP 327478471321 81869617850 79
DEEP 327595046689 81898761690 71
REALCHAR 328158228841 82039557223 51
DEEP 328523398921 82130849748 71
REALCHAR 328604326801 82151081713 51
REALCHAR 328669710121 82167427543 51
DEEP 329200791529 82300197900 71
REALCHAR 329471248681 82367812183 51
REALCHAR 329530537561 82382634403 51
REALCHAR 329556198721 82389049693 51
REALCHAR 329897939281 82474484833 51
REALCHAR 329958043321 82489510843 51
DEEP 330329953321 82582488351 83
DEEP 332094590689 83023647692 79
SUPPORT 332338613161 83084653303 51
REALCHAR 332487904681 83121976183 51
DEEP 332557461289 83139365340 71
DEEP 332743322521 83185830651 83
REALCHAR 332755945201 83188986313 51
REALCHAR 333079372609 83269843171 75
DEEP 333079372609 83269843172 79
REALCHAR 333262786081 83315696533 51
REALCHAR 333441186961 83360296753 51
DEEP 333569867401 83392466868 71
DEEP 333629746129 83407436550 71
DEEP 334679483161 83669870808 71
DEEP 334763287681 83690821938 71
REALCHAR 334910729521 83727682393 51
DEEP 335245745641 83811436428 71
REALCHAR 335264060881 83816015233 51
DEEP 335632723969 83908181012 79
REALCHAR 335953445881 83988361483 51
REALCHAR 336057584041 84014396023 51
REALCHAR 336075918481 84018979633 51
DEEP 337057495009 84264373770 71
REALCHAR 337814589121 84453647293 51
REALCHAR 337927591681 84481897933 51
REALCHAR 337933194481 84483298633 51
REALCHAR 338966990041 84741747523 51
REALCHAR 339730580401 84932645113 51
REALCHAR 339779392681 84944848183 51
REALCHAR 340552989001 85138247263 51
REALCHAR 340719697081 85179924283 51
DEEP 341206532209 85301633074 87
REALCHAR 341394857281 85348714333 51
REALCHAR 342112404841 85528101223 51
DEEP 342326309329 85581577350 71
DEEP 343114454929 85778613750 71
REALCHAR 343392948721 85848237193 51
DEEP 344031008161 86007752058 71
REALCHAR 344340860161 86085215053 51
DEEP 344340860161 86085215058 71
REALCHAR 344777553121 86194388293 51
REALCHAR 344898872761 86224718203 51
REALCHAR 345351497401 86337874363 51
DEEP 345351497401 86337874368 71
REALCHAR 345752447881 86438111983 51
REALCHAR 345880033801 86470008463 51
REALCHAR 345910861321 86477715343 51
DEEP 345910861321 86477715349 75
DEEP 346045435129 86511358801 75
REALCHAR 347122935721 86780733943 51
REALCHAR 347739065521 86934766393 51
REALCHAR 348153949441 87038487373 51
DEEP 348432492409 87108123124 87
DEEP 348647638249 87161909580 71
DEEP 348709684801 87177421218 71
DEEP 348721694689 87180423690 71
REALCHAR 348887275801 87221818963 51
DEEP 349190833489 87297708390 71
DEEP 349263148441 87315787128 71
REALCHAR 349290684961 87322671253 51
DEEP 349513417009 87378354271 75
DEEP 349537282249 87384320580 71
REALCHAR 349948822441 87487205623 51
REALCHAR 349996559641 87499139923 51
REALCHAR 350859422761 87714855703 51
SUPPORT 351550255681 87887563933 51
DEEP 351711589441 87927897378 71
REALCHAR 351803057761 87950764453 51
DEEP 351803057761 87950764458 71
REALCHAR 352654618801 88163654713 51
DEEP 352886981329 88221745350 71
DEEP 353559126001 88389781518 71
DEEP 353723268721 88430817198 71
DEEP 353787515041 88446878780 79
REALCHAR 353842311001 88460577763 51
REALCHAR 354281493721 88570373443 51
DEEP 354356948401 88589237120 79
REALCHAR 354574573081 88643643283 51
REALCHAR 354984462361 88746115603 51
REALCHAR 355301184001 88825296013 51
REALCHAR 355369226521 88842306643 51
REALCHAR 355756443961 88939111003 51
REALCHAR 356076318361 89019079603 51
REALCHAR 356081039161 89020259803 51
REALCHAR 356128981321 89032245343 51
REALCHAR 356177066281 89044266583 51
REALCHAR 356260869721 89065217443 51
REALCHAR 356522927401 89130731863 51
DEEP 356692359241 89173089828 71
REALCHAR 356718354001 89179588513 51
DEEP 356980923601 89245230919 75
DEEP 357410676529 89352669150 71
DEEP 357990997081 89497749292 87
DEEP 358105204081 89526301038 71
DEEP 358415048161 89603762058 71
REALCHAR 358521649201 89630412313 51
DEEP 358521649201 89630412318 71
REALCHAR 358868789161 89717197303 51
DEEP 359232903649 89808225938 103
DEEP 359452134721 89863033698 71
REALCHAR 359671384801 89917846213 51
REALCHAR 359877413281 89969353333 51
DEEP 360067115521 90016778898 71
REALCHAR 360208648801 90052162213 51
DEEP 360248778289 90062194590 71
DEEP 360259369369 90064842360 71
DEEP 360648921649 90162230430 71
SUPPORT 360826952641 90206738173 51
REALCHAR 361045012441 90261253123 51
REALCHAR 361290048001 90322512013 51
DEEP 361290048001 90322512018 71
REALCHAR 361402765201 90350691313 51
DEEP 361530854689 90382713690 71
REALCHAR 361580501881 90395125483 51
DEEP 361632874849 90408218733 83
REALCHAR 361888307881 90472076983 51
REALCHAR 362501770801 90625442713 51
REALCHAR 362873392561 90718348153 51
REALCHAR 363143683081 90785920783 51
REALCHAR 363231125401 90807781363 51
REALCHAR 363440523601 90860130913 51
DEEP 363531298729 90882824701 75
REALCHAR 363624824161 90906206053 51
DEEP 363624824161 90906206058 71
REALCHAR 364140743521 91035185893 51
REALCHAR 364433185561 91108296403 51
DEEP 364650588241 91162647080 79
REALCHAR 364829985361 91207496353 51
REALCHAR 365867030281 91466757583 51
REALCHAR 365997457081 91499364283 51
SUPPORT 366040202641 91510050673 51
REALCHAR 366057283201 91514320813 51
REALCHAR 367083856441 91770964123 51
DEEP 367488170449 91872042632 79
DEEP 367947196681 91986799188 71
REALCHAR 368293759681 92073439933 51
REALCHAR 369351388561 92337847153 51
DEEP 369552308449 92388077130 71
REALCHAR 369556008721 92389002193 51
DEEP 369786142489 92446535640 71
DEEP 369855362881 92463840740 79
REALCHAR 370203594121 92550898543 51
REALCHAR 370240455601 92560113913 51
REALCHAR 370255696561 92563924153 51
REALCHAR 370297701601 92574425413 51
REALCHAR 370367067841 92591766973 51
REALCHAR 370767727801 92691931963 51
REALCHAR 370832413561 92708103403 51
DEEP 370892247961 92723062008 71
REALCHAR 370946278921 92736569743 51
REALCHAR 370984045441 92746011373 51
REALCHAR 371528519041 92882129773 51
DEEP 371738052841 92934513230 79
REALCHAR 371832338641 92958084673 51
REALCHAR 371931312481 92982828133 51
DEEP 372200199121 93050049798 71
DEEP 372496462321 93124115598 71
DEEP 372549406441 93137351628 71
SUPPORT 373794724081 93448681033 51
DEEP 373976053201 93494013318 71
DEEP 374432403601 93608100920 79
REALCHAR 374438240401 93609560113 51
REALCHAR 374685003001 93671250763 51
DEEP 374685003001 93671250768 71
DEEP 374820515689 93705128941 75
REALCHAR 375453558841 93863389723 51
REALCHAR 375674982601 93918745663 51
REALCHAR 376284614161 94071153553 51
REALCHAR 376403454001 94100863513 51
REALCHAR 376674717721 94168679443 51
REALCHAR 376734168721 94183542193 51
REALCHAR 376948211641 94237052923 51
REALCHAR 377460288241 94365072073 51
REALCHAR 377484224881 94371056233 51
SUPPORT 377605307641 94401326923 51
REALCHAR 377878803241 94469700823 51
DEEP 378251939641 94562984928 71
REALCHAR 378318869041 94579717273 51
DEEP 378674391001 94668597768 71
REALCHAR 378828833161 94707208303 51
SUPPORT 378841995841 94710498973 51
REALCHAR 379785329641 94946332423 51
REALCHAR 379928572321 94982143093 51
DEEP 379928572321 94982143098 71
REALCHAR 380203662721 95050915693 51
DEEP 380297143249 95074285830 71
SUPPORT 380841367201 95210341813 51
REALCHAR 380964370081 95241092533 51
REALCHAR 381094970881 95273742733 51
REALCHAR 381122149321 95280537343 51
DEEP 381122149321 95280537348 71
REALCHAR 381484543801 95371135963 51
DEEP 381519600289 95379900091 75
REALCHAR 382305203281 95576300833 51
REALCHAR 382670447041 95667611773 51
DEEP 383163610369 95790902610 71
REALCHAR 383400368521 95850092143 51
DEEP 383450429209 95862607320 71
REALCHAR 383903779561 95975944903 51
DEEP 384135814969 96033953762 79
DEEP 384495357409 96123839370 71
REALCHAR 385390847521 96347711893 51
REALCHAR 385497567841 96374391973 51
DEEP 385497567841 96374391979 75
DEEP 385515601969 96378900510 71
REALCHAR 385553321521 96388330393 51
SUPPORT 385771717081 96442929283 51
DEEP 385771717081 96442929288 71
REALCHAR 385881622681 96470405683 51
REALCHAR 386639755681 96659938933 51
REALCHAR 386932110601 96733027663 51
REALCHAR 387860293921 96965073493 51
REALCHAR 388240629841 97060157473 51
REALCHAR 388632786721 97158196693 51
REALCHAR 388689593041 97172398273 51
DEEP 388689593041 97172398278 71
REALCHAR 388755892561 97188973153 51
REALCHAR 388837154161 97209288553 51
REALCHAR 388989761161 97247440303 51
SUPPORT 389131919401 97282979863 51
REALCHAR 389515821601 97378955413 51
DEEP 389559668689 97389917191 75
DEEP 389764981369 97441245360 71
DEEP 390402789529 97600697400 71
REALCHAR 390628007641 97657001923 51
DEEP 390628007641 97657001928 71
DEEP 390635991769 97658997960 71
DEEP 390842215201 97710553820 79
DEEP 391245821521 97811455399 75
REALCHAR 391365742681 97841435683 51
REALCHAR 392223751921 98055937993 51
DEEP 392364848929 98091212250 71
REALCHAR 393230563441 98307640873 51
SUPPORT 393277356481 98319339133 51
REALCHAR 393534104401 98383526113 51
DEEP 394233818521 98558454648 71
REALCHAR 394261216561 98565304153 51
REALCHAR 394946690161 98736672553 51
REALCHAR 395065900441 98766475123 51
DEEP 395065900441 98766475128 71
DEEP 395607809689 98901952441 75
REALCHAR 395667655681 98916913933 51
REALCHAR 396005498641 99001374673 51
DEEP 396034606969 99008651760 71
REALCHAR 397007550241 99251887573 51
REALCHAR 397270940641 99317735173 51
REALCHAR 397312548361 99328137103 51
SUPPORT 397532152081 99383038033 51
REALCHAR 397641341161 99410335303 51
DEEP 398962606249 99740651580 71
DEEP 398988430369 99747107610 71
REALCHAR 399391125961 99847781503 51
REALCHAR 399422583121 99855645793 51
REALCHAR 399445725121 99861431293 51
DEEP 399488663809 99872165970 71
SUPPORT 400396679281 100099169833 51
DEEP 400701104521 100175276149 75
DEEP 401050531249 100262632830 71
REALCHAR 401075411881 100268852983 51
DEEP 401552512729 100388128200 71
REALCHAR 401708042761 100427010703 51
REALCHAR 401799366721 100449841693 51
REALCHAR 401824296241 100456074073 51
DEEP 403178360209 100794590070 71
DEEP 403981792369 100995448111 75
REALCHAR 404122810081 101030702533 51
REALCHAR 404224388929 101056097251 75
DEEP 404224388929 101056097252 79
REALCHAR 404376102001 101094025513 51
REALCHAR 404633425249 101158356331 75
DEEP 404633425249 101158356333 83
REALCHAR 405107520841 101276880223 51
DEEP 405194475841 101298618978 71
REALCHAR 405208440121 101302110043 51
REALCHAR 405715269961 101428817503 51
REALCHAR 405755131681 101438782933 51
REALCHAR 405780758161 101445189553 51
REALCHAR 405787123921 101446780993 51
REALCHAR 405788824081 101447206033 51
REALCHAR 406751310001 101687827513 51
DEEP 406751310001 101687827518 71
DEEP 407011034329 101752758600 71
REALCHAR 407348772601 101837193163 51
DEEP 407435050201 101858762570 79
REALCHAR 408026697961 102006674503 51
REALCHAR 408074394841 102018598723 51
REALCHAR 408457566841 102114391723 51
REALCHAR 408461455081 102115363783 51
REALCHAR 408699859681 102174964933 51
DEEP 408979300129 102244825051 75
REALCHAR 409496030161 102374007553 51
REALCHAR 409762425361 102440606353 51
REALCHAR 409890724681 102472681183 51
DEEP 409890724681 102472681188 71
REALCHAR 411236105281 102809026333 51
REALCHAR 411320261641 102830065423 51
REALCHAR 411622895161 102905723803 51
DEEP 412115165641 103028791428 71
REALCHAR 412846340449 103211585131 75
DEEP 412846340449 103211585133 83
DEEP 413947433761 103486858458 71
REALCHAR 414328146961 103582036753 51
REALCHAR 414585948001 103646487013 51
REALCHAR 414837159361 103709289853 51
DEEP 414837159361 103709289858 71
REALCHAR 415143211921 103785802993 51
REALCHAR 415243940281 103810985083 51
DEEP 415243940281 103810985088 71
REALCHAR 415426270561 103856567653 51
DEEP 415621519681 103905379938 71
REALCHAR 415952019961 103988005003 51
REALCHAR 416191501441 104047875373 51
SUPPORT 416314917001 104078729263 51
REALCHAR 416326358449 104081589631 75
DEEP 416326358449 104081589632 79
DEEP 416456060329 104114015100 71
DEEP 416754529801 104188632468 71
DEEP 416938913689 104234728440 71
REALCHAR 417212475241 104303118823 51
REALCHAR 417413959561 104353489903 51
DEEP 418014075361 104503518858 71
REALCHAR 418146849961 104536712503 51
DEEP 418146849961 104536712508 71
REALCHAR 418290649921 104572662493 51
REALCHAR 418619150401 104654787613 51
SUPPORT 418717631641 104679407923 51
DEEP 418883130961 104720782758 71
DEEP 419047073449 104761768380 71
REALCHAR 419578189801 104894547463 51
REALCHAR 420322059481 105080514883 51
SUPPORT 421042811401 105260702863 51
REALCHAR 421706714881 105426678733 51
DEEP 421812276601 105453069168 71
REALCHAR 421962035881 105490508983 51
REALCHAR 422194314721 105548578693 51
DEEP 422197765609 105549441420 71
REALCHAR 422311622041 105577905523 51
REALCHAR 422443235041 105610808773 51
SUPPORT 422485004041 105621251023 51
DEEP 422485004041 105621251028 71
REALCHAR 422724559321 105681139843 51
REALCHAR 423016016641 105754004173 51
REALCHAR 423849463801 105962365963 51
DEEP 423849463801 105962365968 71
REALCHAR 423978299761 105994574953 51
DEEP 424446251161 106111562809 75
DEEP 424484399329 106121099850 71
REALCHAR 424721502241 106180375573 51
REALCHAR 424795816201 106198954063 51
REALCHAR 424812691081 106203172783 51
REALCHAR 424815996361 106203999103 51
DEEP 425054435521 106263608898 71
REALCHAR 425335828681 106333957183 51
DEEP 425442708289 106360677090 71
REALCHAR 425573436961 106393359253 51
REALCHAR 425577350641 106394337673 51
REALCHAR 426078875401 106519718863 51
REALCHAR 426112162921 106528040743 51
REALCHAR 426212806321 106553201593 51
SUPPORT 426765802681 106691450683 51
SUPPORT 427162633921 106790658493 51
SUPPORT 427387091041 106846772773 51
DEEP 427570842169 106892710560 71
REALCHAR 427574135041 106893533773 51
REALCHAR 427794623281 106948655833 51
SUPPORT 427852927441 106963231873 51
REALCHAR 428063771041 107015942773 51
REALCHAR 428303346241 107075836573 51
DEEP 428372857441 107093214380 79
DEEP 429210204361 107302551108 71
DEEP 429216868441 107304217129 75
REALCHAR 429370191721 107342547943 51
DEEP 430260388321 107565097098 71
DEEP 431029665889 107757416490 71
REALCHAR 431040038881 107760009739 75
DEEP 431040038881 107760009742 87
REALCHAR 431219159281 107804789833 51
SUPPORT 431466503521 107866625893 51
REALCHAR 431982642001 107995660513 51
REALCHAR 432114435481 108028608883 51
REALCHAR 432522762961 108130690753 51
DEEP 432594970369 108148742610 71
REALCHAR 432723816529 108180954151 75
DEEP 432723816529 108180954153 83
DEEP 432908425849 108227106481 75
REALCHAR 433293844201 108323461063 51
DEEP 433337824921 108334456248 71
REALCHAR 433489747441 108372436873 51
DEEP 433606885009 108401721270 71
REALCHAR 434067958921 108516989743 51
REALCHAR 434206085041 108551521273 51
REALCHAR 434251544281 108562886083 51
REALCHAR 434260848961 108565212253 51
DEEP 434616863641 108654215928 71
REALCHAR 435212223601 108803055913 51
REALCHAR 435753765841 108938441473 51
SUPPORT 436115206921 109028801743 51
DEEP 436289719321 109072429848 71
DEEP 436485556081 109121389038 71
REALCHAR 436583199361 109145799853 51
REALCHAR 436711576681 109177894183 51
REALCHAR 437059165321 109264791343 51
SUPPORT 437167101361 109291775353 51
REALCHAR 437765568241 109441392073 51
SUPPORT 438163678681 109540919683 51
REALCHAR 438163678681 109540919693 91
DEEP 438163678681 109540919694 95
REALCHAR 439164702601 109791175663 51
DEEP 439340630689 109835157690 71
REALCHAR 439632441361 109908110353 51
REALCHAR 439989636241 109997409073 51
REALCHAR 440166365521 110041591393 51
REALCHAR 440245725481 110061431383 51
DEEP 440349371401 110087342868 71
REALCHAR 440522761561 110130690403 51
DEEP 440522761561 110130690408 71
REALCHAR 440631523201 110157880813 51
DEEP 440809320169 110202330062 79
DEEP 441201952801 110300488219 75
REALCHAR 441337355281 110334338833 51
DEEP 441492789721 110373197449 75
REALCHAR 442561776721 110640444193 51
DEEP 442561776721 110640444199 75
REALCHAR 443079141961 110769785503 51
REALCHAR 443299989001 110824997263 51
REALCHAR 443359133281 110839783333 51
REALCHAR 443918447281 110979611833 51
SUPPORT 443932649521 110983162393 51
REALCHAR 443979805201 110994951313 51
REALCHAR 444056427721 111014106943 51
REALCHAR 444184282441 111046070623 51
REALCHAR 444456973321 111114243343 51
REALCHAR 444693352321 111173338099 75
DEEP 444693352321 111173338100 79
REALCHAR 445271091721 111317772943 51
REALCHAR 445430601841 111357650473 51
REALCHAR 446292185641 111573046423 51
REALCHAR 447013699441 111753424873 51
DEEP 447717653161 111929413308 71
REALCHAR 447905469001 111976367263 51
REALCHAR 448034838241 112008709573 51
REALCHAR 448147013161 112036753303 51
DEEP 448572270721 112143067698 71
SUPPORT 448580797921 112145199493 51
REALCHAR 448793064721 112198266193 51
DEEP 448852895929 112213224000 71
DEEP 449185362649 112296340684 87
REALCHAR 449417119321 112354279843 51
DEEP 449786808409 112446702120 71
REALCHAR 450170939521 112542734893 51
REALCHAR 450895516681 112723879183 51
REALCHAR 450895516681 112723879189 75
DEEP 450895516681 112723879190 79
DEEP 450910421329 112727605350 71
DEEP 451493639809 112873409970 71
REALCHAR 451961950441 112990487623 51
DEEP 452019399841 113004849978 71
REALCHAR 452023416601 113005854163 51
REALCHAR 452471069521 113117767393 51
REALCHAR 452911737721 113227934443 51
REALCHAR 452912870881 113228217733 51
DEEP 452929831201 113232457818 71
REALCHAR 453261549841 113315387473 51
SUPPORT 453366655681 113341663933 51
REALCHAR 453484751281 113371187833 51
DEEP 453484751281 113371187838 71
REALCHAR 453488277841 113372069473 51
REALCHAR 454907921521 113726980393 51
REALCHAR 455074259641 113768564923 51
DEEP 455280312601 113820078168 71
DEEP 455573857561 113893464408 71
DEEP 456294746209 114073686570 71
REALCHAR 456314642281 114078660583 51
DEEP 456314642281 114078660589 75
REALCHAR 456479576401 114119894113 51
DEEP 457112654881 114278163738 71
DEEP 457169364961 114292341258 71
REALCHAR 457293980641 114323495173 51
DEEP 457293980641 114323495178 71
REALCHAR 457676207041 114419051779 75
DEEP 457676207041 114419051780 79
DEEP 457785499081 114446374788 71
REALCHAR 458066459761 114516614953 51
DEEP 458086876129 114521719052 79
REALCHAR 458233498321 114558374593 51
DEEP 458233498321 114558374598 71
DEEP 458451656569 114612914160 71
REALCHAR 458934108361 114733527103 51
DEEP 459118676641 114779669183 91
REALCHAR 459302275441 114825568873 51
REALCHAR 459588460081 114897115033 51
REALCHAR 460017976441 115004494123 51
REALCHAR 461140331521 115285082893 51
REALCHAR 461491552201 115372888063 51
DEEP 461744632441 115436158128 71
REALCHAR 461798270761 115449567703 51
REALCHAR 462009506401 115502376613 51
DEEP 462096603721 115524150948 71
REALCHAR 462340975321 115585243843 51
REALCHAR 462524824441 115631206123 51
REALCHAR 463166209801 115791552463 51
REALCHAR 463526732881 115881683233 51
DEEP 463575663721 115893915948 71
DEEP 464255598361 116063899612 87
DEEP 464506600321 116126650098 71
REALCHAR 464896114321 116224028593 51
DEEP 465586990801 116396747719 75
REALCHAR 465649909321 116412477343 51
REALCHAR 465840318241 116460079573 51
DEEP 466180162009 116545040520 71
REALCHAR 467031682441 116757920623 51
REALCHAR 467338894201 116834723563 51
DEEP 467448232969 116862058260 71
REALCHAR 467489849401 116872462363 51
DEEP 470015306209 117503826570 71
REALCHAR 470197662841 117549415723 51
REALCHAR 470393545441 117598386373 51
SUPPORT 470614992961 117653748253 51
DEEP 470953766089 117738441546 95
SUPPORT 471484675561 117871168903 51
REALCHAR 471524776321 117881194093 51
REALCHAR 471563205961 117890801503 51
REALCHAR 471764365801 117941091463 51
REALCHAR 471954178081 117988544533 51
REALCHAR 471966517201 117991629313 51
REALCHAR 472263231001 118065807763 51
SUPPORT 472411988161 118102997053 51
REALCHAR 473896840561 118474210153 51
REALCHAR 475525073521 118881268393 51
REALCHAR 475977351721 118994337943 51
REALCHAR 476084495041 119021123773 51
REALCHAR 476097718321 119024429593 51
DEEP 476544713401 119136178368 71
DEEP 476887150609 119221787673 83
REALCHAR 477193968241 119298492073 51
REALCHAR 477267871921 119316967993 51
REALCHAR 477317841841 119329460473 51
DEEP 477726149209 119431537320 71
REALCHAR 478028701921 119507175493 51
REALCHAR 478195636801 119548909213 51
REALCHAR 478214207641 119553551923 51
REALCHAR 478718495641 119679623923 51
DEEP 478718495641 119679623928 71
REALCHAR 479196791761 119799197953 51
REALCHAR 479590528561 119897632153 51
REALCHAR 479739379081 119934844783 51
DEEP 480040638289 120010159590 71
REALCHAR 480067268521 120016817143 51
REALCHAR 481031871961 120257968003 51
REALCHAR 481491210841 120372802723 51
DEEP 481763330161 120440832558 71
REALCHAR 482242281361 120560570353 51
REALCHAR 483017175481 120754293883 51
REALCHAR 483289608481 120822402133 51
REALCHAR 483573723481 120893430883 51
REALCHAR 483960671041 120990167773 51
REALCHAR 484783372921 121195843243 51
DEEP 485236636369 121309159110 71
DEEP 485265377809 121316344471 75
SUPPORT 485441067721 121360266943 51
REALCHAR 485633942161 121408485553 51
DEEP 485633942161 121408485558 71
REALCHAR 486520245121 121630061293 51
REALCHAR 486734015161 121683503803 51
DEEP 486795433609 121698858421 75
SUPPORT 486899125441 121724781373 51
SUPPORT 486976074841 121744018723 51
DEEP 487096450801 121774112721 83
REALCHAR 487100250001 121775062513 51
REALCHAR 487135372201 121783843063 51
DEEP 487135372201 121783843068 71
REALCHAR 487196855161 121799213803 51
REALCHAR 487455694441 121863923623 51
REALCHAR 487888473361 121972118353 51
SUPPORT 488405859841 122101464973 51
SUPPORT 488457546721 122114386693 51
REALCHAR 488642772601 122160693163 51
REALCHAR 489519006001 122379751513 51
SUPPORT 489784460881 122446115233 51
DEEP 490183138201 122545784568 71
DEEP 490732112809 122683028220 71
DEEP 490964702089 122741175543 83
DEEP 491030201281 122757550338 71
REALCHAR 491163389161 122790847303 51
REALCHAR 491315097001 122828774263 51
DEEP 491315097001 122828774268 71
DEEP 491430160321 122857540100 79
REALCHAR 491744413801 122936103463 51
REALCHAR 491832170041 122958042523 51
REALCHAR 492134855521 123033713893 51
REALCHAR 492388082761 123097020703 51
REALCHAR 492515905561 123128976403 51
SUPPORT 492702399121 123175599793 51
REALCHAR 492950986441 123237746623 51
SUPPORT 493090523641 123272630923 51
REALCHAR 493150997641 123287749423 51
REALCHAR 493527354961 123381838753 51
REALCHAR 493603677961 123400919503 51
SUPPORT 494002563121 123500640793 51
REALCHAR 494133942481 123533485633 51
REALCHAR 495005762161 123751440553 51
REALCHAR 495052200241 123763050073 51
REALCHAR 495455731681 123863932933 51
REALCHAR 495847523161 123961880803 51
DEEP 495968422849 123992105732 79
REALCHAR 496897884001 124224471013 51
DEEP 496993543201 124248385818 71
REALCHAR 498207539041 124551884773 51
DEEP 499124371729 124781092950 71
REALCHAR 499218227041 124804556773 51
DEEP 499359927889 124839981990 71
DEEP 499416132601 124854033171 83
REALCHAR 499816219681 124954054933 51
REALCHAR 499888083601 124972020913 51
REALCHAR 500114989201 125028747313 51
REALCHAR 500276167561 125069041903 51
DEEP 500620467649 125155116930 71
DEEP 500670184249 125167546081 75
SUPPORT 500916019081 125229004783 51
REALCHAR 500972101081 125243025283 51
DEEP 501538723009 125384680770 71
REALCHAR 502047697321 125511924343 51
REALCHAR 502815323761 125703830953 51
REALCHAR 503298283849 125824570981 75
DEEP 503298283849 125824570982 79
DEEP 503701238881 125925309738 71
REALCHAR 504151521721 126037880443 51
DEEP 504151521721 126037880448 71
DEEP 504719336521 126179834148 71
REALCHAR 504834729961 126208682503 51
REALCHAR 504904193161 126226048303 51
REALCHAR 504904530601 126226132663 51
REALCHAR 505020264961 126255066253 51
REALCHAR 505400457241 126350114323 51
REALCHAR 505742306281 126435576583 51
DEEP 505968717409 126492179372 79
DEEP 506271610849 126567902730 71
SUPPORT 506331765241 126582941323 51
REALCHAR 506520180721 126630045193 51
REALCHAR 507207989521 126801997393 51
REALCHAR 507282736801 126820684213 51
SUPPORT 507299692201 126824923063 51
REALCHAR 508114520281 127028630083 51
DEEP 508300294441 127075073628 71
REALCHAR 508443431521 127110857893 51
REALCHAR 508452691321 127113172843 51
REALCHAR 508781217961 127195304503 51
REALCHAR 508808905201 127202226313 51
REALCHAR 509437680361 127359420103 51
REALCHAR 509468502841 127367125723 51
REALCHAR 509610236041 127402559023 51
REALCHAR 509698151041 127424537773 51
REALCHAR 509957952001 127489488013 51
REALCHAR 510311092201 127577773063 51
DEEP 510658442449 127664610630 71
REALCHAR 510674763481 127668690883 51
REALCHAR 510678648481 127669662133 51
DEEP 510907350409 127726837620 71
DEEP 511669109449 127917277383 83
REALCHAR 511736133841 127934033473 51
DEEP 511867781569 127966945410 71
DEEP 511919376049 127979844030 71
REALCHAR 512021782801 128005445713 51
DEEP 512159184289 128039796090 71
REALCHAR 512493272281 128123318083 51
SUPPORT 514577696161 128644424053 51
DEEP 515289727969 128822432012 79
REALCHAR 515605742521 128901435643 51
DEEP 516234781969 129058695510 71
REALCHAR 516336185401 129084046363 51
DEEP 516380916769 129095229210 71
DEEP 516810108049 129202527030 71
REALCHAR 517197481441 129299370373 51
DEEP 517522236841 129380559228 71
REALCHAR 518095730161 129523932553 51
DEEP 518349225241 129587306328 71
REALCHAR 518504227921 129626056993 51
DEEP 518504227921 129626056998 71
DEEP 518919125209 129729781320 71
DEEP 519169479481 129792369888 71
REALCHAR 519551897881 129887974483 51
DEEP 519551897881 129887974490 79
REALCHAR 519683215921 129920803993 51
REALCHAR 520493831881 130123457983 51
DEEP 520652871649 130163217930 71
DEEP 520879407889 130219851990 71
REALCHAR 521123925001 130280981263 51
DEEP 521123925001 130280981269 75
REALCHAR 521291873281 130322968333 51
REALCHAR 521595361681 130398840433 51
REALCHAR 522070074241 130517518573 51
DEEP 522070074241 130517518578 71
SUPPORT 522575059561 130643764903 51
REALCHAR 523233416161 130808354053 51
REALCHAR 523389676681 130847419183 51
REALCHAR 523672805881 130918201483 51
REALCHAR 523812969241 130953242323 51
DEEP 523812969241 130953242328 71
REALCHAR 523912835161 130978208803 51
REALCHAR 523925633401 130981408363 51
DEEP 524276542729 131069135700 71
SUPPORT 524879578441 131219894623 51
REALCHAR 525302144761 131325536203 51
REALCHAR 525517358521 131379339643 51
REALCHAR 525517386601 131379346663 51
DEEP 525691945249 131422986330 71
REALCHAR 525794050681 131448512683 51
DEEP 526504421881 131626105488 71
REALCHAR 526528635361 131632158853 51
REALCHAR 526722411121 131680602793 51
REALCHAR 526801840321 131700460093 51
REALCHAR 526965017881 131741254483 51
REALCHAR 527222186401 131805546613 51
SUPPORT 527250025201 131812506313 51
REALCHAR 527544849001 131886212263 51
REALCHAR 527557736161 131889434053 51
DEEP 527792070961 131948017761 83
DEEP 528140577409 132035144371 75
REALCHAR 528374891641 132093722923 51
DEEP 528426556681 132106639188 71
REALCHAR 528816018481 132204004633 51
REALCHAR 528913825441 132228456373 51
SUPPORT 530299409641 132574852423 51
REALCHAR 530753224681 132688306183 51
REALCHAR 530771504761 132692876203 51
REALCHAR 530848312201 132712078063 51
DEEP 530875966009 132718991521 75
REALCHAR 530888543641 132722135923 51
REALCHAR 531126352201 132781588063 51
SUPPORT 532050400561 133012600153 51
REALCHAR 532121325961 133030331503 51
REALCHAR 532244921881 133061230483 51
REALCHAR 532525329961 133131332503 51
REALCHAR 532600087321 133150021843 51
REALCHAR 532623612361 133155903103 51
REALCHAR 532755765481 133188941383 51
DEEP 532755765481 133188941391 83
REALCHAR 532862775481 133215693883 51
REALCHAR 534490034521 133622508643 51
REALCHAR 534669944041 133667486023 51
DEEP 536134876369 134033719113 83
REALCHAR 536243146321 134060786593 51
REALCHAR 536399474521 134099868643 51
SUPPORT 536410772041 134102693023 51
REALCHAR 537326634601 134331658663 51
DEEP 538179126241 134544781579 75
SUPPORT 538523102881 134630775733 51
DEEP 538523102881 134630775738 71
DEEP 538603824529 134650956151 75
REALCHAR 538707618121 134676904543 51
REALCHAR 538925319241 134731329823 51
REALCHAR 539118650281 134779662583 51
DEEP 539147885929 134786971500 71
REALCHAR 539188427761 134797106953 51
DEEP 539631048961 134907762258 71
REALCHAR 539908505761 134977126453 51
DEEP 540547808641 135136952178 71
REALCHAR 540625085641 135156271423 51
REALCHAR 540865870561 135216467653 51
REALCHAR 541122287161 135280571803 51
REALCHAR 541291166641 135322791673 51
REALCHAR 541323619321 135330904843 51
DEEP 541345885609 135336471420 71
REALCHAR 542715686041 135678921523 51
REALCHAR 542885171761 135721292953 51
REALCHAR 543006600361 135751650103 51
REALCHAR 543818574121 135954643543 51
REALCHAR 543895635721 135973908943 51
REALCHAR 545571784081 136392946033 51
DEEP 545618095801 136404523971 83
REALCHAR 545648125801 136412031463 51
REALCHAR 545895724201 136473931063 51
DEEP 546230509969 136557627510 71
REALCHAR 546483898801 136620974713 51
DEEP 546556079689 136639019940 71
REALCHAR 546573032041 136643258023 51
REALCHAR 546734218801 136683554713 51
DEEP 546832483201 136708120818 71
REALCHAR 547631480881 136907870233 51
DEEP 547886964769 136971741210 71
REALCHAR 547930855081 136982713783 51
DEEP 548024728969 137006182260 71
REALCHAR 548243419201 137060854813 51
REALCHAR 550623085321 137655771343 51
SUPPORT 550650086281 137662521583 51
REALCHAR 550741505161 137685376303 51
REALCHAR 551115351361 137778837853 51
DEEP 551189535961 137797384008 71
DEEP 551238026089 137809506541 75
REALCHAR 551561162881 137890290733 51
REALCHAR 552125104441 138031276123 51
REALCHAR 552764178121 138191044543 51
REALCHAR 553429227961 138357307003 51
DEEP 553429227961 138357307009 75
SUPPORT 553862751961 138465688003 51
REALCHAR 554477553361 138619388353 51
DEEP 554564047801 138641011970 79
REALCHAR 554730462001 138682615513 51
REALCHAR 554744670481 138686167633 51
REALCHAR 554764236601 138691059163 51
DEEP 554799630961 138699907758 71
DEEP 555622017721 138905504449 75
REALCHAR 555760121401 138940030363 51
REALCHAR 555784866961 138946216753 51
REALCHAR 556120375561 139030093903 51
REALCHAR 556257631801 139064407963 51
REALCHAR 556352848801 139088212213 51
REALCHAR 556712413321 139178103343 51
REALCHAR 557715912601 139428978163 51
REALCHAR 557720062201 139430015563 51
DEEP 557741547169 139435386810 71
DEEP 558192847969 139548212010 71
REALCHAR 558493375441 139623343873 51
DEEP 558789868849 139697467230 71
DEEP 559195528369 139798882110 71
REALCHAR 559736258761 139934064703 51
REALCHAR 559843148881 139960787233 51
SUPPORT 560409475081 140102368783 51
REALCHAR 560733101041 140183275273 51
REALCHAR 560836083721 140209020943 51
DEEP 560836083721 140209020948 71
REALCHAR 561146093041 140286523273 51
DEEP 561188592409 140297148120 71
DEEP 562075474249 140518868583 83
REALCHAR 562322777641 140580694423 51
REALCHAR 562570370041 140642592523 51
REALCHAR 562813135921 140703283993 51
DEEP 562988539369 140747134861 75
REALCHAR 563005651321 140751412843 51
REALCHAR 563209224601 140802306163 51
REALCHAR 564110029081 141027507283 51
DEEP 564400145929 141100036500 71
REALCHAR 565194946801 141298736713 51
REALCHAR 565900367041 141475091773 51
DEEP 566873961889 141718490490 71
SUPPORT 567403349881 141850837483 51
SUPPORT 567530595241 141882648823 51
REALCHAR 568049987521 142012496893 51
REALCHAR 568063834321 142015958593 51
REALCHAR 568366134961 142091533753 51
DEEP 568366134961 142091533758 71
DEEP 569624208169 142406052060 71
SUPPORT 570049039921 142512259993 51
REALCHAR 570553279921 142638319993 51
REALCHAR 570640428121 142660107043 51
REALCHAR 571470690001 142867672513 51
REALCHAR 571775558041 142943889523 51
REALCHAR 572061289801 143015322463 51
REALCHAR 572325266041 143081316523 51
DEEP 572605302361 143151325614 95
REALCHAR 572685775561 143171443903 51
DEEP 573028584241 143257146080 79
REALCHAR 573433560001 143358390013 51
REALCHAR 573461189401 143365297363 51
REALCHAR 573642928681 143410732183 51
DEEP 574000377721 143500094448 71
REALCHAR 574028517241 143507129323 51
DEEP 574258165441 143564541378 71
REALCHAR 574333193281 143583298333 51
DEEP 574333193281 143583298338 71
REALCHAR 574530910321 143632727593 51
DEEP 574530910321 143632727598 71
DEEP 574724087809 143681021970 71
DEEP 575073199801 143768299970 79
DEEP 575430782161 143857695562 87
REALCHAR 575521162441 143880290623 51
DEEP 575866712521 143966678152 87
REALCHAR 575946293521 143986573393 51
REALCHAR 577062660241 144265665073 51
DEEP 577269184969 144317296260 71
DEEP 577385797921 144346449498 71
DEEP 577630501009 144407625271 75
REALCHAR 578010505801 144502626463 51
REALCHAR 578679682681 144669920683 51
REALCHAR 578680908961 144670227253 51
REALCHAR 578855830081 144713957533 51
SUPPORT 579886444201 144971611063 51
REALCHAR 580095469801 145023867463 51
REALCHAR 580248024841 145062006223 51
REALCHAR 580348492201 145087123063 51
DEEP 580405328281 145101332090 79
DEEP 580964422921 145241105750 79
DEEP 581106002689 145276500690 71
DEEP 582258388009 145564597020 71
DEEP 582324353521 145581088398 71
REALCHAR 582653814961 145663453753 51
DEEP 583387166209 145846791570 71
SUPPORT 583446895201 145861723813 51
REALCHAR 583714000321 145928500093 51
REALCHAR 584066023921 146016505993 51
REALCHAR 584300418601 146075104663 51
REALCHAR 584683092841 146170773223 51
DEEP 584763185161 146190796308 71
REALCHAR 584841182641 146210295673 51
REALCHAR 584882261401 146220565363 51
DEEP 585637344601 146409336168 71
DEEP 585865177921 146466294498 71
DEEP 586333825081 146583456288 71
REALCHAR 586562832241 146640708073 51
REALCHAR 586852495681 146713123933 51
REALCHAR 587227990561 146806997653 51
REALCHAR 587288948401 146822237113 51
DEEP 587375327449 146843831881 75
DEEP 588351510289 147087877590 71
REALCHAR 588361620001 147090405013 51
REALCHAR 588567686281 147141921583 51
DEEP 588641022649 147160255680 71
REALCHAR 588760252081 147190063033 51
REALCHAR 588829852081 147207463033 51
REALCHAR 589004063041 147251015773 51
REALCHAR 589200149521 147300037393 51
REALCHAR 589436615161 147359153803 51
REALCHAR 589741478881 147435369733 51
DEEP 589831353409 147457838370 71
REALCHAR 590426986081 147606746533 51
REALCHAR 590587682281 147646920583 51
DEEP 591364400449 147841100130 71
REALCHAR 591692750401 147923187613 51
REALCHAR 591973966081 147993491533 51
REALCHAR 592767390601 148191847663 51
REALCHAR 593238893641 148309723423 51
REALCHAR 593617668121 148404417043 51
REALCHAR 593661148081 148415287033 51
DEEP 594800416081 148700104040 79
REALCHAR 595141105441 148785276373 51
DEEP 595145382049 148786345532 79
REALCHAR 595377804961 148844451253 51
DEEP 595526720881 148881680240 79
REALCHAR 595607638081 148901909533 51
DEEP 595628564281 148907141088 71
REALCHAR 596147061721 149036765443 51
DEEP 596631429241 149157857328 71
REALCHAR 596634168001 149158542013 51
DEEP 596742220369 149185555110 71
SUPPORT 597074082361 149268520603 51
DEEP 597658204441 149414551128 71
REALCHAR 597846110761 149461527703 51
DEEP 597951883489 149487970890 71
REALCHAR 598408923121 149602230793 51
REALCHAR 598549274761 149637318703 51
REALCHAR 598651445401 149662861363 51
REALCHAR 600876155881 150219038983 51
DEEP 601179503929 150294876000 71
REALCHAR 601468313161 150367078303 51
DEEP 601512829009 150378207270 71
REALCHAR 601713608521 150428402143 51
REALCHAR 602086301881 150521575483 51
REALCHAR 602169783601 150542445913 51
DEEP 603784070569 150946017660 71
REALCHAR 604597058521 151149264643 51
DEEP 605204879161 151301219808 71
REALCHAR 605735754121 151433938543 51
DEEP 606995625721 151748906449 75
SUPPORT 607721146321 151930286593 51
DEEP 608044008289 152011002090 71
DEEP 608324288881 152081072238 71
REALCHAR 608561806441 152140451623 51
DEEP 608615728561 152153932158 71
REALCHAR 608951499601 152237874913 51
REALCHAR 608977534201 152244383563 51
REALCHAR 609160185841 152290046473 51
REALCHAR 609240649081 152310162283 51
DEEP 609330202849 152332550730 71
REALCHAR 609511193281 152377798333 51
DEEP 609703963801 152425990969 75
DEEP 610237140241 152559285078 71
REALCHAR 610250635201 152562658813 51
SUPPORT 610401966001 152600491513 51
DEEP 610998007489 152749501892 79
REALCHAR 611050407361 152762601853 51
SUPPORT 611073154561 152768288653 51
DEEP 611918874961 152979718758 71
REALCHAR 612683048041 153170762023 51
DEEP 613562487409 153390621870 71
REALCHAR 614210420041 153552605023 51
REALCHAR 614286104041 153571526023 51
SUPPORT 614480700961 153620175253 51
REALCHAR 615036687721 153759171943 51
DEEP 615377800801 153844450218 71
DEEP 615521819641 153880454928 71
REALCHAR 615822756481 153955689133 51
REALCHAR 616388887321 154097221843 51
DEEP 616420778689 154105194690 71
DEEP 616438580209 154109645071 75
REALCHAR 616619046481 154154761633 51
REALCHAR 617184644521 154296161143 51
DEEP 617612100121 154403025049 75
REALCHAR 617615229001 154403807263 51
SUPPORT 618074752201 154518688063 51
DEEP 618333094369 154583273610 71
REALCHAR 618484378801 154621094713 51
DEEP 618604773361 154651193358 71
REALCHAR 618610146361 154652536603 51
DEEP 618738425761 154684606458 71
REALCHAR 619022055961 154755514003 51
SUPPORT 619139940241 154784985073 51
SUPPORT 619331504401 154832876113 51
REALCHAR 619472385841 154868096473 51
REALCHAR 619568444881 154892111233 51
REALCHAR 620137845721 155034461443 51
DEEP 620499319729 155124829950 71
DEEP 621055902769 155263975710 71
REALCHAR 621369285601 155342321413 51
REALCHAR 621611963281 155402990833 51
DEEP 621611963281 155402990839 75
REALCHAR 622120209481 155530052383 51
REALCHAR 622206515401 155551628863 51
REALCHAR 622489569601 155622392413 51
DEEP 622735665049 155683916280 71
REALCHAR 622807499161 155701874803 51
REALCHAR 623206901641 155801725423 51
DEEP 623213900929 155803475250 71
REALCHAR 623763201961 155940800503 51
DEEP 623763201961 155940800508 71
REALCHAR 624013382521 156003345643 51
DEEP 624122579809 156030644970 71
DEEP 624230283889 156057570991 75
REALCHAR 624249229321 156062307343 51
DEEP 624561263041 156140315778 71
SUPPORT 624708877081 156177219283 51
REALCHAR 625041297721 156260324443 51
DEEP 625486123441 156371530878 71
DEEP 626003027521 156500756898 71
REALCHAR 627175174921 156793793743 51
REALCHAR 627533667121 156883416793 51
REALCHAR 627574814161 156893703553 51
REALCHAR 627596563441 156899140873 51
REALCHAR 628815674881 157203918733 51
REALCHAR 629106147121 157276536793 51
DEEP 629303518321 157325879599 75
REALCHAR 629467467841 157366866973 51
REALCHAR 629624920681 157406230183 51
DEEP 629624920681 157406230189 75
REALCHAR 629760601201 157440150313 51
REALCHAR 629892175441 157473043873 51
REALCHAR 630037317121 157509329293 51
DEEP 630037317121 157509329298 71
SUPPORT 630333583441 157583395873 51
DEEP 630333583441 157583395878 71
DEEP 630348446809 157587111720 71
DEEP 630719436169 157679859061 75
DEEP 631373005201 157843251318 71
REALCHAR 631697867161 157924466803 51
REALCHAR 632140301521 158035075393 51
REALCHAR 632282027521 158070506893 51
DEEP 632345903809 158086475971 75
REALCHAR 632959629241 158239907323 51
DEEP 633028677121 158257169298 71
REALCHAR 634220443081 158555110783 51
REALCHAR 634401373321 158600343343 51
REALCHAR 634455535081 158613883783 51
REALCHAR 635091579721 158772894943 51
DEEP 635249013169 158812253311 75
REALCHAR 635302594081 158825648533 51
REALCHAR 636084934081 159021233533 51
DEEP 636120787129 159030196803 83
REALCHAR 636358115761 159089528953 51
DEEP 636750202201 159187550569 75
REALCHAR 637239520681 159309880183 51
DEEP 637457889121 159364472299 75
REALCHAR 637706767681 159426691933 51
SUPPORT 637798653361 159449663353 51
REALCHAR 638293078201 159573269563 51
REALCHAR 638832091921 159708022993 51
DEEP 639112754281 159778188588 71
DEEP 639246201049 159811550280 71
REALCHAR 639458251441 159864562873 51
REALCHAR 639863504641 159965876173 51
REALCHAR 640007877721 160001969443 51
REALCHAR 640391700001 160097925013 51
REALCHAR 641168146921 160292036743 51
REALCHAR 641795329561 160448832403 51
REALCHAR 642900128641 160725032173 51
DEEP 643082188681 160770547189 75
REALCHAR 643227190321 160806797593 51
DEEP 643771697209 160942924320 71
REALCHAR 643787703001 160946925763 51
REALCHAR 644199466681 161049866683 51
DEEP 644199466681 161049866688 71
REALCHAR 644369983321 161092495843 51
DEEP 644559995641 161139998930 79
REALCHAR 644861446441 161215361623 51
SUPPORT 645743616961 161435904253 51
DEEP 645862140361 161465535108 71
SUPPORT 645911470801 161477867713 51
REALCHAR 645966548761 161491637203 51
REALCHAR 646194602881 161548650733 51
DEEP 646399249609 161599812423 83
SUPPORT 646899563521 161724890893 51
REALCHAR 647054841241 161763710323 51
REALCHAR 647192958721 161798239693 51
REALCHAR 647641929841 161910482473 51
DEEP 647726673169 161931668312 79
REALCHAR 647796057841 161949014473 51
DEEP 648120913729 162030228450 71
DEEP 648491070529 162122767652 79
SUPPORT 648844386961 162211096753 51
REALCHAR 648966745561 162241686403 51
SUPPORT 649182704641 162295676173 51
DEEP 649189592041 162297398029 75
REALCHAR 649557559561 162389389903 51
REALCHAR 649749162001 162437290513 51
REALCHAR 650175938281 162543984583 51
REALCHAR 650390500321 162597625093 51
REALCHAR 650658592081 162664648033 51
DEEP 650981998969 162745499760 71
DEEP 651513038401 162878259618 71
REALCHAR 651517531681 162879382933 51
SUPPORT 652225533961 163056383503 51
DEEP 652445178529 163111294650 71
REALCHAR 652454187841 163113546973 51
DEEP 652710424129 163177606050 71
REALCHAR 653378402161 163344600553 51
REALCHAR 654730707409 163682676877 99
DEEP 654730707409 163682676880 111
REALCHAR 654865135681 163716283933 51
DEEP 655349071129 163837267802 79
DEEP 656048824201 164012206070 79
REALCHAR 656487489961 164121872503 51
DEEP 656788072249 164197018080 71
REALCHAR 657220456201 164305114063 51
DEEP 657220456201 164305114070 79
REALCHAR 657441373801 164360343463 51
DEEP 657583501969 164395875510 71
DEEP 657792292249 164448073084 87
DEEP 657937600609 164484400171 75
DEEP 658205664169 164551416060 71
REALCHAR 659229417001 164807354263 51
REALCHAR 660115707241 165028926823 51
SUPPORT 660209090641 165052272673 51
REALCHAR 660530219281 165132554833 51
DEEP 660554634601 165138658668 71
DEEP 660586577401 165146644370 79
DEEP 661021285681 165255321439 75
DEEP 661586282449 165396570632 79
REALCHAR 661698751081 165424687783 51
REALCHAR 662213338081 165553334533 51
REALCHAR 662650947841 165662736973 51
DEEP 662673591889 165668397990 71
DEEP 663183481489 165795870391 75
REALCHAR 663240046921 165810011743 51
DEEP 663240046921 165810011748 71
REALCHAR 663563530081 165890882533 51
DEEP 663653414449 165913353637 99
DEEP 664494710881 166123677738 71
DEEP 664813040761 166203260210 79
REALCHAR 664817312041 166204328023 51
REALCHAR 665632856641 166408214173 51
SUPPORT 665924859601 166481214913 51
REALCHAR 666613038001 166653259513 51
DEEP 666613038001 166653259521 83
REALCHAR 666771603481 166692900883 51
SUPPORT 667917626401 166979406613 51
REALCHAR 668744041681 167186010433 51
DEEP 668744041681 167186010441 83
REALCHAR 668836074481 167209018633 51
DEEP 669072687529 167268171900 71
REALCHAR 669228959281 167307239833 51
DEEP 669433951729 167358487954 87
DEEP 669510292201 167377573068 71
REALCHAR 669789469561 167447367403 51
REALCHAR 669862758601 167465689663 51
DEEP 670324879249 167581219832 79
DEEP 670519931449 167629982880 71
DEEP 670792957129 167698239300 71
REALCHAR 670946958361 167736739603 51
REALCHAR 671036588161 167759147053 51
REALCHAR 671380713481 167845178383 51
SUPPORT 672691389241 168172847323 51
SUPPORT 673052516161 168263129053 51
REALCHAR 673086717601 168271679413 51
REALCHAR 673389549121 168347387293 51
REALCHAR 673742721961 168435680503 51
DEEP 674586445009 168646611270 71
REALCHAR 675677715001 168919428763 51
REALCHAR 676016772601 169004193163 51
DEEP 676893516049 169223379030 71
DEEP 676914567169 169228641810 71
REALCHAR 676943678401 169235919613 51
DEEP 677622868729 169405717200 71
REALCHAR 677654802889 169413700741 75
DEEP 677654802889 169413700747 99
DEEP 678903373801 169725843468 71
REALCHAR 679013616121 169753404043 51
REALCHAR 679480761961 169870190503 51
REALCHAR 679942347841 169985586973 51
REALCHAR 679945645681 169986411433 51
REALCHAR 680571778441 170142944623 51
REALCHAR 681954553921 170488638493 51
SUPPORT 681977303401 170494325863 51
DEEP 681977303401 170494325868 71
SUPPORT 682086894241 170521723573 51
DEEP 682158615961 170539654011 83
REALCHAR 682211263561 170552815903 51
DEEP 682267445161 170566861308 71
REALCHAR 683094983041 170773745773 51
REALCHAR 683658601081 170914650283 51
REALCHAR 684014572921 171003643243 51
DEEP 684197287489 171049321890 71
DEEP 684814767289 171203691841 75
DEEP 685716312241 171429078078 71
DEEP 686517214681 171629303688 71
REALCHAR 686614960201 171653740063 51
SUPPORT 686855208601 171713802163 51
DEEP 687322355281 171830588838 71
DEEP 687533189281 171883297341 83
REALCHAR 688180531921 172045132993 51
REALCHAR 688504078081 172126019533 51
DEEP 688671642481 172167910638 71
DEEP 688736099041 172184024778 71
DEEP 689143787641 172285946928 71
DEEP 689499384289 172374846090 71
REALCHAR 689584094761 172396023703 51
REALCHAR 690236679001 172559169763 51
REALCHAR 690522368761 172630592203 51
SUPPORT 690756688801 172689172213 51
REALCHAR 690799641841 172699910473 51
DEEP 690869996881 172717499239 75
REALCHAR 690910133281 172727533333 51
REALCHAR 690980421121 172745105293 51
DEEP 690980421121 172745105298 71
REALCHAR 691126879921 172781719993 51
REALCHAR 691176596881 172794149233 51
DEEP 691176596881 172794149238 71
REALCHAR 691362162241 172840540573 51
REALCHAR 692158091641 173039522923 51
REALCHAR 692253153601 173063288413 51
REALCHAR 692606736721 173151684193 51
REALCHAR 693753846241 173438461573 51
REALCHAR 694387434841 173596858723 51
REALCHAR 695456449081 173864112283 51
REALCHAR 695826801121 173956700293 51
REALCHAR 695832960001 173958240013 51
REALCHAR 696024514201 174006128563 51
DEEP 696024514201 174006128570 79
DEEP 696193623889 174048405990 71
REALCHAR 696502847041 174125711773 51
REALCHAR 696589251121 174147312793 51
DEEP 697521898921 174380474748 71
REALCHAR 697715892721 174428973193 51
REALCHAR 697729984561 174432496153 51
SUPPORT 697777393681 174444348433 51
REALCHAR 698132200921 174533050243 51
REALCHAR 698179143601 174544785913 51
DEEP 698187506041 174546876528 71
REALCHAR 698669404801 174667351213 51
DEEP 699116643289 174779160840 71
DEEP 700282398841 175070599728 71
REALCHAR 700914670681 175228667683 51
REALCHAR 701256958921 175314239743 51
REALCHAR 701767993081 175441998283 51
REALCHAR 701838440521 175459610143 51
REALCHAR 702239123041 175559780773 51
REALCHAR 703363140841 175840785223 51
DEEP 704206468081 176051617038 71
REALCHAR 704596839241 176149209823 51
REALCHAR 704732184601 176183046163 51
REALCHAR 704817210241 176204302573 51
DEEP 705455128249 176363782082 79
REALCHAR 705567675121 176391918793 51
REALCHAR 705940261321 176485065343 51
REALCHAR 706230511561 176557627903 51
REALCHAR 706842638401 176710659613 51
REALCHAR 706876177921 176719044493 51
DEEP 706890329209 176722582320 71
REALCHAR 706992143881 176748035983 51
DEEP 707348683441 176837170880 79
REALCHAR 707790930001 176947732513 51
REALCHAR 708379370521 177094842643 51
REALCHAR 708797700361 177199425103 51
REALCHAR 708839124841 177209781223 51
DEEP 709448560921 177362140256 103
REALCHAR 709711827841 177427956973 51
DEEP 710998412569 177749603160 71
REALCHAR 712076942641 178019235673 51
DEEP 713874731761 178468682958 71
DEEP 714427267009 178606816770 71
REALCHAR 714585688441 178646422123 51
REALCHAR 714656710681 178664177683 51
DEEP 714696896761 178674224210 79
DEEP 715219922881 178804980738 71
DEEP 715786815241 178946703830 79
DEEP 715915256809 178978814220 71
DEEP 716480498449 179120124631 75
REALCHAR 716609861881 179152465483 51
REALCHAR 717199024441 179299756123 51
REALCHAR 717422932801 179355733213 51
REALCHAR 717693517921 179423379493 51
REALCHAR 717754556401 179438639113 51
DEEP 717754556401 179438639120 79
REALCHAR 718972326361 179743081603 51
SUPPORT 719070807361 179767701853 51
DEEP 719282653489 179820663390 71
REALCHAR 719292945361 179823236353 51
REALCHAR 719343991081 179835997783 51
REALCHAR 719813773561 179953443403 51
DEEP 719813773561 179953443408 71
REALCHAR 720024375841 180006093973 51
REALCHAR 720151169761 180037792453 51
DEEP 720303720361 180075930108 71
DEEP 720552828241 180138207080 79
REALCHAR 720718977001 180179744263 51
REALCHAR 721662609721 180415652443 51
REALCHAR 722656711921 180664177993 51
REALCHAR 722979062521 180744765643 51
REALCHAR 723304307881 180826076983 51
REALCHAR 723968815441 180992203873 51
DEEP 724091614009 181022903520 71
REALCHAR 724776660001 181194165013 51
DEEP 725779776121 181444944050 79
DEEP 725911543681 181477885939 75
REALCHAR 727110733801 181777683463 51
REALCHAR 727356338641 181839084673 51
DEEP 727366940689 181841735190 71
REALCHAR 727880718601 181970179663 51
REALCHAR 728068011841 182017002973 51
REALCHAR 728552905441 182138226373 51
REALCHAR 728578060081 182144515033 51
REALCHAR 728693085481 182173271383 51
DEEP 729006005809 182251501470 71
SUPPORT 729008594161 182252148553 51
REALCHAR 729418448641 182354612173 51
DEEP 729487991521 182371997898 71
SUPPORT 729868651801 182467162963 51
REALCHAR 730735997161 182683999303 51
REALCHAR 730762837561 182690709403 51
DEEP 731034202369 182758550610 71
DEEP 731217397849 182804349482 79
DEEP 731812943761 182953235960 79
REALCHAR 731978832841 182994708223 51
REALCHAR 732099127321 183024781843 51
DEEP 732571233601 183142808420 79
REALCHAR 733427632081 183356908033 51
REALCHAR 734125826281 183531456583 51
REALCHAR 734220909361 183555227353 51
DEEP 734253563521 183563390899 75
DEEP 734555338609 183638834670 71
REALCHAR 735770878441 183942719623 51
REALCHAR 736483495801 184120873963 51
DEEP 736504387249 184126096830 71
REALCHAR 737120712241 184280178073 51
REALCHAR 737213014561 184303253653 51
REALCHAR 737332692121 184333173043 51
REALCHAR 737435344801 184358836213 51
REALCHAR 737520385681 184380096433 51
DEEP 737520385681 184380096438 71
DEEP 737852198329 184463049602 79
REALCHAR 737886829681 184471707433 51
DEEP 737974012801 184493503218 71
REALCHAR 738183537001 184545884263 51
REALCHAR 738579234241 184644808573 51
REALCHAR 738625173001 184656293263 51
DEEP 738847255129 184711813800 71
REALCHAR 739068952561 184767238153 51
REALCHAR 739097302441 184774325623 51
REALCHAR 739108693801 184777173463 51
REALCHAR 739148661001 184787165263 51
REALCHAR 739257625681 184814406433 51
REALCHAR 739353342121 184838335543 51
REALCHAR 739765671241 184941417823 51
SUPPORT 739886412721 184971603193 51
DEEP 740259987769 185064996960 71
REALCHAR 740553872881 185138468233 51
DEEP 741237978121 185309494548 71
DEEP 742539701401 185634925368 71
REALCHAR 742788652321 185697163093 51
REALCHAR 743297777161 185824444303 51
REALCHAR 743454140641 185863535173 51
REALCHAR 743557888921 185889472243 51
REALCHAR 744539781001 186134945263 51
DEEP 744734984569 186183746160 71
REALCHAR 745251151681 186312787933 51
REALCHAR 745362889441 186340722373 51
DEEP 745548769681 186387192438 71
REALCHAR 745570972441 186392743123 51
REALCHAR 745779177361 186444794353 51
REALCHAR 745845418081 186461354533 51
DEEP 745845418081 186461354538 71
REALCHAR 746292051961 186573013003 51
REALCHAR 746428733521 186607183393 51
REALCHAR 749063538001 187265884513 51
DEEP 749409531049 187352382780 71
REALCHAR 749593968601 187398492163 51
REALCHAR 750375728281 187593932083 51
REALCHAR 750797171881 187699292983 51
DEEP 750965737729 187741434450 71
REALCHAR 751075093441 187768773373 51
SUPPORT 752030848321 188007712093 51
DEEP 752237732401 188059433118 71
DEEP 752623548121 188155887052 87
REALCHAR 753009533761 188252383453 51
REALCHAR 753679203601 188419800913 51
REALCHAR 753735946681 188433986683 51
REALCHAR 753841069921 188460267493 51
REALCHAR 754409872441 188602468129 75
DEEP 754409872441 188602468130 79
REALCHAR 754652425081 188663106283 51
DEEP 755100010729 188775002700 71
DEEP 755111930329 188777982602 79
DEEP 755963529721 188990882449 75
REALCHAR 756049380241 189012345073 51
DEEP 756049380241 189012345079 75
DEEP 756816903649 189204225936 95
REALCHAR 757052039041 189263009773 51
DEEP 757914802969 189478700760 71
DEEP 757986013801 189496503468 71
REALCHAR 758461199161 189615299803 51
DEEP 758663800801 189665950221 83
REALCHAR 758952684961 189738171253 51
REALCHAR 759762432361 189940608103 51
REALCHAR 759892683001 189973170763 51
REALCHAR 759920365801 189980091463 51
DEEP 761403297769 190350824470 111
REALCHAR 761681142121 190420285543 51
REALCHAR 762064160881 190516040233 51
REALCHAR 762675582601 190668895663 51
SUPPORT 763148502481 190787125633 51
DEEP 764321268481 191080317138 71
DEEP 764455703881 191113925988 71
DEEP 764672553121 191168138299 75
REALCHAR 764694804721 191173701193 51
REALCHAR 764926516561 191231629153 51
DEEP 764926516561 191231629160 79
DEEP 765038989009 191259747270 71
DEEP 765927239401 191481809868 71
SUPPORT 767358419881 191839604983 51
DEEP 767643464449 191910866130 71
REALCHAR 768945754201 192236438563 51
REALCHAR 769032025441 192258006373 51
REALCHAR 769636838881 192409209733 51
DEEP 769636838881 192409209740 79
REALCHAR 769994868241 192498717073 51
REALCHAR 770024061361 192506015353 51
REALCHAR 770774447881 192693611983 51
REALCHAR 771309924841 192827481223 51
DEEP 771541238521 192885309652 87
REALCHAR 771998889601 192999722413 51
REALCHAR 772359349441 193089837373 51
REALCHAR 772512129601 193128032413 51
REALCHAR 773007894961 193251973753 51
REALCHAR 773769994321 193442498593 51
DEEP 774049085209 193512271320 71
REALCHAR 774362525161 193590631303 51
REALCHAR 774571893001 193642973263 51
REALCHAR 775462481641 193865620423 51
REALCHAR 775567294321 193891823593 51
DEEP 776140199041 194035049778 71
SUPPORT 776417380561 194104345153 51
SUPPORT 777080165761 194270041453 51
REALCHAR 778062183721 194515545943 51
REALCHAR 778390674961 194597668753 51
REALCHAR 778728941761 194682235453 51
DEEP 779112694441 194778173628 71
REALCHAR 779131667161 194782916803 51
DEEP 779526954361 194881738608 71
REALCHAR 779925080281 194981270083 51
REALCHAR 780373999441 195093499873 51
REALCHAR 781079389561 195269847403 51
DEEP 781079389561 195269847408 71
SUPPORT 781106028481 195276507133 51
DEEP 781106028481 195276507138 71
REALCHAR 781246278121 195311569543 51
DEEP 781386934441 195346733628 71
REALCHAR 781712649481 195428162383 51
REALCHAR 781718769001 195429692263 51
DEEP 782407945489 195601986390 71
REALCHAR 783004863001 195751215763 51
DEEP 783563931049 195890982780 71
DEEP 784426314169 196106578560 71
REALCHAR 784547860321 196136965093 51
REALCHAR 784587321961 196146830503 51
SUPPORT 784674256081 196168564033 51
REALCHAR 784896632521 196224158143 51
REALCHAR 784930356961 196232589253 51
REALCHAR 785121589561 196280397403 51
REALCHAR 785182464361 196295616103 51
DEEP 785229965809 196307491470 71
REALCHAR 785393697841 196348424473 51
REALCHAR 785650195801 196412548963 51
REALCHAR 786014814601 196503703663 51
REALCHAR 786574625281 196643656333 51
REALCHAR 787147201201 196786800313 51
DEEP 787575891001 196893972771 83
REALCHAR 787913282521 196978320643 51
REALCHAR 788344080001 197086020013 51
REALCHAR 789014641321 197253660343 51
REALCHAR 789410262001 197352565513 51
REALCHAR 789819136681 197454784183 51
REALCHAR 790577587801 197644396963 51
DEEP 790577587801 197644396968 71
DEEP 790776422881 197694105738 71
REALCHAR 790997790361 197749447603 51
SUPPORT 791129143561 197782285903 51
REALCHAR 791918607841 197979651973 51
REALCHAR 792110770201 198027692563 51
REALCHAR 792252072361 198063018103 51
REALCHAR 793097262721 198274315693 51
REALCHAR 793527596761 198381899203 51
DEEP 793527596761 198381899211 83
DEEP 795032198041 198758049528 71
REALCHAR 795222231241 198805557823 51
REALCHAR 795699110761 198924777703 51
DEEP 795699110761 198924777710 79
REALCHAR 796203295801 199050823963 51
DEEP 796803638569 199200909660 71
REALCHAR 796943697001 199235924263 51
DEEP 796943697001 199235924270 79
DEEP 797020587169 199255146810 71
SUPPORT 797458987081 199364746783 51
REALCHAR 797948856721 199487214193 51
DEEP 798767915401 199691978868 71
REALCHAR 798955783921 199738945993 51
SUPPORT 799166014201 199791503563 51
DEEP 799166014201 199791503568 71
REALCHAR 799189788601 199797447163 51
REALCHAR 799203678121 199800919543 51
REALCHAR 799471896001 199867974013 51
REALCHAR 799596120241 199899030073 51
REALCHAR 799703382241 199925845573 51
REALCHAR 800252034481 200063008633 51
DEEP 800252034481 200063008638 71
DEEP 801260076241 200315019078 71
DEEP 801325371961 200331343009 75
DEEP 801563569249 200390892332 79
DEEP 802293372409 200573343120 71
DEEP 802712735449 200678183882 79
REALCHAR 802728892681 200682223183 51
DEEP 802887225529 200721806400 71
REALCHAR 803120935681 200780233933 51
REALCHAR 803739014521 200934753643 51
REALCHAR 803763539881 200940884983 51
DEEP 804586649161 201146662308 71
SUPPORT 804990678361 201247669603 51
DEEP 806232300241 201558075079 75
REALCHAR 806729120521 201682280143 51
DEEP 807154084489 201788521142 79
DEEP 807740540161 201935135061 83
REALCHAR 807759128401 201939782113 51
REALCHAR 807759128401 201939782119 75
DEEP 807759128401 201939782120 79
REALCHAR 807854686081 201963671533 51
REALCHAR 808353527881 202088381983 51
REALCHAR 808417349041 202104337273 51
REALCHAR 808502841721 202125710443 51
REALCHAR 808780885201 202195221313 51
REALCHAR 809002435081 202250608783 51
DEEP 809002435081 202250608788 71
DEEP 809060819449 202265204880 71
REALCHAR 809416011121 202354002793 51
REALCHAR 809574962641 202393740673 51
DEEP 809798481361 202449620359 75
DEEP 810164833921 202541208498 71
REALCHAR 810747029401 202686757363 51
DEEP 810747029401 202686757368 71
REALCHAR 810810805561 202702701403 51
DEEP 811452304441 202863076130 79
REALCHAR 811826168521 202956542143 51
REALCHAR 812111176801 203027794213 51
DEEP 812111176801 203027794218 71
REALCHAR 812238439321 203059609843 51
REALCHAR 812507808121 203126952043 51
DEEP 813272052961 203318013260 79
REALCHAR 813781098601 203445274663 51
REALCHAR 813896847481 203474211883 51
DEEP 815039419489 203759854890 71
REALCHAR 815632027681 203908006933 51
REALCHAR 816405052681 204101263183 51
DEEP 816908862169 204227215560 71
DEEP 817506734641 204376683679 75
REALCHAR 817672457281 204418114333 51
REALCHAR 818333481001 204583370263 51
REALCHAR 818663224201 204665806063 51
REALCHAR 819313794601 204828448663 51
REALCHAR 820118238241 205029559573 51
DEEP 820395309889 205098827491 75
REALCHAR 820909607281 205227401833 51
REALCHAR 821823294601 205455823663 51
DEEP 821901723889 205475430990 71
REALCHAR 823349292481 205837323133 51
DEEP 823951159201 205987789818 71
REALCHAR 824141952481 206035488133 51
REALCHAR 824248991281 206062247833 51
DEEP 824695028089 206173757040 71
REALCHAR 824823868801 206205967213 51
SUPPORT 824829206041 206207301523 51
REALCHAR 824928857041 206232214273 51
DEEP 824928857041 206232214279 75
REALCHAR 825182980801 206295745213 51
DEEP 825292132729 206323033201 75
DEEP 825858138169 206464534560 71
REALCHAR 826349476681 206587369183 51
REALCHAR 826479298681 206619824683 51
REALCHAR 827072585641 206768146423 51
SUPPORT 827504590201 206876147563 51
DEEP 828578895169 207144723812 79
REALCHAR 828833479321 207208369843 51
SUPPORT 828973243081 207243310783 51
REALCHAR 829142242681 207285560683 51
REALCHAR 829318330201 207329582563 51
REALCHAR 829717167841 207429291973 51
REALCHAR 830437971841 207609492973 51
DEEP 830437971841 207609492981 83
REALCHAR 831021899761 207755474953 51
DEEP 832235187169 208058796810 71
REALCHAR 832355613961 208088903503 51
REALCHAR 832642522321 208160630593 51
DEEP 832825524001 208206381018 71
DEEP 833630074489 208407518640 71
DEEP 834286844329 208571711101 75
REALCHAR 834328296481 208582074133 51
DEEP 835085491321 208771372848 71
REALCHAR 835207012201 208801753063 51
DEEP 835207012201 208801753070 79
SUPPORT 835264754041 208816188523 51
DEEP 836231120761 209057780208 71
DEEP 836687435809 209171858970 71
SUPPORT 837066195001 209266548763 51
SUPPORT 837724669681 209431167433 51
REALCHAR 838494541921 209623635493 51
REALCHAR 839045150161 209761287553 51
REALCHAR 839213226721 209803306693 51
DEEP 839213226721 209803306700 79
REALCHAR 839528855881 209882213983 51
REALCHAR 839729643481 209932410883 51
DEEP 839729643481 209932410888 71
DEEP 840757855081 210189463788 71
REALCHAR 842157874321 210539468593 51
REALCHAR 843058209841 210764552473 51
REALCHAR 843078933841 210769733473 51
REALCHAR 843497497441 210874374373 51
REALCHAR 843983458081 210995864533 51
REALCHAR 844137553561 211034388403 51
DEEP 844620249001 211155062270 79
DEEP 844723905481 211180976388 71
DEEP 844751955961 211187989011 83
REALCHAR 844887340441 211221835123 51
REALCHAR 845232902641 211308225673 51
REALCHAR 846642508321 211660627093 51
REALCHAR 846677130601 211669282663 51
DEEP 846677130601 211669282668 71
DEEP 847350048169 211837512060 71
DEEP 847566164041 211891541028 71
REALCHAR 847613409241 211903352323 51
DEEP 847756769161 211939192308 71
DEEP 848328151441 212082037880 79
REALCHAR 848470466281 212117616583 51
DEEP 848494799881 212123699988 71
REALCHAR 849108788761 212277197203 51
REALCHAR 850493202001 212623300513 51
DEEP 850493202001 212623300518 71
REALCHAR 851060741521 212765185393 51
REALCHAR 851159138281 212789784583 51
REALCHAR 851189115001 212797278763 51
DEEP 851625917041 212906479278 71
REALCHAR 852251761201 213062940313 51
REALCHAR 852266575801 213066643963 51
SUPPORT 852683704681 213170926183 51
REALCHAR 853345058281 213336264583 51
REALCHAR 853867518001 213466879513 51
REALCHAR 854100137641 213525034423 51
REALCHAR 854306876641 213576719173 51
REALCHAR 854559822601 213639955663 51
REALCHAR 854684848081 213671212033 51
DEEP 854847561649 213711890430 71
REALCHAR 855215697961 213803924503 51
REALCHAR 855401758201 213850439563 51
REALCHAR 856113609121 214028402293 51
DEEP 856438838161 214109709558 71
DEEP 856736127361 214184031858 71
REALCHAR 857138365561 214284591403 51
REALCHAR 857403522361 214350880603 51
DEEP 857403522361 214350880608 71
DEEP 857807897521 214451974398 71
REALCHAR 857825830801 214456457713 51
REALCHAR 857948255761 214487063953 51
REALCHAR 858199558441 214549889623 51
DEEP 858360177481 214590044390 79
REALCHAR 858387474961 214596868753 51
SUPPORT 858536415361 214634103853 51
SUPPORT 858550922161 214637730553 51
DEEP 858550922161 214637730559 75
DEEP 859977934201 214994483568 71
REALCHAR 860006050201 215001512563 51
REALCHAR 860295672721 215073918193 51
DEEP 860470218721 215117554698 71
REALCHAR 860566586881 215141646733 51
REALCHAR 861420643561 215355160903 51
REALCHAR 861581576521 215395394143 51
REALCHAR 861749694961 215437423759 75
DEEP 861749694961 215437423762 87
REALCHAR 862152734041 215538183523 51
REALCHAR 862724462161 215681115553 51
DEEP 862724462161 215681115558 71
REALCHAR 862758568681 215689642183 51
DEEP 862758568681 215689642192 87
DEEP 862882861129 215720715300 71
REALCHAR 863036475841 215759118973 51
REALCHAR 863328916321 215832229093 51
REALCHAR 864311439601 216077859913 51
SUPPORT 865018411321 216254602843 51
REALCHAR 865199340721 216299835193 51
DEEP 865199340721 216299835198 71
REALCHAR 865492593001 216373148263 51
REALCHAR 865507344601 216376836163 51
REALCHAR 865529301121 216382325293 51
DEEP 865612931401 216403232868 71
REALCHAR 865630985041 216407746273 51
REALCHAR 866757675001 216689418763 51
DEEP 866936227609 216734056920 71
REALCHAR 867162755761 216790688953 51
REALCHAR 867734889961 216933722503 51
DEEP 867734889961 216933722508 71
DEEP 867819842761 216954960708 71
REALCHAR 867876091681 216969022933 51
REALCHAR 868392636721 217098159193 51
DEEP 868392636721 217098159199 75
SUPPORT 868748126401 217187031613 51
REALCHAR 869020468801 217255117213 51
REALCHAR 869169443041 217292360773 51
REALCHAR 869554383721 217388595943 51
REALCHAR 869562668881 217390667233 51
REALCHAR 870159827161 217539956803 51
REALCHAR 871556097721 217889024443 51
DEEP 871670036689 217917509193 83
REALCHAR 871807440001 217951860013 51
REALCHAR 872039270041 218009817523 51
REALCHAR 872395792321 218098948093 51
REALCHAR 872739483841 218184870973 51
DEEP 872767949089 218191987290 71
REALCHAR 872774354761 218193588703 51
REALCHAR 872858835601 218214708913 51
DEEP 873021816241 218255454078 71
DEEP 873216821689 218304205440 71
DEEP 874603094401 218650773618 71
DEEP 874839156361 218709789108 71
REALCHAR 875209918801 218802479713 51
REALCHAR 875227805761 218806951453 51
DEEP 875492904049 218873226030 71
DEEP 875579458009 218894864520 71
REALCHAR 875962957081 218990739283 51
REALCHAR 876821833801 219205458463 51
REALCHAR 876827941201 219206985313 51
DEEP 876934921801 219233730470 79
SUPPORT 876947545321 219236886343 51
DEEP 877112182489 219278045641 75
REALCHAR 877270033201 219317508313 51
DEEP 877590618529 219397654650 71
SUPPORT 877628663521 219407165893 51
REALCHAR 877839636361 219459909103 51
REALCHAR 878311212601 219577803163 51
SUPPORT 878399865121 219599966293 51
REALCHAR 878436105121 219609026293 51
REALCHAR 878475628801 219618907213 51
REALCHAR 878560473961 219640118503 51
REALCHAR 879310482961 219827620753 51
REALCHAR 879322206361 219830551603 51
REALCHAR 879489672961 219872418253 51
DEEP 879570240649 219892560180 71
REALCHAR 879705879361 219926469853 51
REALCHAR 879815511961 219953878003 51
SUPPORT 880227468121 220056867043 51
DEEP 880371880249 220092970083 83
SUPPORT 880718971441 220179742873 51
REALCHAR 881224946281 220306236583 51
REALCHAR 881523341521 220380835393 51
REALCHAR 882355277281 220588819333 51
DEEP 882549481969 220637370510 71
DEEP 882642201841 220660550480 79
DEEP 882754852849 220688713232 79
REALCHAR 882768795841 220692198973 51
REALCHAR 883911466201 220977866563 51
DEEP 884888743729 221222185950 71
REALCHAR 885021771481 221255442883 51
REALCHAR 885061774081 221265443533 51
REALCHAR 885258989521 221314747393 51
REALCHAR 885342601441 221335650373 51
REALCHAR 885374258521 221343564643 51
REALCHAR 885427005961 221356751503 51
REALCHAR 885512988361 221378247103 51
SUPPORT 886547980081 221636995033 51
REALCHAR 887278494001 221819623513 51
DEEP 887318669329 221829667350 71
DEEP 888236640769 222059160210 71
DEEP 888365823361 222091455858 71
REALCHAR 888743217961 222185804503 51
REALCHAR 889315047721 222328761943 51
REALCHAR 889413684721 222353421193 51
REALCHAR 889651602841 222412900723 51
DEEP 889651602841 222412900728 71
REALCHAR 890256486001 222564121513 51
REALCHAR 890295719041 222573929773 51
DEEP 890352431329 222588107852 79
REALCHAR 890794490041 222698622523 51
REALCHAR 890900332921 222725083243 51
SUPPORT 891038868721 222759717193 51
DEEP 891661914361 222915478608 71
REALCHAR 891773643121 222943410793 51
REALCHAR 892448550841 223112137723 51
REALCHAR 893033087521 223258271893 51
REALCHAR 893472591001 223368147763 51
REALCHAR 894105431521 223526357893 51
REALCHAR 894209491081 223552372783 51
REALCHAR 894234627001 223558656763 51
DEEP 894234627001 223558656768 71
REALCHAR 894273912841 223568478223 51
REALCHAR 895318263841 223829565973 51
REALCHAR 895614998041 223903749523 51
DEEP 896976351769 224244087960 71
REALCHAR 897112720729 224278180201 75
DEEP 897112720729 224278180204 87
REALCHAR 897510680641 224377670173 51
REALCHAR 897676247521 224419061893 51
DEEP 898276720441 224569180128 71
DEEP 898850106001 224712526518 71
REALCHAR 898899882721 224724970693 51
REALCHAR 898923959761 224730989953 51
REALCHAR 898952432401 224738108113 51
REALCHAR 899350231081 224837557783 51
DEEP 899467765249 224866941330 71
REALCHAR 899805423721 224951355943 51
REALCHAR 900012239281 225003059833 51
REALCHAR 900277604521 225069401143 51
DEEP 900518149441 225129537378 71
REALCHAR 900667404121 225166851043 51
REALCHAR 901018969321 225254742343 51
REALCHAR 901184684401 225296171113 51
REALCHAR 901367409721 225341852443 51
REALCHAR 901957248721 225489312193 51
DEEP 902028655609 225507163920 71
REALCHAR 902164809841 225541202473 51
REALCHAR 902706850081 225676712533 51
DEEP 902747455009 225686863771 75
DEEP 902954977369 225738744360 71
REALCHAR 903151234441 225787808623 51
REALCHAR 903392198641 225848049673 51
SUPPORT 903739388161 225934847053 51
DEEP 903739388161 225934847058 71
REALCHAR 905729426281 226432356583 51
DEEP 905867567929 226466892000 71
REALCHAR 906248679961 226562170003 51
REALCHAR 906364469761 226591117453 51
REALCHAR 906439254361 226609813603 51
DEEP 906645211081 226661302788 71
DEEP 906727172521 226681793148 71
DEEP 907919217241 226979804328 71
REALCHAR 908647095841 227161773973 51
REALCHAR 908892457201 227223114313 51
DEEP 908984338441 227246084630 79
REALCHAR 909065155441 227266288873 51
REALCHAR 909130011241 227282502823 51
REALCHAR 909263257681 227315814433 51
DEEP 909862884121 227465721048 71
REALCHAR 911284391161 227821097809 75
DEEP 911284391161 227821097810 79
DEEP 911459343601 227864835918 71
REALCHAR 912968412841 228242103223 51
REALCHAR 913189037401 228297259363 51
DEEP 913403787409 228350946870 71
DEEP 913780547761 228445136959 75
REALCHAR 913859473921 228464868493 51
SUPPORT 914459561401 228614890363 51
REALCHAR 915145860841 228786465223 51
REALCHAR 915364269121 228841067293 51
REALCHAR 915875601481 228968900383 51
SUPPORT 916004380201 229001095063 51
REALCHAR 916758982441 229189745623 51
REALCHAR 916938580321 229234645093 51
REALCHAR 917598842161 229399710553 51
DEEP 918373106641 229593276680 79
REALCHAR 918653038801 229663259713 51
REALCHAR 918660941641 229665235423 51
REALCHAR 919016054401 229754013613 51
REALCHAR 919510181041 229877545273 51
DEEP 920732281921 230183070498 71
REALCHAR 920962694521 230240673643 51
REALCHAR 921019224841 230254806223 51
DEEP 921019224841 230254806228 71
DEEP 921192079921 230298019998 71
REALCHAR 921544683361 230386170853 51
REALCHAR 921713851081 230428462783 51
DEEP 921805391329 230451347850 71
REALCHAR 922037470561 230509367653 51
REALCHAR 922163218201 230540804563 51
REALCHAR 922358268001 230589567013 51
REALCHAR 922624786801 230656196713 51
DEEP 922752431329 230688107850 71
DEEP 923116027201 230779006820 79
REALCHAR 924327011521 231081752893 51
DEEP 924391196089 231097799042 79
DEEP 924624023761 231156005960 79
DEEP 924671835649 231167958930 71
REALCHAR 924736733281 231184183333 51
DEEP 925677338041 231419334528 71
DEEP 926158668241 231539667078 71
REALCHAR 926228634241 231557158573 51
REALCHAR 926270744281 231567686083 51
REALCHAR 926488101841 231622025473 51
REALCHAR 927688792801 231922198213 51
REALCHAR 928130133841 232032533473 51
SUPPORT 928630480801 232157620213 51
REALCHAR 928895997481 232223999383 51
DEEP 929142871801 232285717968 71
DEEP 930377853409 232594463370 71
DEEP 930433096321 232608274098 71
DEEP 930485288329 232621322100 71
DEEP 930885648289 232721412090 71
DEEP 930961246609 232740311670 71
DEEP 930983763649 232745940930 71
REALCHAR 931179981601 232794995413 51
DEEP 931179981601 232794995420 79
DEEP 931241777449 232810444380 71
DEEP 932013978289 233003494590 71
REALCHAR 932951988721 233237997193 51
REALCHAR 932966542561 233241635653 51
REALCHAR 933031196161 233257799053 51
REALCHAR 933280028041 233320007023 51
REALCHAR 934093210801 233523302713 51
DEEP 934127385409 233531846370 71
REALCHAR 934951774201 233737943563 51
REALCHAR 935249071201 233812267813 51
DEEP 935370632641 233842658178 71
DEEP 936160203169 234040050810 71
DEEP 936209894929 234052473750 71
REALCHAR 936747367921 234186841993 51
REALCHAR 937374374161 234343593553 51
REALCHAR 937561327921 234390331993 51
REALCHAR 938135380081 234533845033 51
REALCHAR 938694149761 234673537453 51
DEEP 938873241601 234718310418 71
DEEP 939106467121 234776616798 71
DEEP 939967796329 234991949100 71
DEEP 940134601849 235033650482 79
REALCHAR 940864786801 235216196713 51
REALCHAR 941247255001 235311813763 51
SUPPORT 941295527041 235323881773 51
DEEP 941898728521 235474682148 71
REALCHAR 941953283881 235488320983 51
DEEP 942001064449 235500266130 71
REALCHAR 942449659321 235612414843 51
REALCHAR 943444073881 235861018483 51
REALCHAR 944117480881 236029370233 51
REALCHAR 945152992081 236288248033 51
REALCHAR 945509997721 236377499443 51
DEEP 945698283721 236424570948 71
DEEP 945898707601 236474676921 83
REALCHAR 945915435481 236478858883 51
REALCHAR 946320896161 236580224053 51
DEEP 946509645481 236627411389 75
DEEP 946701754441 236675438634 95
DEEP 946825128649 236706282180 71
REALCHAR 946858152601 236714538163 51
REALCHAR 947030863081 236757715783 51
REALCHAR 948381510001 237095377513 51
DEEP 948474802081 237118700538 71
DEEP 948786414601 237196603668 71
DEEP 949144207489 237286051890 71
DEEP 950116324369 237529081111 75
REALCHAR 950639396281 237659849083 51
DEEP 950680889929 237670222504 87
DEEP 950918733769 237729683460 71
REALCHAR 950931746521 237732936643 51
SUPPORT 950989090921 237747272743 51
DEEP 951740083009 237935020772 79
SUPPORT 952485985201 238121496313 51
DEEP 953187025729 238296756450 71
SUPPORT 953403167161 238350791803 51
REALCHAR 954331473481 238582868383 51
REALCHAR 954399932641 238599983173 51
DEEP 954431493409 238607873370 71
DEEP 954474427201 238618606820 79
REALCHAR 955653546241 238913386573 51
SUPPORT 955789380001 238947345013 51
REALCHAR 956113077481 239028269383 51
REALCHAR 956186158321 239046539593 51
REALCHAR 956520862441 239130215623 51
REALCHAR 957538174321 239384543593 51
REALCHAR 958001235361 239500308853 51
REALCHAR 958056912121 239514228043 51
REALCHAR 958853717761 239713429453 51
SUPPORT 959101171081 239775292783 51
DEEP 959220132049 239805033030 71
SUPPORT 959326330561 239831582653 51
DEEP 959326330561 239831582666 103
DEEP 959937996889 239984499240 71
REALCHAR 960790632481 240197658133 51
REALCHAR 961032704641 240258176173 51
REALCHAR 961272465841 240318116473 51
REALCHAR 961697094121 240424273543 51
REALCHAR 962093766481 240523441633 51
REALCHAR 962670837241 240667709323 51
REALCHAR 962986808281 240746702083 51
REALCHAR 963264428281 240816107083 51
DEEP 963734849401 240933712369 75
DEEP 964150402609 241037600670 71
DEEP 965552181889 241388045490 71
REALCHAR 965699302681 241424825683 51
REALCHAR 965729443561 241432360903 51
REALCHAR 965748362881 241437090733 51
REALCHAR 966192658201 241548164563 51
DEEP 966292212649 241573053180 71
DEEP 967510188121 241877547048 71
REALCHAR 967644208801 241911052213 51
DEEP 968586257521 242146564398 71
REALCHAR 968966736721 242241684193 51
DEEP 969273817801 242318454468 71
REALCHAR 969568760161 242392190053 51
DEEP 969621117529 242405279400 71
REALCHAR 969637422961 242409355753 51
REALCHAR 970020892201 242505223063 51
REALCHAR 970656851761 242664212953 51
SUPPORT 971031770641 242757942673 51
DEEP 971031770641 242757942680 79
REALCHAR 971953070761 242988267703 51
DEEP 972262714201 243065678570 79
DEEP 973201298161 243300324558 71
REALCHAR 973210188721 243302547193 51
DEEP 973276279369 243319069860 71
REALCHAR 973380686041 243345171523 51
REALCHAR 973427560561 243356890153 51
DEEP 973427560561 243356890161 83
REALCHAR 973479683401 243369920863 51
DEEP 973645727209 243411431820 71
DEEP 974634063649 243658515932 79
REALCHAR 974687757481 243671939383 51
REALCHAR 974888707321 243722176843 51
REALCHAR 975559665721 243889916443 51
DEEP 975559665721 243889916448 71
DEEP 975868094161 243967023559 75
REALCHAR 975921482761 243980370703 51
REALCHAR 977752986961 244438246753 51
REALCHAR 977785245889 244446311491 75
DEEP 977785245889 244446311492 79
REALCHAR 978419547361 244604886853 51
REALCHAR 978443179081 244610794783 51
REALCHAR 978771361801 244692840463 51
REALCHAR 979282731001 244820682763 51
DEEP 979883762881 244970940738 71
DEEP 979883856169 244970964063 83
DEEP 980012113921 245003028498 71
REALCHAR 981723910561 245430977653 51
DEEP 982391857561 245597964410 79
REALCHAR 982430967961 245607742003 51
SUPPORT 982711551721 245677887943 51
DEEP 982850345569 245712586410 71
REALCHAR 982896222361 245724055603 51
REALCHAR 983021104081 245755276033 51
DEEP 984379322161 246094830559 75
DEEP 984942945529 246235736402 79
REALCHAR 985657070161 246414267553 51
REALCHAR 986670135721 246667533943 51
REALCHAR 986711631361 246677907853 51
REALCHAR 986818356001 246704589013 51
REALCHAR 987028583641 246757145923 51
REALCHAR 987755889961 246938972503 51
REALCHAR 987865203361 246966300853 51
REALCHAR 988107591241 247026897823 51
REALCHAR 988165704241 247041426073 51
REALCHAR 988826158321 247206539593 51
DEEP 988961516449 247240379130 71
DEEP 989455751881 247363937988 71
DEEP 989533415809 247383353971 75
DEEP 989554812481 247388703140 79
DEEP 990540559969 247635140011 75
REALCHAR 991341231721 247835307943 51
REALCHAR 991573626481 247893406633 51
REALCHAR 991820687881 247955171983 51
REALCHAR 992347026841 248086756723 51
DEEP 993123573289 248280893344 87
DEEP 993282024289 248320506098 103
DEEP 995583918169 248895979560 71
REALCHAR 995805883921 248951470993 51
REALCHAR 996136143601 249034035913 51
REALCHAR 996523088401 249130772113 51
SUPPORT 996624460441 249156115123 51
REALCHAR 997086368041 249271592023 51
REALCHAR 998017222801 249504305713 51
REALCHAR 998147635081 249536908783 51
DEEP 998413255249 249603313830 71
SUPPORT 998450496481 249612624133 51
REALCHAR 998578230241 249644557573 51
REALCHAR 998793401761 249698350453 51
REALCHAR 999014949241 249753737323 51
REALCHAR 999031506841 249757876723 51
REALCHAR 999114430441 249778607623 51
REALCHAR 1000404904801 250101226213 51
REALCHAR 1000945019281 250236254833 51
DEEP 1000945019281 250236254838 71
REALCHAR 1001387674681 250346918683 51
DEEP 1001547692209 250386923072 79
REALCHAR 1001737145161 250434286303 51
DEEP 1001737145161 250434286310 79
DEEP 1002026888041 250506722028 71
REALCHAR 1002229536361 250557384103 51
DEEP 1002327515641 250581878932 87
DEEP 1002337928881 250584482238 71
REALCHAR 1002487045561 250621761403 51
DEEP 1002487045561 250621761408 71
DEEP 1003162885729 250790721450 71
REALCHAR 1003282284601 250820571163 51
REALCHAR 1003317557761 250829389453 51
REALCHAR 1003459991881 250864997983 51
REALCHAR 1003635171841 250908792973 51
DEEP 1003700625841 250925156478 71
SUPPORT 1004082893641 251020723423 51
REALCHAR 1004355171121 251088792793 51
DEEP 1004432909089 251108227291 75
REALCHAR 1004473266241 251118316573 51
REALCHAR 1005498912721 251374728193 51
REALCHAR 1005561927241 251390481823 51
REALCHAR 1005669801361 251417450353 51
REALCHAR 1006009243801 251502310963 51
REALCHAR 1006178410561 251544602653 51
DEEP 1006379668849 251594917230 71
REALCHAR 1007754141241 251938535323 51
DEEP 1008104175961 252026044008 71
REALCHAR 1008745967161 252186491803 51
DEEP 1008769024201 252192256068 71
SUPPORT 1009072475161 252268118803 51
REALCHAR 1009294253881 252323563483 51
REALCHAR 1009664958241 252416239573 51
REALCHAR 1010649479401 252662369863 51
REALCHAR 1011504095281 252876023833 51
SUPPORT 1011539030401 252884757613 51
DEEP 1011969277201 252992319318 71
DEEP 1012115543209 253028885820 71
REALCHAR 1012589749081 253147437289 75
DEEP 1012589749081 253147437291 83
REALCHAR 1013028216841 253257054223 51
REALCHAR 1013056700881 253264175233 51
SUPPORT 1015276022401 253819005613 51
REALCHAR 1015413079321 253853269843 51
DEEP 1015823445289 253955861340 71
DEEP 1016064218569 254016054660 71
REALCHAR 1016230805041 254057701273 51
DEEP 1016230805041 254057701278 71
REALCHAR 1016347998961 254086999753 51
REALCHAR 1016512190521 254128047643 51
DEEP 1016591719081 254147929788 71
DEEP 1016729919529 254182479900 71
REALCHAR 1017370379281 254342594833 51
REALCHAR 1017457499881 254364374983 51
REALCHAR 1017689321401 254422330363 51
DEEP 1018102292089 254525573040 71
REALCHAR 1018525413361 254631353353 51
DEEP 1018861945201 254715486318 71
DEEP 1019023209649 254755802430 71
DEEP 1019102037409 254775509370 71
DEEP 1019145113281 254786278338 71
DEEP 1020224710129 255056177550 71
DEEP 1020840884449 255210221130 71
DEEP 1021376293081 255344073290 79
REALCHAR 1022007738361 255501934603 51
REALCHAR 1022032383241 255508095823 51
SUPPORT 1022623428121 255655857043 51
REALCHAR 1023423554521 255855888643 51
REALCHAR 1023713044201 255928261063 51
REALCHAR 1024484501041 256121125273 51
REALCHAR 1025102077561 256275519403 51
REALCHAR 1025667973201 256416993313 51
DEEP 1026213209641 256553302428 71
REALCHAR 1027066000801 256766500213 51
REALCHAR 1027297608481 256824402133 51
DEEP 1027488884689 256872221190 71
DEEP 1027900446049 256975111530 71
REALCHAR 1028173709161 257043427303 51
DEEP 1028361321289 257090330340 71
REALCHAR 1028483306761 257120826703 51
REALCHAR 1028562255361 257140563853 51
DEEP 1028594536369 257148634112 79
DEEP 1028749128289 257187282090 71
REALCHAR 1028852461081 257213115283 51
DEEP 1030075143241 257518785831 83
REALCHAR 1030358767201 257589691813 51
DEEP 1030740147649 257685036930 71
REALCHAR 1030790444161 257697611053 51
DEEP 1030928331889 257732082990 71
REALCHAR 1031018445601 257754611413 51
REALCHAR 1031298309721 257824577443 51
REALCHAR 1031798759161 257949689803 51
DEEP 1031798759161 257949689808 71
REALCHAR 1031895905881 257973976483 51
REALCHAR 1032617671801 258154417963 51
REALCHAR 1033021265761 258255316453 51
DEEP 1033021265761 258255316460 79
REALCHAR 1034298927601 258574731913 51
DEEP 1035376163761 258844040958 71
REALCHAR 1035679435561 258919858903 51
REALCHAR 1036257790681 259064447683 51
REALCHAR 1036757438641 259189359673 51
DEEP 1036981576849 259245394230 71
REALCHAR 1037117988481 259279497133 51
REALCHAR 1037611065241 259402766323 51
REALCHAR 1038034795561 259508698903 51
DEEP 1038109865521 259527466398 71
REALCHAR 1038314502241 259578625573 51
DEEP 1038314502241 259578625578 71
REALCHAR 1038517731241 259629432823 51
REALCHAR 1038957530521 259739382643 51
REALCHAR 1039686724561 259921681153 51
DEEP 1039686724561 259921681159 75
REALCHAR 1039911838681 259977959683 51
REALCHAR 1040103761761 260025940453 51
REALCHAR 1040174168401 260043542113 51
DEEP 1040233766881 260058441738 71
DEEP 1040890960729 260222740200 71
REALCHAR 1041223889161 260305972303 51
DEEP 1041333553129 260333388301 75
REALCHAR 1041516130561 260379032653 51
DEEP 1041908707921 260477176998 71
REALCHAR 1041920867521 260480216893 51
REALCHAR 1041936939481 260484234883 51
REALCHAR 1041989868481 260497467133 51
DEEP 1041989868481 260497467138 71
REALCHAR 1042342141681 260585535433 51
DEEP 1042799109361 260699777358 71
SUPPORT 1043747119801 260936779963 51
REALCHAR 1043921366401 260980341613 51
REALCHAR 1044373743001 261093435763 51
DEEP 1044483986569 261120996665 91
REALCHAR 1045153954441 261288488623 51
DEEP 1045153954441 261288488630 79
REALCHAR 1045255623721 261313905943 51
REALCHAR 1045496584441 261374146123 51
DEEP 1045713144529 261428286150 71
REALCHAR 1046148406801 261537101713 51
DEEP 1046148406801 261537101718 71
REALCHAR 1047424724641 261856181173 51
REALCHAR 1047476210881 261869052733 51
REALCHAR 1047479073001 261869768263 51
REALCHAR 1048989084361 262247271103 51
REALCHAR 1049643691321 262410922843 51
DEEP 1050168642961 262542160759 75
REALCHAR 1050470291641 262617572923 51
REALCHAR 1050770846161 262692711553 51
DEEP 1050896659201 262724164818 71
REALCHAR 1051489180681 262872295183 51
REALCHAR 1053000645841 263250161473 51
REALCHAR 1053316941121 263329235293 51
REALCHAR 1053338785801 263334696463 51
REALCHAR 1053491830561 263372957653 51
REALCHAR 1053893323921 263473330993 51
REALCHAR 1054056282841 263514070723 51
DEEP 1054318401049 263579600280 71
REALCHAR 1055105804041 263776451023 51
REALCHAR 1056515700601 264128925163 51
REALCHAR 1056610716841 264152679223 51
DEEP 1056852447121 264213111799 75
SUPPORT 1057101570121 264275392543 51
REALCHAR 1057157298961 264289324753 51
REALCHAR 1057196272441 264299068123 51
REALCHAR 1057198000681 264299500183 51
REALCHAR 1057716817921 264429204493 51
REALCHAR 1057987362721 264496840693 51
REALCHAR 1058002229881 264500557483 51
REALCHAR 1058261404561 264565351153 51
DEEP 1058265876529 264566469150 71
REALCHAR 1058449959121 264612489793 51
DEEP 1059045736849 264761434230 71
REALCHAR 1059187099441 264796774873 51
REALCHAR 1059223500721 264805875193 51
REALCHAR 1059390638881 264847659733 51
DEEP 1059728647849 264932161981 75
REALCHAR 1059763310761 264940827703 51
REALCHAR 1059983667961 264995917003 51
REALCHAR 1060031940361 265007985103 51
DEEP 1062712632361 265678158108 71
DEEP 1063439988601 265859997168 71
REALCHAR 1063830309481 265957577383 51
DEEP 1064178741649 266044685430 71
REALCHAR 1064486309041 266121577273 51
REALCHAR 1064642699761 266160674953 51
REALCHAR 1065119796841 266279949223 51
REALCHAR 1065532420681 266383105183 51
DEEP 1066512933721 266628233448 71
DEEP 1066542763969 266635691010 71
REALCHAR 1066789909201 266697477313 51
REALCHAR 1067375981281 266843995333 51
DEEP 1068686073841 267171518478 71
REALCHAR 1069042040641 267260510173 51
DEEP 1070068565329 267517141353 83
REALCHAR 1070279178721 267569794693 51
REALCHAR 1071231599881 267807899983 51
DEEP 1071231599881 267807899990 79
DEEP 1071809562121 267952390548 71
SUPPORT 1072158238321 268039559593 51
REALCHAR 1072887631201 268221907813 51
REALCHAR 1073011699321 268252924843 51
REALCHAR 1073248701121 268312175293 51
SUPPORT 1073341923481 268335480883 51
DEEP 1073470050409 268367512620 71
REALCHAR 1075006996561 268751749153 51
DEEP 1075217066401 268804266620 79
REALCHAR 1075369121401 268842280363 51
REALCHAR 1077760830721 269440207693 51
DEEP 1078283100049 269570775030 71
DEEP 1078291426081 269572856538 71
DEEP 1079130344161 269782586059 75
REALCHAR 1079536375681 269884093933 51
REALCHAR 1079636389441 269909097373 51
REALCHAR 1080353263441 270088315873 51
REALCHAR 1080515646961 270128911753 51
DEEP 1080515646961 270128911758 71
REALCHAR 1080768146761 270192036703 51
REALCHAR 1081612288201 270403072063 51
DEEP 1082622534841 270655633728 71
DEEP 1082832911689 270708227940 71
REALCHAR 1083261291121 270815322793 51
SUPPORT 1083289278241 270822319573 51
REALCHAR 1083352844641 270838211173 51
DEEP 1083453011089 270863252790 71
SUPPORT 1084001843521 271000460893 51
DEEP 1084221773881 271055443488 71
REALCHAR 1085001901201 271250475313 51
DEEP 1086413735521 271603433898 71
REALCHAR 1086620176321 271655044093 51
REALCHAR 1086751042441 271687760623 51
REALCHAR 1087418987041 271854746773 51
REALCHAR 1087792010761 271948002703 51
REALCHAR 1088315987641 272078996923 51
DEEP 1088327815129 272081953800 71
REALCHAR 1088789179921 272197294993 51
REALCHAR 1088920459201 272230114813 51
DEEP 1089068992489 272267248140 71
SUPPORT 1089156785161 272289196303 51
REALCHAR 1089287282521 272321820643 51
REALCHAR 1089460684321 272365171093 51
SUPPORT 1089591119761 272397779953 51
REALCHAR 1090368244081 272592061033 51
DEEP 1091230666969 272807666760 71
DEEP 1091282378209 272820594570 71
REALCHAR 1091599461481 272899865383 51
REALCHAR 1091704470481 272926117633 51
REALCHAR 1092276265921 273069066493 51
REALCHAR 1092438252361 273109563103 51
REALCHAR 1093040711281 273260177833 51
REALCHAR 1093529378881 273382344733 51
REALCHAR 1093633077601 273408269413 51
REALCHAR 1093883612761 273470903203 51
REALCHAR 1093905030241 273476257573 51
REALCHAR 1094016716521 273504179143 51
DEEP 1094016716521 273504179148 71
REALCHAR 1094292877441 273573219373 51
REALCHAR 1094567816521 273641954143 51
REALCHAR 1095601241641 273900310423 51
DEEP 1096256998489 274064249640 71
REALCHAR 1096976506081 274244126533 51
REALCHAR 1098011260921 274502815243 51
DEEP 1098192584449 274548146131 75
REALCHAR 1098608555641 274652138923 51
DEEP 1099190907049 274797726780 71
DEEP 1100585157169 275146289310 71
REALCHAR 1100643887641 275160971923 51
REALCHAR 1100833791121 275208447793 51
DEEP 1100909865169 275227466310 71
REALCHAR 1101096002161 275274000553 51
SUPPORT 1101170878201 275292719563 51
REALCHAR 1101231131641 275307782923 51
DEEP 1101231131641 275307782928 71
REALCHAR 1101522994441 275380748623 51
REALCHAR 1101535456921 275383864243 51
DEEP 1102531362409 275632840620 71
REALCHAR 1102931365561 275732841403 51
REALCHAR 1104002966641 276000741673 51
DEEP 1104250705009 276062676271 75
REALCHAR 1104464096761 276116024203 51
DEEP 1104490008241 276122502078 71
REALCHAR 1104702677521 276175669393 51
DEEP 1104702677521 276175669398 71
DEEP 1104747158761 276186789708 71
DEEP 1105510915441 276377728880 79
DEEP 1105765817209 276441454320 71
REALCHAR 1105775580121 276443895043 51
REALCHAR 1105823129401 276455782363 51
REALCHAR 1106399788729 276599947201 75
DEEP 1106399788729 276599947204 87
DEEP 1106734029361 276683507358 71
REALCHAR 1107108516361 276777129103 51
REALCHAR 1107154045321 276788511343 51
REALCHAR 1107229323841 276807330973 51
REALCHAR 1108175073721 277043768443 51
DEEP 1108527940129 277131985053 83
DEEP 1109500272241 277375068080 79
REALCHAR 1109517333961 277379333503 51
REALCHAR 1110075863521 277518965893 51
REALCHAR 1110100977241 277525244323 51
DEEP 1110920101201 277730025318 71
SUPPORT 1110941941321 277735485343 51
REALCHAR 1110988174321 277747043593 51
DEEP 1111372513729 277843128450 71
REALCHAR 1111936338241 277984084573 51
REALCHAR 1112170515481 278042628883 51
REALCHAR 1112755676881 278188919233 51
REALCHAR 1113658064401 278414516113 51
REALCHAR 1113815015041 278453753773 51
DEEP 1114234264081 278558566040 79
REALCHAR 1114980515401 278745128863 51
REALCHAR 1115352125281 278838031333 51
REALCHAR 1115747915881 278936978983 51
REALCHAR 1115790452401 278947613113 51
REALCHAR 1115890786921 278972696743 51
REALCHAR 1116100739881 279025184983 51
REALCHAR 1116983012401 279245753113 51
REALCHAR 1117336762441 279334190623 51
DEEP 1118242413649 279560603430 71
SUPPORT 1118913737041 279728434273 51
REALCHAR 1119190319641 279797579923 51
REALCHAR 1119689528281 279922382083 51
REALCHAR 1119733657681 279933414433 51
SUPPORT 1121358336121 280339584043 51
REALCHAR 1121498219521 280374554893 51
DEEP 1121787180721 280446795198 71
REALCHAR 1121863319641 280465829929 75
DEEP 1121863319641 280465829930 79
REALCHAR 1123143779521 280785944893 51
REALCHAR 1123355521201 280838880313 51
REALCHAR 1123418485921 280854621493 51
REALCHAR 1123585140001 280896285013 51
DEEP 1123911294529 280977823650 71
REALCHAR 1124750513041 281187628273 51
DEEP 1124913570169 281228392560 71
DEEP 1124922767329 281230691850 71
REALCHAR 1124950739641 281237684923 51
DEEP 1125204795289 281301198840 71
SUPPORT 1126012880281 281503220083 51
REALCHAR 1127238430081 281809607533 51
REALCHAR 1127469291001 281867322763 51
DEEP 1128005221249 282001305330 71
REALCHAR 1128432024721 282108006193 51
DEEP 1128432024721 282108006198 71
REALCHAR 1129327833481 282331958383 51
DEEP 1129478796889 282369699240 71
DEEP 1130226072361 282556518113 91
REALCHAR 1130385599641 282596399923 51
DEEP 1130479295089 282619823790 71
REALCHAR 1130534729041 282633682273 51
REALCHAR 1130654832841 282663708223 51
REALCHAR 1131050016721 282762504193 51
DEEP 1131861535561 282965383908 71
REALCHAR 1131918595921 282979648993 51
DEEP 1131918595921 282979648998 71
DEEP 1132971709321 283242927348 71
REALCHAR 1133820313081 283455078283 51
DEEP 1133820313081 283455078288 71
DEEP 1134004440409 283501110120 71
DEEP 1134330176281 283582544088 71
REALCHAR 1134863848801 283715962213 51
REALCHAR 1134911549641 283727887423 51
REALCHAR 1134936986401 283734246613 51
REALCHAR 1135438285921 283859571493 51
DEEP 1135491332089 283872833040 71
REALCHAR 1135506698041 283876674523 51
REALCHAR 1135762135561 283940533903 51
REALCHAR 1135960303921 283990075993 51
REALCHAR 1136783135401 284195783863 51
DEEP 1137603313729 284400828450 71
REALCHAR 1137608823121 284402205793 51
REALCHAR 1138225625161 284556406303 51
DEEP 1138225625161 284556406310 79
REALCHAR 1138427448601 284606862163 51
REALCHAR 1138719115921 284679778993 51
REALCHAR 1139177676121 284794419043 51
DEEP 1139311756969 284827939262 79
REALCHAR 1139490829801 284872707463 51
REALCHAR 1140601285321 285150321343 51
REALCHAR 1140796734841 285199183723 51
DEEP 1140922689481 285230672388 71
DEEP 1141244217961 285311054508 71
REALCHAR 1141373396881 285343349233 51
REALCHAR 1141388991961 285347248003 51
REALCHAR 1141485539041 285371384773 51
DEEP 1141495571329 285373892850 71
REALCHAR 1141572288481 285393072133 51
DEEP 1141572288481 285393072138 71
REALCHAR 1141631610001 285407902513 51
REALCHAR 1141938391801 285484597963 51
REALCHAR 1142529038641 285632259673 51
REALCHAR 1142637778801 285659444713 51
REALCHAR 1142975136601 285743784163 51
REALCHAR 1143085262881 285771315733 51
SUPPORT 1143686823841 285921705973 51
REALCHAR 1144227244801 286056811213 51
REALCHAR 1144387687921 286096921993 51
DEEP 1144387687921 286096922004 95
DEEP 1145152887841 286288221978 71
REALCHAR 1145153199961 286288300003 51
DEEP 1145426319361 286356579858 71
REALCHAR 1145466075121 286366518793 51
DEEP 1145714488801 286428622218 71
REALCHAR 1146023656801 286505914213 51
REALCHAR 1146311875921 286577968993 51
REALCHAR 1146546382081 286636595533 51
REALCHAR 1146957936721 286739484193 51
REALCHAR 1147288748761 286822187203 51
DEEP 1147450775689 286862693940 71
DEEP 1147878932209 286969733071 75
REALCHAR 1148159475241 287039868823 51
DEEP 1148159475241 287039868828 71
DEEP 1148445591049 287111397780 71
DEEP 1148878496089 287219624040 71
REALCHAR 1149803607241 287450901823 51
DEEP 1150225467889 287556366990 71
REALCHAR 1150436690881 287609172733 51
SUPPORT 1152060275521 288015068893 51
DEEP 1152714202201 288178550568 71
REALCHAR 1153751945641 288437986423 51
DEEP 1154143801561 288535950408 71
SUPPORT 1155118461961 288779615503 51
REALCHAR 1155224542081 288806135533 51
REALCHAR 1155591278521 288897819643 51
SUPPORT 1155667784041 288916946023 51
REALCHAR 1157051072641 289262768173 51
REALCHAR 1157445948961 289361487253 51
DEEP 1157445948961 289361487258 71
REALCHAR 1157765213641 289441303423 51
SUPPORT 1157797713361 289449428353 51
REALCHAR 1157946405841 289486601473 51
REALCHAR 1157962782601 289490695663 51
REALCHAR 1158381262921 289595315743 51
REALCHAR 1158667449241 289666862323 51
DEEP 1158725736529 289681434150 71
DEEP 1159140106609 289785026670 71
SUPPORT 1159325229001 289831307263 51
DEEP 1159827427201 289956856820 79
DEEP 1159872194209 289968048572 79
REALCHAR 1159940780881 289985195233 51
REALCHAR 1159980709801 289995177463 51
DEEP 1161828739009 290457184770 71
REALCHAR 1161860528761 290465132203 51
REALCHAR 1161948582001 290487145513 51
DEEP 1163287494121 290821873548 71
REALCHAR 1163905696801 290976424213 51
REALCHAR 1163936543641 290984135923 51
REALCHAR 1164059361481 291014840383 51
DEEP 1164886362721 291221590700 79
REALCHAR 1164918319321 291229579843 51
REALCHAR 1164982149241 291245537323 51
DEEP 1165032526681 291258131688 71
REALCHAR 1165040834281 291260208583 51
DEEP 1165040834281 291260208588 71
REALCHAR 1165528575121 291382143793 51
DEEP 1165857437761 291464359461 83
REALCHAR 1165877257801 291469314463 51
DEEP 1165905444001 291476361020 79
REALCHAR 1167236928001 291809232013 51
REALCHAR 1168569471001 292142367763 51
DEEP 1168983095569 292245773910 71
REALCHAR 1171220907481 292805226883 51
DEEP 1171457209729 292864302451 75
REALCHAR 1171960815481 292990203883 51
REALCHAR 1172099040121 293024760043 51
REALCHAR 1173230595601 293307648919 75
DEEP 1173230595601 293307648927 107
DEEP 1173798385369 293449596360 71
REALCHAR 1174354318201 293588579563 51
DEEP 1174436895241 293609223828 71
REALCHAR 1174629095641 293657273923 51
DEEP 1174762315609 293690578922 79
DEEP 1174786234561 293696558658 71
SUPPORT 1174890596881 293722649233 51
REALCHAR 1175084009401 293771002363 51
REALCHAR 1175640582601 293910145663 51
DEEP 1176035997361 294008999358 71
REALCHAR 1176132795601 294033198913 51
REALCHAR 1176972232921 294243058243 51
DEEP 1177093551481 294273387890 79
REALCHAR 1177447979761 294361994953 51
REALCHAR 1177700442361 294425110603 51
REALCHAR 1179344887561 294836221903 51
REALCHAR 1179516931321 294879232843 51
REALCHAR 1179542781481 294885695383 51
REALCHAR 1179756569161 294939142303 51
DEEP 1180717342561 295179335659 75
REALCHAR 1181094317881 295273579483 51
DEEP 1181565340201 295391335068 71
REALCHAR 1181717638921 295429409743 51
REALCHAR 1181924813281 295481203333 51
REALCHAR 1182376715521 295594178893 51
REALCHAR 1182560777161 295640194303 51
DEEP 1183701629881 295925407488 71
REALCHAR 1183805921281 295951480333 51
REALCHAR 1185685201801 296421300463 51
DEEP 1185685201801 296421300468 71
REALCHAR 1186172771281 296543192833 51
DEEP 1186172771281 296543192838 71
REALCHAR 1186548835081 296637208783 51
DEEP 1186831250089 296707812542 79
REALCHAR 1187701580521 296925395143 51
REALCHAR 1188580436521 297145109143 51
DEEP 1188790727881 297197681991 83
DEEP 1188864019729 297216004950 71
REALCHAR 1189734769441 297433692373 51
SUPPORT 1189955894521 297488973643 51
SUPPORT 1191673184641 297918296173 51
REALCHAR 1192135766761 298033941703 51
DEEP 1192309649521 298077412398 71
REALCHAR 1192860538081 298215134533 51
REALCHAR 1193000645281 298250161333 51
REALCHAR 1193550825601 298387706413 51
DEEP 1193550825601 298387706420 79
REALCHAR 1193923554121 298480888543 51
REALCHAR 1194134244601 298533561163 51
DEEP 1195272973129 298818243300 71
REALCHAR 1196046447961 299011612003 51
REALCHAR 1196100618001 299025154513 51
REALCHAR 1196406622321 299101655593 51
REALCHAR 1197105109201 299276277313 51
DEEP 1197105109201 299276277318 71
REALCHAR 1197288893161 299322223303 51
DEEP 1197767260369 299441815110 71
REALCHAR 1197979426081 299494856533 51
REALCHAR 1198046453041 299511613273 51
DEEP 1198167691561 299541922908 71
REALCHAR 1198233516481 299558379133 51
REALCHAR 1198327996321 299581999093 51
DEEP 1198730428009 299682607021 75
REALCHAR 1199178023521 299794505893 51
DEEP 1199698569169 299924642314 87
DEEP 1201116276889 300279069240 71
DEEP 1201491280201 300372820072 87
DEEP 1202025736081 300506434038 71
REALCHAR 1202774057521 300693514393 51
REALCHAR 1202911935241 300727983823 51
DEEP 1202911935241 300727983828 71
REALCHAR 1203026566681 300756641683 51
REALCHAR 1203805526401 300951381613 51
REALCHAR 1203856009801 300964002463 51
REALCHAR 1204271588521 301067897143 51
REALCHAR 1204794002161 301198500553 51
SUPPORT 1205481981001 301370495263 51
REALCHAR 1205630822881 301407705733 51
REALCHAR 1206458260921 301614565243 51
DEEP 1206958455481 301739613888 71
DEEP 1207045301641 301761325428 71
REALCHAR 1207634138881 301908534733 51
REALCHAR 1207699322281 301924830583 51
DEEP 1207736571001 301934142770 79
DEEP 1207857690649 301964422680 71
DEEP 1207968791929 301992198000 71
REALCHAR 1208932376521 302233094143 51
REALCHAR 1210130892721 302532723193 51
SUPPORT 1210640184601 302660046163 51
REALCHAR 1210756391881 302689097983 51
DEEP 1210794276409 302698569120 71
REALCHAR 1212096696721 303024174193 51
REALCHAR 1214358595321 303589648843 51
REALCHAR 1214524158961 303631039753 51
REALCHAR 1214672853241 303668213323 51
DEEP 1214893107289 303723276840 71
REALCHAR 1215488231281 303872057833 51
DEEP 1216127075881 304031768990 79
DEEP 1216418600329 304104650100 71
DEEP 1216663611601 304165902918 71
REALCHAR 1217008991641 304252247923 51
REALCHAR 1217063665801 304265916463 51
DEEP 1217664906481 304416226638 71
REALCHAR 1218124242721 304531060693 51
REALCHAR 1218683724241 304670931073 51
DEEP 1218683724241 304670931078 71
REALCHAR 1218755912761 304688978203 51
REALCHAR 1218969120121 304742280043 51
DEEP 1219182164281 304795541089 75
REALCHAR 1219768805161 304942201303 51
REALCHAR 1220048889361 305012222353 51
REALCHAR 1220109002401 305027250613 51
REALCHAR 1220477089441 305119272373 51
SUPPORT 1220868699961 305217175003 51
REALCHAR 1220956573321 305239143343 51
DEEP 1220956573321 305239143349 75
REALCHAR 1221666362401 305416590613 51
REALCHAR 1221749751121 305437437793 51
REALCHAR 1222643106721 305660776693 51
REALCHAR 1222696435321 305674108843 51
REALCHAR 1223107502761 305776875703 51
DEEP 1223273660569 305818415160 71
DEEP 1223644107841 305911026978 71
REALCHAR 1224033486601 306008371663 51
DEEP 1225039006801 306259751718 71
REALCHAR 1225258918321 306314729593 51
SUPPORT 1226717704081 306679426033 51
REALCHAR 1227283254961 306820813753 51
SUPPORT 1227649066081 306912266533 51
REALCHAR 1227681095281 306920273833 51
REALCHAR 1228097169601 307024292413 51
REALCHAR 1228226543041 307056635773 51
DEEP 1228226543041 307056635778 71
REALCHAR 1228730554921 307182638743 51
DEEP 1228730554921 307182638752 87
REALCHAR 1228742527321 307185631843 51
REALCHAR 1228952830561 307238207653 51
REALCHAR 1228959666001 307239916513 51
REALCHAR 1229282479441 307320619873 51
REALCHAR 1229391290521 307347822643 51
DEEP 1229416520641 307354130178 71
REALCHAR 1230523182001 307630795513 51
REALCHAR 1230568317001 307642079263 51
DEEP 1231256955769 307814238960 71
REALCHAR 1232151269281 308037817333 51
REALCHAR 1232200451161 308050112803 51
REALCHAR 1232237533081 308059383283 51
DEEP 1232237533081 308059383289 75
REALCHAR 1232288950201 308072237563 51
REALCHAR 1232347910161 308086977553 51
DEEP 1232725457209 308181364320 71
DEEP 1233083951089 308270987796 95
REALCHAR 1233872072161 308468018053 51
REALCHAR 1233875393521 308468848393 51
REALCHAR 1234388251321 308597062843 51
DEEP 1234552332841 308638083229 75
REALCHAR 1234723588081 308680897033 51
REALCHAR 1234856185201 308714046313 51
REALCHAR 1235792095561 308948023903 51
REALCHAR 1236058680481 309014670133 51
DEEP 1236122804401 309030701118 71
DEEP 1236517346689 309129336690 71
REALCHAR 1236807216241 309201804073 51
REALCHAR 1237454779201 309363694813 51
DEEP 1238969296009 309742324020 71
REALCHAR 1239055062961 309763765753 51
REALCHAR 1239110972401 309777743113 51
DEEP 1239113592721 309778398198 71
DEEP 1239574362601 309893590670 79
REALCHAR 1240064310241 310016077573 51
DEEP 1240584952489 310146238140 71
REALCHAR 1241189430121 310297357543 51
REALCHAR 1241504486161 310376121553 51
REALCHAR 1241871486241 310467871573 51
DEEP 1241871486241 310467871580 79
DEEP 1242046382641 310511595680 79
DEEP 1242304623121 310576155798 71
DEEP 1242638115601 310659528918 71
REALCHAR 1243029598801 310757399713 51
SUPPORT 1243135383961 310783846003 51
DEEP 1243728748201 310932187071 83
DEEP 1243755912961 310938978258 71
SUPPORT 1244090093401 311022523363 51
DEEP 1244097443521 311024360898 71
DEEP 1244228864761 311057216208 71
REALCHAR 1244955651241 311238912823 51
REALCHAR 1245606221161 311401555303 51
DEEP 1245606221161 311401555310 79
REALCHAR 1245948151561 311487037903 51
DEEP 1247067288289 311766822091 75
REALCHAR 1247261455441 311815363873 51
REALCHAR 1247410598281 311852649583 51
SUPPORT 1247467122001 311866780513 51
REALCHAR 1248787925401 312196981363 51
DEEP 1248787925401 312196981368 71
REALCHAR 1248911803441 312227950873 51
REALCHAR 1249109043121 312277260793 51
REALCHAR 1250256567121 312564141793 51
REALCHAR 1250457733561 312614433403 51
REALCHAR 1250751738721 312687934693 51
REALCHAR 1250833510081 312708377533 51
DEEP 1251113254609 312778313670 71
SUPPORT 1251426108241 312856527073 51
REALCHAR 1252005112801 313001278213 51
DEEP 1252097045809 313024261470 71
DEEP 1252107129001 313026782269 75
DEEP 1252229986921 313057496750 79
REALCHAR 1252322460841 313080615223 51
REALCHAR 1252334339281 313083584833 51
REALCHAR 1252772720761 313193180203 51
REALCHAR 1253372654881 313343163733 51
DEEP 1253475099361 313368774858 71
DEEP 1253736667681 313434166938 71
DEEP 1254548610121 313637152548 71
REALCHAR 1255692942001 313923235519 75
DEEP 1255692942001 313923235520 79
DEEP 1255951779601 313987944920 79
REALCHAR 1256108125561 314027031403 51
REALCHAR 1256357838121 314089459543 51
REALCHAR 1256945814721 314236453693 51
REALCHAR 1257221912521 314305478143 51
REALCHAR 1257223278481 314305819633 51
REALCHAR 1257308074201 314327018563 51
REALCHAR 1258168712161 314542178053 51
REALCHAR 1258309224481 314577306133 51
REALCHAR 1258317826921 314579456743 51
SUPPORT 1258374323761 314593580953 51
REALCHAR 1258533160921 314633290243 51
REALCHAR 1258554336601 314638584163 51
REALCHAR 1258843222081 314710805533 51
REALCHAR 1259075456521 314768864143 51
DEEP 1259853034801 314963258721 83
DEEP 1260343986841 315085996728 71
SUPPORT 1260700641841 315175160473 51
DEEP 1261564798321 315391199600 79
REALCHAR 1261824327241 315456081823 51
REALCHAR 1262229885361 315557471353 51
REALCHAR 1262497703041 315624425773 51
REALCHAR 1262504670001 315626167513 51
DEEP 1262752803841 315688200978 71
REALCHAR 1262944693921 315736173493 51
REALCHAR 1263347157361 315836789353 51
DEEP 1263387177361 315846794361 83
DEEP 1263718817761 315929704458 71
REALCHAR 1264029663121 316007415793 51
DEEP 1264176593089 316044148290 71
DEEP 1264380789961 316095197508 71
REALCHAR 1264939764841 316234941223 51
DEEP 1264939764841 316234941228 71
REALCHAR 1264975020241 316243755073 51
REALCHAR 1264977105001 316244276263 51
DEEP 1265339108881 316334777238 71
REALCHAR 1265446823281 316361705833 51
REALCHAR 1265906212561 316476553153 51
REALCHAR 1266012875521 316503218893 51
DEEP 1266012875521 316503218900 79
REALCHAR 1266611063041 316652765773 51
REALCHAR 1266757524841 316689381223 51
DEEP 1266886458601 316721614668 71
REALCHAR 1267621132801 316905283213 51
DEEP 1267959282529 316989820650 71
REALCHAR 1268174661601 317043665413 51
REALCHAR 1268532843601 317133210913 51
DEEP 1268552523001 317138130771 83
DEEP 1269151742329 317287935604 87
REALCHAR 1269878389081 317469597283 51
SUPPORT 1270319777281 317579944333 51
DEEP 1270343458609 317585864670 71
DEEP 1270530836689 317632709190 71
REALCHAR 1271215722841 317803930723 51
REALCHAR 1271772699961 317943175003 51
DEEP 1272022664929 318005666250 71
DEEP 1272107606449 318026901632 79
REALCHAR 1272858741001 318214685263 51
REALCHAR 1274091789721 318522947443 51
REALCHAR 1274381474521 318595368643 51
DEEP 1274395089361 318598772358 71
REALCHAR 1274538711601 318634677913 51
REALCHAR 1275773143681 318943285933 51
REALCHAR 1276161749041 319040437273 51
REALCHAR 1276205860801 319051465213 51
REALCHAR 1276291184281 319072796083 51
DEEP 1276291184281 319072796088 71
REALCHAR 1276898199721 319224549943 51
REALCHAR 1277459743921 319364935993 51
DEEP 1278288234001 319572058522 87
REALCHAR 1278670784161 319667696053 51
DEEP 1279164519649 319791129930 71
REALCHAR 1279647574921 319911893743 51
REALCHAR 1280137081441 320034270373 51
REALCHAR 1280941946881 320235486733 51
DEEP 1281456435169 320364108810 71
DEEP 1282280024089 320570006040 71
REALCHAR 1282926169561 320731542403 51
DEEP 1283177488321 320794372098 71
REALCHAR 1283619820921 320904955243 51
REALCHAR 1283892613441 320973153373 51
REALCHAR 1284199731721 321049932943 51
REALCHAR 1284374442961 321093610753 51
SUPPORT 1284626688361 321156672103 51
REALCHAR 1284695460721 321173865193 51
SUPPORT 1284724435201 321181108813 51
REALCHAR 1285020718921 321255179743 51
DEEP 1286153701849 321538425485 91
REALCHAR 1286462285161 321615571303 51
REALCHAR 1286748564481 321687141133 51
REALCHAR 1286812684921 321703171243 51
REALCHAR 1287734930161 321933732553 51
REALCHAR 1287744560281 321936140083 51
REALCHAR 1287865956001 321966489013 51
REALCHAR 1288080720481 322020180133 51
DEEP 1289175049009 322293762270 71
SUPPORT 1289555300401 322388825113 51
DEEP 1290919206721 322729801700 79
REALCHAR 1291096891681 322774222933 51
REALCHAR 1291182995881 322795748983 51
REALCHAR 1291259151361 322814787853 51
DEEP 1291535526961 322883881760 79
REALCHAR 1292041549681 323010387433 51
REALCHAR 1292046878641 323011719673 51
REALCHAR 1292480836201 323120209063 51
REALCHAR 1293233648281 323308412083 51
REALCHAR 1293366776881 323341694233 51
DEEP 1293398488321 323349622098 71
DEEP 1293480205081 323370051288 71
REALCHAR 1293883133761 323470783453 51
REALCHAR 1294477228801 323619307213 51
DEEP 1294842453529 323710613403 83
REALCHAR 1295209941481 323802485383 51
REALCHAR 1295778060721 323944515193 51
DEEP 1296668205121 324167051298 71
REALCHAR 1297322467081 324330616783 51
DEEP 1298128502449 324532125630 71
DEEP 1298159287681 324539821938 71
REALCHAR 1298440689841 324610172473 51
REALCHAR 1298710339081 324677584783 51
REALCHAR 1298863603801 324715900963 51
DEEP 1298863603801 324715900968 71
REALCHAR 1299358095961 324839524003 51
REALCHAR 1300919788081 325229947033 51
REALCHAR 1300994485561 325248621403 51
DEEP 1301233030969 325308257760 71
REALCHAR 1301420694961 325355173753 51
DEEP 1301530195729 325382548950 71
REALCHAR 1302068574361 325517143603 51
DEEP 1302157821721 325539455448 71
DEEP 1302503036041 325625759029 75
REALCHAR 1302609538441 325652384623 51
DEEP 1303247899801 325811974968 71
REALCHAR 1303324198801 325831049713 51
REALCHAR 1303728791401 325932197863 51
REALCHAR 1303948028881 325987007233 51
REALCHAR 1305497570521 326374392643 51
REALCHAR 1306026482401 326506620613 51
DEEP 1306026482401 326506620618 71
REALCHAR 1306379515081 326594878783 51
DEEP 1306504530241 326626132578 71
SUPPORT 1307330094841 326832523723 51
REALCHAR 1307523495721 326880873943 51
DEEP 1307626768561 326906692159 75
DEEP 1307653745161 326913436308 71
REALCHAR 1308146275921 327036568993 51
REALCHAR 1308604785601 327151196413 51
REALCHAR 1309250294881 327312573733 51
REALCHAR 1309400307601 327350076913 51
REALCHAR 1309459735081 327364933783 51
REALCHAR 1309716768361 327429192103 51
REALCHAR 1310377211641 327594302923 51
DEEP 1310377211641 327594302928 71
REALCHAR 1310777016481 327694254133 51
DEEP 1310816598001 327704149518 71
REALCHAR 1311138706201 327784676563 51
DEEP 1311138706201 327784676568 71
DEEP 1312151739889 328037934990 71
REALCHAR 1312315524361 328078881103 51
DEEP 1312392310321 328098077598 71
DEEP 1312437535369 328109383861 75
REALCHAR 1312504819081 328126204783 51
REALCHAR 1312547664481 328136916133 51
REALCHAR 1313591632081 328397908033 51
REALCHAR 1314004747441 328501186873 51
REALCHAR 1314114055081 328528513783 51
REALCHAR 1314521530921 328630382743 51
DEEP 1315795834081 328948958538 71
DEEP 1316642054641 329160513678 71
DEEP 1316719713409 329179928370 71
DEEP 1317242918161 329310729560 79
REALCHAR 1317881722921 329470430743 51
REALCHAR 1318267755841 329566938973 51
REALCHAR 1318547118001 329636779513 51
REALCHAR 1318553003881 329638250983 51
DEEP 1319574169369 329893542360 71
REALCHAR 1319608512121 329902128043 51
DEEP 1320091065049 330022766280 71
REALCHAR 1320418899361 330104724853 51
REALCHAR 1320559867201 330139966813 51
DEEP 1320774262921 330193565752 87
REALCHAR 1321968431281 330492107833 51
REALCHAR 1322044821241 330511205323 51
REALCHAR 1322253732361 330563433103 51
REALCHAR 1322850656521 330712664143 51
REALCHAR 1323148504441 330787126123 51
DEEP 1324239238921 331059809748 71
SUPPORT 1324572452641 331143113173 51
REALCHAR 1325097711001 331274427763 51
DEEP 1325693938969 331423484760 71
DEEP 1326154474681 331538618688 71
REALCHAR 1327357023721 331839255943 51
DEEP 1327388419681 331847104938 71
REALCHAR 1327739604361 331934901103 51
REALCHAR 1327841398321 331960349593 51
REALCHAR 1328332016281 332083004083 51
REALCHAR 1328436186841 332109046723 51
REALCHAR 1328679420121 332169855043 51
REALCHAR 1329426364561 332356591153 51
REALCHAR 1330192645681 332548161433 51
REALCHAR 1330541910721 332635477693 51
DEEP 1330613261041 332653315281 83
REALCHAR 1330684780441 332671195123 51
SUPPORT 1331228877001 332807219263 51
REALCHAR 1331865709561 332966427403 51
REALCHAR 1331875633321 332968908343 51
REALCHAR 1332011058361 333002764603 51
REALCHAR 1332021823441 333005455873 51
REALCHAR 1332804662401 333201165613 51
REALCHAR 1333160398441 333290099623 51
REALCHAR 1333395534241 333348883573 51
REALCHAR 1333666395961 333416599003 51
REALCHAR 1334123253241 333530813323 51
REALCHAR 1335189512281 333797378083 51
REALCHAR 1335638602321 333909650593 51
REALCHAR 1336068734641 334017183673 51
REALCHAR 1336524091681 334131022933 51
DEEP 1336540223041 334135055779 75
REALCHAR 1336827429001 334206857263 51
DEEP 1336827429001 334206857269 75
SUPPORT 1336873224241 334218306073 51
DEEP 1336873224241 334218306079 75
REALCHAR 1337366307601 334341576913 51
REALCHAR 1337447935321 334361983843 51
DEEP 1337533104961 334383276260 79
REALCHAR 1337746066801 334436516713 51
DEEP 1337995123921 334498780998 71
REALCHAR 1338043266121 334510816543 51
DEEP 1339929868489 334982467140 71
REALCHAR 1340094631801 335023657963 51
REALCHAR 1340104146481 335026036633 51
REALCHAR 1341142461961 335285615503 51
DEEP 1342536715129 335634178800 71
REALCHAR 1342850140921 335712535243 51
REALCHAR 1343166706561 335791676653 51
DEEP 1343183904241 335795976078 71
REALCHAR 1343210692321 335802673093 51
DEEP 1343665716409 335916429120 71
DEEP 1343985620041 335996405028 71
REALCHAR 1344226196041 336056549023 51
DEEP 1344421239121 336105309801 83
REALCHAR 1345240678681 336310169683 51
DEEP 1346009407681 336502351939 75
REALCHAR 1346270250361 336567562603 51
DEEP 1347293824321 336823456100 79
DEEP 1347713730169 336928432561 75
DEEP 1347872833129 336968208300 71
DEEP 1347921094129 336980273550 71
REALCHAR 1348626181081 337156545283 51
REALCHAR 1349052437041 337263109273 51
REALCHAR 1349145816001 337286454013 51
REALCHAR 1350033346561 337508336653 51
DEEP 1350149001601 337537250424 95
REALCHAR 1350246786001 337561696513 51
REALCHAR 1350351398881 337587849733 51
REALCHAR 1350612158281 337653039583 51
REALCHAR 1350717706321 337679426593 51
REALCHAR 1352363593681 338090898433 51
DEEP 1352569300681 338142325188 71
REALCHAR 1352574413401 338143603363 51
DEEP 1352657431129 338164357800 71
REALCHAR 1352781906841 338195476723 51
REALCHAR 1353112900441 338278225123 51
DEEP 1353178867681 338294716938 71
REALCHAR 1355035193521 338758798393 51
DEEP 1355126004241 338781501078 71
DEEP 1355661596689 338915399190 71
REALCHAR 1355746682761 338936670703 51
REALCHAR 1355904340561 338976085153 51
REALCHAR 1356480976321 339120244093 51
REALCHAR 1357157340361 339289335103 51
REALCHAR 1357203645121 339300911293 51
DEEP 1357635390721 339408847698 71
DEEP 1358161681969 339540420510 71
REALCHAR 1358577980761 339644495203 51
REALCHAR 1358659867321 339664966843 51
REALCHAR 1360165089721 340041272443 51
DEEP 1360168141201 340042035318 71
DEEP 1360419086569 340104771660 71
REALCHAR 1360592319241 340148079823 51
REALCHAR 1360650058681 340162514689 75
DEEP 1360650058681 340162514692 87
REALCHAR 1360793442121 340198360543 51
DEEP 1361076255529 340269063900 71
DEEP 1361157306721 340289326702 87
DEEP 1361158163401 340289540872 87
REALCHAR 1361318310361 340329577603 51
DEEP 1361455246321 340363811606 103
REALCHAR 1361609493841 340402373473 51
REALCHAR 1362016380481 340504095133 51
REALCHAR 1362190950121 340547737543 51
DEEP 1363519771849 340879942980 71
REALCHAR 1363599274801 340899818713 51
DEEP 1363728518881 340932129738 71
REALCHAR 1363984647481 340996161883 51
REALCHAR 1364149038121 341037259543 51
REALCHAR 1364278728121 341069682043 51
SUPPORT 1366221678721 341555419693 51
DEEP 1366307073121 341576768300 79
DEEP 1366907393569 341726848410 71
DEEP 1367543943481 341885985888 71
DEEP 1367640406729 341910101702 79
REALCHAR 1367646579601 341911644913 51
DEEP 1367646579601 341911644918 71
REALCHAR 1367737993441 341934498373 51
SUPPORT 1368191086201 342047771563 51
REALCHAR 1368417588841 342104397223 51
REALCHAR 1369062500521 342265625143 51
REALCHAR 1369744955881 342436238983 51
REALCHAR 1369762939801 342440734963 51
REALCHAR 1369783493521 342445873393 51
SUPPORT 1369859357161 342464839303 51
REALCHAR 1370229501481 342557375383 51
DEEP 1370828242081 342707060538 71
REALCHAR 1371115385641 342778846423 51
REALCHAR 1371242255881 342810563983 51
REALCHAR 1371587581081 342896895283 51
REALCHAR 1373113463401 343278365863 51
REALCHAR 1373889732121 343472433043 51
REALCHAR 1374045677761 343511419453 51
REALCHAR 1374046345681 343511586433 51
DEEP 1374046345681 343511586441 83
DEEP 1374661293769 343665323460 71
DEEP 1374720307801 343680076968 71
REALCHAR 1374740902921 343685225743 51
DEEP 1375262518249 343815629580 71
DEEP 1375946944681 343986736190 79
DEEP 1376645860489 344161465140 71
REALCHAR 1376676101161 344169025303 51
DEEP 1377136498609 344284124672 79
DEEP 1377380230249 344345057584 87
REALCHAR 1377520830841 344380207723 51
REALCHAR 1378132697881 344533174483 51
REALCHAR 1378302048841 344575512223 51
REALCHAR 1380440025721 345110006443 51
DEEP 1380551990689 345137997690 71
DEEP 1382514774169 345628693560 71
REALCHAR 1383045689281 345761422333 51
REALCHAR 1383480370561 345870092653 51
SUPPORT 1383672138601 345918034663 51
DEEP 1383930956521 345982739148 71
DEEP 1384011413929 346002853501 75
DEEP 1384133522641 346033380681 83
REALCHAR 1384627307281 346156826833 51
DEEP 1384627307281 346156826840 79
DEEP 1385412468001 346353117018 71
REALCHAR 1385619296161 346404824053 51
DEEP 1385619296161 346404824058 71
REALCHAR 1385785145761 346446286453 51
REALCHAR 1385963662561 346490915653 51
DEEP 1386652113961 346663028508 71
REALCHAR 1386805127761 346701281953 51
REALCHAR 1387023682801 346755920713 51
REALCHAR 1387526867281 346881716833 51
DEEP 1387919077561 346979769408 71
REALCHAR 1387978951921 346994737993 51
REALCHAR 1388796079441 347199019873 51
REALCHAR 1388872917721 347218229443 51
REALCHAR 1389034285081 347258571283 51
DEEP 1389046733881 347261683488 71
REALCHAR 1389064780321 347266195093 51
REALCHAR 1389395760481 347348940133 51
DEEP 1390466512009 347616628020 71
REALCHAR 1390469298241 347617324573 51
DEEP 1390469298241 347617324580 79
REALCHAR 1390683865321 347670966343 51
DEEP 1391523499921 347880874999 75
REALCHAR 1391645335921 347911333993 51
REALCHAR 1391950204681 347987551183 51
REALCHAR 1392362553481 348090638383 51
REALCHAR 1393604976241 348401244073 51
DEEP 1394395545481 348598886389 75
REALCHAR 1394403486961 348600871753 51
REALCHAR 1395613215481 348903303883 51
DEEP 1395698970649 348924742680 71
REALCHAR 1395874899721 348968724943 51
DEEP 1396357857049 349089464284 87
REALCHAR 1396945955161 349236488803 51
DEEP 1396945955161 349236488810 79
SUPPORT 1397246820841 349311705223 51
SUPPORT 1397540003161 349385000803 51
REALCHAR 1397860721401 349465180363 51
REALCHAR 1398692469001 349673117263 51
REALCHAR 1398696176641 349674044173 51
REALCHAR 1398806066641 349701516673 51
SUPPORT 1398809803561 349702450903 51
REALCHAR 1399387821841 349846955473 51
DEEP 1399387821841 349846955479 75
DEEP 1399397233441 349849308380 79
REALCHAR 1400114332681 350028583183 51
DEEP 1400299722721 350074930698 71
REALCHAR 1400514690961 350128672753 51
REALCHAR 1400863671601 350215917913 51
REALCHAR 1400927647681 350231911933 51
DEEP 1400927647681 350231911938 71
REALCHAR 1401194515081 350298628783 51
DEEP 1402651320841 350662830228 71
REALCHAR 1404015296161 351003824053 51
REALCHAR 1404072861361 351018215353 51
REALCHAR 1404216419761 351054104953 51
REALCHAR 1404923992081 351230998033 51
REALCHAR 1404926794441 351231698623 51
REALCHAR 1404974756641 351243689173 51
REALCHAR 1405722757321 351430689343 51
REALCHAR 1405960908361 351490227103 51
REALCHAR 1406083070401 351520767613 51
DEEP 1406083070401 351520767619 75
REALCHAR 1406280137161 351570034303 51
REALCHAR 1406742137641 351685534423 51
REALCHAR 1407723361801 351930840463 51
REALCHAR 1409315541481 352328885383 51
REALCHAR 1409322664201 352330666063 51
REALCHAR 1410063478321 352515869593 51
DEEP 1410872954089 352718238540 71
REALCHAR 1410893962921 352723490743 51
REALCHAR 1411198633441 352799658373 51
REALCHAR 1411695037201 352923759313 51
REALCHAR 1412275375681 353068843933 51
DEEP 1413670205809 353417551472 79
REALCHAR 1414006893601 353501723413 51
REALCHAR 1414755878761 353688969703 51
DEEP 1414977494401 353744373618 71
REALCHAR 1415354772841 353838693223 51
REALCHAR 1415810484001 353952621013 51
DEEP 1415810484001 353952621020 79
DEEP 1416651643969 354162911011 75
SUPPORT 1417299604081 354324901033 51
REALCHAR 1417426042321 354356510593 51
DEEP 1418197695721 354549423951 83
REALCHAR 1418253081961 354563270503 51
REALCHAR 1418938485721 354734621443 51
DEEP 1419156466729 354789116700 71
REALCHAR 1419422208961 354855552253 51
REALCHAR 1419881193721 354970298443 51
REALCHAR 1419938346121 354984586543 51
REALCHAR 1420421411161 355105352803 51
REALCHAR 1420430588641 355107647173 51
REALCHAR 1420558249321 355139562343 51
REALCHAR 1421192646241 355298161573 51
REALCHAR 1421296308721 355324077193 51
REALCHAR 1421465143921 355366285993 51
DEEP 1421847847729 355461961950 71
REALCHAR 1422536733601 355634183413 51
REALCHAR 1423298295721 355824573943 51
DEEP 1423298295721 355824573948 71
REALCHAR 1423363469641 355840867423 51
REALCHAR 1423613853601 355903463413 51
REALCHAR 1424319909601 356079977413 51
REALCHAR 1424338228681 356084557183 51
REALCHAR 1425744204481 356436051133 51
REALCHAR 1425804961681 356451240433 51
SUPPORT 1426096406641 356524101673 51
REALCHAR 1426402536001 356600634013 51
DEEP 1426803738721 356700934698 71
DEEP 1426969457281 356742364340 79
DEEP 1427424856729 356856214200 71
DEEP 1427794406809 356948601720 71
DEEP 1428614538289 357153634590 71
REALCHAR 1428732996601 357183249163 51
SUPPORT 1430111234161 357527808553 51
DEEP 1430149955809 357537488973 83
REALCHAR 1430538554041 357634638523 51
REALCHAR 1431445607881 357861401983 51
DEEP 1431867896761 357966974209 75
DEEP 1432170955609 358042738920 71
REALCHAR 1432483756201 358120939063 51
DEEP 1432483756201 358120939068 71
DEEP 1433224617841 358306154478 71
REALCHAR 1433385124081 358346281033 51
DEEP 1433596049209 358399012320 71
DEEP 1433698691569 358424672910 71
REALCHAR 1433701620961 358425405253 51
DEEP 1433813459521 358453364899 75
REALCHAR 1433818405321 358454601343 51
DEEP 1435281703249 358820425835 91
REALCHAR 1435916709361 358979177353 51
DEEP 1435916709361 358979177359 75
SUPPORT 1436508816961 359127204253 51
REALCHAR 1437202841281 359300710333 51
REALCHAR 1437324647641 359331161923 51
REALCHAR 1437410989921 359352747493 51
REALCHAR 1437747587641 359436896923 51
REALCHAR 1437940085761 359485021453 51
REALCHAR 1438219520761 359554880203 51
REALCHAR 1438474368241 359618592073 51
DEEP 1438834708081 359708677038 71
REALCHAR 1438868553721 359717138443 51
DEEP 1440100886449 360025221630 71
REALCHAR 1440763595041 360190898773 51
REALCHAR 1442047053841 360511763473 51
REALCHAR 1442433300361 360608325103 51
REALCHAR 1442440548481 360610137133 51
REALCHAR 1442953663321 360738415843 51
REALCHAR 1443521542681 360880385683 51
SUPPORT 1443782537521 360945634393 51
REALCHAR 1444095908641 361023977173 51
REALCHAR 1444173869161 361043467303 51
REALCHAR 1444337538361 361084384603 51
DEEP 1444491062569 361122765664 87
REALCHAR 1445878453321 361469613343 51
REALCHAR 1446403964041 361600991023 51
REALCHAR 1447780600561 361945150153 51
REALCHAR 1448453304841 362113326229 75
DEEP 1448453304841 362113326230 79
SUPPORT 1448516050921 362129012743 51
DEEP 1448781090409 362195272620 71
REALCHAR 1449340230361 362335057603 51
DEEP 1449642721921 362410680498 71
REALCHAR 1450289415961 362572354003 51
REALCHAR 1450373223121 362593305793 51
REALCHAR 1450420696321 362605174093 51
REALCHAR 1450533315841 362633328973 51
REALCHAR 1451746428001 362936607013 51
REALCHAR 1451867313961 362966828503 51
REALCHAR 1452315970561 363078992653 51
REALCHAR 1452846704761 363211676203 51
REALCHAR 1453308458281 363327114583 51
DEEP 1453313987449 363328496880 71
DEEP 1453984887601 363496221918 71
REALCHAR 1454922479761 363730619953 51
REALCHAR 1456114385881 364028596483 51
DEEP 1456114385881 364028596488 71
DEEP 1456306962289 364076740590 71
REALCHAR 1456534685761 364133671453 51
DEEP 1456645658329 364161414604 87
REALCHAR 1456832846401 364208211613 51
SUPPORT 1458210216961 364552554253 51
DEEP 1458210216961 364552554258 71
DEEP 1458383290849 364595822730 71
REALCHAR 1459065058201 364766264563 51
DEEP 1459065058201 364766264570 79
DEEP 1459344453121 364836113298 71
REALCHAR 1459668515761 364917128953 51
SUPPORT 1460467473481 365116868383 51
REALCHAR 1461032416561 365258104153 51
REALCHAR 1461343154041 365335788523 51
REALCHAR 1461355712041 365338928023 51
DEEP 1461372401329 365343100350 71
REALCHAR 1461447089041 365361772273 51
DEEP 1461725551441 365431387880 79
DEEP 1462169478169 365542369560 71
DEEP 1462696351561 365674087908 71
DEEP 1462864837009 365716209270 71
DEEP 1463297569561 365824392408 71
REALCHAR 1463627590441 365906897623 51
REALCHAR 1464159395521 366039848893 51
REALCHAR 1465037660641 366259415173 51
REALCHAR 1465211234881 366302808733 51
REALCHAR 1465428735241 366357183823 51
REALCHAR 1466307723241 366576930823 51
DEEP 1466379199321 366594799848 71
DEEP 1466683579729 366670894952 79
REALCHAR 1466883348841 366720837223 51
DEEP 1467090984241 366772746078 71
DEEP 1468233694321 367058423599 75
REALCHAR 1468909315561 367227328903 51
REALCHAR 1469570793961 367392698503 51
REALCHAR 1470066636481 367516659133 51
DEEP 1470380819209 367595204820 71
REALCHAR 1470437734921 367609433743 51
SUPPORT 1470926836681 367731709183 51
DEEP 1471843181449 367960795381 75
REALCHAR 1472225268361 368056317103 51
REALCHAR 1472521134841 368130283723 51
REALCHAR 1472575770961 368143942753 51
REALCHAR 1472953914721 368238478693 51
SUPPORT 1473931184881 368482796233 51
REALCHAR 1474486784521 368621696143 51
DEEP 1476036778969 369009194760 71
DEEP 1477038749761 369259687459 75
REALCHAR 1477680775321 369420193843 51
DEEP 1478100343801 369525085975 99
REALCHAR 1478157600481 369539400133 51
DEEP 1478820041521 369705010398 71
REALCHAR 1479134419681 369783604933 51
DEEP 1479538954609 369884738670 71
REALCHAR 1480101880321 370025470093 51
REALCHAR 1480127584321 370031896093 51
DEEP 1480127584321 370031896100 79
REALCHAR 1480274253481 370068563383 51
DEEP 1482524250601 370631062670 79
REALCHAR 1482526316881 370631579233 51
REALCHAR 1482602914081 370650728533 51
DEEP 1483121636929 370780409253 83
REALCHAR 1483375759321 370843939843 51
DEEP 1483727659969 370931915010 71
SUPPORT 1483912199641 370978049923 51
REALCHAR 1485430137361 371357534353 51
REALCHAR 1486471860721 371617965193 51
REALCHAR 1487090230921 371772557743 51
DEEP 1487090230921 371772557748 71
DEEP 1487415109489 371853777392 79
REALCHAR 1487700033121 371925008293 51
REALCHAR 1487913458641 371978364673 51
REALCHAR 1487986391761 371996597953 51
DEEP 1488777738529 372194434650 71
REALCHAR 1489800282721 372450070693 51
DEEP 1490241590161 372560397560 79
REALCHAR 1490570146081 372642536533 51
REALCHAR 1490664846841 372666211723 51
REALCHAR 1491737773681 372934443433 51
DEEP 1491827087521 372956771898 71
DEEP 1492081066921 373020266748 71
REALCHAR 1492274912881 373068728233 51
DEEP 1492493722801 373123430720 79
REALCHAR 1492692925201 373173231313 51
REALCHAR 1492816269961 373204067503 51
REALCHAR 1493008172041 373252043023 51
REALCHAR 1493045187481 373261296883 51
REALCHAR 1493403072841 373350768223 51
REALCHAR 1494585692161 373646423053 51
SUPPORT 1494809218681 373702304683 51
DEEP 1494809218681 373702304688 71
DEEP 1495202736889 373800684240 71
DEEP 1495582511809 373895627970 71
REALCHAR 1496044771321 374011192843 51
SUPPORT 1496139943321 374034985843 51
DEEP 1496139943321 374034985848 71
REALCHAR 1496427166081 374106791533 51
DEEP 1496635463761 374158865958 71
REALCHAR 1496839781761 374209945453 51
REALCHAR 1497220076641 374305019173 51
REALCHAR 1497409798921 374352449743 51
REALCHAR 1497451878001 374362969513 51
REALCHAR 1497556072321 374389018093 51
DEEP 1497556072321 374389018098 71
SUPPORT 1497944161921 374486040493 51
REALCHAR 1498024710361 374506177603 51
DEEP 1498024710361 374506177608 71
REALCHAR 1498088100961 374522025253 51
DEEP 1498222610329 374555652600 71
DEEP 1498259709769 374564927460 71
REALCHAR 1498286606881 374571651733 51
SUPPORT 1498697603881 374674400983 51
SUPPORT 1499795183041 374948795773 51
REALCHAR 1500010402801 375002600713 51
REALCHAR 1500174531241 375043632823 51
DEEP 1500445281721 375111320448 71
REALCHAR 1500612359401 375153089863 51
SUPPORT 1500647166001 375161791513 51
DEEP 1500647166001 375161791518 71
REALCHAR 1501005368641 375251342173 51
DEEP 1501089915649 375272478930 71
REALCHAR 1501605697201 375401424313 51
DEEP 1501775339089 375443834791 75
REALCHAR 1501872445441 375468111373 51
REALCHAR 1501989538921 375497384743 51
REALCHAR 1502043686641 375510921673 51
REALCHAR 1502181130921 375545282743 51
DEEP 1502325573961 375581393509 75
REALCHAR 1502609920561 375652480153 51
REALCHAR 1502982458041 375745614523 51
DEEP 1503062499481 375765624888 71
SUPPORT 1503367834081 375841958533 51
SUPPORT 1503449030521 375862257643 51
REALCHAR 1503457760401 375864440113 51
SUPPORT 1503567227761 375891806953 51
REALCHAR 1503942466321 375985616593 51
REALCHAR 1503942466321 375985616599 75
DEEP 1503942466321 375985616600 79
REALCHAR 1504393490161 376098372553 51
DEEP 1504393490161 376098372558 71
REALCHAR 1504592472601 376148118163 51
REALCHAR 1504641327121 376160331793 51
REALCHAR 1505560680121 376390170043 51
REALCHAR 1505600860201 376400215063 51
DEEP 1505600860201 376400215068 71
REALCHAR 1506211948081 376552987033 51
REALCHAR 1506465491521 376616372893 51
REALCHAR 1507512399121 376878099793 51
SUPPORT 1507849169401 376962292363 51
DEEP 1507849169401 376962292370 79
REALCHAR 1509292768201 377323192063 51
REALCHAR 1509324228721 377331057193 51
REALCHAR 1510014881761 377503720453 51
DEEP 1510698757681 377674689438 71
REALCHAR 1510826934241 377706733573 51
DEEP 1511012904361 377753226117 107
REALCHAR 1511537521321 377884380343 51
REALCHAR 1512016552201 378004138063 51
DEEP 1512859679809 378214919970 71
REALCHAR 1513007176321 378251794093 51
DEEP 1513171244209 378292811070 71
REALCHAR 1513359616441 378339904123 51
REALCHAR 1515080852041 378770213023 51
DEEP 1515080852041 378770213028 71
DEEP 1515168984289 378792246094 87
REALCHAR 1515466287721 378866571943 51
DEEP 1515466287721 378866571950 79
REALCHAR 1515536575921 378884143993 51
DEEP 1516184799529 379046199900 71
REALCHAR 1516642552681 379160638183 51
DEEP 1516937325121 379234331298 71
REALCHAR 1518685413001 379671353263 51
REALCHAR 1518809702881 379702425733 51
DEEP 1519278261601 379819565418 71
REALCHAR 1519365840721 379841460193 51
REALCHAR 1519633011121 379908252793 51
REALCHAR 1519754987521 379938746893 51
REALCHAR 1519839394441 379959848623 51
DEEP 1520093594881 380023398738 71
REALCHAR 1520355802681 380088950683 51
REALCHAR 1520374539121 380093634793 51
REALCHAR 1520620184521 380155046143 51
SUPPORT 1521114173881 380278543483 51
REALCHAR 1521125811241 380281452823 51
DEEP 1521342312169 380335578060 71
DEEP 1521343223401 380335805870 79
REALCHAR 1521457386121 380364346543 51
DEEP 1521512767009 380378191772 79
REALCHAR 1521852744721 380463186193 51
DEEP 1521943395361 380485848858 71
REALCHAR 1522540763041 380635190773 51
REALCHAR 1523400737161 380850184303 51
REALCHAR 1523464694761 380866173703 51
REALCHAR 1523754818881 380938704733 51
DEEP 1525170896209 381292724070 71
REALCHAR 1525898840761 381474710203 51
SUPPORT 1526139295321 381534823843 51
REALCHAR 1527318032881 381829508233 51
REALCHAR 1527435445561 381858861403 51
REALCHAR 1529570974681 382392743683 51
REALCHAR 1529815288681 382453822183 51
REALCHAR 1530862956841 382715739223 51
REALCHAR 1531330932121 382832733043 51
DEEP 1531914921289 382978730340 71
REALCHAR 1532000475721 383000118943 51
DEEP 1532027565121 383006891298 71
DEEP 1532920013689 383230003442 79
DEEP 1533828066241 383457016584 95
DEEP 1536314596441 384078649130 79
REALCHAR 1536743762401 384185940613 51
DEEP 1537036169881 384259042488 71
REALCHAR 1537788085681 384447021433 51
DEEP 1537875507529 384468876904 87
REALCHAR 1539636972721 384909243193 51
REALCHAR 1540034569921 385008642493 51
REALCHAR 1540145793481 385036448383 51
REALCHAR 1540381651561 385095412903 51
DEEP 1541534953729 385383738451 75
DEEP 1541880505489 385470126390 71
REALCHAR 1542895630201 385723907563 51
REALCHAR 1543279843561 385819960903 51
REALCHAR 1543372751281 385843187833 51
REALCHAR 1543567105441 385891776373 51
REALCHAR 1543895793001 385973948263 51
REALCHAR 1544099567761 386024891953 51
DEEP 1544339674201 386084918568 71
REALCHAR 1545102935401 386275733863 51
REALCHAR 1546287329161 386571832303 51
DEEP 1546287329161 386571832308 71
SUPPORT 1547034085081 386758521283 51
DEEP 1547034085081 386758521288 71
DEEP 1547273751409 386818437871 75
REALCHAR 1548141989521 387035497393 51
DEEP 1548912518521 387228129648 71
SUPPORT 1549759919761 387439979953 51
REALCHAR 1550125963681 387531490933 51
REALCHAR 1550202673321 387550668343 51
DEEP 1550538184441 387634546130 79
REALCHAR 1550735116921 387683779243 51
REALCHAR 1551708260881 387927065233 51
REALCHAR 1551777602281 387944400583 51
REALCHAR 1552168020841 388042005223 51
REALCHAR 1553315927881 388328981983 51
REALCHAR 1553345991961 388336498003 51
DEEP 1553345991961 388336498008 71
REALCHAR 1553527889761 388381972453 51
REALCHAR 1554754314481 388688578639 75
DEEP 1554754314481 388688578640 79
REALCHAR 1556205244801 389051311213 51
REALCHAR 1556335602721 389083900693 51
REALCHAR 1556391647281 389097911833 51
REALCHAR 1556860137121 389215034293 51
REALCHAR 1558082797441 389520699373 51
DEEP 1558130838889 389532709740 71
DEEP 1559641029769 389910257460 71
REALCHAR 1559780695201 389945173813 51
REALCHAR 1560618860161 390154715053 51
DEEP 1560684735289 390171183840 71
REALCHAR 1561006137601 390251534413 51
REALCHAR 1561655892241 390413973073 51
REALCHAR 1561859126881 390464781733 51
DEEP 1562448724321 390612181102 87
REALCHAR 1562821666561 390705416653 51
DEEP 1562821666561 390705416658 71
REALCHAR 1562849538721 390712384693 51
DEEP 1562860703881 390715175988 71
DEEP 1562953129609 390738282420 71
REALCHAR 1563261251161 390815312803 51
DEEP 1563293672329 390823418101 75
DEEP 1563859658089 390964914542 79
REALCHAR 1564097361121 391024340293 51
REALCHAR 1564390155241 391097538823 51
REALCHAR 1564553518441 391138379623 51
REALCHAR 1564854363361 391213590853 51
DEEP 1565434363249 391358590830 71
REALCHAR 1565536164481 391384041133 51
REALCHAR 1565790912841 391447728223 51
REALCHAR 1566181089841 391545272473 51
REALCHAR 1566181089841 391545272479 75
DEEP 1566181089841 391545272480 79
REALCHAR 1566262818121 391565704543 51
DEEP 1566543390889 391635847740 71
REALCHAR 1566546718801 391636679713 51
REALCHAR 1567749414841 391937353723 51
DEEP 1568001685849 392000421482 79
DEEP 1569177031249 392294257830 71
REALCHAR 1569318942361 392329735603 51
DEEP 1569834498241 392458624578 71
REALCHAR 1569835218121 392458804543 51
DEEP 1570246524961 392561631258 71
REALCHAR 1570612540561 392653135153 51
REALCHAR 1571047968961 392761992253 51
DEEP 1571397707881 392849426988 71
DEEP 1571541030361 392885257608 71
REALCHAR 1572493671961 393123418003 51
DEEP 1573746553681 393436638438 71
REALCHAR 1574204596561 393551149153 51
SUPPORT 1574569636201 393642409063 51
REALCHAR 1575695710801 393923927713 51
REALCHAR 1576114620721 394028655193 51
DEEP 1576422571441 394105642878 71
REALCHAR 1576680183961 394170046003 51
DEEP 1578449596201 394612399068 71
REALCHAR 1578549054721 394637263693 51
REALCHAR 1578943770121 394735942543 51
REALCHAR 1579358934841 394839733723 51
REALCHAR 1579666255561 394916563903 51
REALCHAR 1579951189441 394987797373 51
DEEP 1580124483961 395031121008 71
REALCHAR 1580713691041 395178422773 51
DEEP 1581421529689 395355382440 71
DEEP 1581562780249 395390695080 71
REALCHAR 1582656485881 395664121483 51
DEEP 1583276768329 395819192100 71
REALCHAR 1584594978121 396148744543 51
REALCHAR 1585150145881 396287536483 51
SUPPORT 1585794778681 396448694683 51
REALCHAR 1585956871801 396489217963 51
REALCHAR 1586191955401 396547988863 51
REALCHAR 1586618430721 396654607693 51
REALCHAR 1586674642921 396668660743 51
DEEP 1587051339721 396762834949 75
REALCHAR 1587086647441 396771661873 51
REALCHAR 1587493178041 396873294523 51
SUPPORT 1587500005081 396875001283 51
REALCHAR 1587746816881 396936704233 51
REALCHAR 1588482329281 397120582333 51
DEEP 1589635507849 397408876980 71
REALCHAR 1589718622801 397429655713 51
DEEP 1589861178361 397465294608 71
REALCHAR 1590061768201 397515442063 51
REALCHAR 1590330217921 397582554493 51
REALCHAR 1590344153161 397586038303 51
DEEP 1590572246761 397643061708 71
REALCHAR 1590723024361 397680756103 51
DEEP 1590723024361 397680756108 71
REALCHAR 1590951453961 397737863503 51
REALCHAR 1591828681921 397957170493 51
REALCHAR 1591930152121 397982538043 51
DEEP 1592102111209 398025527820 71
REALCHAR 1592144930401 398036232613 51
SUPPORT 1592362983961 398090746003 51
DEEP 1592386552969 398096638264 87
REALCHAR 1592430057241 398107514323 51
REALCHAR 1592546740801 398136685213 51
REALCHAR 1594807866961 398701966753 51
REALCHAR 1595520777601 398880194413 51
REALCHAR 1596561983641 399140495923 51
REALCHAR 1596897414841 399224353723 51
REALCHAR 1597553735761 399388433953 51
REALCHAR 1597701910561 399425477653 51
DEEP 1598032903009 399508225770 71
REALCHAR 1598878156801 399719539213 51
REALCHAR 1598895417001 399723854263 51
DEEP 1599022374049 399755593531 75
DEEP 1599156390049 399789097530 71
REALCHAR 1600085118241 400021279573 51
REALCHAR 1600304651401 400076162863 51
REALCHAR 1600816147681 400204036933 51
REALCHAR 1600870424521 400217606143 51
REALCHAR 1601194388161 400298597053 51
REALCHAR 1601501222161 400375305553 51
REALCHAR 1601564569201 400391142313 51
REALCHAR 1603129575961 400782394003 51
DEEP 1603129575961 400782394010 79
REALCHAR 1603297408441 400824352123 51
REALCHAR 1603733468401 400933367113 51
REALCHAR 1603829977201 400957494313 51
REALCHAR 1603964727121 400991181793 51
REALCHAR 1604131868161 401032967053 51
REALCHAR 1604361057601 401090264413 51
DEEP 1604413522321 401103380598 71
SUPPORT 1607973846361 401993461603 51
DEEP 1607996953369 401999238360 71
REALCHAR 1608244989961 402061247503 51
DEEP 1608617929801 402154482470 79
DEEP 1608858452161 402214613059 75
DEEP 1609292518201 402323129568 71
REALCHAR 1609804044601 402451011163 51
SUPPORT 1609972532281 402493133083 51
REALCHAR 1610119492921 402529873243 51
REALCHAR 1611927349321 402981837343 51
REALCHAR 1612275207841 403068801973 51
REALCHAR 1612505971561 403126492903 51
REALCHAR 1612516346281 403129086583 51
SUPPORT 1613198649841 403299662473 51
SUPPORT 1613459085001 403364771263 51
REALCHAR 1613973060001 403493265013 51
DEEP 1614277126081 403569281538 71
DEEP 1614332070961 403583017758 71
DEEP 1614391835281 403597958838 71
REALCHAR 1614737539801 403684384963 51
REALCHAR 1614875710561 403718927653 51
REALCHAR 1615240890481 403810222633 51
REALCHAR 1615734628561 403933657153 51
SUPPORT 1616035741321 404008935343 51
REALCHAR 1616408906401 404102226613 51
DEEP 1617114633289 404278658340 71
REALCHAR 1617492677641 404373169423 51
SUPPORT 1617736297321 404434074343 51
REALCHAR 1619062289881 404765572483 51
REALCHAR 1619319340081 404829835033 51
REALCHAR 1619490330481 404872582633 51
REALCHAR 1619687943721 404921985943 51
REALCHAR 1620073671841 405018417973 51
DEEP 1620186221809 405046555470 71
REALCHAR 1620224196361 405056049103 51
REALCHAR 1620305143081 405076285783 51
REALCHAR 1620695352721 405173838193 51
REALCHAR 1620768404641 405192101173 51
REALCHAR 1620891701641 405222925423 51
DEEP 1620918335689 405229583940 71
DEEP 1621352428609 405338107170 71
REALCHAR 1621355103481 405338775883 51
REALCHAR 1622156207281 405539051833 51
REALCHAR 1622195316121 405548829043 51
REALCHAR 1622318028241 405579507073 51
REALCHAR 1622492357641 405623089423 51
REALCHAR 1622789270881 405697317733 51
DEEP 1622789270881 405697317739 75
REALCHAR 1622868230281 405717057583 51
DEEP 1622868230281 405717057588 71
REALCHAR 1623384508201 405846127063 51
DEEP 1624436726929 406109181751 75
REALCHAR 1625467279801 406366819963 51
REALCHAR 1625790399601 406447599913 51
SUPPORT 1625899330441 406474832623 51
SUPPORT 1626065799121 406516449793 51
REALCHAR 1626346796281 406586699083 51
REALCHAR 1626850149961 406712537503 51
REALCHAR 1626966429001 406741607263 51
REALCHAR 1627522634761 406880658703 51
DEEP 1628206992721 407051748200 79
REALCHAR 1628252151241 407063037823 51
REALCHAR 1628461240561 407115310153 51
REALCHAR 1629186156361 407296539103 51
REALCHAR 1629312447361 407328111853 51
REALCHAR 1629347341561 407336835403 51
REALCHAR 1629912524881 407478131233 51
REALCHAR 1630179694441 407544923623 51
REALCHAR 1630719600241 407679900073 51
REALCHAR 1631096004001 407774001013 51
DEEP 1631639809801 407909952468 71
DEEP 1631836963969 407959241010 71
REALCHAR 1632229733521 408057433393 51
REALCHAR 1632594449641 408148612423 51
REALCHAR 1632755373001 408188843263 51
REALCHAR 1632759096721 408189774193 51
REALCHAR 1634076234961 408519058753 51
REALCHAR 1634489383081 408622345783 51
REALCHAR 1634822130841 408705532723 51
REALCHAR 1639242401281 409810600333 51
DEEP 1640024716201 410006179068 71
REALCHAR 1640061635521 410015408893 51
REALCHAR 1640073158161 410018289553 51
REALCHAR 1641098058961 410274514753 51
REALCHAR 1641654924361 410413731103 51
REALCHAR 1641722806201 410430701563 51
REALCHAR 1642275188761 410568797203 51
REALCHAR 1644243354121 411060838543 51
SUPPORT 1644311546641 411077886673 51
DEEP 1645072820329 411268205100 71
REALCHAR 1645993178041 411498294523 51
REALCHAR 1646066942881 411516735733 51
REALCHAR 1646426323441 411606580873 51
DEEP 1646426323441 411606580878 71
DEEP 1647413544529 411853386152 79
REALCHAR 1647975307801 411993826963 51
REALCHAR 1648046263081 412011565783 51
DEEP 1649659677961 412414919508 71
REALCHAR 1650588647761 412647161953 51
REALCHAR 1651313996641 412828499173 51
REALCHAR 1651863046201 412965761563 51
DEEP 1652607938881 413151984740 79
REALCHAR 1652849835121 413212458793 51
DEEP 1653864254641 413466063679 75
REALCHAR 1654932750241 413733187573 51
REALCHAR 1654990343161 413747585803 51
REALCHAR 1655224996441 413806249123 51
REALCHAR 1655941585321 413985396343 51
REALCHAR 1656413042881 414103260733 51
REALCHAR 1656477005401 414119251363 51
REALCHAR 1657110557281 414277639333 51
REALCHAR 1659242185441 414810546373 51
DEEP 1659572235721 414893058951 83
REALCHAR 1659938845321 414984711343 51
REALCHAR 1660070671081 415017667783 51
SUPPORT 1661048353561 415262088403 51
SUPPORT 1661056027801 415264006963 51
REALCHAR 1661303245681 415325811433 51
REALCHAR 1661925068281 415481267083 51
REALCHAR 1662747799441 415686949873 51
REALCHAR 1662812380849 415703095231 75
DEEP 1662812380849 415703095234 87
REALCHAR 1662859963801 415714990963 51
REALCHAR 1663947599521 415986899893 51
REALCHAR 1664020991161 416005247803 51
REALCHAR 1665177811441 416294452873 51
REALCHAR 1666464298801 416616074713 51
REALCHAR 1666610105161 416652526303 51
REALCHAR 1666679870881 416669967733 51
DEEP 1667632178689 416908044692 79
REALCHAR 1667785390441 416946347623 51
REALCHAR 1667922742201 416980685563 51
REALCHAR 1667996547361 416999136853 51
REALCHAR 1668249954361 417062488603 51
DEEP 1668255373801 417063843468 71
REALCHAR 1668275199361 417068799853 51
REALCHAR 1668415869121 417103967293 51
REALCHAR 1669348812121 417337203043 51
DEEP 1669492776121 417373194050 79
REALCHAR 1669807684561 417451921153 51
DEEP 1669997674801 417499418718 71
REALCHAR 1670408785081 417602196283 51
REALCHAR 1670560752961 417640188253 51
REALCHAR 1670721905161 417680476303 51
DEEP 1670721905161 417680476308 71
REALCHAR 1671432093241 417858023323 51
REALCHAR 1671591555481 417897888883 51
REALCHAR 1671688179001 417922044763 51
REALCHAR 1672052158921 418013039743 51
DEEP 1672343987521 418085996898 71
REALCHAR 1672936317361 418234079353 51
DEEP 1673426882689 418356720690 71
REALCHAR 1674574549561 418643637403 51
REALCHAR 1674676365961 418669091503 51
REALCHAR 1675331463961 418832866003 51
REALCHAR 1675398602641 418849650673 51
DEEP 1675646616361 418911654108 71
DEEP 1675895298529 418973824651 75
DEEP 1675990622329 418997655600 71
REALCHAR 1676287195801 419071798963 51
REALCHAR 1676475029161 419118757303 51
REALCHAR 1677021849721 419255462443 51
DEEP 1677021849721 419255462448 71
REALCHAR 1677163639321 419290909843 51
REALCHAR 1677924420481 419481105133 51
REALCHAR 1678591725721 419647931443 51
DEEP 1679168142961 419792035758 71
REALCHAR 1679459494441 419864873623 51
REALCHAR 1680376494721 420094123693 51
REALCHAR 1680651158761 420162789703 51
DEEP 1681178919289 420294729842 79
DEEP 1682312709529 420578177402 79
DEEP 1682585282401 420646320618 71
DEEP 1683280904881 420820226238 71
SUPPORT 1683318413401 420829603363 51
REALCHAR 1683772408081 420943102033 51
DEEP 1684200391129 421050097801 75
REALCHAR 1684801414321 421200353593 51
REALCHAR 1685165751481 421291437883 51
REALCHAR 1685513361841 421378340473 51
DEEP 1685513361841 421378340478 71
DEEP 1685709122161 421427280559 75
REALCHAR 1686088213681 421522053433 51
REALCHAR 1686132922681 421533230683 51
DEEP 1686250326049 421562581530 71
REALCHAR 1686289769761 421572442453 51
REALCHAR 1686535513441 421633878373 51
REALCHAR 1687367572801 421841893213 51
SUPPORT 1687780155961 421945039003 51
SUPPORT 1688358102601 422089525663 51
REALCHAR 1688838985681 422209746433 51
REALCHAR 1688942085601 422235521413 51
REALCHAR 1688976608881 422244152233 51
DEEP 1689342288001 422335572018 71
DEEP 1690303803241 422575950828 71
DEEP 1690486779601 422621694925 99
REALCHAR 1691578442401 422894610613 51
DEEP 1691585084809 422896271220 71
REALCHAR 1691615762281 422903940583 51
REALCHAR 1692066150121 423016537543 51
DEEP 1692076540729 423019135200 71
SUPPORT 1692131598361 423032899603 51
DEEP 1692910220401 423227555118 71
REALCHAR 1694996446441 423749111623 51
REALCHAR 1695674357521 423918589393 51
DEEP 1695674357521 423918589400 79
REALCHAR 1695792374641 423948093673 51
DEEP 1696302027289 424075506845 91
REALCHAR 1697923846921 424480961743 51
SUPPORT 1697983249561 424495812403 51
REALCHAR 1697987537401 424496884363 51
REALCHAR 1699192348681 424798087183 51
REALCHAR 1699595259961 424898815003 51
DEEP 1699595259961 424898815012 87
DEEP 1699628295121 424907073800 79
REALCHAR 1699875899401 424968974863 51
REALCHAR 1700715574321 425178893593 51
DEEP 1700715574321 425178893598 71
REALCHAR 1700755985041 425188996273 51
REALCHAR 1702324148281 425581037083 51
DEEP 1703038271089 425759567790 71
DEEP 1703046144409 425761536122 79
DEEP 1703057627569 425764406910 71
REALCHAR 1705077337441 426269334373 51
DEEP 1705615009729 426403752450 71
REALCHAR 1705813793401 426453448363 51
REALCHAR 1705979371321 426494842843 51
REALCHAR 1706003570881 426500892733 51
REALCHAR 1706054733601 426513683413 51
REALCHAR 1706148650761 426537162703 51
REALCHAR 1706665519441 426666379873 51
DEEP 1706665519441 426666379881 83
REALCHAR 1706972776441 426743194123 51
REALCHAR 1707692697481 426923174383 51
DEEP 1708209511969 427052378010 71
SUPPORT 1708535406601 427133851663 51
REALCHAR 1708609227361 427152306853 51
REALCHAR 1708975268641 427243817173 51
SUPPORT 1709354097361 427338524353 51
DEEP 1709354097361 427338524358 71
SUPPORT 1711860696001 427965174013 51
REALCHAR 1712029630081 428007407533 51
REALCHAR 1712513450881 428128362733 51
REALCHAR 1712539177561 428134794403 51
DEEP 1713059602081 428264900538 71
DEEP 1713210698809 428302674720 71
REALCHAR 1713239220001 428309805013 51
DEEP 1713239220001 428309805020 79
REALCHAR 1714133101321 428533275343 51
SUPPORT 1714493609761 428623402453 51
DEEP 1714543687081 428635921788 71
REALCHAR 1714652394841 428663098723 51
DEEP 1714812533281 428703133341 83
REALCHAR 1715184252721 428796063193 51
REALCHAR 1715790387481 428947596883 51
DEEP 1715818512409 428954628120 71
DEEP 1715931868561 428982967158 71
REALCHAR 1716027759601 429006939913 51
REALCHAR 1716253498801 429063374713 51
REALCHAR 1716567128761 429141782203 51
REALCHAR 1716971467201 429242866813 51
DEEP 1717353171769 429338292960 71
REALCHAR 1718420973721 429605243443 51
SUPPORT 1718585553721 429646388443 51
DEEP 1719037979569 429759494912 79
REALCHAR 1719760151041 429940037773 51
DEEP 1719760151041 429940037778 71
REALCHAR 1719944792281 429986198083 51
DEEP 1719956019961 429989005012 87
REALCHAR 1720760755081 430190188783 51
REALCHAR 1720863380161 430215845053 51
REALCHAR 1721060437321 430265109343 51
DEEP 1721156333521 430289083400 79
REALCHAR 1721167260121 430291815043 51
REALCHAR 1721360478601 430340119663 51
REALCHAR 1721512284241 430378071073 51
REALCHAR 1722592894201 430648223563 51
REALCHAR 1722819209281 430704802333 51
DEEP 1722898852921 430724713251 83
REALCHAR 1723331553241 430832888323 51
DEEP 1723723081441 430930770378 71
SUPPORT 1723985829721 430996457443 51
REALCHAR 1725488455441 431372113873 51
SUPPORT 1726018989601 431504747413 51
REALCHAR 1726201748881 431550437233 51
DEEP 1727317506121 431829376550 79
DEEP 1727487935209 431871983820 71
DEEP 1727721398209 431930349570 71
DEEP 1727777408449 431944352130 71
SUPPORT 1729231261081 432307815283 51
REALCHAR 1729355682961 432338920753 51
REALCHAR 1729405806241 432351451573 51
SUPPORT 1729813926481 432453481633 51
REALCHAR 1729921262521 432480315643 51
DEEP 1731588834361 432897208611 83
REALCHAR 1731658767721 432914691943 51
REALCHAR 1731982985041 432995746273 51
REALCHAR 1732465340761 433116335203 51
REALCHAR 1732582555201 433145638813 51
REALCHAR 1733321001721 433330250449 75
DEEP 1733321001721 433330250450 79
REALCHAR 1733670743401 433417685863 51
REALCHAR 1733948512921 433487128243 51
DEEP 1733967192721 433491798198 71
REALCHAR 1734157053841 433539263473 51
DEEP 1734957967681 433739491938 71
REALCHAR 1735880992561 433970248153 51
REALCHAR 1736228010841 434057002723 51
REALCHAR 1736287570081 434071892533 51
REALCHAR 1736353222081 434088305533 51
REALCHAR 1736370562081 434092640533 51
REALCHAR 1736978618761 434244654703 51
REALCHAR 1738265199841 434566299973 51
REALCHAR 1738509321481 434627330383 51
REALCHAR 1739261510281 434815377583 51
REALCHAR 1739263373761 434815843453 51
REALCHAR 1739351371081 434837842783 51
REALCHAR 1740167212081 435041803033 51
REALCHAR 1740283641121 435070910293 51
SUPPORT 1741139745361 435284936353 51
REALCHAR 1741976084521 435494021143 51
REALCHAR 1742231447401 435557861863 51
DEEP 1742676844561 435669211159 75
DEEP 1742850514441 435712628628 71
REALCHAR 1743324708841 435831177223 51
REALCHAR 1744348632601 436087158163 51
REALCHAR 1745714937121 436428734293 51
REALCHAR 1746041020201 436510255063 51
REALCHAR 1746043264681 436510816183 51
REALCHAR 1746106805041 436526701273 51
REALCHAR 1746166226401 436541556613 51
REALCHAR 1746181284961 436545321253 51
DEEP 1747749007489 436937251890 71
REALCHAR 1747848740401 436962185113 51
DEEP 1747987703641 436996925928 71
REALCHAR 1748234739001 437058684763 51
REALCHAR 1748258485801 437064621463 51
SUPPORT 1748535399601 437133849913 51
REALCHAR 1748856408601 437214102163 51
REALCHAR 1749220122241 437305030573 51
REALCHAR 1750364504641 437591126173 51
REALCHAR 1750822023721 437705505943 51
SUPPORT 1751109741481 437777435383 51
DEEP 1751453502241 437863375578 71
REALCHAR 1755329541001 438832385263 51
REALCHAR 1755465908641 438866477173 51
DEEP 1755564261049 438891065280 71
REALCHAR 1755927988201 438981997063 51
REALCHAR 1755963584761 438990896203 51
DEEP 1756164106321 439041026598 71
REALCHAR 1756235119081 439058779783 51
REALCHAR 1757361748321 439340437093 51
DEEP 1757418918649 439354729680 71
DEEP 1757670156841 439417539228 71
REALCHAR 1757993107081 439498276783 51
DEEP 1758395790649 439598947680 71
REALCHAR 1758433547641 439608386923 51
REALCHAR 1758759639961 439689910003 51
DEEP 1758759639961 439689910008 71
SUPPORT 1759887206281 439971801583 51
REALCHAR 1760252042761 440063010703 51
DEEP 1760662847329 440165711850 71
DEEP 1761455023441 440363755878 71
REALCHAR 1761694210201 440423552563 51
DEEP 1761800385601 440450096420 79
DEEP 1761860689681 440465172438 71
REALCHAR 1761970054441 440492513623 51
REALCHAR 1762300359121 440575089793 51
REALCHAR 1762303494961 440575873753 51
REALCHAR 1763162856841 440790714223 51
DEEP 1763286831601 440821707918 71
REALCHAR 1764822420001 441205605013 51
REALCHAR 1765092908881 441273227233 51
DEEP 1765092908881 441273227240 79
REALCHAR 1765926440041 441481610023 51
REALCHAR 1767733099441 441933274873 51
REALCHAR 1767797478001 441949369513 51
REALCHAR 1768812678361 442203169603 51
REALCHAR 1768987771321 442246942843 51
SUPPORT 1769180093521 442295023393 51
DEEP 1769466730249 442366682582 79
REALCHAR 1769473174561 442368293663 91
DEEP 1769473174561 442368293664 95
DEEP 1769699437081 442424859288 71
DEEP 1769765448049 442441362030 71
REALCHAR 1769989879681 442497469933 51
DEEP 1771119620449 442779905130 71
REALCHAR 1771212791401 442803197863 51
DEEP 1771212791401 442803197868 71
REALCHAR 1771723294441 442930823623 51
REALCHAR 1773221715721 443305428943 51
DEEP 1773221715721 443305428948 71
REALCHAR 1773339442081 443334860533 51
DEEP 1773677356201 443419339068 71
DEEP 1773891079801 443472769968 71
REALCHAR 1774276381081 443569095283 51
REALCHAR 1775619161761 443904790453 51
REALCHAR 1776392130241 444098032573 51
DEEP 1777671708121 444417927050 79
DEEP 1777749022009 444437255521 75
REALCHAR 1777817527201 444454381813 51
REALCHAR 1777916889961 444479222503 51
REALCHAR 1778215003321 444553750843 51
REALCHAR 1779286445161 444821611303 51
DEEP 1779778539361 444944634858 71
REALCHAR 1779929890561 444982472653 51
REALCHAR 1780032578041 445008144523 51
REALCHAR 1780908596041 445227149023 51
SUPPORT 1783467437761 445866859453 51
DEEP 1783568701489 445892175390 71
REALCHAR 1783655275081 445913818783 51
DEEP 1784249258089 446062314540 71
DEEP 1784315300329 446078825101 75
DEEP 1785164352409 446291088121 75
REALCHAR 1785549885001 446387471263 51
REALCHAR 1785597514801 446399378713 51
DEEP 1785751135921 446437783998 71
DEEP 1786023605521 446505901400 79
REALCHAR 1786268810041 446567202523 51
REALCHAR 1786732614241 446683153573 51
SUPPORT 1787267633761 446816908453 51
DEEP 1787417993761 446854498462 87
DEEP 1787744660641 446936165180 79
REALCHAR 1787885659561 446971414903 51
DEEP 1788039728281 447009932088 71
DEEP 1788249194449 447062298630 71
REALCHAR 1789244271721 447311067943 51
REALCHAR 1789725438601 447431359663 51
REALCHAR 1789994218321 447498554593 51
REALCHAR 1790334549481 447583637383 51
DEEP 1791557027569 447889256910 71
REALCHAR 1791640282441 447910070623 51
REALCHAR 1791947658601 447986914663 51
SUPPORT 1792111647481 448027911883 51
REALCHAR 1792268967241 448067241823 51
REALCHAR 1792399501201 448099875313 51
REALCHAR 1792420793881 448105198483 51
REALCHAR 1792690339441 448172584873 51
DEEP 1793116841569 448279210410 71
DEEP 1793182697881 448295674489 75
REALCHAR 1793788040641 448447010173 51
SUPPORT 1793838523801 448459630963 51
REALCHAR 1794682726321 448670681593 51
REALCHAR 1795330041961 448832510503 51
REALCHAR 1795804971601 448951242913 51
DEEP 1795804971601 448951242918 71
REALCHAR 1796058831961 449014708003 51
SUPPORT 1796186460121 449046615043 51
REALCHAR 1797319194841 449329798723 51
REALCHAR 1797664963441 449416240873 51
REALCHAR 1798065819001 449516454763 51
DEEP 1798498754809 449624688720 71
DEEP 1798645173361 449661293358 71
SUPPORT 1798999032601 449749758163 51
REALCHAR 1799052208321 449763052093 51
DEEP 1799319679369 449829919860 71
REALCHAR 1799943453361 449985863353 51
REALCHAR 1800093751681 450023437939 75
DEEP 1800093751681 450023437940 79
DEEP 1800286893409 450071723370 71
REALCHAR 1800954733561 450238683403 51
REALCHAR 1801270587601 450317646913 51
DEEP 1801427954881 450356988738 71
DEEP 1801563950761 450390987710 79
DEEP 1802369267521 450592316898 71
REALCHAR 1803802153441 450950538373 51
REALCHAR 1803987276001 450996819013 51
REALCHAR 1804375282441 451093820623 51
DEEP 1806720555721 451680138948 71
DEEP 1808138704849 452034676230 71
DEEP 1809269720281 452317430088 71
REALCHAR 1809642847321 452410711843 51
REALCHAR 1809777114601 452444278663 51
DEEP 1810395051529 452598762900 71
SUPPORT 1811369722801 452842430713 51
REALCHAR 1811504720041 452876180023 51
DEEP 1811636431081 452909107788 71
REALCHAR 1812443918041 453110979523 51
DEEP 1812584163289 453146040842 79
REALCHAR 1813483719961 453370930003 51
REALCHAR 1814351273641 453587818423 51
DEEP 1816482166801 454120541718 71
DEEP 1816527325369 454131831360 71
REALCHAR 1816715922961 454178980753 51
REALCHAR 1817130828241 454282707073 51
REALCHAR 1817406234361 454351558603 51
DEEP 1817526145681 454381536438 71
REALCHAR 1818799676521 454699919143 51
REALCHAR 1818978193321 454744548343 51
DEEP 1819442368969 454860592260 71
REALCHAR 1819642296481 454910574133 51
DEEP 1819784811289 454946202840 71
REALCHAR 1820373249601 455093312413 51
DEEP 1821594534841 455398633728 71
REALCHAR 1821824569321 455456142343 51
REALCHAR 1822416501361 455604125353 51
REALCHAR 1823007205321 455751801343 51
DEEP 1823081411089 455770352790 71
REALCHAR 1823997912361 455999478103 51
DEEP 1824525366049 456131341530 71
REALCHAR 1824557030521 456139257643 51
REALCHAR 1824884181121 456221045293 51
DEEP 1825145888329 456286472100 71
DEEP 1826730208801 456682552221 83
DEEP 1827202506529 456800626650 71
REALCHAR 1827756420961 456939105253 51
DEEP 1827796630969 456949157760 71
REALCHAR 1828044232921 457011058243 51
DEEP 1828177207921 457044301998 71
REALCHAR 1829132029321 457283007343 51
REALCHAR 1829291240401 457322810113 51
REALCHAR 1829503767361 457375941853 51
REALCHAR 1830302535601 457575633913 51
REALCHAR 1830496635361 457624158853 51
DEEP 1833087545041 458271886278 71
REALCHAR 1833625280881 458406320233 51
DEEP 1833869825089 458467456292 79
SUPPORT 1833939259681 458484814933 51
REALCHAR 1833939259681 458484814939 75
DEEP 1833939259681 458484814942 87
DEEP 1834028556361 458507139109 75
REALCHAR 1834067220001 458516805013 51
REALCHAR 1834344871921 458586217993 51
DEEP 1834943875801 458735968970 79
DEEP 1835328806089 458832201541 75
DEEP 1835359022641 458839755678 71
REALCHAR 1835383274761 458845818703 51
REALCHAR 1835518903201 458879725813 51
REALCHAR 1835601546601 458900386663 51
REALCHAR 1836179408281 459044852083 51
REALCHAR 1836475835041 459118958773 51
REALCHAR 1836650674681 459162668683 51
REALCHAR 1836882192601 459220548163 51
REALCHAR 1837406694601 459351673663 51
REALCHAR 1838156669281 459539167333 51
REALCHAR 1838452126681 459613031683 51
DEEP 1838452126681 459613031690 79
DEEP 1838531680441 459632920128 71
SUPPORT 1838792155561 459698038903 51
DEEP 1839375700369 459843925110 71
REALCHAR 1839435161041 459858790273 51
REALCHAR 1839582007561 459895501903 51
REALCHAR 1840739216761 460184804203 51
REALCHAR 1840962622321 460240655593 51
DEEP 1841442889729 460360722450 71
DEEP 1841931816169 460482954060 71
SUPPORT 1842523396081 460630849033 51
REALCHAR 1844517869401 461129467363 51
REALCHAR 1844728835401 461182208863 51
SUPPORT 1845289658521 461322414643 51
DEEP 1845667161529 461416790401 75
REALCHAR 1845897634681 461474408683 51
DEEP 1845897634681 461474408688 71
REALCHAR 1846124793361 461531198353 51
REALCHAR 1846179423001 461544855763 51
REALCHAR 1848075231601 462018807913 51
DEEP 1848327382801 462081845720 79
DEEP 1848481351201 462120337818 71
REALCHAR 1849598621641 462399655423 51
DEEP 1849826983489 462456745892 79
DEEP 1849904573521 462476143400 79
DEEP 1850354132449 462588533131 75
REALCHAR 1851108681361 462777170353 51
REALCHAR 1851472238641 462868059673 51
DEEP 1851572868721 462893217202 87
REALCHAR 1851594155401 462898538863 51
REALCHAR 1851651744721 462912936193 51
REALCHAR 1851676818601 462919204663 51
REALCHAR 1851907219681 462976804933 51
DEEP 1852232060449 463058015130 71
REALCHAR 1852322582881 463080645733 51
DEEP 1852742331001 463185582768 71
REALCHAR 1854283876201 463570969063 51
DEEP 1854408169849 463602042483 83
DEEP 1854942740641 463735685180 79
REALCHAR 1855199487241 463799871823 51
REALCHAR 1856497349281 464124337333 51
REALCHAR 1856672722921 464168180743 51
REALCHAR 1858263824041 464565956023 51
DEEP 1859314999369 464828749862 79
DEEP 1859706350401 464926587618 71
REALCHAR 1860121162201 465030290563 51
REALCHAR 1860566264881 465141566233 51
REALCHAR 1860711519241 465177879823 51
REALCHAR 1861105511281 465276377833 51
REALCHAR 1862102254321 465525563593 51
DEEP 1862273803009 465568450772 79
DEEP 1862644024201 465661006068 71
REALCHAR 1862961587041 465740396773 51
REALCHAR 1863079115041 465769778773 51
REALCHAR 1863079115041 465769778779 75
DEEP 1863079115041 465769778780 79
REALCHAR 1863353766121 465838441543 51
REALCHAR 1863501958081 465875489533 51
SUPPORT 1864404580921 466101145243 51
REALCHAR 1864514540641 466128635173 51
DEEP 1864962247009 466240561770 71
DEEP 1865154034129 466288508550 71
REALCHAR 1865820607561 466455151903 51
DEEP 1865820607561 466455151908 71
REALCHAR 1866132636481 466533159133 51
REALCHAR 1866158637841 466539659473 51
REALCHAR 1866211645321 466552911343 51
DEEP 1866284951521 466571237898 71
DEEP 1866452234761 466613058708 71
DEEP 1866672334081 466668083538 71
REALCHAR 1867043778961 466760944753 51
REALCHAR 1867492870681 466873217683 51
DEEP 1867754381089 466938595290 71
REALCHAR 1868285156761 467071289203 51
REALCHAR 1868503228201 467125807063 51
DEEP 1868897048209 467224262070 71
REALCHAR 1869357502321 467339375593 51
REALCHAR 1870128127921 467532031993 51
DEEP 1870334089849 467583522480 71
DEEP 1870934712529 467733678150 71
REALCHAR 1871639689921 467909922493 51
REALCHAR 1872315707161 468078926803 51
DEEP 1872490263361 468122565858 71
DEEP 1872833595889 468208398993 83
REALCHAR 1873456254121 468364063543 51
DEEP 1873637955289 468409488842 79
SUPPORT 1873693830121 468423457543 51
DEEP 1873816283089 468454070790 71
DEEP 1873825627129 468456406803 83
DEEP 1874015239009 468503809772 79
DEEP 1874125020769 468531255211 75
REALCHAR 1875134613361 468783653353 51
DEEP 1875311114161 468827778559 75
REALCHAR 1875569299081 468892324783 51
REALCHAR 1876649418001 469162354513 51
DEEP 1877001515041 469250378778 71
REALCHAR 1877516912881 469379228233 51
REALCHAR 1877658856921 469414714243 51
DEEP 1877658856921 469414714250 79
REALCHAR 1877955848521 469488962143 51
REALCHAR 1878498990481 469624747633 51
REALCHAR 1878921855721 469730463943 51
REALCHAR 1879082945041 469770736273 51
REALCHAR 1879099502281 469774875583 51
DEEP 1879099502281 469774875588 71
REALCHAR 1880460988561 470115247153 51
SUPPORT 1881100537681 470275134433 51
REALCHAR 1881123278161 470280819553 51
DEEP 1881862054801 470465513718 71
REALCHAR 1882445823241 470611455823 51
REALCHAR 1882683868081 470670967033 51
DEEP 1883069260801 470767315218 71
DEEP 1883103620161 470775905058 71
REALCHAR 1883139169921 470784792493 51
REALCHAR 1883650750921 470912687743 51
DEEP 1884463146721 471115786698 71
REALCHAR 1884727748401 471181937113 51
REALCHAR 1884727748401 471181937119 75
DEEP 1884727748401 471181937120 79
REALCHAR 1885157998441 471289499623 51
DEEP 1885677192961 471419298258 71
REALCHAR 1885965898441 471491474623 51
DEEP 1886141133529 471535283400 71
REALCHAR 1886313937561 471578484403 51
REALCHAR 1886842629961 471710657503 51
DEEP 1887813309001 471953327268 71
REALCHAR 1888676040001 472169010013 51
REALCHAR 1889260269121 472315067293 51
REALCHAR 1889389369729 472347342457 99
REALCHAR 1889389369729 472347342461 115
DEEP 1889389369729 472347342462 119
REALCHAR 1889717741521 472429435393 51
REALCHAR 1891022649961 472755662503 51
REALCHAR 1891080596161 472770149053 51
DEEP 1891178849641 472794712428 71
REALCHAR 1892122848841 473030712223 51
REALCHAR 1892632483681 473158120933 51
REALCHAR 1892953385761 473238346453 51
REALCHAR 1893938382961 473484595753 51
REALCHAR 1895105003401 473776250863 51
DEEP 1895105003401 473776250871 83
REALCHAR 1896607256041 474151814023 51
REALCHAR 1897030011361 474257502853 51
REALCHAR 1897656935521 474414233893 51
DEEP 1898238059041 474559514779 75
DEEP 1898402694049 474600673530 71
REALCHAR 1898668957201 474667239313 51
REALCHAR 1899618385681 474904596433 51
REALCHAR 1899673557961 474918389503 51
REALCHAR 1899759813121 474939953293 51
DEEP 1900245691969 475061423010 71
DEEP 1900369106689 475092276692 79
SUPPORT 1900932702601 475233175663 51
DEEP 1901095132561 475273783160 79
REALCHAR 1901595445369 475398861361 75
DEEP 1901595445369 475398861363 83
DEEP 1902206180449 475551545130 71
REALCHAR 1902496355761 475624088953 51
REALCHAR 1902502758601 475625689663 51
REALCHAR 1902636012601 475659003163 51
REALCHAR 1903165937401 475791484363 51
DEEP 1903165937401 475791484368 71
SUPPORT 1903452602041 475863150523 51
REALCHAR 1903640210761 475910052703 51
REALCHAR 1903673897161 475918474303 51
REALCHAR 1904264883361 476066220853 51
REALCHAR 1904931537721 476232884443 51
REALCHAR 1905663762601 476415940663 51
REALCHAR 1906681154401 476670288613 51
SUPPORT 1906933523401 476733380863 51
DEEP 1907621055649 476905263930 71
REALCHAR 1907849853361 476962463353 51
DEEP 1907868166681 476967041689 75
DEEP 1909066714801 477266678718 71
REALCHAR 1909097430601 477274357663 51
DEEP 1909222902409 477305725620 71
DEEP 1909548397201 477387099318 71
REALCHAR 1910229310441 477557327623 51
REALCHAR 1910257702081 477564425533 51
SUPPORT 1910736885121 477684221293 51
DEEP 1910736885121 477684221298 71
DEEP 1910887611649 477721902930 71
SUPPORT 1910981424361 477745356103 51
DEEP 1912428467401 478107116868 71
REALCHAR 1912994559961 478248640003 51
SUPPORT 1913326842001 478331710513 51
DEEP 1913326842001 478331710518 71
REALCHAR 1914436251121 478609062793 51
DEEP 1914957819889 478739454993 83
REALCHAR 1915373394841 478843348723 51
DEEP 1915373394841 478843348728 71
DEEP 1915645485121 478911371300 79
REALCHAR 1915871969881 478967992483 51
DEEP 1915883700721 478970925198 71
REALCHAR 1915907218681 478976804683 51
SUPPORT 1915968340441 478992085123 51
REALCHAR 1916169126481 479042281633 51
DEEP 1916523895729 479130973952 79
REALCHAR 1916632798081 479158199533 51
REALCHAR 1916898119761 479224529953 51
REALCHAR 1917170431801 479292607963 51
DEEP 1917406716241 479351679079 75
REALCHAR 1917880455481 479470113883 51
REALCHAR 1918321415761 479580353953 51
DEEP 1918321415761 479580353958 71
REALCHAR 1918626072841 479656518223 51
DEEP 1918626072841 479656518231 83
SUPPORT 1919075068681 479768767183 51
DEEP 1919075068681 479768767188 71
REALCHAR 1919322055561 479830513903 51
REALCHAR 1920715556761 480178889203 51
DEEP 1921544584129 480386146051 75
DEEP 1922239114849 480559778730 71
DEEP 1922538834841 480634708728 71
REALCHAR 1922685063601 480671265913 51
REALCHAR 1923020616001 480755154013 51
REALCHAR 1923040119001 480760029763 51
REALCHAR 1923045219481 480761304883 51
DEEP 1923888660409 480972165123 83
REALCHAR 1923981305401 480995326363 51
DEEP 1925081634529 481270408650 71
REALCHAR 1925343691441 481335922873 51
REALCHAR 1925614834441 481403708623 51
DEEP 1926325253161 481581313308 71
REALCHAR 1926741656401 481685414113 51
REALCHAR 1926759037681 481689759433 51
DEEP 1926759037681 481689759438 71
REALCHAR 1927012579801 481753144963 51
REALCHAR 1927340953561 481835238403 51
REALCHAR 1927379160001 481844790013 51
REALCHAR 1927561614001 481890403513 51
DEEP 1929247665361 482311916361 83
REALCHAR 1930872714241 482718178573 51
REALCHAR 1931448430081 482862107533 51
DEEP 1934186463169 483546615812 79
REALCHAR 1935727368961 483931842253 51
REALCHAR 1935890403841 483972600973 51
DEEP 1935895205689 483973801440 71
DEEP 1936108702441 484027175628 71
REALCHAR 1936366333801 484091583463 51
SUPPORT 1936853336401 484213334113 51
REALCHAR 1937778871081 484444717783 51
REALCHAR 1937893983481 484473495883 51
REALCHAR 1938257587561 484564396903 51
REALCHAR 1938455223961 484613806003 51
DEEP 1938455223961 484613806008 71
REALCHAR 1938982351849 484745587981 75
DEEP 1938982351849 484745587984 87
REALCHAR 1939188381001 484797095263 51
REALCHAR 1939410200641 484852550173 51
REALCHAR 1940012497201 485003124313 51
REALCHAR 1940109160441 485027290123 51
REALCHAR 1940156970361 485039242603 51
REALCHAR 1940864835361 485216208853 51
REALCHAR 1941179549761 485294887453 51
REALCHAR 1942168516201 485542129063 51
REALCHAR 1942458967201 485614741813 51
DEEP 1943061655921 485765413999 75
REALCHAR 1943562558001 485890639513 51
DEEP 1943562558001 485890639518 71
DEEP 1944399310681 486099827688 71
REALCHAR 1944571031881 486142757983 51
REALCHAR 1944882429361 486220607353 51
SUPPORT 1945257020281 486314255083 51
REALCHAR 1945643149321 486410787343 51
REALCHAR 1946189872201 486547468063 51
REALCHAR 1946848024801 486712006213 51
DEEP 1946909650849 486727412730 71
REALCHAR 1947619202281 486904800583 51
REALCHAR 1947875226361 486968806603 51
REALCHAR 1948579303441 487144825873 51
DEEP 1950380457481 487595114390 79
DEEP 1950704811169 487676202810 71
REALCHAR 1950711806521 487677951643 51
REALCHAR 1951378269481 487844567383 51
SUPPORT 1951647643201 487911910813 51
REALCHAR 1951732966681 487933241683 51
DEEP 1951767118921 487941779750 79
REALCHAR 1952150914561 488037728653 51
DEEP 1952775935881 488193983990 79
DEEP 1953354775849 488338693980 71
REALCHAR 1953854502601 488463625663 51
SUPPORT 1953899621041 488474905273 51
DEEP 1954289282089 488572320540 71
REALCHAR 1954294404241 488573601073 51
DEEP 1954601483641 488650370929 75
REALCHAR 1955159013721 488789753443 51
DEEP 1956465977761 489116494459 75
REALCHAR 1956795673561 489198918403 51
DEEP 1957222317961 489305579508 71
REALCHAR 1958260952041 489565238023 51
SUPPORT 1959074094961 489768523753 51
REALCHAR 1959545985721 489886496443 51
REALCHAR 1959852542881 489963135733 51
DEEP 1960082328961 490020582258 71
REALCHAR 1960097107081 490024276783 51
DEEP 1960420877809 490105219470 71
REALCHAR 1960568991481 490142247883 51
DEEP 1960966985041 490241746278 71
REALCHAR 1961002603921 490250650993 51
DEEP 1961672154649 490418038680 71
DEEP 1961710110649 490427527680 71
SUPPORT 1961801030641 490450257673 51
DEEP 1962137894809 490534473720 71
REALCHAR 1962736732441 490684183123 51
DEEP 1962824758129 490706189550 71
SUPPORT 1962993082801 490748270713 51
DEEP 1962993082801 490748270718 71
REALCHAR 1964039460601 491009865163 51
REALCHAR 1964525887921 491131471993 51
SUPPORT 1964866610281 491216652583 51
DEEP 1966467274249 491616818581 75
SUPPORT 1967671074121 491917768543 51
SUPPORT 1968070107721 492017526943 51
REALCHAR 1970193714241 492548428573 51
REALCHAR 1970820929401 492705232363 51
DEEP 1970820929401 492705232368 71
REALCHAR 1971229948081 492807487033 51
REALCHAR 1971424751521 492856187893 51
REALCHAR 1971932330281 492983082583 51
REALCHAR 1972841121001 493210280263 51
REALCHAR 1972845066721 493211266693 51
REALCHAR 1974785805001 493696451263 51
DEEP 1975027742689 493756935690 71
SUPPORT 1975506533641 493876633423 51
REALCHAR 1975565798761 493891449703 51
REALCHAR 1975689762601 493922440663 51
DEEP 1975995024481 493998756139 75
DEEP 1977408071809 494352017971 75
SUPPORT 1977902151481 494475537883 51
REALCHAR 1979281430281 494820357583 51
REALCHAR 1979372079721 494843019943 51
REALCHAR 1979868336601 494967084163 51
DEEP 1981016148049 495254037030 71
REALCHAR 1981386463681 495346615933 51
REALCHAR 1981606022881 495401505733 51
DEEP 1981606022881 495401505738 71
REALCHAR 1982223364801 495555841213 51
REALCHAR 1983701257561 495925314403 51
DEEP 1984376596801 496094149218 71
REALCHAR 1985816329561 496454082403 51
REALCHAR 1986076696081 496519174033 51
DEEP 1986880562209 496720140570 71
DEEP 1987159527721 496789881949 75
REALCHAR 1987201672681 496800418183 51
REALCHAR 1987914723001 496978680763 51
DEEP 1987914723001 496978680768 71
SUPPORT 1988360000761 497090000203 51
REALCHAR 1990050331201 497512582813 51
DEEP 1990138434001 497534608518 71
REALCHAR 1990727795281 497681948833 51
DEEP 1991783779561 497945944908 71
DEEP 1992255427969 498063857010 71
REALCHAR 1993070254561 498267563653 51
REALCHAR 1993257711481 498314427883 51
REALCHAR 1994125308841 498531327223 51
REALCHAR 1994551094761 498637773703 51
DEEP 1994605264369 498651316110 71
DEEP 1995572299009 498893074770 71
REALCHAR 1996990643041 499247660773 51
DEEP 1997150197849 499287549481 75
DEEP 1997316703561 499329175908 71
REALCHAR 1997581721521 499395430393 51
REALCHAR 1998234741721 499558685449 75
DEEP 1998234741721 499558685452 87
REALCHAR 1998320098681 499580024683 51
REALCHAR 1998507865201 499626966313 51
REALCHAR 1998914332321 499728583093 51
DEEP 1999315342369 499828835610 71
REALCHAR 1999777348321 499944337093 51
REALCHAR 2000114178001 500028544513 51
REALCHAR 2000512790641 500128197673 51
DEEP 2000887871161 500221967808 71
DEEP 2000942504521 500235626148 71
SUPPORT 2001097176961 500274294253 51
REALCHAR 2001957245401 500489311363 51
REALCHAR 2002237725601 500559431413 51
REALCHAR 2002808886961 500702221753 51
DEEP 2002973665081 500743416289 75
REALCHAR 2003324706601 500831176663 51
DEEP 2003819917009 500954979273 83
DEEP 2004548090689 501137022690 71
REALCHAR 2004693216241 501173304073 51
REALCHAR 2004708161569 501177040411 75
DEEP 2004708161569 501177040412 79
REALCHAR 2004750897601 501187724413 51
REALCHAR 2004984430201 501246107563 51
DEEP 2005272320041 501318080030 79
REALCHAR 2005884880561 501471220153 51
REALCHAR 2005951629361 501487907353 51
SUPPORT 2006097125761 501524281453 51
REALCHAR 2006256578041 501564144523 51
REALCHAR 2006474246401 501618561613 51
REALCHAR 2006876624041 501719156023 51
REALCHAR 2007023950801 501755987713 51
DEEP 2007616769929 501904192503 83
REALCHAR 2007823837321 501955959343 51
DEEP 2008477938769 502119484710 71
REALCHAR 2008603396801 502150849213 51
DEEP 2008603396801 502150849225 99
REALCHAR 2008852677001 502213169263 51
DEEP 2009276702161 502319175566 103
REALCHAR 2009938003921 502484500993 51
DEEP 2009964267481 502491066889 75
REALCHAR 2010194870161 502548717553 51
REALCHAR 2010990919081 502747729783 51
DEEP 2011460641969 502865160511 75
REALCHAR 2011636772401 502909193113 51
DEEP 2012167864249 503041966080 71
DEEP 2012454750289 503113687590 71
REALCHAR 2012828063401 503207015863 51
DEEP 2012973719761 503243429959 75
REALCHAR 2013173539441 503293384873 51
REALCHAR 2013185865601 503296466413 51
REALCHAR 2013445914481 503361478633 51
DEEP 2013445914481 503361478639 75
REALCHAR 2013872229121 503468057293 51
DEEP 2014690202281 503672550588 71
REALCHAR 2014917266041 503729316523 51
REALCHAR 2014919103961 503729776003 51
DEEP 2015131548049 503782887033 83
SUPPORT 2015483653681 503870913433 51
SUPPORT 2015627533921 503906883493 51
REALCHAR 2017307281441 504326820373 51
REALCHAR 2017608179161 504402044803 51
REALCHAR 2018052297361 504513074353 51
DEEP 2018244654721 504561163698 71
REALCHAR 2018491096561 504622774153 51
REALCHAR 2019576395281 504894098833 51
DEEP 2019718085401 504929521368 71
DEEP 2020508243209 505127060821 75
REALCHAR 2020680398881 505170099733 51
REALCHAR 2021685379921 505421344993 51
DEEP 2021685379921 505421344998 71
DEEP 2022233513689 505558378442 79
REALCHAR 2022414096481 505603524133 51
DEEP 2022959506681 505739876688 71
REALCHAR 2023107702841 505776925723 51
DEEP 2023162172641 505790543179 75
REALCHAR 2023248779161 505812194803 51
DEEP 2025588394729 506397098701 75
REALCHAR 2026113019921 506528254993 51
REALCHAR 2026209517201 506552379313 51
REALCHAR 2027542088881 506885522233 51
REALCHAR 2027613037321 506903259343 51
REALCHAR 2028002114161 507000528553 51
REALCHAR 2028020541121 507005135293 51
REALCHAR 2028426393361 507106598353 51
DEEP 2028426393361 507106598358 71
REALCHAR 2028592584001 507148146013 51
DEEP 2029084502041 507271125528 71
SUPPORT 2029296578761 507324144703 51
REALCHAR 2029423774249 507355943581 75
DEEP 2029423774249 507355943582 79
REALCHAR 2029698564721 507424641193 51
SUPPORT 2030193811801 507548452963 51
DEEP 2030461636009 507615409020 71
DEEP 2031089505769 507772376460 71
REALCHAR 2031499907761 507874976953 51
REALCHAR 2031757479361 507939369853 51
SUPPORT 2032199115241 508049778823 51
REALCHAR 2032371291721 508092822943 51
REALCHAR 2032647427561 508161856903 51
DEEP 2032647427561 508161856909 75
REALCHAR 2032973975761 508243493953 51
DEEP 2034230717689 508557679440 71
REALCHAR 2035436801161 508859200303 51
DEEP 2035833697921 508958424500 79
DEEP 2036008434769 509002108710 71
REALCHAR 2036048470681 509012117683 51
DEEP 2036739298801 509184824718 71
REALCHAR 2036942730001 509235682513 51
REALCHAR 2037350626921 509337656743 51
REALCHAR 2037512928361 509378232103 51
DEEP 2038359588721 509589897198 71
REALCHAR 2038537494841 509634373723 51
REALCHAR 2039217403441 509804350873 51
REALCHAR 2039249329441 509812332373 51
REALCHAR 2039623379641 509905844923 51
DEEP 2039709147961 509927287010 79
REALCHAR 2040776855881 510194213983 51
REALCHAR 2040885151561 510221287903 51
DEEP 2041130076001 510282519018 71
REALCHAR 2041211191321 510302797843 51
REALCHAR 2041744626601 510436156663 51
REALCHAR 2042768584921 510692146243 51
REALCHAR 2042849266441 510712316623 51
REALCHAR 2043273910441 510818477623 51
REALCHAR 2043285916681 510821479183 51
DEEP 2044053355969 511013339010 71
DEEP 2046198800881 511549700238 71
DEEP 2046606168049 511651542032 79
SUPPORT 2046873273481 511718318383 51
REALCHAR 2046937583161 511734395803 51
REALCHAR 2047288804201 511822201063 51
DEEP 2047664699089 511916174790 71
REALCHAR 2047842571681 511960642933 51
REALCHAR 2048218326001 512054581513 51
DEEP 2048218326001 512054581519 75
REALCHAR 2048536386121 512134096543 51
REALCHAR 2048638931161 512159732803 51
DEEP 2049075151369 512268787864 87
REALCHAR 2049625738801 512406434713 51
DEEP 2049743142001 512435785518 71
REALCHAR 2049849378721 512462344693 51
DEEP 2049849378721 512462344698 71
REALCHAR 2050029203161 512507300803 51
DEEP 2050029203161 512507300808 71
REALCHAR 2050884633121 512721158293 51
SUPPORT 2051265597481 512816399383 51
DEEP 2051265597481 512816399388 71
REALCHAR 2052497581201 513124395313 51
DEEP 2052886125481 513221531392 87
REALCHAR 2053311422761 513327855703 51
REALCHAR 2053933616641 513483404173 51
DEEP 2054777915089 513694478790 71
SUPPORT 2054802029641 513700507423 51
DEEP 2054802029641 513700507428 71
REALCHAR 2054952881881 513738220483 51
REALCHAR 2055797944201 513949486063 51
REALCHAR 2056739122201 514184780563 51
REALCHAR 2057080520881 514270130233 51
REALCHAR 2058154827481 514538706883 51
REALCHAR 2058512388241 514628097073 51
REALCHAR 2058902131441 514725532873 51
SUPPORT 2059449112561 514862278153 51
DEEP 2059904540521 514976135148 71
REALCHAR 2060178443761 515044610953 51
DEEP 2060178443761 515044610958 71
DEEP 2060206794409 515051698620 71
REALCHAR 2060433274201 515108318563 51
DEEP 2060927484841 515231871231 83
REALCHAR 2061258896761 515314724203 51
DEEP 2062463033401 515615758368 71
REALCHAR 2062955500321 515738875093 51
REALCHAR 2063813906281 515953476583 51
DEEP 2064140572729 516035143200 71
DEEP 2064627993481 516156998392 87
REALCHAR 2064938508361 516234627103 51
DEEP 2065237312009 516309328020 71
REALCHAR 2066025607801 516506401963 51
REALCHAR 2066186170801 516546542713 51
REALCHAR 2066235221521 516558805393 51
DEEP 2066657993401 516664498368 71
REALCHAR 2066739336841 516684834223 51
REALCHAR 2067607712041 516901928023 51
REALCHAR 2068170818401 517042704613 51
DEEP 2069997828721 517499457199 75
REALCHAR 2070018562921 517504640743 51
REALCHAR 2070188479921 517547119993 51
REALCHAR 2071442050441 517860512623 51
REALCHAR 2072258425561 518064606403 51
DEEP 2072258425561 518064606408 71
DEEP 2072705904361 518176476108 71
REALCHAR 2073692138281 518423034583 51
SUPPORT 2074475771281 518618942833 51
DEEP 2074475771281 518618942838 71
REALCHAR 2074539058201 518634764563 51
DEEP 2075056345441 518764086378 71
REALCHAR 2075167313521 518791828393 51
REALCHAR 2075543237161 518885809303 51
REALCHAR 2075613265441 518903316373 51
REALCHAR 2077110800521 519277700143 51
REALCHAR 2077322476681 519330619183 51
REALCHAR 2077835866681 519458966683 51
DEEP 2078031827041 519507956778 71
DEEP 2078113616569 519528404160 71
SUPPORT 2078638974721 519659743693 51
REALCHAR 2078847632761 519711908203 51
REALCHAR 2078865861361 519716465353 51
DEEP 2079409347409 519852336870 71
DEEP 2079632716561 519908179158 71
REALCHAR 2080034076121 520008519043 51
DEEP 2081304371689 520326092941 75
REALCHAR 2082188668561 520547167153 51
REALCHAR 2082576221881 520644055483 51
REALCHAR 2082576221881 520644055489 75
DEEP 2082576221881 520644055490 79
REALCHAR 2083135577041 520783894273 51
REALCHAR 2083239557281 520809889333 51
REALCHAR 2083427785321 520856946343 51
DEEP 2083485582649 520871395681 75
REALCHAR 2083672413601 520918103413 51
REALCHAR 2083875504481 520968876133 51
DEEP 2083875504481 520968876140 79
REALCHAR 2084089072081 521022268033 51
REALCHAR 2084292753841 521073188473 51
REALCHAR 2085167240641 521291810173 51
REALCHAR 2085175903801 521293975963 51
REALCHAR 2086056348601 521514087163 51
REALCHAR 2086096083241 521524020823 51
REALCHAR 2086233903601 521558475913 51
REALCHAR 2086493048641 521623262173 51
REALCHAR 2087127633361 521781908353 51
DEEP 2087318463169 521829615810 71
REALCHAR 2087452332001 521863083013 51
DEEP 2087452332001 521863083018 71
REALCHAR 2087575709521 521893927393 51
REALCHAR 2087815209481 521953802383 51
SUPPORT 2088757442641 522189360673 51
SUPPORT 2089097204041 522274301023 51
REALCHAR 2089120178401 522280044613 51
REALCHAR 2089577971321 522394492843 51
REALCHAR 2090041564081 522510391033 51
DEEP 2090701621969 522675405510 71
SUPPORT 2091104174041 522776043523 51
SUPPORT 2091405615601 522851403913 51
REALCHAR 2092280583121 523070145793 51
REALCHAR 2092687690921 523171922743 51
DEEP 2093827869169 523456967310 71
REALCHAR 2094088874641 523522218673 51
DEEP 2094361952281 523590488089 75
REALCHAR 2094440625601 523610156413 51
REALCHAR 2094499392001 523624848013 51
REALCHAR 2094526873321 523631718343 51
REALCHAR 2096106649729 524026662451 75
DEEP 2096106649729 524026662452 79
REALCHAR 2096228043361 524057010853 51
REALCHAR 2096367624961 524091906253 51
REALCHAR 2096476931761 524119232953 51
REALCHAR 2096683313761 524170828453 51
DEEP 2096815996081 524203999038 71
DEEP 2097398829289 524349707340 71
REALCHAR 2097895628761 524473907203 51
REALCHAR 2097974950681 524493737683 51
REALCHAR 2098030907281 524507726833 51
DEEP 2098030907281 524507726840 79
REALCHAR 2099819765521 524954941393 51
REALCHAR 2099887641721 524971910443 51
REALCHAR 2099968536121 524992134043 51
SUPPORT 2103341332681 525835333183 51
DEEP 2103462404521 525865601148 71
REALCHAR 2103525510241 525881377573 51
DEEP 2103612618409 525903154620 71
DEEP 2103869074609 525967268670 71
REALCHAR 2104351860601 526087965163 51
REALCHAR 2105562893281 526390723333 51
DEEP 2105919780721 526479945198 71
REALCHAR 2106207274441 526551818623 51
REALCHAR 2106779099881 526694774983 51
REALCHAR 2106952920361 526738230103 51
REALCHAR 2108094565201 527023641313 51
REALCHAR 2108603319601 527150829913 51
REALCHAR 2109302000521 527325500143 51
REALCHAR 2109375330241 527343832573 51
REALCHAR 2110475357761 527618839453 51
DEEP 2110753398961 527688349759 75
REALCHAR 2111027769601 527756942413 51
DEEP 2111203523521 527800880898 71
REALCHAR 2111317351441 527829337873 51
DEEP 2112000587449 528000146881 75
DEEP 2112022248361 528005562108 71
SUPPORT 2113037018401 528259254613 51
REALCHAR 2113074265201 528268566313 51
REALCHAR 2113119631921 528279907993 51
REALCHAR 2114089341961 528522335503 51
REALCHAR 2114467347721 528616836943 51
REALCHAR 2115613501681 528903375433 51
DEEP 2116091028769 529022757211 75
REALCHAR 2116273650241 529068412573 51
DEEP 2116641813001 529160453271 83
REALCHAR 2117087686081 529271921533 51
DEEP 2117113984129 529278496050 71
REALCHAR 2117134729921 529283682493 51
REALCHAR 2117210560921 529302640243 51
DEEP 2117402321329 529350580352 79
REALCHAR 2117829613201 529457403313 51
REALCHAR 2118516869401 529629217363 51
REALCHAR 2118751607281 529687901833 51
REALCHAR 2119015973281 529753993333 51
DEEP 2119173250489 529793312640 71
REALCHAR 2119269971641 529817492923 51
REALCHAR 2119433327881 529858331983 51
REALCHAR 2119759639321 529939909843 51
REALCHAR 2120957267641 530239316923 51
REALCHAR 2121143189881 530285797483 51
REALCHAR 2121269424121 530317356043 51
REALCHAR 2121805612081 530451403033 51
DEEP 2122321424521 530580356148 71
DEEP 2122682353009 530670588270 71
REALCHAR 2123621046121 530905261543 51
REALCHAR 2123768893801 530942223463 51
REALCHAR 2123786177041 530946544273 51
REALCHAR 2124375642841 531093910723 51
DEEP 2124759042169 531189760561 75
REALCHAR 2125287443161 531321860803 51
REALCHAR 2125556123161 531389030803 51
REALCHAR 2125741610281 531435402583 51
REALCHAR 2126036432521 531509108143 51
REALCHAR 2126323828561 531580957153 51
REALCHAR 2126549015761 531637253953 51
REALCHAR 2127090624961 531772656253 51
DEEP 2128219253449 532054813380 71
REALCHAR 2128409357281 532102339333 51
REALCHAR 2128697072401 532174268113 51
SUPPORT 2128709193361 532177298353 51
DEEP 2129092316521 532273079148 71
REALCHAR 2129682731401 532420682863 51
REALCHAR 2129758195321 532439548843 51
SUPPORT 2130617481721 532654370443 51
DEEP 2130781884169 532695471060 71
DEEP 2131817497489 532954374390 71
DEEP 2132027058529 533006764653 83
SUPPORT 2132248161481 533062040383 51
REALCHAR 2132833442041 533208360523 51
REALCHAR 2132878419961 533219605003 51
REALCHAR 2133357156841 533339289223 51
DEEP 2133773863321 533443465850 79
REALCHAR 2134091799841 533522949973 51
REALCHAR 2134701723001 533675430763 51
DEEP 2135174322961 533793580758 71
REALCHAR 2136033990841 534008497723 51
REALCHAR 2136469201441 534117300373 51
DEEP 2136658683721 534164670958 111
DEEP 2136718601161 534179650308 71
REALCHAR 2137313549281 534328387333 51
REALCHAR 2137336493161 534334123303 51
REALCHAR 2137581839761 534395459953 51
REALCHAR 2138114630089 534528657541 75
DEEP 2138114630089 534528657543 83
REALCHAR 2139129184201 534782296063 51
SUPPORT 2140021065361 535005266353 51
REALCHAR 2140384173841 535096043473 51
REALCHAR 2140920469081 535230117283 51
REALCHAR 2141110818001 535277704513 51
REALCHAR 2141626992961 535406748253 51
DEEP 2142029769049 535507442280 71
REALCHAR 2143116055921 535779013993 51
REALCHAR 2143605954961 535901488753 51
DEEP 2143605954961 535901488758 71
REALCHAR 2143919330281 535979832583 51
DEEP 2144445231889 536111307991 75
DEEP 2144598485929 536149621500 71
REALCHAR 2144711720761 536177930203 51
DEEP 2144711720761 536177930208 71
REALCHAR 2145025118161 536256279553 51
REALCHAR 2145283893481 536320973383 51
DEEP 2145957689929 536489422500 71
REALCHAR 2146162578121 536540644543 51
REALCHAR 2146338533641 536584633423 51
REALCHAR 2146479743521 536619935893 51
DEEP 2146479743521 536619935898 71
REALCHAR 2146482939241 536620734823 51
REALCHAR 2146532988601 536633247163 51
REALCHAR 2146915698841 536728924723 51
REALCHAR 2147135033761 536783758453 51
DEEP 2147135033761 536783758460 79
REALCHAR 2148377436241 537094359073 51
SUPPORT 2149430524921 537357631243 51
DEEP 2149430524921 537357631251 83
DEEP 2150471233849 537617808480 71
DEEP 2150932383889 537733095990 71
DEEP 2151658645249 537914661331 75
SUPPORT 2151813057241 537953264323 51
REALCHAR 2151980106721 537995026693 51
DEEP 2152714422049 538178605530 71
DEEP 2152782481249 538195620330 71
DEEP 2153477422849 538369355730 71
SUPPORT 2156207172001 539051793013 51
DEEP 2156365252441 539091313130 79
REALCHAR 2156513990401 539128497619 75
DEEP 2156513990401 539128497620 79
SUPPORT 2157259102441 539314775623 51
DEEP 2158023657409 539505914370 71
REALCHAR 2158555358521 539638839643 51
DEEP 2158555358521 539638839648 71
REALCHAR 2158639331521 539659832893 51
SUPPORT 2159478432721 539869608193 51
REALCHAR 2160442861201 540110715313 51
REALCHAR 2160929209321 540232302343 51
REALCHAR 2161300309921 540325077493 51
REALCHAR 2161494961081 540373740283 51
REALCHAR 2161567374121 540391843543 51
REALCHAR 2161567374121 540391843549 75
DEEP 2161567374121 540391843551 83
REALCHAR 2161759705561 540439926403 51
REALCHAR 2162026946641 540506736673 51
REALCHAR 2162355315961 540588829003 51
REALCHAR 2163234527281 540808631833 51
REALCHAR 2163595185361 540898796353 51
REALCHAR 2164030342321 541007585593 51
REALCHAR 2164076240041 541019060023 51
REALCHAR 2165426428201 541356607063 51
REALCHAR 2167259466241 541814866573 51
DEEP 2167847302009 541961825520 71
REALCHAR 2168103956041 542025989023 51
REALCHAR 2168274473401 542068618363 51
REALCHAR 2169413863681 542353465933 51
DEEP 2170177069369 542544267360 71
DEEP 2170831782001 542707945518 71
REALCHAR 2171201870161 542800467553 51
REALCHAR 2171685747841 542921436973 51
DEEP 2171685747841 542921436980 79
DEEP 2172374720569 543093680161 75
REALCHAR 2172588323161 543147080803 51
DEEP 2172664431001 543166107768 71
REALCHAR 2173132186681 543283046683 51
DEEP 2173894111489 543473527891 75
REALCHAR 2176715092561 544178773153 51
REALCHAR 2178416617441 544604154373 51
SUPPORT 2178422971321 544605742843 51
DEEP 2179155890521 544788972650 79
REALCHAR 2181027200641 545256800173 51
REALCHAR 2181556320241 545389080073 51
DEEP 2181635812801 545408953218 71
DEEP 2181894303241 545473575829 75
DEEP 2182934785201 545733696318 71
REALCHAR 2183283207121 545820801793 51
SUPPORT 2183992399801 545998099963 51
DEEP 2184265917289 546066479342 79
SUPPORT 2184454991161 546113747803 51
REALCHAR 2185186174081 546296543533 51
REALCHAR 2185199073121 546299768293 51
REALCHAR 2185456540801 546364135213 51
REALCHAR 2185686447961 546421612003 51
REALCHAR 2185797510121 546449377543 51
SUPPORT 2186037371281 546509342833 51
DEEP 2186139047689 546534761943 83
REALCHAR 2186531268601 546632817163 51
REALCHAR 2186632833841 546658208473 51
REALCHAR 2187096508081 546774127033 51
REALCHAR 2187371251081 546842812783 51
REALCHAR 2189082461281 547270615333 51
SUPPORT 2189676600721 547419150193 51
REALCHAR 2189676600721 547419150199 75
DEEP 2189676600721 547419150201 83
REALCHAR 2190408130681 547602032683 51
REALCHAR 2190666747721 547666686943 51
REALCHAR 2190958060201 547739515063 51
REALCHAR 2191333894201 547833473563 51
DEEP 2191437618841 547859404730 79
REALCHAR 2192683631161 548170907803 51
REALCHAR 2193015441241 548253860323 51
REALCHAR 2194821661321 548705415343 51
REALCHAR 2195035522681 548758880683 51
REALCHAR 2195302401601 548825600413 51
REALCHAR 2195496849841 548874212473 51
DEEP 2195978464681 548994616188 71
DEEP 2196717475681 549179368938 71
DEEP 2197452737089 549363184290 71
REALCHAR 2197567310761 549391827703 51
REALCHAR 2199014736361 549753684103 51
REALCHAR 2199679406521 549919851643 51
DEEP 2199762727009 549940681773 83
SUPPORT 2199937158721 549984289693 51
REALCHAR 2200390461481 550097615383 51
REALCHAR 2201307794401 550326948613 51
REALCHAR 2202186483121 550546620793 51
REALCHAR 2202210752641 550552688173 51
REALCHAR 2202448044721 550612011193 51
REALCHAR 2202700383601 550675095913 51
REALCHAR 2202965009281 550741252333 51
DEEP 2203202370121 550800592548 71
REALCHAR 2203608476281 550902119083 51
REALCHAR 2204888204401 551222051119 75
DEEP 2204888204401 551222051120 79
SUPPORT 2205839649841 551459912473 51
SUPPORT 2206331630281 551582907583 51
DEEP 2206331630281 551582907588 71
REALCHAR 2208151254241 552037813573 51
DEEP 2208151254241 552037813579 75
DEEP 2208614439529 552153609903 83
SUPPORT 2208736376401 552184094113 51
REALCHAR 2208900284761 552225071203 51
REALCHAR 2209426305241 552356576323 51
REALCHAR 2209971072241 552492768073 51
SUPPORT 2210011863361 552502965853 51
REALCHAR 2210798141161 552699535303 51
DEEP 2211108489769 552777122465 91
REALCHAR 2211248996401 552812249113 51
REALCHAR 2211409015201 552852253813 51
REALCHAR 2211697801681 552924450433 51
REALCHAR 2212151565121 553037891293 51
REALCHAR 2212238134681 553059533683 51
DEEP 2212303547281 553075886838 71
DEEP 2212874231929 553218558000 71
DEEP 2213107687729 553276921951 75
DEEP 2213708902729 553427225700 71
REALCHAR 2213740105201 553435026313 51
REALCHAR 2213980066321 553495016593 51
REALCHAR 2214537430561 553634357653 51
DEEP 2215989741001 553997435272 87
REALCHAR 2216182146481 554045536633 51
DEEP 2217274444009 554318611022 79
DEEP 2217751316881 554437829238 71
REALCHAR 2217887937721 554471984443 51
DEEP 2218092652801 554523163218 71
REALCHAR 2218365677641 554591419423 51
DEEP 2219805285889 554951321491 75
REALCHAR 2220698309041 555174577273 51
DEEP 2221091469529 555272867400 71
REALCHAR 2221523285881 555380821483 51
DEEP 2221523285881 555380821490 79
DEEP 2222663627809 555665906970 71
REALCHAR 2222719707121 555679926793 51
REALCHAR 2222867960041 555716990023 51
REALCHAR 2223449580361 555862395103 51
DEEP 2223852870409 555963217621 75
DEEP 2224177096969 556044274260 71
REALCHAR 2225235069121 556308767293 51
REALCHAR 2225534904961 556383726253 51
REALCHAR 2225608437361 556402109353 51
REALCHAR 2225853320161 556463330053 51
REALCHAR 2227246989361 556811747353 51
DEEP 2227759508209 556939877072 79
REALCHAR 2228145659041 557036414773 51
REALCHAR 2228525306401 557131326613 51
REALCHAR 2229171991201 557292997813 51
REALCHAR 2229233245801 557308311463 51
REALCHAR 2229306031681 557326507933 51
REALCHAR 2229898773001 557474693263 51
REALCHAR 2230686658561 557671664653 51
REALCHAR 2230969145161 557742286303 51
DEEP 2231136008929 557784002250 71
REALCHAR 2232278409001 558069602263 51
DEEP 2232593988769 558148497210 71
REALCHAR 2232852432721 558213108193 51
DEEP 2233059425041 558264856279 75
REALCHAR 2233530332881 558382583233 51
REALCHAR 2234015795881 558503948983 51
DEEP 2234323298089 558580824540 71
REALCHAR 2235121792201 558780448063 51
DEEP 2235279374689 558819843692 79
REALCHAR 2235588592561 558897148153 51
REALCHAR 2235956961001 558989240263 51
DEEP 2236010169409 559002542370 71
SUPPORT 2236567243681 559141810933 51
REALCHAR 2236625207881 559156301989 75
DEEP 2236625207881 559156301990 79
DEEP 2237480015521 559370003900 79
REALCHAR 2238882998641 559720749673 51
REALCHAR 2238960989521 559740247393 51
DEEP 2238990988441 559747747128 71
DEEP 2239362152329 559840538104 87
DEEP 2239682613169 559920653310 71
REALCHAR 2240488094881 560122023733 51
REALCHAR 2240723460361 560180865103 51
REALCHAR 2240980950961 560245237753 51
REALCHAR 2241421875001 560355468763 51
REALCHAR 2241483081601 560370770413 51
REALCHAR 2241828601321 560457150343 51
REALCHAR 2242275882001 560568970513 51
DEEP 2242275882001 560568970518 71
REALCHAR 2242907561281 560726890333 51
REALCHAR 2243183415001 560795853763 51
REALCHAR 2243290576081 560822644033 51
DEEP 2244006604921 561001651248 71
DEEP 2244063712081 561015928038 71
REALCHAR 2244646240321 561161560093 51
DEEP 2247114974329 561778743600 71
DEEP 2247321841801 561830460468 71
DEEP 2248571905969 562142976512 79
REALCHAR 2248962428521 562240607143 51
REALCHAR 2249109187081 562277296783 51
REALCHAR 2250544038961 562636009753 51
REALCHAR 2250652557001 562663139263 51
REALCHAR 2251841289721 562960322443 51
DEEP 2252815870561 563203967658 71
REALCHAR 2252843152561 563210788153 51
REALCHAR 2253089918641 563272479673 51
REALCHAR 2253126464521 563281616143 51
REALCHAR 2253512012761 563378003203 51
DEEP 2253512012761 563378003208 71
REALCHAR 2253820040761 563455010203 51
REALCHAR 2254023113281 563505778333 51
DEEP 2254594296529 563648574150 71
DEEP 2254692891049 563673222780 71
REALCHAR 2255663751961 563915938009 75
DEEP 2255663751961 563915938010 79
DEEP 2256169600129 564042400060 111
REALCHAR 2256198374641 564049593673 51
REALCHAR 2256603715081 564150928783 51
DEEP 2257757485369 564439371365 91
REALCHAR 2259337680961 564834420253 51
REALCHAR 2260024304521 565006076143 51
REALCHAR 2260547264641 565136816173 51
DEEP 2260647205441 565161801380 79
REALCHAR 2260763210161 565190802553 51
DEEP 2260763210161 565190802558 71
DEEP 2261067678769 565266919712 79
REALCHAR 2261741040001 565435260013 51
REALCHAR 2261881036321 565470259093 51
REALCHAR 2262671048401 565667762113 51
REALCHAR 2263176271801 565794067963 51
REALCHAR 2263503826081 565875956533 51
DEEP 2263856681641 565964170431 83
REALCHAR 2264496051841 566124012973 51
SUPPORT 2264702805121 566175701293 51
REALCHAR 2264908738681 566227184683 51
REALCHAR 2265566743801 566391685963 51
REALCHAR 2266051621681 566512905433 51
REALCHAR 2266554566641 566638641673 51
REALCHAR 2267149122001 566787280513 51
REALCHAR 2268103681561 567025920403 51
DEEP 2268103681561 567025920408 71
REALCHAR 2268887380321 567221845093 51
DEEP 2270765228449 567691307130 71
SUPPORT 2273183432521 568295858143 51
REALCHAR 2273304376561 568326094153 51
REALCHAR 2273668116721 568417029193 51
REALCHAR 2274156976081 568539244033 51
DEEP 2274393150241 568598287581 83
SUPPORT 2274505912561 568626478153 51
SUPPORT 2275410272041 568852568023 51
REALCHAR 2276300148721 569075037193 51
REALCHAR 2276390514841 569097628723 51
REALCHAR 2276642463001 569160615763 51
REALCHAR 2276977314481 569244328633 51
DEEP 2278638327289 569659581843 83
REALCHAR 2279096612521 569774153143 51
REALCHAR 2279820021361 569955005353 51
REALCHAR 2280608981641 570152245423 51
REALCHAR 2281024855561 570256213903 51
DEEP 2281046016649 570261504180 71
DEEP 2281360767841 570340191978 71
DEEP 2281440512521 570360128149 75
DEEP 2281661029561 570415257408 71
DEEP 2281684871041 570421217782 87
DEEP 2282291532361 570572883108 71
REALCHAR 2283782638201 570945659563 51
DEEP 2284429521529 571107380402 79
REALCHAR 2287039298041 571759824523 51
DEEP 2287039298041 571759824528 71
SUPPORT 2287485816841 571871454223 51
REALCHAR 2288056016401 572014004113 51
REALCHAR 2288401720201 572100430063 51
DEEP 2288872457041 572218114279 75
DEEP 2289499245289 572374811340 71
REALCHAR 2289747659761 572436914953 51
REALCHAR 2290358114641 572589528673 51
DEEP 2291734536961 572933634258 71
REALCHAR 2294466223921 573616555993 51
REALCHAR 2294565906361 573641476603 51
REALCHAR 2294794665601 573698666413 51
REALCHAR 2294824788481 573706197133 51
REALCHAR 2295217929601 573804482413 51
REALCHAR 2297279911081 574319977783 51
DEEP 2297280488281 574320122089 75
REALCHAR 2297331445081 574332861283 51
REALCHAR 2297830587361 574457646853 51
DEEP 2297857515529 574464378900 71
REALCHAR 2299433879521 574858469893 51
REALCHAR 2300274235081 575068558783 51
DEEP 2300438527921 575109631998 71
REALCHAR 2300648800921 575162200243 51
REALCHAR 2300706499081 575176624783 51
SUPPORT 2300876401321 575219100343 51
REALCHAR 2301650004481 575412501133 51
DEEP 2301729886681 575432471688 71
DEEP 2302662114769 575665528710 71
DEEP 2303526824041 575881706030 79
DEEP 2303751450001 575937862518 71
REALCHAR 2303943366481 575985841633 51
REALCHAR 2304312622921 576078155743 51
REALCHAR 2304313785601 576078446413 51
SUPPORT 2304379597081 576094899283 51
REALCHAR 2304735639361 576183909853 51
REALCHAR 2305710590401 576427647613 51
REALCHAR 2306650603321 576662650843 51
DEEP 2306654033401 576663508368 71
REALCHAR 2308363834921 577090958743 51
REALCHAR 2309226952321 577306738093 51
REALCHAR 2310345735721 577586433943 51
DEEP 2310756761329 577689190350 71
SUPPORT 2311109172121 577777293043 51
REALCHAR 2312879980321 578219995093 51
REALCHAR 2313059395201 578264848813 51
REALCHAR 2313164851321 578291212843 51
DEEP 2313782875849 578445718980 71
DEEP 2314246355521 578561588898 71
DEEP 2314363502929 578590875754 87
REALCHAR 2314690643521 578672660893 51
DEEP 2315303703241 578825925828 71
REALCHAR 2315367196921 578841799243 51
REALCHAR 2316759164281 579189791083 51
REALCHAR 2317024760521 579256190143 51
SUPPORT 2318104860241 579526215073 51
REALCHAR 2318192417641 579548104423 51
REALCHAR 2318976036001 579744009013 51
REALCHAR 2319043530241 579760882573 51
REALCHAR 2320103167321 580025791843 51
DEEP 2320103167321 580025791848 71
DEEP 2320629232321 580157308100 79
REALCHAR 2320941241921 580235310493 51
DEEP 2321894659681 580473664939 75
REALCHAR 2322528904921 580632226243 51
REALCHAR 2323829753281 580957438333 51
REALCHAR 2327156983321 581789245843 51
DEEP 2327336571169 581834142810 71
REALCHAR 2327361027601 581840256913 51
REALCHAR 2327950641241 581987660323 51
REALCHAR 2328623294761 582155823703 51
REALCHAR 2328760278601 582190069663 51
SUPPORT 2328821834641 582205458673 51
REALCHAR 2328908739481 582227184883 51
REALCHAR 2329800968881 582450242233 51
REALCHAR 2330011022641 582502755673 51
DEEP 2330011022641 582502755678 71
REALCHAR 2330132056561 582533014153 51
REALCHAR 2330562834961 582640708753 51
REALCHAR 2331615724201 582903931063 51
REALCHAR 2331922484761 582980621203 51
REALCHAR 2332185420601 583046355163 51
DEEP 2332203561769 583050890464 87
DEEP 2333469169249 583367292330 71
REALCHAR 2333494986601 583373746663 51
REALCHAR 2333533697401 583383424363 51
REALCHAR 2334019606801 583504901713 51
DEEP 2334334992529 583583748150 71
SUPPORT 2334503785441 583625946373 51
REALCHAR 2335505883481 583876470883 51
REALCHAR 2335544299201 583886074813 51
REALCHAR 2337477203161 584369300803 51
REALCHAR 2338113495481 584528373883 51
REALCHAR 2338302617401 584575654363 51
DEEP 2339326217881 584831554488 71
REALCHAR 2339619000601 584904750163 51
DEEP 2339971058881 584992764738 71
REALCHAR 2340230093041 585057523273 51
REALCHAR 2340852147481 585213036883 51
DEEP 2340924857209 585231214320 71
REALCHAR 2340977867281 585244466833 51
DEEP 2341456399129 585364099800 71
DEEP 2342030739409 585507684872 79
REALCHAR 2342398275361 585599568853 51
REALCHAR 2342776636561 585694159153 51
DEEP 2343555725809 585888931471 75
REALCHAR 2343923478121 585980869543 51
REALCHAR 2345248672321 586312168093 51
DEEP 2345513506249 586378376580 71
REALCHAR 2345792815921 586448203993 51
DEEP 2346090183649 586522545930 71
REALCHAR 2346944218921 586736054743 51
REALCHAR 2347462129321 586865532343 51
DEEP 2347859994481 586964998638 71
REALCHAR 2348274345481 587068586383 51
DEEP 2348340031489 587085007894 87
DEEP 2349123213649 587280803432 79
DEEP 2349131153209 587282788320 71
DEEP 2349890658361 587472664609 75
REALCHAR 2350038269881 587509567483 51
DEEP 2350062686689 587515671691 75
DEEP 2350106475649 587526618930 71
REALCHAR 2350114492441 587528623123 51
DEEP 2350954593289 587738648340 71
DEEP 2351022275809 587755568972 79
REALCHAR 2351060697001 587765174263 51
REALCHAR 2351395849321 587848962343 51
SUPPORT 2351792565721 587948141443 51
REALCHAR 2352231818161 588057954553 51
REALCHAR 2352297918721 588074479693 51
REALCHAR 2352531810841 588132952723 51
REALCHAR 2352582849241 588145712323 51
DEEP 2353817094721 588454273698 71
DEEP 2353844190889 588461047740 71
REALCHAR 2353948258561 588487064653 51
REALCHAR 2355104579881 588776144983 51
REALCHAR 2355848836441 588962209123 51
DEEP 2355848836441 588962209128 71
REALCHAR 2356626156481 589156539133 51
DEEP 2357208570721 589302142699 75
DEEP 2357329167769 589332291961 75
DEEP 2360231576641 590057894178 71
REALCHAR 2362460482321 590615120593 51
DEEP 2362740577129 590685144300 71
DEEP 2363072071441 590768017881 83
REALCHAR 2363079799441 590769949873 51
REALCHAR 2363293971481 590823492883 51
REALCHAR 2363610322441 590902580623 51
REALCHAR 2363638988881 590909747233 51
REALCHAR 2363641797721 590910449443 51
REALCHAR 2364102730201 591025682563 51
DEEP 2364284688529 591071172150 71
REALCHAR 2364549900001 591137475013 51
REALCHAR 2364607766161 591151941553 51
REALCHAR 2365834146601 591458536663 51
REALCHAR 2365835037721 591458759443 51
REALCHAR 2366830374841 591707593723 51
REALCHAR 2367113835241 591778458823 51
REALCHAR 2367278255521 591819563893 51
DEEP 2367762002761 591940500708 71
DEEP 2367981074281 591995268588 71
DEEP 2368693262329 592173315600 71
SUPPORT 2368965150841 592241287723 51
REALCHAR 2369258201521 592314550393 51
REALCHAR 2369341500241 592335375073 51
SUPPORT 2370660021601 592665005413 51
REALCHAR 2371122059881 592780514983 51
DEEP 2371998025609 592999506422 79
REALCHAR 2372393622481 593098405633 51
SUPPORT 2372404428241 593101107073 51
REALCHAR 2372854850521 593213712643 51
REALCHAR 2372857731841 593214432973 51
DEEP 2372857731841 593214432979 75
DEEP 2374536355129 593634088801 75
REALCHAR 2375627865361 593906966353 51
REALCHAR 2376340743001 594085185763 51
REALCHAR 2376749510041 594187377523 51
REALCHAR 2377338146401 594334536613 51
REALCHAR 2377580116081 594395029033 51
REALCHAR 2378016225841 594504056473 51
REALCHAR 2378418236041 594604559023 51
DEEP 2378593206889 594648301740 71
REALCHAR 2378599500601 594649875163 51
REALCHAR 2378830774681 594707693683 51
REALCHAR 2378975574361 594743893603 51
REALCHAR 2379110315521 594777578893 51
DEEP 2379110315521 594777578900 79
REALCHAR 2379677008921 594919252243 51
DEEP 2379677008921 594919252248 71
REALCHAR 2379747792361 594936948103 51
REALCHAR 2382369846481 595592461633 51
REALCHAR 2383519494841 595879873723 51
REALCHAR 2383636710361 595909177603 51
REALCHAR 2384670029641 596167507423 51
REALCHAR 2385693528241 596423382073 51
REALCHAR 2385978700561 596494675153 51
REALCHAR 2386185197881 596546299483 51
REALCHAR 2386314255361 596578563853 51
SUPPORT 2386901280241 596725320073 51
DEEP 2387267354761 596816838710 79
REALCHAR 2387367790921 596841947743 51
REALCHAR 2388420457921 597105114493 51
REALCHAR 2389254548521 597313637143 51
DEEP 2389254548521 597313637148 71
DEEP 2389401419161 597350354808 71
DEEP 2389794796321 597448699098 71
DEEP 2390052776281 597513194088 71
REALCHAR 2390937858241 597734464573 51
REALCHAR 2390998460761 597749615203 51
REALCHAR 2391362205241 597840551323 51
REALCHAR 2391434835241 597858708823 51
REALCHAR 2391805656241 597951414073 51
REALCHAR 2392247914681 598061978683 51
SUPPORT 2393297993641 598324498423 51
DEEP 2393530973089 598382743290 71
SUPPORT 2393704706761 598426176703 51
SUPPORT 2393806711921 598451677993 51
REALCHAR 2393867723641 598466930923 51
SUPPORT 2393956913401 598489228363 51
DEEP 2394482221849 598620555480 71
REALCHAR 2395206723121 598801680793 51
DEEP 2395649224609 598912306170 71
REALCHAR 2397303511201 599325877813 51
REALCHAR 2399832427801 599958106963 51
REALCHAR 2400707751961 600176938003 51
REALCHAR 2400899482921 600224870743 51
REALCHAR 2401009530481 600252382633 51
REALCHAR 2401465674001 600366418513 51
REALCHAR 2401739035921 600434758993 51
REALCHAR 2402002925401 600500731363 51
REALCHAR 2403010709401 600752677363 51
DEEP 2403172450561 600793112661 83
REALCHAR 2403937216321 600984304093 51
REALCHAR 2403950220961 600987555253 51
DEEP 2403950220961 600987555259 75
REALCHAR 2404239693241 601059923323 51
DEEP 2404737971689 601184492940 71
REALCHAR 2405225799001 601306449763 51
DEEP 2405225799001 601306449768 71
DEEP 2405686467409 601421616870 71
REALCHAR 2405831404201 601457851063 51
REALCHAR 2406121030681 601530257683 51
SUPPORT 2406868946161 601717236553 51
REALCHAR 2407415138041 601853784523 51
REALCHAR 2407504846321 601876211593 51
REALCHAR 2408096164321 602024041093 51
REALCHAR 2408427215401 602106803863 51
REALCHAR 2408712565561 602178141403 51
SUPPORT 2408959618081 602239904533 51
REALCHAR 2409095311921 602273827993 51
REALCHAR 2409107676361 602276919103 51
DEEP 2409242061769 602310515460 71
REALCHAR 2409317714281 602329428583 51
REALCHAR 2409974287561 602493571903 51
DEEP 2410230711529 602557677900 71
REALCHAR 2410526137321 602631534343 51
REALCHAR 2410664975161 602666243803 51
REALCHAR 2410907455441 602726863873 51
DEEP 2411351715529 602837928900 71
REALCHAR 2411606000521 602901500143 51
REALCHAR 2413105685761 603276421453 51
DEEP 2414176554409 603544138621 75
REALCHAR 2414697395881 603674348983 51
DEEP 2414697395881 603674348988 71
REALCHAR 2415312802681 603828200683 51
REALCHAR 2415338892121 603834723043 51
REALCHAR 2415721380361 603930345103 51
REALCHAR 2415756835801 603939208963 51
REALCHAR 2416104207001 604026051763 51
REALCHAR 2417152974721 604288243693 51
REALCHAR 2417457040441 604364260123 51
DEEP 2417457040441 604364260128 71
DEEP 2417521677481 604380419389 75
DEEP 2418611793049 604652948282 79
DEEP 2418911678089 604727919542 79
REALCHAR 2418962315641 604740578923 51
REALCHAR 2419888502641 604972125673 51
REALCHAR 2420463978241 605115994573 51
REALCHAR 2420568232681 605142058183 51
REALCHAR 2421105692041 605276423023 51
REALCHAR 2421796082161 605449020553 51
SUPPORT 2422925001121 605731250293 51
REALCHAR 2423572767001 605893191763 51
REALCHAR 2423677784641 605919446173 51
REALCHAR 2423803885801 605950971463 51
REALCHAR 2424064751161 606016187803 51
REALCHAR 2425755364321 606438841093 51
DEEP 2425755364321 606438841098 71
REALCHAR 2426701729321 606675432343 51
REALCHAR 2426722386841 606680596723 51
REALCHAR 2426965284241 606741321073 51
REALCHAR 2427005454241 606751363573 51
REALCHAR 2427721296001 606930324013 51
DEEP 2429130916081 607282729039 75
DEEP 2429205173641 607301293429 75
DEEP 2429243408089 607310852040 71
SUPPORT 2429386521241 607346630323 51
DEEP 2429386521241 607346630328 71
DEEP 2429459181361 607364795358 71
DEEP 2429649908401 607412477119 75
REALCHAR 2431370203201 607842550813 51
REALCHAR 2431380159121 607845039799 75
DEEP 2431380159121 607845039800 79
REALCHAR 2431440724441 607860181123 51
DEEP 2431440724441 607860181129 75
REALCHAR 2431759788481 607939947133 51
REALCHAR 2431824838921 607956209743 51
REALCHAR 2432035701481 608008925383 51
REALCHAR 2433215751121 608303937793 51
REALCHAR 2434222379521 608555594893 51
DEEP 2435372033329 608843008350 71
REALCHAR 2435764575841 608941143973 51
REALCHAR 2435974940281 608993735083 51
DEEP 2436012941041 609003235278 71
DEEP 2436228400369 609057100110 71
REALCHAR 2436299945641 609074986423 51
DEEP 2436373312129 609093328050 71
REALCHAR 2436488415001 609122103763 51
DEEP 2437212331129 609303082800 71
DEEP 2438241650329 609560412600 71
DEEP 2438474357089 609618589290 71
REALCHAR 2439002227561 609750556903 51
DEEP 2439215110081 609803777538 71
REALCHAR 2439264349201 609816087313 51
REALCHAR 2439411757561 609852939403 51
REALCHAR 2439606919201 609901729813 51
DEEP 2439606919201 609901729818 71
REALCHAR 2442430110121 610607527543 51
REALCHAR 2443911622681 610977905683 51
DEEP 2443911622681 610977905688 71
REALCHAR 2444148589801 611037147463 51
REALCHAR 2444770461961 611192615503 51
REALCHAR 2445175284841 611293821223 51
REALCHAR 2445283746361 611320936603 51
DEEP 2445283746361 611320936608 71
REALCHAR 2445654735241 611413683823 51
DEEP 2446784703169 611696175810 71
REALCHAR 2449686696601 612421674163 51
REALCHAR 2450764039201 612691009813 51
REALCHAR 2450808072001 612702018013 51
SUPPORT 2450965976761 612741494203 51
REALCHAR 2451438226561 612859556653 51
REALCHAR 2451838807441 612959701873 51
REALCHAR 2451962309281 612990577333 51
REALCHAR 2452018264921 613004566243 51
DEEP 2452777411681 613194352938 71
REALCHAR 2452826552401 613206638113 51
REALCHAR 2453570277601 613392569413 51
REALCHAR 2453972773561 613493193403 51
REALCHAR 2454182327041 613545581773 51
DEEP 2454182327041 613545581778 71
DEEP 2455063753921 613765938500 79
REALCHAR 2455256720401 613814180113 51
REALCHAR 2455307716801 613826929213 51
REALCHAR 2455412817841 613853204473 51
DEEP 2455489437361 613872359359 75
REALCHAR 2455658631721 613914657943 51
REALCHAR 2456096273401 614024068363 51
REALCHAR 2457136984201 614284246063 51
REALCHAR 2457390238081 614347559533 51
REALCHAR 2458680960961 614670240253 51
DEEP 2459131880209 614782970070 71
REALCHAR 2459186456281 614796614083 51
SUPPORT 2460787246681 615196811683 51
REALCHAR 2461023558361 615255889603 51
REALCHAR 2461127553481 615281888383 51
DEEP 2462124653641 615531163430 79
REALCHAR 2462279896561 615569974153 51
SUPPORT 2462546366281 615636591583 51
SUPPORT 2463010360801 615752590213 51
DEEP 2464375500409 616093875121 75
REALCHAR 2464474860961 616118715253 51
DEEP 2464733764249 616183441080 71
SUPPORT 2465092964161 616273241053 51
REALCHAR 2465510895241 616377723823 51
DEEP 2465743574449 616435893630 71
REALCHAR 2466529534681 616632383683 51
REALCHAR 2466679493041 616669873273 51
DEEP 2466711225169 616677806310 71
REALCHAR 2466752455561 616688113903 51
SUPPORT 2466963301441 616740825373 51
REALCHAR 2467471318321 616867829593 51
DEEP 2467604222329 616901055600 71
REALCHAR 2468130711601 617032677913 51
REALCHAR 2468588869321 617147217343 51
REALCHAR 2468803395361 617200848853 51
DEEP 2469355034689 617338758692 79
REALCHAR 2469603947281 617400986833 51
REALCHAR 2469647088841 617411772223 51
DEEP 2469647088841 617411772228 71
REALCHAR 2469680001721 617420000443 51
REALCHAR 2470134753241 617533688323 51
DEEP 2470666746409 617666686620 71
REALCHAR 2470948749481 617737187383 51
REALCHAR 2471059511761 617764877953 51
DEEP 2471108732401 617777183118 71
REALCHAR 2471323686001 617830921513 51
DEEP 2471323686001 617830921521 83
DEEP 2472357487609 618089371920 71
REALCHAR 2472511110001 618127777513 51
REALCHAR 2473869729241 618467432323 51
REALCHAR 2474053815601 618513453913 51
DEEP 2474185728169 618546432060 71
REALCHAR 2474624621401 618656155363 51
DEEP 2474624621401 618656155368 71
DEEP 2474728439089 618682109790 71
SUPPORT 2474748767401 618687191863 51
REALCHAR 2477461906921 619365476743 51
REALCHAR 2477863836361 619465959103 51
REALCHAR 2478187500721 619546875193 51
DEEP 2478275858809 619568964723 83
REALCHAR 2478837366721 619709341693 51
REALCHAR 2479028930401 619757232613 51
REALCHAR 2479129070401 619782267613 51
REALCHAR 2479511417161 619877854303 51
REALCHAR 2480054168881 620013542233 51
SUPPORT 2480075246401 620018811613 51
REALCHAR 2481885485641 620471371423 51
REALCHAR 2482281794281 620570448583 51
REALCHAR 2482626298441 620656574623 51
DEEP 2482938723409 620734680872 79
REALCHAR 2483945081641 620986270423 51
REALCHAR 2484069130321 621017282593 51
DEEP 2484320494681 621080123688 71
SUPPORT 2484449601841 621112400473 51
DEEP 2484506782081 621126695538 71
DEEP 2484750539569 621187634910 71
DEEP 2484947138521 621236784648 71
REALCHAR 2486365515481 621591378883 51
REALCHAR 2486654968561 621663742153 51
SUPPORT 2486662280281 621665570083 51
REALCHAR 2486859992761 621714998203 51
REALCHAR 2487870984481 621967746133 51
REALCHAR 2488171827241 622042956823 51
REALCHAR 2488248018481 622062004633 51
DEEP 2488248018481 622062004640 79
DEEP 2488755758329 622188939607 99
SUPPORT 2488827476521 622206869143 51
DEEP 2488882852369 622220713110 71
REALCHAR 2489026677601 622256669413 51
REALCHAR 2489573836201 622393459063 51
REALCHAR 2489627811841 622406952973 51
REALCHAR 2489765650681 622441412683 51
REALCHAR 2491482285601 622870571413 51
DEEP 2491493803681 622873450938 71
DEEP 2491653703081 622913425789 75
DEEP 2491767937201 622941984318 71
REALCHAR 2491768952401 622942238113 51
REALCHAR 2492480259721 623120064943 51
REALCHAR 2492741908801 623185477213 51
DEEP 2493002163961 623250541008 71
REALCHAR 2493002322721 623250580693 51
DEEP 2493002322721 623250580698 71
SUPPORT 2493459025201 623364756313 51
REALCHAR 2493527290081 623381822533 51
DEEP 2493692007361 623423001858 71
REALCHAR 2494510270561 623627567653 51
REALCHAR 2494698016801 623674504213 51
DEEP 2494821653809 623705413471 75
REALCHAR 2494948329721 623737082443 51
REALCHAR 2495434584241 623858646073 51
DEEP 2496728054209 624182013570 71
REALCHAR 2497102946641 624275736673 51
DEEP 2497475413801 624368853471 83
DEEP 2498494279681 624623569938 71
REALCHAR 2499005810401 624751452613 51
REALCHAR 2499037250161 624759312553 51
DEEP 2499096057481 624774014388 71
REALCHAR 2499162067921 624790516993 51
DEEP 2499244684561 624811171161 83
REALCHAR 2499807640201 624951910063 51
REALCHAR 2499835207081 624958801783 51
REALCHAR 2501017323841 625254330973 51
REALCHAR 2503674750721 625918687693 51
REALCHAR 2504332967761 626083241953 51
REALCHAR 2505884519161 626471129803 51
REALCHAR 2506029522481 626507380633 51
SUPPORT 2506082787961 626520697003 51
DEEP 2506711932169 626677983061 75
DEEP 2506802729929 626700682500 71
DEEP 2507280801481 626820200390 79
DEEP 2508363676009 627090919020 71
REALCHAR 2509142477521 627285619393 51
DEEP 2510178287761 627544571961 83
REALCHAR 2510544309001 627636077263 51
REALCHAR 2510579813641 627644953423 51
SUPPORT 2510780395561 627695098903 51
DEEP 2510805003529 627701250900 71
DEEP 2510855959921 627713989998 71
REALCHAR 2511484059841 627871014973 51
REALCHAR 2511552737521 627888184393 51
DEEP 2511659660449 627914915130 71
REALCHAR 2511805804561 627951451153 51
REALCHAR 2511934446961 627983611753 51
REALCHAR 2511985359601 627996339913 51
DEEP 2511985359601 627996339920 79
DEEP 2512239943249 628059985831 75
REALCHAR 2512396684561 628099171153 51
SUPPORT 2513158228681 628289557183 51
DEEP 2513769520441 628442380128 71
DEEP 2513862970921 628465742748 71
DEEP 2515136262409 628784065622 79
REALCHAR 2515242492361 628810623103 51
DEEP 2516154351649 629038587930 71
REALCHAR 2516177990041 629044497523 51
REALCHAR 2516895829561 629223957403 51
REALCHAR 2517201073921 629300268493 51
DEEP 2517946126081 629486531541 83
REALCHAR 2518047682921 629511920743 51
DEEP 2518240146601 629560036668 71
DEEP 2519554656529 629888664150 71
REALCHAR 2520547685041 630136921273 51
REALCHAR 2521398993961 630349748503 51
REALCHAR 2521466685721 630366671443 51
REALCHAR 2521637358601 630409339663 51
DEEP 2521637358601 630409339670 79
REALCHAR 2522285953321 630571488343 51
SUPPORT 2523515961121 630878990293 51
SUPPORT 2523809456281 630952364083 51
SUPPORT 2523857239201 630964309813 51
DEEP 2523863624881 630965906238 71
DEEP 2524072420489 631018105142 79
DEEP 2524117071961 631029268008 71
SUPPORT 2525065310881 631266327733 51
DEEP 2525153816329 631288454100 71
SUPPORT 2525680957801 631420239463 51
REALCHAR 2526028349881 631507087483 51
DEEP 2526028349881 631507087488 71
REALCHAR 2526078633961 631519658503 51
DEEP 2526655283881 631663820988 71
DEEP 2526843348481 631710837142 87
REALCHAR 2529341585521 632335396393 51
REALCHAR 2529812964121 632453241043 51
REALCHAR 2530211786281 632552946583 51
REALCHAR 2530669227241 632667306823 51
REALCHAR 2531295644641 632823911173 51
REALCHAR 2532634912201 633158728063 51
DEEP 2533037624209 633259406070 71
REALCHAR 2534876470681 633719117683 51
DEEP 2535026133721 633756533448 71
REALCHAR 2535497295241 633874323823 51
DEEP 2535776727961 633944182008 71
REALCHAR 2536944862321 634236215593 51
REALCHAR 2537721412801 634430353213 51
DEEP 2538100324369 634525081110 71
REALCHAR 2538246678361 634561669603 51
REALCHAR 2538484898161 634621224553 51
REALCHAR 2538811100281 634702775083 51
DEEP 2538831199969 634707800010 71
REALCHAR 2540027796601 635006949163 51
REALCHAR 2540201172961 635050293253 51
DEEP 2540201172961 635050293260 79
REALCHAR 2540785313641 635196328423 51
SUPPORT 2541564437161 635391109303 51
REALCHAR 2542104963841 635526240973 51
REALCHAR 2542195527481 635548881883 51
DEEP 2542394774089 635598693540 71
REALCHAR 2542397095681 635599273933 51
REALCHAR 2542532887801 635633221963 51
SUPPORT 2543063546521 635765886643 51
DEEP 2543685193009 635921298271 75
DEEP 2543790799489 635947699892 79
DEEP 2544642757801 636160689471 83
REALCHAR 2545118508241 636279627073 51
REALCHAR 2545146339961 636286585003 51
REALCHAR 2546161586641 636540396673 51
REALCHAR 2546237167321 636559291843 51
DEEP 2547005918521 636751479650 79
REALCHAR 2547509136481 636877284133 51
REALCHAR 2547650924641 636912731173 51
DEEP 2547650924641 636912731178 71
REALCHAR 2548212183001 637053045763 51
DEEP 2548524421249 637131105330 71
DEEP 2549285615809 637321403970 71
REALCHAR 2549621357761 637405339453 51
REALCHAR 2549727190921 637431797743 51
DEEP 2550171560689 637542890190 71
REALCHAR 2551137711721 637784427943 51
DEEP 2551307241961 637826810509 75
DEEP 2551483648081 637870912038 71
REALCHAR 2551584189001 637896047263 51
DEEP 2552214640369 638053660110 71
SUPPORT 2552288341201 638072085313 51
REALCHAR 2552550559441 638137639873 51
REALCHAR 2552884417561 638221104403 51
DEEP 2553079077481 638269769388 71
REALCHAR 2553550757521 638387689393 51
REALCHAR 2553582829561 638395707403 51
SUPPORT 2554641786841 638660446723 51
REALCHAR 2554752297241 638688074323 51
REALCHAR 2554887683401 638721920863 51
DEEP 2555160030721 638790007698 71
DEEP 2555457939241 638864484830 79
REALCHAR 2555699960641 638924990173 51
REALCHAR 2555809528561 638952382153 51
DEEP 2555809528561 638952382158 71
REALCHAR 2555894865001 638973716263 51
REALCHAR 2556874546801 639218636713 51
DEEP 2556874546801 639218636718 71
REALCHAR 2557588110841 639397027723 51
DEEP 2557950614209 639487653570 71
SUPPORT 2558368257481 639592064383 51
DEEP 2558711418169 639677854560 71
DEEP 2559699745849 639924936480 71
REALCHAR 2559748102921 639937025743 51
REALCHAR 2560150902241 640037725573 51
REALCHAR 2560562797081 640140699283 51
DEEP 2561745278401 640436319618 71
REALCHAR 2562467042521 640616760643 51
REALCHAR 2563175907601 640793976913 51
REALCHAR 2563611442681 640902860683 51
DEEP 2563611442681 640902860690 79
REALCHAR 2564161044481 641040261133 51
REALCHAR 2564661145201 641165286313 51
REALCHAR 2565489649321 641372412343 51
REALCHAR 2565695490121 641423872543 51
DEEP 2566106205961 641526551508 71
REALCHAR 2566541217241 641635304323 51
DEEP 2567218018369 641804504610 71
REALCHAR 2567254989601 641813747413 51
REALCHAR 2568065797441 642016449373 51
SUPPORT 2568300291001 642075072763 51
DEEP 2568685278769 642171319710 71
REALCHAR 2569002424921 642250606243 51
REALCHAR 2569045961161 642261490303 51
REALCHAR 2569298129161 642324532303 51
REALCHAR 2569453855081 642363463783 51
DEEP 2569453855081 642363463790 79
DEEP 2570203194001 642550798518 71
REALCHAR 2570284574881 642571143733 51
SUPPORT 2570952887281 642738221833 51
REALCHAR 2570995766161 642748941553 51
REALCHAR 2571292289281 642823072333 51
REALCHAR 2571364446121 642841111543 51
DEEP 2571973354129 642993338550 71
DEEP 2572242838489 643060709641 75
DEEP 2572825150921 643206287749 75
REALCHAR 2573140501801 643285125463 51
DEEP 2574664883569 643666220910 71
DEEP 2574732990769 643683247710 71
DEEP 2576234457889 644058614490 71
DEEP 2576604825001 644151206268 71
DEEP 2576731605529 644182901400 71
DEEP 2577167954089 644291988540 71
DEEP 2577483718489 644370929640 71
REALCHAR 2577824072041 644456018023 51
REALCHAR 2578274247481 644568561883 51
REALCHAR 2579009502001 644752375513 51
REALCHAR 2579024127241 644756031823 51
REALCHAR 2580453756721 645113439193 51
DEEP 2580580040809 645145010220 71
REALCHAR 2580774042001 645193510513 51
DEEP 2580774042001 645193510518 71
REALCHAR 2581369755721 645342438943 51
DEEP 2583488718409 645872179620 71
DEEP 2583897913081 645974478288 71
REALCHAR 2584355862841 646088965723 51
REALCHAR 2585378652481 646344663133 51
DEEP 2585378652481 646344663139 75
REALCHAR 2585743478761 646435869703 51
REALCHAR 2587459782961 646864945753 51
DEEP 2587752914881 646938228739 75
REALCHAR 2588430944401 647107736113 51
REALCHAR 2588719575121 647179893793 51
REALCHAR 2588875009081 647218752283 51
DEEP 2589585324481 647396331138 71
REALCHAR 2590091879761 647522969953 51
DEEP 2590261325521 647565331400 79
REALCHAR 2591683251481 647920812883 51
DEEP 2592410831761 648102707960 79
REALCHAR 2592414089281 648103522333 51
REALCHAR 2592677124361 648169281103 51
REALCHAR 2592689127961 648172282003 51
DEEP 2592752122321 648188030600 79
REALCHAR 2592923744161 648230936053 51
REALCHAR 2593116708361 648279177103 51
DEEP 2595790197361 648947549358 71
REALCHAR 2596137422761 649034355703 51
REALCHAR 2596287945241 649071986323 51
DEEP 2596318644529 649079661150 71
DEEP 2596570580041 649142645028 71
DEEP 2597034731041 649258682778 71
SUPPORT 2597122586041 649280646523 51
REALCHAR 2597209232641 649302308173 51
REALCHAR 2597615974801 649403993713 51
REALCHAR 2597892623041 649473155773 51
REALCHAR 2598351747601 649587936913 51
REALCHAR 2598858930721 649714732693 51
DEEP 2599157560561 649789390165 99
REALCHAR 2599740014881 649935003733 51
REALCHAR 2601361453681 650340363433 51
REALCHAR 2601440652721 650360163193 51
REALCHAR 2601620709601 650405177413 51
DEEP 2602156090249 650539022580 71
REALCHAR 2602213830841 650553457723 51
DEEP 2602857869329 650714467350 71
DEEP 2603557713409 650889428370 71
REALCHAR 2603765461441 650941365373 51
REALCHAR 2603942347561 650985586903 51
REALCHAR 2604994174561 651248543653 51
DEEP 2605082248609 651270562170 71
DEEP 2606327752081 651581938038 71
DEEP 2607451195801 651862798968 71
DEEP 2607929779849 651982444980 71
REALCHAR 2608246575841 652061643973 51
REALCHAR 2608398186241 652099546573 51
REALCHAR 2608445031721 652111257943 51
SUPPORT 2609664152761 652416038203 51
DEEP 2610516824161 652629206061 83
REALCHAR 2610862424641 652715606173 51
REALCHAR 2611018242121 652754560543 51
SUPPORT 2611135464961 652783866253 51
DEEP 2611135464961 652783866258 71
REALCHAR 2611479375961 652869844003 51
REALCHAR 2611956159121 652989039793 51
REALCHAR 2612102057161 653025514303 51
REALCHAR 2613028129321 653257032343 51
REALCHAR 2613066576121 653266644043 51
DEEP 2613081822121 653270455548 71
DEEP 2613681374929 653420343750 71
REALCHAR 2613954706801 653488676713 51
REALCHAR 2614019936641 653504984173 51
REALCHAR 2614907848921 653726962243 51
REALCHAR 2615010562921 653752640743 51
REALCHAR 2615328447601 653832111913 51
DEEP 2615797938601 653949484668 71
DEEP 2615962630681 653990657688 71
DEEP 2616465009601 654116252418 71
REALCHAR 2616844400641 654211100173 51
REALCHAR 2617399507321 654349876843 51
DEEP 2618608429369 654652107360 71
REALCHAR 2620175990041 655043997523 51
REALCHAR 2620232946241 655058236573 51
REALCHAR 2620487247361 655121811853 51
REALCHAR 2620950690121 655237672543 51
REALCHAR 2622171783001 655542945763 51
REALCHAR 2622712936321 655678234093 51
REALCHAR 2624831460001 656207865013 51
REALCHAR 2626929144841 656732286223 51
DEEP 2627243018401 656810754624 95
DEEP 2627376082081 656844020538 71
REALCHAR 2628321686761 657080421703 51
REALCHAR 2628455187121 657113796793 51
REALCHAR 2628896710441 657224177623 51
REALCHAR 2629513590001 657378397513 51
REALCHAR 2629626832561 657406708153 51
DEEP 2629783580449 657445895130 71
SUPPORT 2629877715721 657469428943 51
REALCHAR 2630139870121 657534967543 51
REALCHAR 2630158164841 657539541223 51
SUPPORT 2630238122521 657559530643 51
REALCHAR 2630262198001 657565549513 51
REALCHAR 2630880943681 657720235933 51
SUPPORT 2631548581561 657887145403 51
DEEP 2632081369369 658020342360 71
DEEP 2634841678681 658710419692 87
REALCHAR 2634911271721 658727817943 51
REALCHAR 2635089569401 658772392363 51
SUPPORT 2636821672081 659205418033 51
DEEP 2637576448081 659394112038 71
REALCHAR 2638148492281 659537123083 51
REALCHAR 2638193770081 659548442533 51
REALCHAR 2638474247161 659618561803 51
DEEP 2638869572641 659717393178 71
DEEP 2639273074201 659818268568 71
DEEP 2641376689561 660344172408 71
DEEP 2641753623601 660438405919 75
DEEP 2641770479209 660442619820 71
REALCHAR 2641808485801 660452121463 51
REALCHAR 2642142176041 660535544023 51
REALCHAR 2642353424881 660588356233 51
SUPPORT 2643067886281 660766971583 51
REALCHAR 2643490108081 660872527033 51
SUPPORT 2644683915721 661170978943 51
REALCHAR 2646267162841 661566790723 51
DEEP 2646790882849 661697720730 71
DEEP 2647572943129 661893235800 71
REALCHAR 2648592203401 662148050863 51
REALCHAR 2648601165961 662150291503 51
REALCHAR 2648800625641 662200156423 51
DEEP 2648979945049 662244986280 71
SUPPORT 2649833169481 662458292383 51
SUPPORT 2651215773361 662803943353 51
REALCHAR 2654029566241 663507391573 51
REALCHAR 2655183204361 663795801103 51
REALCHAR 2655499673401 663874918363 51
SUPPORT 2656775915161 664193978803 51
DEEP 2656775915161 664193978808 71
REALCHAR 2656930752841 664232688223 51
DEEP 2657035423849 664258855980 71
DEEP 2657429418121 664357354548 71
REALCHAR 2657469073561 664367268403 51
REALCHAR 2658844313161 664711078303 51
REALCHAR 2658977384281 664744346083 51
REALCHAR 2659690182601 664922545663 51
DEEP 2659756657321 664939164348 71
DEEP 2661122130241 665280532580 79
SUPPORT 2661834884641 665458721173 51
REALCHAR 2661873003001 665468250763 51
REALCHAR 2663370822121 665842705543 51
DEEP 2663370822121 665842705548 71
DEEP 2664115527529 666028881900 71
REALCHAR 2665020879361 666255219853 51
REALCHAR 2666139076441 666534769123 51
REALCHAR 2666226809401 666556702363 51
REALCHAR 2666822165401 666705541363 51
REALCHAR 2666977327921 666744331993 51
DEEP 2668555560889 667138890240 71
REALCHAR 2668878781321 667219695343 51
DEEP 2668928623201 667232155818 71
REALCHAR 2670120835321 667530208843 51
DEEP 2670405459121 667601364798 71
REALCHAR 2670485149921 667621287493 51
DEEP 2670575817361 667643954358 71
REALCHAR 2670617085361 667654271353 51
DEEP 2670882020041 667720505028 71
REALCHAR 2671048531321 667762132843 51
REALCHAR 2671063578481 667765894633 51
REALCHAR 2671475876281 667868969083 51
REALCHAR 2671794421321 667948605343 51
REALCHAR 2672092679881 668023169983 51
DEEP 2672495431321 668123857848 71
REALCHAR 2672780949721 668195237443 51
SUPPORT 2672829856321 668207464093 51
SUPPORT 2673159288361 668289822103 51
DEEP 2673159288361 668289822108 71
REALCHAR 2673378642841 668344660723 51
REALCHAR 2673505675681 668376418933 51
REALCHAR 2673706877521 668426719393 51
REALCHAR 2673874129081 668468532283 51
REALCHAR 2674252987561 668563246903 51
REALCHAR 2674927686601 668731921663 51
REALCHAR 2675999140201 668999785063 51
REALCHAR 2676399266641 669099816673 51
REALCHAR 2676429745441 669107436373 51
REALCHAR 2676940571761 669235142953 51
REALCHAR 2677953366001 669488341513 51
SUPPORT 2678364611521 669591152893 51
REALCHAR 2678449023721 669612255943 51
REALCHAR 2679307081441 669826770373 51
REALCHAR 2679417126961 669854281753 51
DEEP 2680831746121 670207936549 75
DEEP 2680934304049 670233576030 71
DEEP 2680943036641 670235759182 87
REALCHAR 2681549241121 670387310293 51
REALCHAR 2681773122961 670443280753 51
SUPPORT 2682427348441 670606837123 51
DEEP 2683151949241 670787987330 79
REALCHAR 2683256572441 670814143123 51
SUPPORT 2683497959041 670874489773 51
REALCHAR 2684064660601 671016165163 51
DEEP 2684064660601 671016165168 71
DEEP 2684081954761 671020488710 79
REALCHAR 2685536444761 671384111203 51
DEEP 2685536444761 671384111211 83
DEEP 2686585157281 671646289340 79
REALCHAR 2687688066361 671922016603 51
DEEP 2687702920681 671925730190 79
DEEP 2687853471241 671963367828 71
REALCHAR 2687941511641 671985377923 51
DEEP 2689329972289 672332493090 71
REALCHAR 2690576173321 672644043343 51
DEEP 2690576173321 672644043348 71
REALCHAR 2691163433401 672790858363 51
DEEP 2691192694369 672798173610 71
REALCHAR 2691214319641 672803579923 51
REALCHAR 2691606474481 672901618633 51
REALCHAR 2691695763241 672923940823 51
REALCHAR 2693218626121 673304656543 51
DEEP 2694053927161 673513481808 71
REALCHAR 2694678562801 673669640713 51
REALCHAR 2695455496969 673863874261 75
DEEP 2695455496969 673863874264 87
DEEP 2695758586921 673939646749 75
SUPPORT 2696088669481 674022167383 51
REALCHAR 2697288426121 674322106543 51
REALCHAR 2697861315601 674465328913 51
REALCHAR 2697889530961 674472382753 51
DEEP 2697889530961 674472382759 75
REALCHAR 2698834306081 674708576533 51
DEEP 2699180267809 674795066970 71
REALCHAR 2699702387281 674925596833 51
DEEP 2700048787921 675012197000 79
REALCHAR 2700099887521 675024971893 51
REALCHAR 2700329768761 675082442203 51
DEEP 2700766585729 675191646450 71
SUPPORT 2701878397201 675469599313 51
DEEP 2701912218721 675478054698 71
REALCHAR 2702330808241 675582702073 51
REALCHAR 2703113030641 675778257673 51
REALCHAR 2703311162161 675827790553 51
REALCHAR 2703779782201 675944945563 51
DEEP 2705434758601 676358689668 71
REALCHAR 2706117927241 676529481823 51
DEEP 2706117927241 676529481829 75
DEEP 2706659692489 676664923142 79
REALCHAR 2706975694921 676743923743 51
REALCHAR 2707890365569 676972591411 75
DEEP 2707890365569 676972591413 83
REALCHAR 2708317374361 677079343603 51
DEEP 2709147102841 677286775728 71
DEEP 2709684192601 677421048168 71
REALCHAR 2710073329681 677518332433 51
SUPPORT 2710178166361 677544541603 51
REALCHAR 2710763866801 677690966713 51
DEEP 2711308126081 677827031539 75
REALCHAR 2712107594641 678026898673 51
REALCHAR 2712617349121 678154337293 51
DEEP 2712964590961 678241147758 71
DEEP 2713079486209 678269871572 79
REALCHAR 2713924062721 678481015693 51
REALCHAR 2713985804401 678496451113 51
SUPPORT 2714358950521 678589737643 51
SUPPORT 2714657531041 678664382773 51
DEEP 2714733437641 678683359428 71
REALCHAR 2714863799761 678715949953 51
SUPPORT 2715229514761 678807378703 51
REALCHAR 2715578350081 678894587533 51
REALCHAR 2715711836161 678927959053 51
REALCHAR 2716061414641 679015353673 51
REALCHAR 2716235808001 679058952013 51
REALCHAR 2717739440641 679434860173 51
REALCHAR 2718802144081 679700536033 51
REALCHAR 2719317613321 679829403343 51
REALCHAR 2719560512881 679890128233 51
SUPPORT 2720052323041 680013080773 51
DEEP 2720434801681 680108700438 71
SUPPORT 2720515923841 680128980973 51
DEEP 2720612244289 680153061090 71
REALCHAR 2721604587601 680401146913 51
REALCHAR 2722072698601 680518174663 51
DEEP 2722072698601 680518174668 71
DEEP 2722120355761 680530088958 71
REALCHAR 2722881588001 680720397013 51
REALCHAR 2724225415081 681056353783 51
REALCHAR 2725102712641 681275678173 51
REALCHAR 2726068265281 681517066333 51
DEEP 2726133423049 681533355789 107
REALCHAR 2726347280281 681586820083 51
DEEP 2726503158289 681625789590 71
SUPPORT 2726516967001 681629241763 51
REALCHAR 2729185860241 682296465073 51
REALCHAR 2731219051201 682804762813 51
REALCHAR 2731476827641 682869206923 51
SUPPORT 2731925967241 682981491823 51
SUPPORT 2732767663081 683191915783 51
DEEP 2733748049761 683437012458 71
DEEP 2733767747929 683441937000 71
DEEP 2733864043849 683466010980 71
DEEP 2734028209201 683507052324 95
REALCHAR 2734537514641 683634378673 51
REALCHAR 2735419563361 683854890853 51
DEEP 2735433999169 683858499810 71
REALCHAR 2735563015201 683890753813 51
REALCHAR 2736470657761 684117664453 51
DEEP 2736699765361 684174941360 79
REALCHAR 2736977171569 684244292911 75
DEEP 2736977171569 684244292916 95
REALCHAR 2737055030161 684263757553 51
SUPPORT 2737357504561 684339376153 51
REALCHAR 2740023567121 685005891793 51
REALCHAR 2740688554081 685172138533 51
REALCHAR 2740948943041 685237235773 51
REALCHAR 2741119267441 685279816873 51
REALCHAR 2741632249801 685408062463 51
REALCHAR 2742478610881 685619652733 51
DEEP 2743432283881 685858070990 79
REALCHAR 2744071447441 686017861873 51
DEEP 2744099249761 686024812458 71
REALCHAR 2744645035441 686161258873 51
REALCHAR 2746179927241 686544981823 51
REALCHAR 2747350210201 686837552563 51
DEEP 2747350210201 686837552568 71
REALCHAR 2747600736241 686900184073 51
DEEP 2748471831361 687117957858 71
DEEP 2748846491329 687211622850 71
REALCHAR 2749153257601 687288314413 51
DEEP 2749508895961 687377224008 71
REALCHAR 2750087220241 687521805073 51
REALCHAR 2750953862281 687738465583 51
REALCHAR 2750979715201 687744928813 51
REALCHAR 2751236679409 687809169871 75
DEEP 2751236679409 687809169877 99
DEEP 2751567932569 687891983160 71
DEEP 2751607025281 687901756339 75
REALCHAR 2752079842801 688019960713 51
DEEP 2752079842801 688019960718 71
DEEP 2752549539601 688137384918 71
REALCHAR 2752943551801 688235887963 51
REALCHAR 2753105218081 688276304533 51
REALCHAR 2753386869601 688346717413 51
DEEP 2753948708449 688487177130 71
REALCHAR 2754595323481 688648830883 51
SUPPORT 2755217665201 688804416313 51
SUPPORT 2755252267681 688813066933 51
REALCHAR 2755360164001 688840041013 51
REALCHAR 2755956665401 688989166363 51
REALCHAR 2756240681401 689060170363 51
REALCHAR 2757609486241 689402371573 51
REALCHAR 2757874866289 689468716591 75
DEEP 2757874866289 689468716592 79
DEEP 2759596743289 689899185844 87
DEEP 2759762796961 689940699258 71
REALCHAR 2760321776521 690080444143 51
REALCHAR 2760329684401 690082421113 51
REALCHAR 2760384553081 690096138283 51
SUPPORT 2760563283241 690140820823 51
REALCHAR 2760970095361 690242523853 51
SUPPORT 2761371805201 690342951313 51
REALCHAR 2761851656041 690462914023 51
DEEP 2763601431529 690900357900 71
REALCHAR 2763614421481 690903605383 51
REALCHAR 2764142821441 691035705373 51
REALCHAR 2764150567201 691037641813 51
DEEP 2764379819881 691094954990 79
SUPPORT 2764620521881 691155130483 51
REALCHAR 2766092821801 691523205463 51
DEEP 2766092821801 691523205468 71
REALCHAR 2769341655721 692335413943 51
SUPPORT 2770344690481 692586172633 51
REALCHAR 2771188736761 692797184203 51
REALCHAR 2771219828521 692804957143 51
REALCHAR 2771984430601 692996107663 51
REALCHAR 2772918068761 693229517203 51
REALCHAR 2773427726281 693356931583 51
REALCHAR 2775839963521 693959990893 51
DEEP 2776229299561 694057324910 79
REALCHAR 2776619658121 694154914543 51
REALCHAR 2777165654761 694291413703 51
DEEP 2777610934849 694402733734 87
REALCHAR 2777639494081 694409873533 51
DEEP 2777998608961 694499652258 71
DEEP 2778744329761 694686082458 71
REALCHAR 2779058334361 694764583603 51
DEEP 2779076112121 694769028048 71
REALCHAR 2779226977081 694806744283 51
REALCHAR 2780138064001 695034516013 51
REALCHAR 2780937029641 695234257423 51
REALCHAR 2784254083081 696063520783 51
REALCHAR 2785202537041 696300634273 51
REALCHAR 2786511854281 696627963583 51
REALCHAR 2786607241441 696651810373 51
REALCHAR 2787601674841 696900418723 51
REALCHAR 2787808119721 696952029943 51
DEEP 2789261680921 697315420248 71
DEEP 2789348957641 697337239428 71
REALCHAR 2790392408281 697598102083 51
REALCHAR 2790634105561 697658526403 51
REALCHAR 2790733761481 697683440383 51
SUPPORT 2790749669761 697687417453 51
REALCHAR 2791212754801 697803188713 51
SUPPORT 2791777679161 697944419803 51
DEEP 2791777679161 697944419808 71
REALCHAR 2793102063361 698275515853 51
REALCHAR 2793948161761 698487040453 51
SUPPORT 2795484042961 698871010753 51
DEEP 2795753200249 698938300080 71
REALCHAR 2797876872961 699469218253 51
SUPPORT 2800486809481 700121702383 51
REALCHAR 2801097137281 700274284333 51
DEEP 2801570154289 700392538592 79
DEEP 2801896147801 700474036969 75
REALCHAR 2801925559801 700481389963 51
REALCHAR 2802134329201 700533582313 51
REALCHAR 2802529038241 700632259573 51
REALCHAR 2803373191441 700843297873 51
DEEP 2804348235049 701087058780 71
REALCHAR 2805536412121 701384103043 51
DEEP 2805800798761 701450199708 71
REALCHAR 2805872480161 701468120053 51
REALCHAR 2806099434961 701524858753 51
REALCHAR 2807254632961 701813658253 51
DEEP 2807263669681 701815917439 75
REALCHAR 2807383589761 701845897453 51
REALCHAR 2807982749881 701995687483 51
DEEP 2808030276529 702007569150 71
REALCHAR 2808484702321 702121175593 51
REALCHAR 2809488648121 702372162043 51
REALCHAR 2810039271601 702509817913 51
DEEP 2810143279969 702535820010 71
REALCHAR 2810307754081 702576938533 51
REALCHAR 2810828494321 702707123593 51
DEEP 2811118949809 702779737470 71
REALCHAR 2811419053921 702854763493 51
DEEP 2811419053921 702854763502 87
REALCHAR 2811872605441 702968151373 51
DEEP 2811872605441 702968151378 71
REALCHAR 2812030429321 703007607343 51
DEEP 2812109520529 703027380150 71
REALCHAR 2812321482961 703080370753 51
REALCHAR 2812790917561 703197729403 51
DEEP 2813140970641 703285242678 71
REALCHAR 2813354949001 703338737263 51
REALCHAR 2813638077721 703409519443 51
REALCHAR 2815656051121 703914012793 51
REALCHAR 2815824232321 703956058093 51
DEEP 2815863495769 703965873960 71
DEEP 2817194906761 704298726708 71
DEEP 2817888427201 704472106818 71
DEEP 2818208474929 704552118750 71
REALCHAR 2818604211721 704651052943 51
REALCHAR 2819322403921 704830600993 51
DEEP 2820350811721 705087702950 79
REALCHAR 2820824763241 705206190823 51
DEEP 2822218642489 705554660640 71
REALCHAR 2822706935161 705676733803 51
SUPPORT 2822786651281 705696662833 51
DEEP 2822786651281 705696662840 79
DEEP 2823173956849 705793489230 71
REALCHAR 2823536306761 705884076703 51
REALCHAR 2823929879521 705982469893 51
REALCHAR 2824459694281 706114923583 51
SUPPORT 2824567969441 706141992373 51
REALCHAR 2825170445161 706292611303 51
DEEP 2825313149569 706328287410 71
REALCHAR 2825631640441 706407910123 51
REALCHAR 2826514178401 706628544613 51
REALCHAR 2826934803001 706733700763 51
DEEP 2826934803001 706733700768 71
DEEP 2827914169081 706978542288 71
REALCHAR 2827943925361 706985981353 51
REALCHAR 2828203182841 707050795723 51
SUPPORT 2828603536201 707150884063 51
DEEP 2828603536201 707150884068 71
REALCHAR 2829330403201 707332600813 51
SUPPORT 2830095916561 707523979153 51
DEEP 2830389698161 707597424566 103
REALCHAR 2830736703001 707684175763 51
REALCHAR 2831958208921 707989552243 51
REALCHAR 2832211721641 708052930423 51
REALCHAR 2832840704521 708210176143 51
REALCHAR 2833048943761 708262235953 51
REALCHAR 2833562760961 708390690253 51
REALCHAR 2834094786121 708523696543 51
REALCHAR 2834157971401 708539492863 51
DEEP 2834210584969 708552646260 71
DEEP 2834896373761 708724093458 71
REALCHAR 2835206499241 708801624823 51
REALCHAR 2835243282481 708810820633 51
REALCHAR 2835424792201 708856198063 51
REALCHAR 2836478363161 709119590803 51
REALCHAR 2836911122761 709227780703 51
DEEP 2836963317049 709240829280 71
REALCHAR 2837046413041 709261603273 51
DEEP 2837939478529 709484869650 71
REALCHAR 2838251759641 709562939923 51
DEEP 2838251759641 709562939928 71
DEEP 2838948498961 709737124760 79
DEEP 2838969802321 709742450598 71
REALCHAR 2839057084081 709764271033 51
DEEP 2839057084081 709764271038 71
REALCHAR 2839253349241 709813337323 51
REALCHAR 2839354165561 709838541403 51
DEEP 2839618113049 709904528280 71
REALCHAR 2840903327161 710225831803 51
REALCHAR 2841876820561 710469205153 51
REALCHAR 2842099666561 710524916653 51
DEEP 2842968055489 710742013890 71
SUPPORT 2844117571201 711029392813 51
DEEP 2844957451249 711239362830 71
REALCHAR 2845038289921 711259572493 51
DEEP 2845201880161 711300470058 71
REALCHAR 2845694003881 711423500983 51
REALCHAR 2845992760081 711498190033 51
DEEP 2846130058249 711532514580 71
REALCHAR 2847055947121 711763986793 51
DEEP 2847422113561 711855528408 71
REALCHAR 2847802391281 711950597833 51
DEEP 2847984962761 711996240708 71
REALCHAR 2848335742561 712083935653 51
REALCHAR 2848378817881 712094704483 51
REALCHAR 2848715699281 712178924833 51
DEEP 2849469037321 712367259348 71
REALCHAR 2849591309161 712397827303 51
REALCHAR 2850443515921 712610878993 51
DEEP 2851231624081 712807906040 79
DEEP 2851334975449 712833743880 71
DEEP 2852944926001 713236231518 71
REALCHAR 2855600244121 713900061043 51
REALCHAR 2855875244161 713968811053 51
REALCHAR 2856512218921 714128054743 51
REALCHAR 2858041346521 714510336643 51
DEEP 2858792218129 714698054550 71
DEEP 2858920179361 714730044858 71
DEEP 2859548288041 714887072028 71
REALCHAR 2859651658081 714912914533 51
DEEP 2859651658081 714912914540 79
DEEP 2859924213169 714981053310 71
REALCHAR 2860431975241 715107993823 51
DEEP 2860533916321 715133479099 75
REALCHAR 2861042268841 715260567223 51
DEEP 2861147958769 715286989713 83
DEEP 2861810774761 715452693708 71
REALCHAR 2862729311521 715682327893 51
REALCHAR 2862791483161 715697870803 51
DEEP 2862827997121 715706999298 71
REALCHAR 2863144509241 715786127323 51
REALCHAR 2863980939121 715995234793 51
REALCHAR 2864299895521 716074973893 51
DEEP 2864469096889 716117274242 79
DEEP 2864768183281 716192045839 75
REALCHAR 2864812974241 716203243573 51
DEEP 2865396638329 716349159600 71
REALCHAR 2865684996001 716421249013 51
REALCHAR 2866185693121 716546423293 51
SUPPORT 2866741368481 716685342133 51
SUPPORT 2868785262841 717196315723 51
REALCHAR 2869385774641 717346443673 51
DEEP 2870292400369 717573100110 71
REALCHAR 2870337641161 717584410303 51
DEEP 2870983106161 717745776558 71
REALCHAR 2871009745081 717752436283 51
REALCHAR 2871104592841 717776148223 51
DEEP 2871104592841 717776148228 71
REALCHAR 2871324699721 717831174943 51
REALCHAR 2871580388161 717895097053 51
DEEP 2871580388161 717895097061 83
DEEP 2872450294561 718112573660 79
REALCHAR 2872507726729 718126931701 75
DEEP 2872507726729 718126931702 79
REALCHAR 2872911879601 718227969913 51
REALCHAR 2872913283241 718228320823 51
REALCHAR 2872947480001 718236870013 51
REALCHAR 2873113888681 718278472183 51
REALCHAR 2873448656521 718362164143 51
DEEP 2873919613321 718479903348 71
REALCHAR 2873934099481 718483524883 51
REALCHAR 2875131558601 718782889663 51
REALCHAR 2875307506681 718826876683 51
REALCHAR 2875734648361 718933662103 51
REALCHAR 2876144583601 719036145913 51
REALCHAR 2877009181201 719252295313 51
DEEP 2877230717089 719307679292 79
SUPPORT 2878643499601 719660874913 51
REALCHAR 2878820527801 719705131963 51
DEEP 2879922322489 719980580640 71
REALCHAR 2880333650401 720083412613 51
SUPPORT 2880349270681 720087317683 51
REALCHAR 2881122892561 720280723153 51
DEEP 2881552935361 720388233858 71
REALCHAR 2881696253881 720424063483 51
REALCHAR 2881991544961 720497886253 51
REALCHAR 2882590464601 720647616163 51
REALCHAR 2882829258241 720707314573 51
DEEP 2883528113041 720882028278 71
REALCHAR 2884904639761 721226159953 51
DEEP 2885450799001 721362699770 79
REALCHAR 2885856932401 721464233113 51
DEEP 2885856932401 721464233118 71
REALCHAR 2885980707481 721495176883 51
DEEP 2886069959809 721517489970 71
DEEP 2886755533489 721688883390 71
REALCHAR 2888271935761 722067983953 51
DEEP 2888271935761 722067983959 75
REALCHAR 2889369834961 722342458753 51
REALCHAR 2891781851401 722945462863 51
DEEP 2892400518121 723100129548 71
REALCHAR 2892520853161 723130213303 51
DEEP 2892533706001 723133426518 71
REALCHAR 2893073115241 723268278823 51
REALCHAR 2893130746801 723282686713 51
DEEP 2894035134769 723508783710 71
DEEP 2894280175081 723570043788 71
REALCHAR 2894356884721 723589221193 51
REALCHAR 2895879899641 723969974923 51
REALCHAR 2895913818121 723978454543 51
REALCHAR 2896442716561 724110679153 51
REALCHAR 2896604835721 724151208943 51
DEEP 2897054351689 724263587940 71
DEEP 2897858116729 724464529200 71
DEEP 2897964857089 724491214290 71
REALCHAR 2899297395121 724824348793 51
REALCHAR 2899522746121 724880686543 51
DEEP 2899582388641 724895597178 71
REALCHAR 2899601567641 724900391923 51
REALCHAR 2900182089841 725045522473 51
REALCHAR 2900579058001 725144764513 51
REALCHAR 2901131586721 725282896693 51
DEEP 2901295284889 725323821240 71
REALCHAR 2901457910521 725364477643 51
DEEP 2902153831201 725538457819 75
DEEP 2902214097721 725553524448 71
REALCHAR 2902419388801 725604847213 51
REALCHAR 2902669058041 725667264523 51
REALCHAR 2902720806241 725680201573 51
DEEP 2903637697249 725909424330 71
DEEP 2903928821161 725982205308 71
DEEP 2904233213281 726058303340 79
REALCHAR 2904530844601 726132711163 51
DEEP 2904917503489 726229375890 71
REALCHAR 2906473401001 726618350263 51
REALCHAR 2907746766961 726936691753 51
REALCHAR 2908969111801 727242277963 51
DEEP 2908969111801 727242277968 71
REALCHAR 2909729656681 727432414183 51
DEEP 2909753884489 727438471140 71
DEEP 2911600260529 727900065150 71
REALCHAR 2912446567801 728111641963 51
REALCHAR 2912734955881 728183738983 51
REALCHAR 2912911585081 728227896283 51
DEEP 2913029268769 728257317211 75
REALCHAR 2913078686281 728269671583 51
REALCHAR 2913334264201 728333566063 51
REALCHAR 2914621993201 728655498313 51
REALCHAR 2916024148801 729006037213 51
DEEP 2916092377969 729023094510 71
REALCHAR 2917306237561 729326559403 51
REALCHAR 2918066392081 729516598033 51
REALCHAR 2918154007441 729538501873 51
REALCHAR 2919911582641 729977895673 51
REALCHAR 2920168930561 730042232653 51
DEEP 2920558312681 730139578192 87
REALCHAR 2920776834361 730194208603 51
SUPPORT 2922080765041 730520191273 51
REALCHAR 2922237690241 730559422573 51
REALCHAR 2922774243841 730693560973 51
REALCHAR 2923167759121 730791939793 51
REALCHAR 2923418120401 730854530113 51
DEEP 2924021076601 731005269168 71
DEEP 2924508533521 731127133399 75
REALCHAR 2924923805521 731230951393 51
REALCHAR 2925740473681 731435118433 51
DEEP 2927384224801 731846056218 71
REALCHAR 2928203864881 732050966233 51
DEEP 2928901649521 732225412398 71
REALCHAR 2929233770761 732308442703 51
REALCHAR 2929323011521 732330752899 75
DEEP 2929323011521 732330752900 79
DEEP 2930224725289 732556181340 71
SUPPORT 2931277080601 732819270163 51
REALCHAR 2931417321121 732854330293 51
REALCHAR 2932253723281 733063430833 51
REALCHAR 2932383669601 733095917413 51
REALCHAR 2932383669601 733095917419 75
DEEP 2932383669601 733095917420 79
DEEP 2932793068969 733198267260 71
SUPPORT 2933395070761 733348767703 51
DEEP 2933416810801 733354202718 71
DEEP 2934626314489 733656578641 75
REALCHAR 2934686129761 733671532453 51
REALCHAR 2935405112641 733851278173 51
REALCHAR 2935411824361 733852956103 51
DEEP 2935411824361 733852956108 71
REALCHAR 2935613746081 733903436533 51
DEEP 2935641992089 733910498040 71
REALCHAR 2935647672721 733911918193 51
REALCHAR 2935787264881 733946816233 51
DEEP 2936463141481 734115785389 75
DEEP 2936750085361 734187521359 75
REALCHAR 2937217615201 734304403813 51
REALCHAR 2937366958681 734341739683 51
REALCHAR 2937921992041 734480498023 51
SUPPORT 2938127936041 734531984023 51
DEEP 2938737623761 734684405961 83
REALCHAR 2938793095681 734698273933 51
REALCHAR 2939086318081 734771579533 51
REALCHAR 2939614242601 734903560663 51
REALCHAR 2939634335401 734908583863 51
REALCHAR 2939806180921 734951545243 51
DEEP 2940238612921 735059653248 71
REALCHAR 2940422391481 735105597883 51
REALCHAR 2940565153681 735141288439 75
DEEP 2940565153681 735141288441 83
DEEP 2940720561601 735180140418 71
SUPPORT 2940947937841 735236984473 51
SUPPORT 2941121284201 735280321063 51
REALCHAR 2941773143761 735443285953 51
DEEP 2942126208961 735531552260 79
REALCHAR 2944210773001 736052693263 51
REALCHAR 2944210773001 736052693269 75
DEEP 2944210773001 736052693270 79
DEEP 2944554650041 736138662528 71
REALCHAR 2944828997881 736207249483 51
REALCHAR 2945400130201 736350032563 51
REALCHAR 2946030210601 736507552663 51
REALCHAR 2947123848601 736780962163 51
REALCHAR 2947827686521 736956921643 51
DEEP 2948523327649 737130831930 71
REALCHAR 2948833669681 737208417433 51
REALCHAR 2949754255561 737438563903 51
REALCHAR 2950095257041 737523814273 51
REALCHAR 2951375034721 737843758693 51
REALCHAR 2953538601841 738384650473 51
DEEP 2954094634969 738523658760 71
REALCHAR 2954280259681 738570064933 51
REALCHAR 2954536116841 738634029223 51
DEEP 2955431756281 738857939088 71
REALCHAR 2956436552281 739109138083 51
REALCHAR 2956491209281 739122802333 51
REALCHAR 2956524149881 739131037483 51
REALCHAR 2957013338161 739253334553 51
REALCHAR 2957063229961 739265807503 51
REALCHAR 2957076999361 739269249853 51
DEEP 2957253797089 739313449290 71
REALCHAR 2957273022001 739318255513 51
REALCHAR 2957512381321 739378095343 51
REALCHAR 2958022735201 739505683813 51
DEEP 2958364205281 739591051338 71
REALCHAR 2959143726361 739785931603 51
REALCHAR 2959260122641 739815030673 51
REALCHAR 2959511962801 739877990713 51
REALCHAR 2959950525841 739987631473 51
REALCHAR 2960518347361 740129586853 51
REALCHAR 2961276560761 740319140203 51
REALCHAR 2961602802601 740400700663 51
REALCHAR 2961668892001 740417223013 51
REALCHAR 2962188324481 740547081133 51
REALCHAR 2962324507921 740581126993 51
REALCHAR 2963480719081 740870179783 51
DEEP 2963996187961 740999047008 71
DEEP 2964423953089 741105988290 71
REALCHAR 2964671018521 741167754643 51
DEEP 2964822389281 741205597340 79
REALCHAR 2964946948681 741236737183 51
DEEP 2964958627849 741239656980 71
REALCHAR 2965106776921 741276694243 51
DEEP 2965498354729 741374588700 71
REALCHAR 2966127008881 741531752233 51
REALCHAR 2966131470241 741532867573 51
DEEP 2966534860249 741633715080 71
REALCHAR 2966559446761 741639861703 51
REALCHAR 2967032729761 741758182453 51
DEEP 2967710867521 741927716898 71
REALCHAR 2967769971721 741942492943 51
REALCHAR 2970463941481 742615985383 51
DEEP 2970887367529 742721841900 71
DEEP 2972208063889 743052015990 71
REALCHAR 2972226114841 743056528723 51
REALCHAR 2972417655601 743104413913 51
REALCHAR 2973678765121 743419691293 51
DEEP 2974254506161 743563626558 71
REALCHAR 2976098613601 744024653413 51
SUPPORT 2976241570201 744060392563 51
SUPPORT 2976443735281 744110933833 51
REALCHAR 2977290990361 744322747603 51
SUPPORT 2979014886961 744753721753 51
REALCHAR 2979018421681 744754605433 51
REALCHAR 2979863465881 744965866483 51
REALCHAR 2979889114801 744972278713 51
REALCHAR 2980404237721 745101059443 51
REALCHAR 2980492357441 745123089373 51
REALCHAR 2981267500201 745316875063 51
DEEP 2981918656201 745479664068 71
REALCHAR 2982484003321 745621000843 51
REALCHAR 2983041655801 745760413963 51
REALCHAR 2983055056081 745763764033 51
REALCHAR 2983060688521 745765172143 51
REALCHAR 2983997605801 745999401463 51
REALCHAR 2984129887561 746032471903 51
REALCHAR 2984644795441 746161198873 51
REALCHAR 2984871064081 746217766033 51
REALCHAR 2984885770441 746221442623 51
DEEP 2985366286681 746341571688 71
REALCHAR 2986278215281 746569553833 51
DEEP 2986758547249 746689636830 71
DEEP 2987654437681 746913609438 71
REALCHAR 2988009740641 747002435173 51
REALCHAR 2989035125521 747258781393 51
SUPPORT 2989201528681 747300382183 51
REALCHAR 2989408013881 747352003483 51
REALCHAR 2989571009881 747392752483 51
DEEP 2990128552009 747532138022 79
REALCHAR 2990157562681 747539390683 51
DEEP 2990157562681 747539390689 75
DEEP 2991994266361 747998566608 71
REALCHAR 2992156089841 748039022473 51
REALCHAR 2992550733481 748137683383 51
REALCHAR 2992714649521 748178662393 51
REALCHAR 2992934086081 748233521533 51
DEEP 2992934086081 748233521542 87
REALCHAR 2993249349841 748312337473 51
REALCHAR 2993291345641 748322836423 51
REALCHAR 2993398024681 748349506183 51
REALCHAR 2994101566681 748525391683 51
DEEP 2994501336121 748625334049 75
REALCHAR 2995112531161 748778132803 51
REALCHAR 2995733123161 748933280803 51
REALCHAR 2996583606241 749145901573 51
DEEP 2996638908169 749159727060 71
DEEP 2997315291721 749328822948 71
REALCHAR 2998386549601 749596637413 51
DEEP 2998635048049 749658762030 71
DEEP 2998903467169 749725866810 71
REALCHAR 2999910761761 749977690453 51
SUPPORT 3000091691041 750022922773 51
DEEP 3000247153201 750061788320 79
REALCHAR 3000324898561 750081224653 51
REALCHAR 3000932970961 750233242753 51
REALCHAR 3001262455801 750315613963 51
DEEP 3001421191129 750355297802 79
REALCHAR 3002016690481 750504172633 51
REALCHAR 3002148338401 750537084613 51
REALCHAR 3002662873081 750665718283 51
REALCHAR 3003702352561 750925588153 51
DEEP 3003702352561 750925588158 71
REALCHAR 3003810228241 750952557073 51
REALCHAR 3003949142041 750987285523 51
SUPPORT 3004330531801 751082632963 51
REALCHAR 3005812354561 751453088653 51
DEEP 3006379409881 751594852488 71
DEEP 3007191895009 751797973770 71
REALCHAR 3007353563281 751838390833 51
REALCHAR 3008881098721 752220274693 51
DEEP 3009124405681 752281101438 71
REALCHAR 3009172180921 752293045243 51
REALCHAR 3009873824281 752468456083 51
DEEP 3009899064481 752474766138 71
DEEP 3010606081921 752651520500 79
DEEP 3011127153241 752781788328 71
REALCHAR 3011535596281 752883899083 51
REALCHAR 3011621031241 752905257823 51
DEEP 3012136197841 753034049478 71
REALCHAR 3012721704721 753180426193 51
DEEP 3013019068921 753254767248 71
SUPPORT 3013199066641 753299766673 51
REALCHAR 3013376814361 753344203603 51
DEEP 3014413992529 753603498150 71
REALCHAR 3014663484121 753665871043 51
REALCHAR 3014969707201 753742426813 51
REALCHAR 3016499309041 754124827273 51
REALCHAR 3018277934281 754569483583 51
REALCHAR 3019616560801 754904140213 51
REALCHAR 3019799995081 754949998783 51
DEEP 3019799995081 754949998788 71
REALCHAR 3021758660281 755439665083 51
DEEP 3021777193681 755444298438 71
REALCHAR 3022239126481 755559781633 51
REALCHAR 3022597980481 755649495133 51
DEEP 3022597980481 755649495138 71
REALCHAR 3022935071641 755733767923 51
REALCHAR 3023299100641 755824775173 51
REALCHAR 3023307291601 755826822913 51
REALCHAR 3024641763361 756160440853 51
REALCHAR 3026835508321 756708877093 51
DEEP 3027265274401 756816318618 71
REALCHAR 3027699249961 756924812503 51
REALCHAR 3027875782801 756968945713 51
REALCHAR 3028686102121 757171525543 51
SUPPORT 3029798010121 757449502543 51
REALCHAR 3029808644641 757452161173 51
REALCHAR 3029835251041 757458812773 51
REALCHAR 3029969714641 757492428673 51
REALCHAR 3030102354241 757525588573 51
DEEP 3030272333929 757568083501 75
REALCHAR 3031730870281 757932717589 75
DEEP 3031730870281 757932717591 83
SUPPORT 3031886910361 757971727603 51
REALCHAR 3032354394001 758088598513 51
REALCHAR 3032715904201 758178976063 51
REALCHAR 3032810827201 758202706813 51
REALCHAR 3033034401721 758258600443 51
REALCHAR 3033249189721 758312297443 51
SUPPORT 3034760053081 758690013283 51
DEEP 3035124017689 758781004442 79
REALCHAR 3035708651641 758927162923 51
SUPPORT 3035854338001 758963584513 51
REALCHAR 3035943080041 758985770023 51
REALCHAR 3036073278001 759018319513 51
DEEP 3037186455601 759296613918 71
REALCHAR 3038584113601 759646028413 51
REALCHAR 3038738722321 759684680593 51
SUPPORT 3038826893041 759706723273 51
DEEP 3039098324161 759774581062 87
DEEP 3039539774881 759884943746 103
REALCHAR 3039624268321 759906067093 51
DEEP 3040494213241 760123553328 71
DEEP 3040659248929 760164812251 75
REALCHAR 3040791641281 760197910333 51
DEEP 3041510364649 760377591180 71
REALCHAR 3041848162081 760462040533 51
DEEP 3041876824561 760469206158 71
REALCHAR 3042252715441 760563178873 51
REALCHAR 3042450498481 760612624633 51
REALCHAR 3043753546681 760938386683 51
REALCHAR 3043765290721 760941322693 51
DEEP 3044058705769 761014676460 71
REALCHAR 3045757795921 761439448993 51
REALCHAR 3046906428721 761726607193 51
DEEP 3047343670849 761835917732 79
REALCHAR 3048064566121 762016141543 51
DEEP 3048175607569 762043901910 71
REALCHAR 3049295277961 762323819503 51
REALCHAR 3050313016921 762578254243 51
DEEP 3051007808689 762751952191 75
REALCHAR 3051171571561 762792892903 51
DEEP 3051302326801 762825581718 71
REALCHAR 3051445619161 762861404803 51
REALCHAR 3051510723361 762877680853 51
DEEP 3052903782289 763225945590 71
DEEP 3053215044889 763303761241 75
DEEP 3054221694001 763555423520 79
DEEP 3055853350489 763963337640 71
DEEP 3057046645249 764261661332 79
SUPPORT 3057694436281 764423609083 51
DEEP 3058101208009 764525302020 71
REALCHAR 3058125537601 764531384413 51
REALCHAR 3058881716641 764720429173 51
REALCHAR 3059120978761 764780244703 51
REALCHAR 3059153493841 764788373473 51
REALCHAR 3060229918201 765057479563 51
REALCHAR 3060295390441 765073847623 51
DEEP 3060542874601 765135718668 71
REALCHAR 3061274001241 765318500323 51
REALCHAR 3062411592601 765602898163 51
DEEP 3062683654801 765670913718 71
REALCHAR 3063011752441 765752938123 51
REALCHAR 3063530006161 765882501553 51
REALCHAR 3063543825241 765885956323 51
REALCHAR 3063627779521 765906944893 51
DEEP 3063627779521 765906944899 75
REALCHAR 3064035807121 766008951793 51
DEEP 3064365390241 766091347578 71
REALCHAR 3071004048121 767751012043 51
REALCHAR 3071180920201 767795230063 51
REALCHAR 3071773743481 767943435883 51
REALCHAR 3072026685841 768006671473 51
DEEP 3073079734201 768269933568 71
REALCHAR 3073116297001 768279074263 51
REALCHAR 3074356563721 768589140943 51
REALCHAR 3074485411321 768621352843 51
REALCHAR 3074989958881 768747489733 51
REALCHAR 3075260967601 768815241913 51
REALCHAR 3075801960841 768950490223 51
SUPPORT 3076266186841 769066546723 51
REALCHAR 3076619857921 769154964493 51
REALCHAR 3076950860281 769237715083 51
REALCHAR 3077051742361 769262935603 51
DEEP 3078125050081 769531262540 79
REALCHAR 3078841093441 769710273373 51
SUPPORT 3079386507961 769846627003 51
DEEP 3079747147129 769936786800 71
REALCHAR 3079845138841 769961284723 51
REALCHAR 3080368582201 770092145563 51
REALCHAR 3080793578041 770198394523 51
REALCHAR 3080931028081 770232757033 51
DEEP 3082018920289 770504730090 71
REALCHAR 3082020744721 770505186193 51
SUPPORT 3082109801521 770527450393 51
DEEP 3082109801521 770527450398 71
REALCHAR 3082569154681 770642288683 51
REALCHAR 3082726789321 770681697343 51
REALCHAR 3083016292801 770754073213 51
REALCHAR 3083275788961 770818947253 51
SUPPORT 3084991517521 771247879393 51
REALCHAR 3085477242241 771369310573 51
REALCHAR 3086791926241 771697981573 51
DEEP 3087972593161 771993148308 71
REALCHAR 3088118542441 772029635623 51
REALCHAR 3088699840801 772174960213 51
REALCHAR 3089052438481 772263109633 51
DEEP 3089052438481 772263109641 83
DEEP 3089187958921 772296989748 71
DEEP 3090238231441 772559557878 71
REALCHAR 3090948014281 772737003583 51
REALCHAR 3091039773721 772759943443 51
DEEP 3091076258209 772769064570 71
REALCHAR 3091431300721 772857825193 51
DEEP 3091581034369 772895258610 71
SUPPORT 3091964514601 772991128663 51
REALCHAR 3092014769281 773003692333 51
REALCHAR 3093267676801 773316919213 51
REALCHAR 3093355334281 773338833583 51
DEEP 3093355334281 773338833588 71
REALCHAR 3093383655961 773345914003 51
REALCHAR 3096476728801 774119182213 51
REALCHAR 3097117235521 774279308893 51
REALCHAR 3097591899481 774397974883 51
DEEP 3097597586329 774399396600 71
REALCHAR 3097755056881 774438764233 51
REALCHAR 3097880625841 774470156473 51
DEEP 3099060361489 774765090392 79
DEEP 3099075800209 774768950070 71
REALCHAR 3100277882521 775069470643 51
REALCHAR 3101525753041 775381438273 51
REALCHAR 3101584358401 775396089613 51
REALCHAR 3102038533441 775509633373 51
DEEP 3102644304841 775661076228 71
SUPPORT 3102731109241 775682777323 51
REALCHAR 3102859228681 775714807183 51
REALCHAR 3102879210601 775719802663 51
REALCHAR 3102952008601 775738002163 51
DEEP 3103832950969 775958237760 71
REALCHAR 3104748967321 776187241843 51
REALCHAR 3104759868961 776189967253 51
REALCHAR 3104944588201 776236147063 51
REALCHAR 3105014952601 776253738163 51
REALCHAR 3106369561201 776592390313 51
REALCHAR 3108180577681 777045144433 51
REALCHAR 3110464518841 777616129723 51
DEEP 3110464518841 777616129728 71
REALCHAR 3111307869121 777826967293 51
DEEP 3111579067921 777894766998 71
DEEP 3112256770921 778064192748 71
REALCHAR 3112439447881 778109861983 51
DEEP 3112439447881 778109861988 71
DEEP 3115925882689 778981470690 71
REALCHAR 3116330588281 779082647083 51
DEEP 3117992537521 779498134398 71
REALCHAR 3118018711921 779504677993 51
DEEP 3118152293881 779538073488 71
REALCHAR 3118302197761 779575549453 51
REALCHAR 3119347751521 779836937893 51
REALCHAR 3119387949001 779846987263 51
DEEP 3119878729081 779969682288 71
DEEP 3120151452289 780037863090 71
REALCHAR 3121356878641 780339219673 51
REALCHAR 3121731139921 780432784993 51
REALCHAR 3122194920601 780548730163 51
REALCHAR 3123456935041 780864233773 51
DEEP 3123609358321 780902339599 75
REALCHAR 3123969215761 780992303953 51
SUPPORT 3124270836241 781067709073 51
REALCHAR 3124309078801 781077269713 51
DEEP 3125038684849 781259671232 79
REALCHAR 3125126770921 781281692743 51
DEEP 3125126770921 781281692748 71
REALCHAR 3125341138921 781335284743 51
REALCHAR 3125580569281 781395142333 51
REALCHAR 3125658480961 781414620253 51
REALCHAR 3125886289681 781471572433 51
REALCHAR 3126030419521 781507604893 51
REALCHAR 3126683859601 781670964913 51
DEEP 3126794143201 781698535819 75
DEEP 3127201557769 781800389460 71
REALCHAR 3127575650761 781893912703 51
DEEP 3127983272569 781995818160 71
REALCHAR 3129447898201 782361974563 51
REALCHAR 3130009819561 782502454903 51
REALCHAR 3130119654841 782529913723 51
REALCHAR 3130229135881 782557283983 51
REALCHAR 3130436450521 782609112643 51
REALCHAR 3130559483041 782639870773 51
DEEP 3130751149969 782687787510 71
REALCHAR 3130878462721 782719615693 51
DEEP 3131139933601 782784983418 71
REALCHAR 3131503065601 782875766413 51
SUPPORT 3131920895401 782980223863 51
REALCHAR 3132003428401 783000857113 51
SUPPORT 3132074178601 783018544663 51
REALCHAR 3132234482521 783058620643 51
DEEP 3132806460001 783201615018 71
REALCHAR 3132995290681 783248822683 51
DEEP 3133201166209 783300291573 83
DEEP 3133301759449 783325439880 71
REALCHAR 3133747585081 783436896283 51
DEEP 3133747585081 783436896288 71
REALCHAR 3133931627401 783482906863 51
REALCHAR 3135240476281 783810119083 51
SUPPORT 3135527066281 783881766583 51
REALCHAR 3136125310081 784031327533 51
REALCHAR 3136205291521 784051322893 51
REALCHAR 3137322169081 784330542283 51
REALCHAR 3138387339481 784596834883 51
SUPPORT 3138892419961 784723105003 51
REALCHAR 3139590633481 784897658383 51
REALCHAR 3139703732881 784925933233 51
DEEP 3139813425961 784953356512 87
SUPPORT 3139958864641 784989716173 51
REALCHAR 3139965342361 784991335603 51
REALCHAR 3141037716961 785259429253 51
REALCHAR 3141205889761 785301472453 51
DEEP 3141820729441 785455182378 71
REALCHAR 3142153568401 785538392113 51
REALCHAR 3142379357881 785594839483 51
REALCHAR 3142386297961 785596574503 51
REALCHAR 3143394888001 785848722013 51
REALCHAR 3144494878561 786123719653 51
SUPPORT 3144690257641 786172564423 51
REALCHAR 3144877358401 786219339613 51
DEEP 3145208114161 786302028558 71
REALCHAR 3145684099321 786421024843 51
DEEP 3145908894241 786477223578 71
REALCHAR 3145923720241 786480930073 51
REALCHAR 3147734678761 786933669703 51
REALCHAR 3148332993961 787083248503 51
DEEP 3148399079401 787099769868 71
DEEP 3149091073969 787272768512 79
DEEP 3149385099169 787346274812 79
REALCHAR 3150365755681 787591438933 51
DEEP 3151685216761 787921304208 71
DEEP 3153281705809 788320426470 71
DEEP 3153419441929 788354860514 127
REALCHAR 3155029158961 788757289753 51
REALCHAR 3155030977921 788757744493 51
DEEP 3156300739201 789075184820 79
REALCHAR 3157388011801 789347002963 51
REALCHAR 3157927745281 789481936333 51
DEEP 3158911713409 789727928370 71
SUPPORT 3159173851681 789793462933 51
DEEP 3159173851681 789793462941 83
DEEP 3159358424401 789839606118 71
DEEP 3159529154401 789882288622 87
REALCHAR 3160345330921 790086332743 51
DEEP 3161300691481 790325172889 75
REALCHAR 3161570635441 790392658873 51
REALCHAR 3161621176561 790405294153 51
REALCHAR 3161626887721 790406721943 51
REALCHAR 3162535579921 790633894993 51
REALCHAR 3162659734441 790664933623 51
REALCHAR 3162752765041 790688191273 51
DEEP 3163258671049 790814667780 71
REALCHAR 3164613442201 791153360563 51
DEEP 3164641706209 791160426570 71
SUPPORT 3166839006241 791709751573 51
REALCHAR 3167077392361 791769348103 51
DEEP 3168590871601 792147717918 71
REALCHAR 3168639112081 792159778033 51
REALCHAR 3168916369921 792229092493 51
DEEP 3170256578449 792564144630 71
REALCHAR 3171055246321 792763811593 51
DEEP 3171078161689 792769540442 79
REALCHAR 3171187988641 792796997173 51
DEEP 3172133180329 793033295100 71
REALCHAR 3174057486961 793514371753 51
REALCHAR 3174679250521 793669812643 51
REALCHAR 3175336636081 793834159033 51
REALCHAR 3177308488201 794327122063 51
REALCHAR 3178161065689 794540266441 75
DEEP 3178161065689 794540266442 79
DEEP 3178276706929 794569176750 71
REALCHAR 3179376852961 794844213253 51
REALCHAR 3180418354801 795104588713 51
REALCHAR 3180641296561 795160324153 51
DEEP 3180826393369 795206598360 71
DEEP 3181386237649 795346559430 71
DEEP 3181821199489 795455299890 71
REALCHAR 3182129674201 795532418563 51
REALCHAR 3182368532641 795592133173 51
DEEP 3182737448641 795684362179 75
SUPPORT 3182755553041 795688888273 51
DEEP 3182760858601 795690214668 71
DEEP 3183437629681 795859407439 75
REALCHAR 3184292638921 796073159743 51
REALCHAR 3185025339721 796256334943 51
REALCHAR 3185159053441 796289763373 51
DEEP 3185396028049 796349007030 71
REALCHAR 3185736024241 796434006073 51
DEEP 3186272013961 796568003510 79
REALCHAR 3187902484321 796975621093 51
REALCHAR 3188101436521 797025359143 51
REALCHAR 3189247117681 797311779433 51
DEEP 3189542420689 797385605195 91
REALCHAR 3191236480441 797809120123 51
REALCHAR 3191418116041 797854529023 51
REALCHAR 3191994851761 797998712953 51
REALCHAR 3192523292401 798130823113 51
REALCHAR 3192681288241 798170322073 51
REALCHAR 3193182117841 798295529473 51
REALCHAR 3193200607081 798300151783 51
DEEP 3193688768209 798422192071 75
DEEP 3194279894521 798569973648 71
DEEP 3194437986601 798609496668 71
DEEP 3194569059889 798642264990 71
DEEP 3194956138609 798739034670 71
REALCHAR 3195116382481 798779095633 51
REALCHAR 3195296841361 798824210353 51
DEEP 3195780494449 798945123630 71
REALCHAR 3196074661081 799018665283 51
REALCHAR 3196139949601 799034987413 51
REALCHAR 3196170375841 799042593973 51
DEEP 3196210726921 799052681750 79
DEEP 3196475144641 799118786183 91
REALCHAR 3196534854361 799133713603 51
DEEP 3196842024601 799210506168 71
DEEP 3197058352849 799264588230 71
REALCHAR 3197141278081 799285319533 51
REALCHAR 3197678604961 799419651253 51
DEEP 3198946833889 799736708491 75
REALCHAR 3199449137641 799862284423 51
REALCHAR 3199483077961 799870769503 51
REALCHAR 3199561903561 799890475903 51
REALCHAR 3200212095721 800053023943 51
REALCHAR 3200393032321 800098258093 51
DEEP 3200393032321 800098258098 71
DEEP 3200558830921 800139707748 71
REALCHAR 3201100066921 800275016743 51
DEEP 3201489851569 800372462910 71
REALCHAR 3202197694921 800549423743 51
DEEP 3202517400889 800629350240 71
SUPPORT 3202915200241 800728800073 51
REALCHAR 3203241203761 800810300953 51
REALCHAR 3204311529241 801077882323 51
REALCHAR 3204428824081 801107206033 51
DEEP 3204561085441 801140271379 75
REALCHAR 3204641346481 801160336633 51
DEEP 3205191949129 801297987302 79
REALCHAR 3205680214801 801420053713 51
REALCHAR 3205736533561 801434133403 51
DEEP 3206496615001 801624153768 71
REALCHAR 3206985662521 801746415643 51
DEEP 3208438119769 802109529962 79
REALCHAR 3208866065161 802216516303 51
DEEP 3210239599009 802559899771 75
DEEP 3210816373801 802704093470 79
DEEP 3211871349241 802967837328 71
REALCHAR 3212586329761 803146582453 51
DEEP 3213356959201 803339239818 71
REALCHAR 3213397013401 803349253363 51
REALCHAR 3213653660281 803413415083 51
REALCHAR 3213871103881 803467775983 51
DEEP 3213904187209 803476046820 71
DEEP 3214742572441 803685643130 79
SUPPORT 3215184654361 803796163603 51
REALCHAR 3215341532881 803835383233 51
REALCHAR 3216147879961 804036970003 51
REALCHAR 3216286811761 804071702953 51
DEEP 3217528875289 804382218840 71
REALCHAR 3217722311281 804430577833 51
REALCHAR 3218735552761 804683888203 51
REALCHAR 3218756471401 804689117863 51
REALCHAR 3220086707161 805021676803 51
REALCHAR 3220606389841 805151597473 51
REALCHAR 3221674858921 805418714743 51
DEEP 3222019098841 805504774728 71
REALCHAR 3222198295681 805549573933 51
REALCHAR 3222545835961 805636459003 51
DEEP 3222633940969 805658485260 71
DEEP 3223439445769 805859861469 107
SUPPORT 3223489069441 805872267373 51
SUPPORT 3224147739121 806036934793 51
DEEP 3224909143369 806227285860 71
REALCHAR 3225688175161 806422043803 51
DEEP 3226619644609 806654911170 71
DEEP 3226928770081 806732192539 75
REALCHAR 3227568782881 806892195733 51
SUPPORT 3227876628601 806969157163 51
SUPPORT 3229808512681 807452128183 51
REALCHAR 3229991128081 807497782033 51
REALCHAR 3230164129921 807541032493 51
REALCHAR 3230165143921 807541285993 51
REALCHAR 3231819567601 807954891913 51
DEEP 3233053302361 808263325609 75
DEEP 3234292934161 808573233560 79
REALCHAR 3234482550601 808620637663 51
REALCHAR 3235659091681 808914772933 51
REALCHAR 3236113432561 809028358153 51
DEEP 3237293340121 809323335048 71
REALCHAR 3237895614241 809473903573 51
REALCHAR 3239054746321 809763686593 51
REALCHAR 3239192704801 809798176213 51
REALCHAR 3239456305801 809864076463 51
REALCHAR 3239832435841 809958108973 51
REALCHAR 3240034311361 810008577853 51
REALCHAR 3242723539441 810680884873 51
REALCHAR 3242788811161 810697202803 51
SUPPORT 3243545692921 810886423243 51
REALCHAR 3245495580721 811373895193 51
REALCHAR 3245824567441 811456141873 51
DEEP 3246375458089 811593864542 79
REALCHAR 3247410908641 811852727173 51
DEEP 3247410908641 811852727178 71
DEEP 3248014500481 812003625138 71
REALCHAR 3248252880601 812063220163 51
REALCHAR 3248631532441 812157883123 51
DEEP 3248801845129 812200461302 79
DEEP 3249622426801 812405606718 71
DEEP 3250156833169 812539208310 71
DEEP 3250566679369 812641669860 71
REALCHAR 3251818443721 812954610943 51
REALCHAR 3252003923281 813000980833 51
REALCHAR 3252058814761 813014703703 51
REALCHAR 3252296079841 813074019973 51
REALCHAR 3252344193121 813086048293 51
REALCHAR 3253086107041 813271526773 51
REALCHAR 3253346985001 813336746263 51
DEEP 3253664471929 813416118000 71
REALCHAR 3254222296081 813555574033 51
REALCHAR 3255349256041 813837314023 51
REALCHAR 3255478465801 813869616463 51
REALCHAR 3255702057721 813925514443 51
REALCHAR 3255877762201 813969440563 51
REALCHAR 3255921928081 813980482033 51
REALCHAR 3255985490521 813996372643 51
REALCHAR 3257098152361 814274538103 51
REALCHAR 3257383825921 814345956493 51
REALCHAR 3257697875041 814424468773 51
REALCHAR 3257819196241 814454799073 51
REALCHAR 3258036894841 814509223723 51
REALCHAR 3259634461561 814908615403 51
REALCHAR 3259972891081 814993222783 51
REALCHAR 3261099593761 815274898453 51
REALCHAR 3261518092561 815379523153 51
REALCHAR 3264422190241 816105547573 51
REALCHAR 3264741674041 816185418523 51
SUPPORT 3264790991641 816197747923 51
DEEP 3265865925169 816466481310 71
REALCHAR 3266116790161 816529197553 51
REALCHAR 3266946373441 816736593373 51
REALCHAR 3267868104601 816967026163 51
REALCHAR 3268885946881 817221486733 51
DEEP 3269088514561 817272128659 75
REALCHAR 3271080303481 817770075883 51
DEEP 3271746798961 817936699760 79
REALCHAR 3272425556761 818106389203 51
SUPPORT 3272469474121 818117368543 51
REALCHAR 3272556266281 818139066583 51
DEEP 3272556266281 818139066597 107
REALCHAR 3273066796561 818266699153 51
REALCHAR 3273211450441 818302862623 51
REALCHAR 3273511047361 818377761853 51
REALCHAR 3274284872161 818571218053 51
SUPPORT 3274338947881 818584736983 51
REALCHAR 3275179722721 818794930693 51
REALCHAR 3275927865961 818981966503 51
DEEP 3276604670161 819151167560 79
REALCHAR 3277676981881 819419245483 51
DEEP 3277676981881 819419245491 83
REALCHAR 3278286867241 819571716823 51
REALCHAR 3279590895961 819897724003 51
REALCHAR 3279592875001 819898218763 51
REALCHAR 3279649767601 819912441913 51
REALCHAR 3280211702881 820052925733 51
DEEP 3281767771489 820441942890 71
REALCHAR 3282261268441 820565317123 51
REALCHAR 3284186765161 821046691303 51
DEEP 3285301269721 821325317448 71
DEEP 3285343851001 821335962768 71
REALCHAR 3286702625761 821675656453 51
REALCHAR 3286719839881 821679959983 51
REALCHAR 3286737363121 821684340793 51
REALCHAR 3286961606041 821740401523 51
REALCHAR 3287272749121 821818187293 51
REALCHAR 3287317682401 821829420613 51
DEEP 3287549145721 821887286448 71
DEEP 3287609321929 821902330500 71
DEEP 3289499969809 822374992474 87
DEEP 3289736403409 822434100870 71
DEEP 3290343074929 822585768752 79
REALCHAR 3291340271521 822835067893 51
REALCHAR 3291598991521 822899747893 51
REALCHAR 3292002170521 823000542643 51
REALCHAR 3292872335041 823218083773 51
REALCHAR 3293096592241 823274148073 51
REALCHAR 3293317330081 823329332533 51
DEEP 3294370379689 823592594942 79
DEEP 3294854039929 823713510000 71
REALCHAR 3294898430041 823724607523 51
DEEP 3295443021649 823860755432 79
REALCHAR 3295737711841 823934427973 51
REALCHAR 3297157497481 824289374383 51
DEEP 3297778289521 824444572398 71
SUPPORT 3298650393481 824662598383 51
REALCHAR 3299676952441 824919238123 51
REALCHAR 3299832339241 824958084823 51
REALCHAR 3300395143081 825098785783 51
DEEP 3301306861609 825326715420 71
REALCHAR 3301575918481 825393979633 51
REALCHAR 3302598858001 825649714513 51
DEEP 3302976552121 825744138048 71
REALCHAR 3303009036721 825752259193 51
DEEP 3303045743209 825761435820 71
REALCHAR 3303074382001 825768595513 51
REALCHAR 3303280431361 825820107853 51
REALCHAR 3303800849281 825950212333 51
REALCHAR 3304673474041 826168368523 51
DEEP 3305000008249 826250002080 71
DEEP 3305043512761 826260878208 71
DEEP 3307130779969 826782695010 71
DEEP 3308491106281 827122776588 71
REALCHAR 3309070495201 827267623813 51
DEEP 3309070495201 827267623818 71
DEEP 3309654214441 827413553628 71
DEEP 3310292992561 827573248158 71
REALCHAR 3310581097321 827645274343 51
SUPPORT 3310728157801 827682039463 51
REALCHAR 3310839251281 827709812833 51
DEEP 3310914359041 827728589782 87
REALCHAR 3311028632521 827757158143 51
DEEP 3311028632521 827757158149 75
REALCHAR 3311034713281 827758678333 51
REALCHAR 3311398754161 827849688553 51
DEEP 3311398754161 827849688560 79
REALCHAR 3311823715561 827955928903 51
REALCHAR 3312731152201 828182788063 51
REALCHAR 3312740490361 828185122603 51
SUPPORT 3313465257001 828366314263 51
DEEP 3313728637129 828432159300 71
REALCHAR 3314050751881 828512687983 51
DEEP 3314690303929 828672576000 71
REALCHAR 3315067389841 828766847473 51
REALCHAR 3315361544881 828840386233 51
REALCHAR 3315429601201 828857400313 51
REALCHAR 3316496735161 829124183803 51
DEEP 3316516345921 829129086498 71
DEEP 3317085036721 829271259198 71
DEEP 3317326564561 829331641160 79
REALCHAR 3318870620521 829717655143 51
SUPPORT 3319245129841 829811282473 51
REALCHAR 3320212060201 830053015063 51
REALCHAR 3320979936121 830244984043 51
REALCHAR 3321552594721 830388148693 51
REALCHAR 3321896397121 830474099293 51
DEEP 3321896397121 830474099298 71
REALCHAR 3322423214881 830605803733 51
REALCHAR 3322724876641 830681219173 51
DEEP 3322746543169 830686635810 71
REALCHAR 3324225985921 831056496493 51
DEEP 3324760800001 831190200022 87
REALCHAR 3325141340161 831285335053 51
REALCHAR 3325222693081 831305673283 51
DEEP 3325884870961 831471217758 71
REALCHAR 3326521397761 831630349453 51
SUPPORT 3326529425521 831632356393 51
REALCHAR 3328013169121 832003292293 51
DEEP 3328547667769 832136916961 75
REALCHAR 3328960491481 832240122883 51
REALCHAR 3330973142641 832743285673 51
DEEP 3330993405601 832748351418 71
REALCHAR 3331633315921 832908328993 51
REALCHAR 3332175823201 833043955813 51
DEEP 3332995034329 833248758602 79
DEEP 3333428975809 833357243970 71
DEEP 3333977659321 833494414848 71
REALCHAR 3334085934001 833521483513 51
DEEP 3334270223881 833567555988 71
DEEP 3334766204449 833691551130 71
REALCHAR 3335145384481 833786346133 51
REALCHAR 3335215368241 833803842073 51
REALCHAR 3336844063081 834211015783 51
REALCHAR 3337375890601 834343972663 51
REALCHAR 3337836564241 834459141073 51
DEEP 3338033400529 834508350153 83
REALCHAR 3338065271641 834516317923 51
SUPPORT 3338362030441 834590507623 51
REALCHAR 3338391125521 834597781393 51
REALCHAR 3338565544441 834641386123 51
SUPPORT 3339599070721 834899767693 51
DEEP 3339599070721 834899767698 71
REALCHAR 3342183708361 835545927103 51
REALCHAR 3343525512721 835881378193 51
DEEP 3343563568921 835890892248 71
REALCHAR 3343847918401 835961979613 51
DEEP 3343964731969 835991183010 71
SUPPORT 3346428078841 836607019723 51
REALCHAR 3347397910921 836849477743 51
SUPPORT 3348123757801 837030939463 51
REALCHAR 3348861146401 837215286613 51
REALCHAR 3348935101801 837233775463 51
REALCHAR 3349736988361 837434247103 51
DEEP 3351247660489 837811915140 71
SUPPORT 3352235464561 838058866153 51
DEEP 3352237768489 838059442140 71
REALCHAR 3352352787001 838088196763 51
DEEP 3352437455929 838109364000 71
REALCHAR 3353594419081 838398604783 51
DEEP 3354040919329 838510229850 71
REALCHAR 3355396478281 838849119583 51
DEEP 3356294666761 839073666708 71
DEEP 3356573663881 839143415988 71
REALCHAR 3357156384481 839289096133 51
REALCHAR 3357397123921 839349280993 51
REALCHAR 3358154517481 839538629383 51
DEEP 3358858949209 839714737320 71
REALCHAR 3359102523841 839775630973 51
REALCHAR 3359217819721 839804454943 51
REALCHAR 3360071391121 840017847793 51
REALCHAR 3361088410681 840272102683 51
REALCHAR 3361296786961 840324196753 51
DEEP 3361367900881 840341975239 75
REALCHAR 3361401563521 840350390893 51
DEEP 3361575050089 840393762540 71
SUPPORT 3362652651121 840663162793 51
REALCHAR 3363356710561 840839177653 51
REALCHAR 3363432091321 840858022843 51
REALCHAR 3363580060201 840895015063 51
DEEP 3363580060201 840895015069 75
REALCHAR 3364148534881 841037133733 51
REALCHAR 3364154416921 841038604243 51
REALCHAR 3364748839201 841187209813 51
DEEP 3365132222761 841283055708 71
DEEP 3366414467641 841603616928 71
DEEP 3367259783449 841814945882 79
REALCHAR 3368117659201 842029414813 51
REALCHAR 3368464462801 842116115713 51
DEEP 3368471463289 842117865840 71
REALCHAR 3369221984881 842305496233 51
REALCHAR 3369521171041 842380292773 51
DEEP 3369531879289 842382969840 71
REALCHAR 3369578818321 842394704593 51
REALCHAR 3371825427721 842956356943 51
REALCHAR 3372258932641 843064733173 51
REALCHAR 3374055383521 843513845893 51
DEEP 3375101037361 843775259360 79
REALCHAR 3376449312721 844112328193 51
DEEP 3377621876281 844405469088 71
REALCHAR 3378466171081 844616542783 51
DEEP 3378543196681 844635799188 71
SUPPORT 3379732629001 844933157263 51
REALCHAR 3380218073521 845054518393 51
REALCHAR 3380292992521 845073248143 51
REALCHAR 3380515095721 845128773943 51
REALCHAR 3380993127121 845248281793 51
REALCHAR 3382360826881 845590206733 51
REALCHAR 3382437644881 845609411233 51
REALCHAR 3383085292129 845771323051 75
DEEP 3383085292129 845771323054 87
REALCHAR 3383595120361 845898780103 51
REALCHAR 3383597883961 845899471003 51
REALCHAR 3383956131481 845989032883 51
REALCHAR 3384176407921 846044101993 51
DEEP 3384212042929 846053010752 79
REALCHAR 3385691629321 846422907343 51
REALCHAR 3386529497521 846632374393 51
REALCHAR 3386987709121 846746927293 51
REALCHAR 3387128276401 846782069113 51
REALCHAR 3387261800521 846815450143 51
DEEP 3387566834521 846891708648 71
REALCHAR 3387724346161 846931086553 51
REALCHAR 3388008827641 847002206923 51
REALCHAR 3388365009241 847091252323 51
REALCHAR 3388651899361 847162974853 51
REALCHAR 3388672992721 847168248193 51
REALCHAR 3389497962841 847374490723 51
REALCHAR 3391404259681 847851064933 51
SUPPORT 3391473576241 847868394073 51
DEEP 3391513396489 847878349140 71
REALCHAR 3391752187321 847938046843 51
REALCHAR 3391854201961 847963550503 51
REALCHAR 3392413649641 848103412423 51
REALCHAR 3392760574921 848190143743 51
REALCHAR 3392849985121 848212496293 51
DEEP 3393396608449 848349152130 71
REALCHAR 3393694493641 848423623423 51
REALCHAR 3393982196641 848495549173 51
REALCHAR 3394311339241 848577834823 51
DEEP 3395051376649 848762844180 71
DEEP 3396230122321 849057530598 71
SUPPORT 3398358163561 849589540903 51
DEEP 3398358163561 849589540908 71
REALCHAR 3399265280401 849816320113 51
REALCHAR 3399283492201 849820873063 51
REALCHAR 3399729009121 849932252293 51
DEEP 3401250105289 850312526342 79
REALCHAR 3402100594201 850525148563 51
REALCHAR 3402594872161 850648718053 51
REALCHAR 3403346765641 850836691423 51
REALCHAR 3403467725641 850866931423 51
REALCHAR 3404217623689 851054405941 75
DEEP 3404217623689 851054405944 87
REALCHAR 3404501100001 851125275013 51
REALCHAR 3404729664961 851182416253 51
DEEP 3406164026281 851541006588 71
REALCHAR 3406435152961 851608788253 51
SUPPORT 3406803348001 851700837013 51
DEEP 3406816177249 851704044331 75
REALCHAR 3408001240081 852000310033 51
DEEP 3408095046409 852023761622 79
REALCHAR 3408887762281 852221940583 51
REALCHAR 3409223353201 852305838313 51
REALCHAR 3410066172241 852516543073 51
REALCHAR 3410211061321 852552765343 51
REALCHAR 3410404951801 852601237963 51
DEEP 3411375403921 852843850998 71
DEEP 3411866655409 852966663879 107
REALCHAR 3412533316921 853133329243 51
REALCHAR 3412670342761 853167585703 51
DEEP 3412791221449 853197805380 71
REALCHAR 3413272705441 853318176373 51
DEEP 3413283280969 853320820261 75
DEEP 3413297879209 853324469822 79
REALCHAR 3413472994801 853368248713 51
REALCHAR 3414459427681 853614856933 51
DEEP 3414502497121 853625624298 71
DEEP 3414987252769 853746813210 71
DEEP 3415329950041 853832487528 71
REALCHAR 3415896225121 853974056293 51
REALCHAR 3416290308601 854072577163 51
DEEP 3416290308601 854072577168 71
REALCHAR 3416875867441 854218966873 51
DEEP 3416875867441 854218966878 71
REALCHAR 3416946089881 854236522483 51
REALCHAR 3417098575801 854274643963 51
REALCHAR 3418970526721 854742631693 51
REALCHAR 3420171274081 855042818533 51
REALCHAR 3420844189681 855211047433 51
REALCHAR 3421658939521 855414734893 51
DEEP 3424927656049 856231914030 71
DEEP 3426181312129 856545328050 71
REALCHAR 3426418203121 856604550793 51
REALCHAR 3426635241241 856658810323 51
REALCHAR 3427223378881 856805844733 51
REALCHAR 3428335162561 857083790653 51
DEEP 3428390116369 857097529110 71
SUPPORT 3428452104841 857113026223 51
REALCHAR 3430101240721 857525310193 51
DEEP 3430101240721 857525310198 71
DEEP 3433014410401 858253602618 71
REALCHAR 3433305718441 858326429623 51
DEEP 3433394797561 858348699408 71
REALCHAR 3434065440961 858516360253 51
DEEP 3434452935169 858613233812 79
DEEP 3434477357089 858619339292 79
REALCHAR 3434677701841 858669425473 51
REALCHAR 3435897232681 858974308183 51
REALCHAR 3436211341201 859052835313 51
REALCHAR 3436866443761 859216610953 51
DEEP 3436946789929 859236697500 71
REALCHAR 3437368974001 859342243513 51
REALCHAR 3437458595041 859364648773 51
REALCHAR 3437489112121 859372278043 51
SUPPORT 3437598003841 859399500973 51
DEEP 3437668309321 859417077350 79
SUPPORT 3438035729041 859508932273 51
DEEP 3438354720529 859588680153 83
REALCHAR 3439285080001 859821270013 51
DEEP 3440285699761 860071424958 71
SUPPORT 3441016881241 860254220323 51
DEEP 3441016881241 860254220331 83
DEEP 3441110949721 860277737462 127
DEEP 3441279882121 860319970548 71
REALCHAR 3442267773961 860566943503 51
REALCHAR 3443501495281 860875373833 51
DEEP 3444475138729 861118784700 71
DEEP 3445121297641 861280324432 87
DEEP 3445753119169 861438279812 79
REALCHAR 3446183548201 861545887063 51
DEEP 3446183548201 861545887068 71
REALCHAR 3446240854081 861560213533 51
REALCHAR 3446257317721 861564329443 51
DEEP 3447072723649 861768180930 71
SUPPORT 3447083279641 861770819923 51
DEEP 3447505246201 861876311568 71
REALCHAR 3449875000441 862468750123 51
DEEP 3450317963401 862579490868 71
DEEP 3451156223089 862789055790 71
DEEP 3451816654441 862954163628 71
DEEP 3452460806089 863115201540 71
DEEP 3452519769169 863129942310 71
REALCHAR 3452714680801 863178670213 51
REALCHAR 3452990453641 863247613423 51
REALCHAR 3453196306921 863299076743 51
REALCHAR 3454311957121 863577989293 51
REALCHAR 3456342225001 864085556263 51
REALCHAR 3456661343521 864165335893 51
REALCHAR 3456966374401 864241593613 51
SUPPORT 3457026658801 864256664713 51
SUPPORT 3459880502521 864970125643 51
SUPPORT 3460177069561 865044267403 51
DEEP 3461816082481 865454020639 75
DEEP 3461940163081 865485040788 71
REALCHAR 3463277322961 865819330753 51
REALCHAR 3463333312321 865833328093 51
REALCHAR 3463996316881 865999079233 51
REALCHAR 3464499533881 866124883483 51
REALCHAR 3464628751081 866157187783 51
REALCHAR 3464941947601 866235486913 51
REALCHAR 3465608069401 866402017363 51
REALCHAR 3466037340481 866509335133 51
REALCHAR 3466372979281 866593244833 51
DEEP 3466372979281 866593244839 75
REALCHAR 3466668037561 866667009403 51
REALCHAR 3466792041001 866698010263 51
REALCHAR 3466957378921 866739344743 51
SUPPORT 3467466760081 866866690033 51
REALCHAR 3467871473641 866967868423 51
DEEP 3467902290241 866975572581 83
REALCHAR 3468562496281 867140624083 51
REALCHAR 3470924462041 867731115523 51
REALCHAR 3471063524041 867765881023 51
SUPPORT 3471805520401 867951380113 51
REALCHAR 3472601780761 868150445203 51
REALCHAR 3472836324721 868209081193 51
REALCHAR 3473238138241 868309534573 51
DEEP 3473665459489 868416364893 83
REALCHAR 3476069828401 869017457113 51
DEEP 3476965022521 869241255648 71
REALCHAR 3477875136121 869468784043 51
DEEP 3477875136121 869468784048 71
DEEP 3478409983129 869602495800 71
REALCHAR 3478615861081 869653965283 51
SUPPORT 3478900490521 869725122643 51
DEEP 3479232723121 869808180798 71
SUPPORT 3479577678721 869894419693 51
REALCHAR 3479886795841 869971698973 51
DEEP 3480389158009 870097289520 71
REALCHAR 3480391713241 870097928323 51
DEEP 3480411415849 870102853980 71
REALCHAR 3480984225601 870246056413 51
REALCHAR 3481331989801 870332997463 51
DEEP 3481696245889 870424061491 75
DEEP 3481827493369 870456873360 71
REALCHAR 3482365786201 870591446563 51
REALCHAR 3482993241121 870748310293 51
DEEP 3482993241121 870748310298 71
DEEP 3484998687361 871249671858 71
REALCHAR 3485006070841 871251517723 51
REALCHAR 3485852174401 871463043613 51
DEEP 3485852174401 871463043618 71
REALCHAR 3485954475481 871488618883 51
DEEP 3486263366881 871565841738 71
REALCHAR 3486448428241 871612107073 51
DEEP 3487372368481 871843092138 71
REALCHAR 3487392931801 871848232963 51
REALCHAR 3487417129681 871854282433 51
DEEP 3487486744681 871871686191 83
DEEP 3488089550929 872022387751 75
DEEP 3489196028761 872299007208 71
DEEP 3489674627209 872418656820 71
REALCHAR 3489875963401 872468990863 51
REALCHAR 3491441609881 872860402483 51
DEEP 3491570286649 872892571680 71
REALCHAR 3491626756489 872906689141 75
DEEP 3491626756489 872906689143 83
REALCHAR 3491703335761 872925833953 51
DEEP 3492989289409 873247322370 71
REALCHAR 3493287983641 873321995923 51
REALCHAR 3493642529521 873410632393 51
REALCHAR 3493684651081 873421162783 51
REALCHAR 3493714057681 873428514433 51
REALCHAR 3494930526481 873732631633 51
REALCHAR 3495673807921 873918451993 51
REALCHAR 3496003955161 874000988803 51
REALCHAR 3496168109281 874042027333 51
REALCHAR 3497229679441 874307419873 51
REALCHAR 3497321187721 874330296943 51
REALCHAR 3497479320241 874369830073 51
REALCHAR 3497735362801 874433840713 51
REALCHAR 3497909969761 874477492453 51
REALCHAR 3498140502481 874535125633 51
DEEP 3498171769849 874542942482 79
DEEP 3498643072681 874660768188 71
REALCHAR 3498911936521 874727984143 51
REALCHAR 3498988924201 874747231063 51
REALCHAR 3500419547881 875104886983 51
DEEP 3500499553489 875124888396 95
DEEP 3500859919489 875214979890 71
REALCHAR 3501011961841 875252990473 51
DEEP 3503500622449 875875155632 79
DEEP 3503604147289 875901036840 71
REALCHAR 3503930996281 875982749083 51
REALCHAR 3504651762481 876162940633 51
REALCHAR 3505192404841 876298101223 51
DEEP 3505204240729 876301060200 71
REALCHAR 3507195709081 876798927283 51
REALCHAR 3507527497681 876881874433 51
DEEP 3507527497681 876881874438 71
REALCHAR 3507631957561 876907989403 51
REALCHAR 3508082812441 877020703123 51
REALCHAR 3511085727601 877771431913 51
DEEP 3511085727601 877771431918 71
DEEP 3511127193289 877781798340 71
REALCHAR 3511494324361 877873581103 51
REALCHAR 3511497822121 877874455543 51
REALCHAR 3511684261801 877921065463 51
REALCHAR 3511852955521 877963238893 51
DEEP 3512105499841 878026374978 71
REALCHAR 3512201052721 878050263193 51
REALCHAR 3513092211841 878273052973 51
REALCHAR 3513592716481 878398179133 51
DEEP 3514069611361 878517402858 71
REALCHAR 3514728246481 878682061633 51
REALCHAR 3514824111241 878706027823 51
DEEP 3515463271609 878865817926 95
REALCHAR 3516172418641 879043104673 51
DEEP 3516304916881 879076229240 79
DEEP 3516472245841 879118061480 79
REALCHAR 3517490382121 879372595543 51
DEEP 3518310061561 879577515408 71
REALCHAR 3518725666681 879681416683 51
DEEP 3518924489809 879731122470 71
REALCHAR 3518930001721 879732500443 51
DEEP 3519802244401 879950561119 75
DEEP 3520777354249 880194338583 83
REALCHAR 3521142261961 880285565503 51
DEEP 3521723584129 880430896052 79
REALCHAR 3521794949401 880448737363 51
DEEP 3521851170049 880462792530 71
REALCHAR 3522262620361 880565655103 51
REALCHAR 3522921300721 880730325193 51
REALCHAR 3523458338761 880864584703 51
DEEP 3525664213009 881416053270 71
DEEP 3525848247601 881462061920 79
DEEP 3525953527849 881488381980 71
REALCHAR 3526533651001 881633412763 51
DEEP 3526749052369 881687263113 83
REALCHAR 3527134467481 881783616883 51
DEEP 3528090309769 882022577460 71
DEEP 3528194467009 882048616773 83
REALCHAR 3528280539001 882070134763 51
DEEP 3528319634449 882079908630 71
REALCHAR 3529885811761 882471452953 51
REALCHAR 3531690640921 882922660243 51
REALCHAR 3531954114361 882988528603 51
REALCHAR 3532203664201 883050916063 51
DEEP 3532203664201 883050916070 79
SUPPORT 3532776068761 883194017203 51
REALCHAR 3533251523881 883312880983 51
REALCHAR 3534098839441 883524709873 51
SUPPORT 3534460839121 883615209793 51
REALCHAR 3535398220201 883849555063 51
REALCHAR 3536801158801 884200289713 51
REALCHAR 3537042647161 884260661803 51
REALCHAR 3537234328681 884308582183 51
DEEP 3541551868009 885387967020 71
DEEP 3542450110081 885612527538 71
REALCHAR 3543095201881 885773800489 75
DEEP 3543095201881 885773800490 79
REALCHAR 3545131749721 886282937443 51
REALCHAR 3545333903281 886333475833 51
DEEP 3545584759201 886396189818 71
REALCHAR 3545665596841 886416399223 51
REALCHAR 3545980121401 886495030363 51
REALCHAR 3546071297521 886517824393 51
DEEP 3546071297521 886517824400 79
REALCHAR 3546505313521 886626328393 51
REALCHAR 3546639066961 886659766753 51
DEEP 3547232886409 886808221620 71
DEEP 3547291517641 886822879430 79
DEEP 3547334253961 886833563509 75
REALCHAR 3547862878921 886965719743 51
REALCHAR 3548276015881 887069003983 51
REALCHAR 3548438686081 887109671533 51
REALCHAR 3551095871761 887773967953 51
SUPPORT 3551213282761 887803320703 51
REALCHAR 3551908566361 887977141603 51
REALCHAR 3551939631601 887984907913 51
DEEP 3552105962161 888026490558 71
REALCHAR 3552282061441 888070515373 51
DEEP 3552577474681 888144368688 71
DEEP 3552590410009 888147602521 75
DEEP 3552745352809 888186338220 71
REALCHAR 3552832847281 888208211833 51
DEEP 3552832847281 888208211838 71
REALCHAR 3553842353161 888460588303 51
DEEP 3553842353161 888460588308 71
REALCHAR 3554372111161 888593027803 51
REALCHAR 3554766886441 888691721623 51
REALCHAR 3555201711961 888800428003 51
DEEP 3556136750401 889034187618 71
DEEP 3556573556449 889143389130 71
REALCHAR 3557323308841 889330827223 51
REALCHAR 3558447187681 889611796933 51
REALCHAR 3558581708761 889645427203 51
DEEP 3560233231129 890058307800 71
SUPPORT 3561204270121 890301067543 51
DEEP 3561293084281 890323271090 79
REALCHAR 3561467502121 890366875543 51
DEEP 3561479295529 890369823900 71
DEEP 3562359387889 890589846991 75
REALCHAR 3562774654321 890693663593 51
REALCHAR 3562991764201 890747941063 51
SUPPORT 3563700940801 890925235213 51
REALCHAR 3563804517961 890951129503 51
REALCHAR 3565030164721 891257541193 51
REALCHAR 3565219489441 891304872373 51
SUPPORT 3565275288961 891318822253 51
REALCHAR 3565283762881 891320940733 51
DEEP 3566975569249 891743892330 71
REALCHAR 3567799605841 891949901473 51
REALCHAR 3567807081721 891951770443 51
REALCHAR 3568278834121 892069708543 51
DEEP 3568613346841 892153336728 71
REALCHAR 3568807707481 892201926883 51
REALCHAR 3569740546681 892435136683 51
SUPPORT 3569802574321 892450643593 51
SUPPORT 3569903817841 892475954473 51
REALCHAR 3570642933001 892660733263 51
SUPPORT 3571913870281 892978467583 51
REALCHAR 3572496376201 893124094063 51
REALCHAR 3572992668001 893248167013 51
DEEP 3573503026129 893375756550 71
DEEP 3574101246769 893525311710 71
REALCHAR 3575506818601 893876704663 51
REALCHAR 3576851404681 894212851183 51
REALCHAR 3576859218241 894214804573 51
DEEP 3577050521641 894262630428 71
REALCHAR 3578584820281 894646205083 51
REALCHAR 3578711136361 894677784103 51
REALCHAR 3579348481921 894837120493 51
REALCHAR 3579830239441 894957559873 51
REALCHAR 3580681915801 895170478963 51
REALCHAR 3580813421641 895203355423 51
REALCHAR 3581168743441 895292185873 51
REALCHAR 3581217125641 895304281423 51
REALCHAR 3581949276361 895487319103 51
REALCHAR 3582260954281 895565238583 51
DEEP 3584496916081 896124229038 71
DEEP 3584749189921 896187297500 79
DEEP 3586054754881 896513688741 83
DEEP 3586363206409 896590801620 71
REALCHAR 3586952139241 896738034823 51
REALCHAR 3587781586321 896945396593 51
REALCHAR 3587920838401 896980209613 51
REALCHAR 3588238150561 897059537653 51
REALCHAR 3588571483561 897142870903 51
REALCHAR 3588571483561 897142870909 75
DEEP 3588571483561 897142870911 83
REALCHAR 3589400398081 897350099533 51
REALCHAR 3590853253849 897713313481 75
DEEP 3590853253849 897713313482 79
REALCHAR 3590963666761 897740916703 51
REALCHAR 3591773866321 897943466593 51
REALCHAR 3592571935681 898142983933 51
REALCHAR 3593290906921 898322726743 51
REALCHAR 3594150523681 898537630933 51
REALCHAR 3596247918481 899061979633 51
DEEP 3598195499089 899548874790 71
DEEP 3598639886521 899659971648 71
DEEP 3599852970169 899963242563 83
REALCHAR 3601699572241 900424893073 51
REALCHAR 3601988756521 900497189143 51
REALCHAR 3602076640681 900519160183 51
SUPPORT 3603218776921 900804694243 51
REALCHAR 3603291237001 900822809263 51
REALCHAR 3604349191921 901087297993 51
SUPPORT 3604578820441 901144705123 51
REALCHAR 3604637026201 901159256563 51
REALCHAR 3606159524881 901539881233 51
DEEP 3606159524881 901539881240 79
REALCHAR 3606197994361 901549498603 51
REALCHAR 3606517066681 901629266683 51
REALCHAR 3607529437801 901882359463 51
DEEP 3607661349889 901915337490 71
REALCHAR 3607814252641 901953563173 51
REALCHAR 3608483622241 902120905573 51
DEEP 3608483622241 902120905578 71
REALCHAR 3609371416561 902342854153 51
REALCHAR 3609901785961 902475446503 51
REALCHAR 3610077368881 902519342233 51
SUPPORT 3610431041281 902607760333 51
REALCHAR 3612040834081 903010208533 51
REALCHAR 3612158746561 903039686653 51
DEEP 3612177665209 903044416321 75
DEEP 3614735002321 903683750600 79
REALCHAR 3614975419441 903743854873 51
DEEP 3615348210769 903837052710 71
DEEP 3615861815329 903965453852 79
REALCHAR 3615993893521 903998473393 51
DEEP 3618427121401 904606780368 71
REALCHAR 3618900164881 904725041233 51
REALCHAR 3619020604081 904755151033 51
REALCHAR 3619731874201 904932968563 51
REALCHAR 3620025184801 905006296213 51
REALCHAR 3620779470361 905194867603 51
DEEP 3621622567369 905405641860 71
REALCHAR 3621865790761 905466447703 51
DEEP 3621973201729 905493300450 71
DEEP 3622529101801 905632275470 79
DEEP 3622617464761 905654366210 79
REALCHAR 3623537550361 905884387603 51
DEEP 3623651206561 905912801658 71
REALCHAR 3623673303721 905918325943 51
REALCHAR 3623991233041 905997808273 51
REALCHAR 3624356084281 906089021083 51
REALCHAR 3625097316481 906274329133 51
DEEP 3626226605401 906556651370 79
DEEP 3626354991169 906588747810 71
DEEP 3627011945041 906752986278 71
REALCHAR 3627029406361 906757351603 51
REALCHAR 3628604270281 907151067583 51
REALCHAR 3629060256721 907265064193 51
REALCHAR 3630056689561 907514172403 51
REALCHAR 3631495661641 907873915423 51
DEEP 3631495661641 907873915428 71
REALCHAR 3631634020921 907908505243 51
DEEP 3634218161809 908554540474 87
REALCHAR 3634562029921 908640507493 51
REALCHAR 3635974507201 908993626813 51
REALCHAR 3636822331921 909205582993 51
REALCHAR 3636886213801 909221553463 51
REALCHAR 3637035940561 909258985153 51
REALCHAR 3637097766481 909274441633 51
DEEP 3637097766481 909274441639 75
REALCHAR 3637691148361 909422787103 51
REALCHAR 3637745450641 909436362673 51
REALCHAR 3637937864401 909484466113 51
REALCHAR 3638193029641 909548257423 51
DEEP 3638731182241 909682795578 71
REALCHAR 3639512778001 909878194513 51
DEEP 3639815461129 909953865300 71
REALCHAR 3639936220561 909984055153 51
REALCHAR 3640510121161 910127530303 51
REALCHAR 3641183765521 910295941393 51
DEEP 3641447927569 910361981911 75
REALCHAR 3644742620401 911185655113 51
REALCHAR 3645804043561 911451010903 51
DEEP 3645897725089 911474431290 71
DEEP 3645908891689 911477222940 71
DEEP 3647471562289 911867890590 71
REALCHAR 3647708195041 911927048773 51
DEEP 3647788339969 911947085010 71
DEEP 3648965517649 912241379432 79
REALCHAR 3649274142361 912318535603 51
DEEP 3649274142361 912318535608 71
REALCHAR 3650444448121 912611112043 51
REALCHAR 3650620403161 912655100803 51
REALCHAR 3650774594041 912693648523 51
SUPPORT 3651756873361 912939218353 51
REALCHAR 3652454846401 913113711613 51
REALCHAR 3652860803881 913215200983 51
REALCHAR 3653099433481 913274858383 51
DEEP 3653408164561 913352041158 71
REALCHAR 3653458557961 913364639503 51
REALCHAR 3655199994601 913799998663 51
REALCHAR 3657162385321 914290596343 51
REALCHAR 3658154540041 914538635023 51
REALCHAR 3658221052201 914555263063 51
REALCHAR 3658246675801 914561668963 51
REALCHAR 3658563551161 914640887803 51
REALCHAR 3658844433841 914711108473 51
REALCHAR 3659966795521 914991698893 51
REALCHAR 3660510006001 915127501513 51
REALCHAR 3660896967121 915224241793 51
DEEP 3661843770601 915460942668 71
REALCHAR 3662467316041 915616829023 51
DEEP 3662836450729 915709112700 71
DEEP 3663044698681 915761174688 71
REALCHAR 3663436743121 915859185793 51
DEEP 3663881723329 915970430856 95
REALCHAR 3665666964961 916416741253 51
REALCHAR 3665775636121 916443909043 51
REALCHAR 3666138914881 916534728733 51
REALCHAR 3666496211401 916624052863 51
DEEP 3666567648241 916641912078 71
REALCHAR 3666857070241 916714267573 51
REALCHAR 3667248899161 916812224803 51
REALCHAR 3668584210201 917146052563 51
SUPPORT 3669080967841 917270241973 51
SUPPORT 3669352850881 917338212733 51
REALCHAR 3670961772241 917740443073 51
DEEP 3673838215441 918459553878 71
DEEP 3675219582841 918804895732 87
REALCHAR 3676006542121 919001635543 51
REALCHAR 3677456164561 919364041153 51
REALCHAR 3677761266481 919440316633 51
REALCHAR 3677911548481 919477887133 51
REALCHAR 3678141938641 919535484673 51
REALCHAR 3678589245241 919647311323 51
REALCHAR 3678997153441 919749288373 51
DEEP 3679267441249 919816860331 75
REALCHAR 3679653154321 919913288593 51
REALCHAR 3679704387241 919926096823 51
REALCHAR 3679807892401 919951973113 51
REALCHAR 3680878708081 920219677033 51
DEEP 3681692107129 920423026803 83
REALCHAR 3681919921681 920479980433 51
DEEP 3681919921681 920479980438 71
REALCHAR 3682056321241 920514080323 51
REALCHAR 3682314933361 920578733353 51
REALCHAR 3682338798961 920584699753 51
REALCHAR 3684237860521 921059465143 51
REALCHAR 3684464113801 921116028463 51
DEEP 3684746058841 921186514728 71
SUPPORT 3685169717161 921292429303 51
DEEP 3685169717161 921292429310 79
REALCHAR 3685661275921 921415318993 51
REALCHAR 3686160223201 921540055813 51
DEEP 3686748914209 921687228570 71
REALCHAR 3687663431761 921915857963 91
DEEP 3687663431761 921915857966 103
REALCHAR 3688772546281 922193136583 51
SUPPORT 3689181216361 922295304103 51
REALCHAR 3689598471001 922399617763 51
REALCHAR 3689804644681 922451161183 51
REALCHAR 3689879802361 922469950603 51
REALCHAR 3690296872201 922574218063 51
REALCHAR 3690531748201 922632937063 51
REALCHAR 3691175187001 922793796763 51
REALCHAR 3691438129201 922859532313 51
REALCHAR 3692110236721 923027559193 51
REALCHAR 3692229099001 923057274763 51
REALCHAR 3692263882441 923065970623 51
REALCHAR 3692588624761 923147156203 51
REALCHAR 3693183095281 923295773833 51
SUPPORT 3693281248801 923320312213 51
REALCHAR 3694233248161 923558312053 51
REALCHAR 3694820813401 923705203363 51
REALCHAR 3695417872441 923854468123 51
REALCHAR 3696348810001 924087202513 51
REALCHAR 3696532639801 924133159963 51
DEEP 3696620556841 924155139229 75
SUPPORT 3696836857561 924209214403 51
DEEP 3697277708569 924319427163 83
REALCHAR 3697371478441 924342869623 51
REALCHAR 3698167732561 924541933153 51
REALCHAR 3698342606401 924585651613 51
DEEP 3698737136329 924684284100 71
DEEP 3700234114201 925058528568 71
REALCHAR 3701471251921 925367812993 51
REALCHAR 3701731507681 925432876933 51
REALCHAR 3701837208001 925459302013 51
REALCHAR 3703458948121 925864737043 51
DEEP 3703501429489 925875357390 71
REALCHAR 3703671120361 925917780103 51
DEEP 3703671120361 925917780108 71
DEEP 3704074066081 926018516538 71
REALCHAR 3704690172481 926172543133 51
REALCHAR 3704768307601 926192076913 51
REALCHAR 3705050601001 926262650263 51
REALCHAR 3705617713561 926404428403 51
DEEP 3706242106681 926560526688 71
REALCHAR 3706526867521 926631716893 51
DEEP 3706771053001 926692763268 71
SUPPORT 3707369439841 926842359973 51
REALCHAR 3707591618641 926897904673 51
REALCHAR 3708095139961 927023785003 51
DEEP 3708114033649 927028508430 71
DEEP 3709043429809 927260857472 79
DEEP 3709549631089 927387407790 71
REALCHAR 3709586953081 927396738283 51
REALCHAR 3709711909201 927427977313 51
REALCHAR 3710726803081 927681700783 51
REALCHAR 3711214796041 927803699023 51
DEEP 3711543777841 927885944479 75
REALCHAR 3713140147201 928285036813 51
REALCHAR 3713691957361 928422989359 75
DEEP 3713691957361 928422989360 79
REALCHAR 3714983173801 928745793463 51
DEEP 3716233449769 929058362460 71
REALCHAR 3716918657761 929229664453 51
REALCHAR 3717139042681 929284760683 51
REALCHAR 3717331501321 929332875343 51
SUPPORT 3717382200841 929345550223 51
REALCHAR 3718080442561 929520110653 51
REALCHAR 3718924014961 929731003753 51
REALCHAR 3719714590201 929928647563 51
REALCHAR 3719749138561 929937284653 51
DEEP 3719853111529 929963277900 71
REALCHAR 3719995719001 929998929763 51
REALCHAR 3720521891641 930130472923 51
REALCHAR 3720556058041 930139014523 51
DEEP 3722205753289 930551438340 71
DEEP 3722446406449 930611601632 79
REALCHAR 3722512201321 930628050343 51
REALCHAR 3723080776321 930770194093 51
REALCHAR 3723269240161 930817310053 51
DEEP 3723269240161 930817310062 87
REALCHAR 3724223150761 931055787703 51
DEEP 3724223150761 931055787708 71
SUPPORT 3724776095401 931194023863 51
REALCHAR 3725618335321 931404583843 51
REALCHAR 3725706315601 931426578913 51
REALCHAR 3726071081041 931517770273 51
DEEP 3726071081041 931517770279 75
REALCHAR 3726592431241 931648107823 51
REALCHAR 3726803559361 931700889853 51
DEEP 3726803559361 931700889858 71
REALCHAR 3727090403401 931772600863 51
REALCHAR 3727135823401 931783955863 51
REALCHAR 3727520793481 931880198383 51
REALCHAR 3727975241761 931993810453 51
REALCHAR 3728179408801 932044852213 51
REALCHAR 3728475073801 932118768463 51
DEEP 3728475073801 932118768469 75
DEEP 3728708314081 932177078538 71
REALCHAR 3728931409921 932232852493 51
REALCHAR 3729044873401 932261218363 51
REALCHAR 3729410565721 932352641443 51
REALCHAR 3729633971281 932408492833 51
DEEP 3729839950321 932459987598 71
REALCHAR 3729983640601 932495910163 51
DEEP 3730818907729 932704726950 71
REALCHAR 3731430732241 932857683073 51
DEEP 3731900308249 932975077080 71
DEEP 3732114824881 933028706241 83
REALCHAR 3732833210401 933208302613 51
DEEP 3733374582961 933343645758 71
DEEP 3734271387961 933567847008 71
SUPPORT 3734632661761 933658165453 51
SUPPORT 3734845730641 933711432673 51
SUPPORT 3735235252681 933808813183 51
REALCHAR 3735427147201 933856786813 51
REALCHAR 3736531758961 934132939753 51
SUPPORT 3736581183721 934145295943 51
DEEP 3736950800521 934237700148 71
SUPPORT 3737147210281 934286802583 51
REALCHAR 3737410098601 934352524663 51
REALCHAR 3737558064241 934389516073 51
REALCHAR 3740830910041 935207727523 51
REALCHAR 3741349995601 935337498913 51
DEEP 3741372287041 935343071778 71
REALCHAR 3741539342641 935384835673 51
REALCHAR 3741620920801 935405230213 51
DEEP 3741836512129 935459128052 79
REALCHAR 3741985285921 935496321493 51
DEEP 3742027901329 935506975350 71
DEEP 3743853951049 935963487780 71
DEEP 3744763548241 936190887078 71
DEEP 3744827399329 936206849850 71
REALCHAR 3747865212961 936966303253 51
REALCHAR 3747921568561 936980392153 51
REALCHAR 3749951106841 937487776723 51
DEEP 3750384594889 937596148740 71
DEEP 3750928403161 937732100808 71
REALCHAR 3750987863401 937746965863 51
REALCHAR 3751915031881 937978757983 51
REALCHAR 3751979898241 937994974573 51
REALCHAR 3752605587481 938151396883 51
REALCHAR 3753232813201 938308203313 51
REALCHAR 3754324467721 938581116943 51
DEEP 3754463703169 938615925810 71
REALCHAR 3754795052761 938698763203 51
DEEP 3754795052761 938698763208 71
REALCHAR 3755048156161 938762039053 51
DEEP 3755702092921 938925523248 71
REALCHAR 3755893902601 938973475663 51
DEEP 3756380859001 939095214768 71
DEEP 3756429300649 939107325180 71
REALCHAR 3756739271041 939184817773 51
REALCHAR 3757096617121 939274154293 51
DEEP 3757682437609 939420609422 79
DEEP 3757692387409 939423096871 75
REALCHAR 3758036826769 939509206711 75
DEEP 3758036826769 939509206712 79
DEEP 3758236083001 939559020768 71
DEEP 3758835761209 939708940320 71
REALCHAR 3758991665881 939747916483 51
REALCHAR 3759099534961 939774883753 51
REALCHAR 3759133755001 939783438763 51
REALCHAR 3760091172601 940022793163 51
REALCHAR 3760591335601 940147833913 51
REALCHAR 3760612243441 940153060873 51
REALCHAR 3761019081121 940254770293 51
REALCHAR 3762437531161 940609382803 51
DEEP 3763245736441 940811434132 87
REALCHAR 3763382463481 940845615883 51
REALCHAR 3763937839561 940984459903 51
REALCHAR 3764410235041 941102558773 51
REALCHAR 3764911623001 941227905763 51
REALCHAR 3765746591161 941436647803 51
REALCHAR 3766868576641 941717144173 51
DEEP 3767758363009 941939590770 71
REALCHAR 3767802862321 941950715593 51
DEEP 3767908851529 941977212900 71
REALCHAR 3769242291721 942310572943 51
REALCHAR 3770160007441 942540001873 51
REALCHAR 3770187398041 942546849523 51
REALCHAR 3770327687281 942581921833 51
REALCHAR 3770374736881 942593684233 51
DEEP 3770579366401 942644841618 71
SUPPORT 3770764207081 942691051783 51
REALCHAR 3771213686881 942803421733 51
DEEP 3772303062889 943075765740 71
REALCHAR 3772761826681 943190456683 51
DEEP 3773075973241 943268993328 71
REALCHAR 3773285457841 943321364473 51
SUPPORT 3773733060241 943433265073 51
REALCHAR 3774181714801 943545428713 51
DEEP 3774985546201 943746386568 71
DEEP 3774986909929 943746727500 71
REALCHAR 3775081510201 943770377563 51
REALCHAR 3775555742401 943888935613 51
DEEP 3775555742401 943888935618 71
DEEP 3775873695169 943968423810 71
SUPPORT 3776723504401 944180876113 51
SUPPORT 3776938236241 944234559073 51
REALCHAR 3776942537281 944235634333 51
REALCHAR 3777967906441 944491976623 51
REALCHAR 3778137010561 944534252653 51
REALCHAR 3778195003801 944548750963 51
REALCHAR 3778716963961 944679241003 51
DEEP 3778893211129 944723302800 71
REALCHAR 3778982243521 944745560893 51
REALCHAR 3779250999241 944812749823 51
REALCHAR 3780010023241 945002505823 51
REALCHAR 3781136745961 945284186503 51
REALCHAR 3781396250641 945349062673 51
DEEP 3781879869769 945469967460 71
DEEP 3782130960001 945532740018 71
REALCHAR 3782234527681 945558631933 51
REALCHAR 3784475460529 946118865151 75
DEEP 3784475460529 946118865153 83
DEEP 3784939572649 946234893180 71
REALCHAR 3786106044361 946526511103 51
REALCHAR 3786347135041 946586783773 51
DEEP 3786558344209 946639586070 71
DEEP 3786701780689 946675445191 75
REALCHAR 3787663247281 946915811833 51
DEEP 3787865009041 946966252278 71
REALCHAR 3788126333161 947031583303 51
REALCHAR 3788422187761 947105546953 51
REALCHAR 3788526510001 947131627513 51
REALCHAR 3788972088841 947243022223 51
DEEP 3790386065041 947596516279 75
REALCHAR 3790780787641 947695196923 51
DEEP 3791769627409 947942406870 71
REALCHAR 3792492527041 948123131773 51
REALCHAR 3793574016241 948393504073 51
SUPPORT 3793604116201 948401029063 51
REALCHAR 3794021726881 948505431733 51
REALCHAR 3794046368401 948511592113 51
REALCHAR 3794315959561 948578989903 51
REALCHAR 3794827707841 948706926973 51
REALCHAR 3794894241961 948723560503 51
DEEP 3796076424001 949019106018 71
REALCHAR 3797358674041 949339668523 51
REALCHAR 3798218074561 949554518653 51
REALCHAR 3798477456601 949619364163 51
REALCHAR 3798655665841 949663916473 51
REALCHAR 3799775928001 949943982013 51
REALCHAR 3800259992281 950064998083 51
DEEP 3800981017201 950245254318 71
DEEP 3801214244689 950303561190 71
REALCHAR 3801239225281 950309806333 51
SUPPORT 3801300842641 950325210673 51
REALCHAR 3802072141921 950518035493 51
DEEP 3803050456921 950762614248 71
DEEP 3803598918289 950899729590 71
REALCHAR 3804007103521 951001775893 51
REALCHAR 3805289806081 951322451533 51
REALCHAR 3805623433921 951405858493 51
REALCHAR 3806112896041 951528224023 51
SUPPORT 3806616603241 951654150823 51
REALCHAR 3806717842321 951679460593 51
REALCHAR 3807109892041 951777473023 51
DEEP 3808455281929 952113820500 71
SUPPORT 3810091033681 952522758433 51
DEEP 3810317524729 952579381201 75
DEEP 3811766463649 952941615932 79
DEEP 3812596566769 953149141710 71
REALCHAR 3813004079641 953251019923 51
REALCHAR 3814095226321 953523806593 51
REALCHAR 3814351233001 953587808263 51
REALCHAR 3814466207161 953616551803 51
DEEP 3815057557081 953764389288 71
REALCHAR 3815502960481 953875740133 51
DEEP 3815502960481 953875740139 75
DEEP 3815505845449 953876461380 71
REALCHAR 3816464179441 954116044873 51
REALCHAR 3817735486321 954433871593 51
DEEP 3818219310049 954554827531 75
DEEP 3818327143801 954581785968 71
DEEP 3820537233529 955134308400 71
REALCHAR 3820630470721 955157617693 51
REALCHAR 3820780476241 955195119073 51
SUPPORT 3821224600561 955306150153 51
REALCHAR 3821756142961 955439035753 51
REALCHAR 3822061154521 955515288643 51
REALCHAR 3822515458441 955628864623 51
DEEP 3822715003969 955678751010 71
REALCHAR 3823452224881 955863056233 51
DEEP 3823492249201 955873062318 71
DEEP 3823633460761 955908365209 75
REALCHAR 3824588128201 956147032063 51
SUPPORT 3824900956321 956225239093 51
REALCHAR 3825102806281 956275701583 51
REALCHAR 3825855107281 956463776833 51
DEEP 3827373381001 956843345270 79
REALCHAR 3828045153241 957011288323 51
REALCHAR 3828127981441 957031995373 51
SUPPORT 3828178646161 957044661553 51
DEEP 3828178646161 957044661558 71
REALCHAR 3828439127881 957109781983 51
DEEP 3828568568449 957142142130 71
REALCHAR 3829720022881 957430005733 51
REALCHAR 3829849735321 957462433843 51
DEEP 3830750073049 957687518280 71
REALCHAR 3832324732681 958081183183 51
REALCHAR 3832934049961 958233512503 51
REALCHAR 3833623639561 958405909903 51
REALCHAR 3833877880561 958469470153 51
REALCHAR 3834155971801 958538992963 51
DEEP 3834740324809 958685081220 71
REALCHAR 3834942472201 958735618063 51
DEEP 3835878618049 958969654533 83
REALCHAR 3836475337081 959118834283 51
REALCHAR 3836837877601 959209469413 51
REALCHAR 3839285653681 959821413433 51
REALCHAR 3839982052201 959995513063 51
REALCHAR 3840394746241 960098686573 51
REALCHAR 3840702954001 960175738513 51
REALCHAR 3840917448481 960229362133 51
DEEP 3841016821489 960254205391 75
REALCHAR 3841027167961 960256792003 51
DEEP 3841364760601 960341190168 71
DEEP 3841404313321 960351078349 75
DEEP 3841705998001 960426499518 71
REALCHAR 3842093651761 960523412953 51
DEEP 3842491209649 960622802430 71
REALCHAR 3843340752001 960835188013 51
REALCHAR 3843847346161 960961836553 51
DEEP 3843996381481 960999095389 75
DEEP 3844426174801 961106543720 79
DEEP 3844975549801 961243887469 75
DEEP 3845386189969 961346547511 75
DEEP 3845465678209 961366419570 71
REALCHAR 3846077737681 961519434433 51
REALCHAR 3846545416921 961636354243 51
DEEP 3847552965169 961888241310 71
REALCHAR 3847700767681 961925191933 51
DEEP 3847864268329 961966067100 71
DEEP 3849017791609 962254447921 75
SUPPORT 3849144243961 962286061003 51
DEEP 3849144243961 962286061008 71
REALCHAR 3849557334841 962389333723 51
REALCHAR 3850641682801 962660420713 51
REALCHAR 3850641682801 962660420719 75
DEEP 3850641682801 962660420721 83
REALCHAR 3850978011721 962744502943 51
REALCHAR 3851052393241 962763098323 51
SUPPORT 3851239757401 962809939363 51
REALCHAR 3851269935241 962817483823 51
DEEP 3851291825761 962822956458 71
REALCHAR 3851636627281 962909156833 51
REALCHAR 3852334478281 963083619583 51
REALCHAR 3852471181441 963117795373 51
DEEP 3852723416161 963180854058 71
SUPPORT 3853543275481 963385818883 51
DEEP 3853543275481 963385818890 79
SUPPORT 3855666968521 963916742143 51
REALCHAR 3856244028121 964061007043 51
REALCHAR 3856252280521 964063070143 51
REALCHAR 3856416428881 964104107233 51
DEEP 3858036925681 964509231439 75
REALCHAR 3859656702841 964914175723 51
REALCHAR 3859938668881 964984667233 51
REALCHAR 3860162007601 965040501913 51
REALCHAR 3862089889681 965522472433 51
DEEP 3862501231681 965625307938 71
DEEP 3863371385449 965842846380 71
SUPPORT 3863796348721 965949087193 51
DEEP 3865360448569 966340112160 71
SUPPORT 3865588084801 966397021213 51
REALCHAR 3865784680081 966446170033 51
REALCHAR 3866234860489 966558715141 75
DEEP 3866234860489 966558715142 79
REALCHAR 3866303432161 966575858053 51
REALCHAR 3867057522241 966764380573 51
REALCHAR 3868507723081 967126930783 51
DEEP 3869674148209 967418537071 75
REALCHAR 3871210713241 967802678323 51
DEEP 3871495544569 967873886161 75
REALCHAR 3871543658761 967885914703 51
REALCHAR 3872905764121 968226441043 51
DEEP 3873523455649 968380863930 71
REALCHAR 3874880207641 968720051923 51
DEEP 3875042591809 968760647970 71
DEEP 3875446474201 968861618568 71
REALCHAR 3875544680401 968886170113 51
REALCHAR 3876104770561 969026192653 51
REALCHAR 3876631443721 969157860943 51
DEEP 3876945711409 969236427870 71
REALCHAR 3877274200801 969318550213 51
REALCHAR 3877370969761 969342742453 51
REALCHAR 3878065854961 969516463753 51
DEEP 3879067834009 969766958520 71
DEEP 3879333037441 969833259379 75
SUPPORT 3879473316601 969868329163 51
DEEP 3879581363641 969895340928 71
REALCHAR 3879687857761 969921964453 51
DEEP 3880566545881 970141636488 71
REALCHAR 3883128115441 970782028873 51
REALCHAR 3883383580561 970845895153 51
DEEP 3886964938609 971741234670 71
REALCHAR 3887726046961 971931511753 51
REALCHAR 3888160262281 972040065583 51
REALCHAR 3891677736241 972919434073 51
DEEP 3893503822321 973375955599 75
REALCHAR 3893759514241 973439878573 51
REALCHAR 3894127214041 973531803523 51
DEEP 3896437829761 974109457458 71
REALCHAR 3896512872121 974128218043 51
REALCHAR 3897165104641 974291276173 51
DEEP 3897188100961 974297025258 71
REALCHAR 3897747058921 974436764743 51
REALCHAR 3898273371001 974568342763 51
DEEP 3898273371001 974568342768 71
REALCHAR 3898364453281 974591113333 51
REALCHAR 3898688823481 974672205883 51
REALCHAR 3898958264881 974739566233 51
SUPPORT 3899032028761 974758007203 51
REALCHAR 3899073703561 974768425903 51
DEEP 3899565281089 974891320291 75
REALCHAR 3899609847961 974902462003 51
DEEP 3899686985041 974921746281 83
DEEP 3900315552961 975078888259 75
REALCHAR 3901096298401 975274074613 51
DEEP 3901096298401 975274074619 75
DEEP 3901897759321 975474439848 71
SUPPORT 3902283584761 975570896203 51
REALCHAR 3902457564721 975614391193 51
SUPPORT 3902543015281 975635753833 51
SUPPORT 3903364408441 975841102123 51
DEEP 3904338722881 976084680738 71
REALCHAR 3905649206761 976412301703 51
REALCHAR 3905864019121 976466004793 51
REALCHAR 3906137734321 976534433593 51
REALCHAR 3907086801601 976771700413 51
REALCHAR 3908375484841 977093871223 51
DEEP 3908865742681 977216435690 79
REALCHAR 3909486498241 977371624573 51
DEEP 3911207842369 977801960612 79
DEEP 3911971471321 977992867848 71
REALCHAR 3912126075001 978031518763 51
REALCHAR 3912162637681 978040659433 51
DEEP 3912263551249 978065887830 71
DEEP 3913510944121 978377736049 75
REALCHAR 3913560397321 978390099343 51
REALCHAR 3913847967241 978461991823 51
DEEP 3914476703281 978619175838 71
REALCHAR 3915732182041 978933045523 51
REALCHAR 3915926916841 978981729223 51
REALCHAR 3916141929001 979035482263 51
REALCHAR 3916209611521 979052402893 51
DEEP 3916593205561 979148301408 71
REALCHAR 3918578354161 979644588553 51
DEEP 3919068089689 979767022440 71
DEEP 3919376427121 979844106799 75
REALCHAR 3919689229681 979922307433 51
REALCHAR 3919745953561 979936488403 51
DEEP 3919745953561 979936488408 71
REALCHAR 3919945787521 979986446893 51
REALCHAR 3920608833241 980152208323 51
REALCHAR 3920653755841 980163438973 51
DEEP 3920719850161 980179962566 103
REALCHAR 3920862477841 980215619473 51
REALCHAR 3922031070409 980507767621 75
DEEP 3922031070409 980507767622 79
REALCHAR 3922801971841 980700492973 51
DEEP 3923420541769 980855135461 75
REALCHAR 3923867483761 980966870953 51
REALCHAR 3924466044409 981116511127 99
DEEP 3924466044409 981116511129 107
REALCHAR 3924683127121 981170781793 51
REALCHAR 3924909913681 981227478433 51
REALCHAR 3926431299961 981607825003 51
REALCHAR 3927356592721 981839148193 51
REALCHAR 3927511118521 981877779643 51
DEEP 3927812268241 981953067078 71
REALCHAR 3928706363761 982176590953 51
REALCHAR 3929096565241 982274141323 51
DEEP 3929394420169 982348605060 71
DEEP 3929869688761 982467422208 71
DEEP 3930178218121 982544554548 71
REALCHAR 3931343298481 982835824633 51
DEEP 3931361859049 982840464782 79
REALCHAR 3933875214481 983468803633 51
REALCHAR 3933914636521 983478659143 51
DEEP 3933914636521 983478659148 71
REALCHAR 3934287357841 983571839473 51
REALCHAR 3934583235361 983645808853 51
REALCHAR 3934678740001 983669685013 51
DEEP 3934750963441 983687740880 79
DEEP 3934885731529 983721432900 71
SUPPORT 3935006740921 983751685243 51
REALCHAR 3935488514281 983872128583 51
REALCHAR 3935893186681 983973296683 51
REALCHAR 3935957107681 983989276933 51
REALCHAR 3936787641361 984196910353 51
REALCHAR 3936990695401 984247673863 51
DEEP 3936990695401 984247673868 71
DEEP 3937270497241 984317624328 71
REALCHAR 3937542385921 984385596493 51
REALCHAR 3937639019161 984409754803 51
SUPPORT 3938143614001 984535903513 51
REALCHAR 3938587653841 984646913473 51
DEEP 3940046267161 985011566808 71
REALCHAR 3940083396001 985020849013 51
REALCHAR 3940317621241 985079405323 51
REALCHAR 3941747838961 985436959753 51
DEEP 3941808147601 985452036918 71
DEEP 3941867764129 985466941050 71
DEEP 3942354477961 985588619508 71
REALCHAR 3943438024681 985859506183 51
REALCHAR 3943705682401 985926420613 51
DEEP 3943705682401 985926420620 79
REALCHAR 3944103419881 986025854983 51
DEEP 3944932928161 986233232062 87
DEEP 3947589226681 986897306688 71
DEEP 3948282785329 987070696350 71
REALCHAR 3948285727681 987071431933 51
REALCHAR 3948804446161 987201111553 51
DEEP 3949140104809 987285026220 71
DEEP 3950482919161 987620729809 75
DEEP 3951402529369 987850632361 75
REALCHAR 3952969786921 988242446743 51
REALCHAR 3953650209961 988412552503 51
DEEP 3953650209961 988412552508 71
DEEP 3953737227001 988434306768 71
REALCHAR 3954600953521 988650238393 51
REALCHAR 3954670150201 988667537563 51
REALCHAR 3954743443561 988685860903 51
DEEP 3954851071609 988712767922 79
SUPPORT 3955551568081 988887892033 51
REALCHAR 3955982542801 988995635713 51
DEEP 3955982542801 988995635720 79
DEEP 3956403548161 989100887060 79
DEEP 3956853134809 989213283720 71
REALCHAR 3956880236761 989220059203 51
REALCHAR 3957987799921 989496949993 51
DEEP 3959064445561 989766111408 71
REALCHAR 3959731860841 989932965223 51
REALCHAR 3959788847401 989947211863 51
DEEP 3960028493521 990007123398 71
DEEP 3960844214209 990211053570 71
REALCHAR 3963431642041 990857910523 51
DEEP 3963487011961 990871753009 75
REALCHAR 3963520790161 990880197553 51
DEEP 3963839702761 990959925709 75
REALCHAR 3964293114961 991073278753 51
DEEP 3964950738961 991237684761 83
REALCHAR 3965118234841 991279558723 51
DEEP 3965840194801 991460048718 71
REALCHAR 3966141109681 991535277433 51
REALCHAR 3966229635481 991557408883 51
REALCHAR 3966240830161 991560207553 51
REALCHAR 3966919583761 991729895953 51
DEEP 3968123344201 992030836068 71
DEEP 3968386942081 992096735540 79
REALCHAR 3968708027881 992177006983 51
REALCHAR 3969564627961 992391157003 51
REALCHAR 3970337942041 992584485523 51
DEEP 3970337942041 992584485528 71
DEEP 3972013530241 993003382578 71
REALCHAR 3972284851921 993071212993 51
REALCHAR 3972659062681 993164765683 51
DEEP 3972884870761 993221217708 71
REALCHAR 3973740100201 993435025063 51
REALCHAR 3973756594921 993439148743 51
REALCHAR 3974894907481 993723726883 51
REALCHAR 3975601709641 993900427423 51
REALCHAR 3975972325081 993993081283 51
REALCHAR 3976191189961 994047797503 51
REALCHAR 3976717202761 994179300703 51
DEEP 3976717202761 994179300708 71
REALCHAR 3977457680641 994364420173 51
REALCHAR 3978263031961 994565758003 51
SUPPORT 3981524634481 995381158633 51
DEEP 3981841230049 995460307530 71
REALCHAR 3982149442441 995537360623 51
DEEP 3982567983241 995641995828 71
REALCHAR 3983633124241 995908281073 51
SUPPORT 3984603606481 996150901633 51
REALCHAR 3984886244641 996221561173 51
REALCHAR 3985600350601 996400087663 51
REALCHAR 3985699820881 996424955233 51
DEEP 3986185232929 996546308250 71
DEEP 3986996673529 996749168402 79
REALCHAR 3987638981041 996909745273 51
REALCHAR 3987783181561 996945795403 51
DEEP 3988680114409 997170028622 79
REALCHAR 3989051504881 997262876233 51
DEEP 3989051504881 997262876240 79
REALCHAR 3990203468161 997550867053 51
REALCHAR 3991020490081 997755122533 51
REALCHAR 3991294219441 997823554873 51
REALCHAR 3991817893561 997954473403 51
DEEP 3992030927641 998007731930 79
REALCHAR 3992266134481 998066533633 51
DEEP 3992853836449 998213459130 71
REALCHAR 3992935183561 998233795903 51
REALCHAR 3993979388281 998494847083 51
DEEP 3994052386801 998513096718 71
DEEP 3994105268521 998526317148 71
REALCHAR 3994291347601 998572836913 51
DEEP 3994349159761 998587289958 71
REALCHAR 3995928393601 998982098413 51
REALCHAR 3996111426841 999027856723 51
REALCHAR 3996197740921 999049435243 51
REALCHAR 3996526419601 999131604913 51
REALCHAR 3996869658721 999217414693 51
REALCHAR 3997077176401 999269294113 51
DEEP 3997304646241 999326161581 83
REALCHAR 3997445315161 999361328803 51
REALCHAR 3997632711601 999408177913 51
REALCHAR 3997955645161 999488911303 51
DEEP 3998099425321 999524856350 79
REALCHAR 3999488722441 999872180623 51
REALCHAR 4001546749201 1000386687313 51
REALCHAR 4001818307041 1000454576773 51
REALCHAR 4002019454161 1000504863553 51
REALCHAR 4002536874961 1000634218753 51
REALCHAR 4002536934841 1000634233723 51
REALCHAR 4002653159521 1000663289893 51
REALCHAR 4003187919481 1000796979883 51
DEEP 4004519168521 1001129792148 71
DEEP 4004524720681 1001131180188 71
REALCHAR 4005680101201 1001420025313 51
DEEP 4006735233601 1001683808418 71
REALCHAR 4007245435561 1001811358903 51
DEEP 4007245435561 1001811358908 71
REALCHAR 4007534338921 1001883584743 51
DEEP 4007664831361 1001916207859 75
REALCHAR 4007777024161 1001944256053 51
REALCHAR 4010494711441 1002623677873 51
DEEP 4010494711441 1002623677879 75
DEEP 4010743387561 1002685846908 71
REALCHAR 4010907464041 1002726866023 51
REALCHAR 4010948748361 1002737187103 51
DEEP 4011080831521 1002770207899 75
REALCHAR 4011216208561 1002804052153 51
REALCHAR 4012865159521 1003216289893 51
REALCHAR 4013826589081 1003456647283 51
DEEP 4013826589081 1003456647288 71
SUPPORT 4014178281481 1003544570383 51
REALCHAR 4014254872681 1003563718183 51
REALCHAR 4014634336441 1003658584123 51
REALCHAR 4014898053721 1003724513443 51
REALCHAR 4015162286041 1003790571523 51
DEEP 4015162286041 1003790571531 83
REALCHAR 4015475703121 1003868925793 51
SUPPORT 4017058912441 1004264728123 51
DEEP 4017854794321 1004463698598 71
REALCHAR 4018020063121 1004505015793 51
DEEP 4019028943609 1004757235921 75
REALCHAR 4021195623481 1005298905883 51
REALCHAR 4022053245961 1005513311503 51
DEEP 4022053245961 1005513311508 71
DEEP 4022610293641 1005652573430 79
REALCHAR 4023618821161 1005904705303 51
REALCHAR 4025066123521 1006266530893 51
DEEP 4026092551321 1006523137850 79
REALCHAR 4026263243521 1006565810893 51
DEEP 4026723698761 1006680924710 79
DEEP 4027433361961 1006858340508 71
DEEP 4027585298881 1006896324738 71
REALCHAR 4027697546161 1006924386553 51
REALCHAR 4029460115521 1007365028893 51
SUPPORT 4029495191401 1007373797863 51
REALCHAR 4029981953761 1007495488453 51
REALCHAR 4030463410801 1007615852713 51
REALCHAR 4031056772521 1007764193143 51
REALCHAR 4031852095441 1007963023873 51
REALCHAR 4032446145841 1008111536473 51
REALCHAR 4032772719361 1008193179853 51
REALCHAR 4033925143921 1008481285993 51
REALCHAR 4034435146921 1008608786743 51
SUPPORT 4034990202721 1008747550693 51
REALCHAR 4035900762721 1008975190693 51
REALCHAR 4036099583881 1009024895983 51
SUPPORT 4037948039161 1009487009803 51
REALCHAR 4037949050041 1009487262523 51
DEEP 4038152046289 1009538011590 71
REALCHAR 4038228726841 1009557181723 51
REALCHAR 4038837065041 1009709266273 51
REALCHAR 4038977985121 1009744496293 51
REALCHAR 4039292954761 1009823238703 51
DEEP 4039702704361 1009925676108 71
REALCHAR 4039750056241 1009937514073 51
REALCHAR 4039756833121 1009939208293 51
REALCHAR 4040025204601 1010006301163 51
REALCHAR 4040588495161 1010147123803 51
REALCHAR 4040848440841 1010212110223 51
DEEP 4040951827201 1010237956818 71
DEEP 4041018017521 1010254504398 71
REALCHAR 4041502138801 1010375534713 51
REALCHAR 4041915893401 1010478973363 51
DEEP 4042111832929 1010527958250 71
REALCHAR 4042324957441 1010581239373 51
DEEP 4042879681129 1010719920300 71
REALCHAR 4042919159161 1010729789803 51
REALCHAR 4043370612121 1010842653043 51
DEEP 4043509810201 1010877452568 71
REALCHAR 4043727560161 1010931890053 51
REALCHAR 4043809255201 1010952313813 51
REALCHAR 4044159817681 1011039954433 51
REALCHAR 4044247051441 1011061762873 51
REALCHAR 4045247235241 1011311808823 51
REALCHAR 4046489232241 1011622308073 51
DEEP 4046489232241 1011622308078 71
REALCHAR 4047666346441 1011916586623 51
REALCHAR 4047977318401 1011994329613 51
REALCHAR 4047985131961 1011996283003 51
REALCHAR 4048301981161 1012075495303 51
REALCHAR 4049040468841 1012260117223 51
REALCHAR 4049195516521 1012298879143 51
REALCHAR 4049570023801 1012392505963 51
DEEP 4049570023801 1012392505968 71
REALCHAR 4049828094841 1012457023723 51
SUPPORT 4049862876361 1012465719103 51
REALCHAR 4050384502921 1012596125743 51
REALCHAR 4050652622641 1012663155673 51
REALCHAR 4052045909521 1013011477393 51
DEEP 4052377994809 1013094498720 71
REALCHAR 4053618234961 1013404558753 51
REALCHAR 4054906423801 1013726605963 51
REALCHAR 4056844374361 1014211093603 51
DEEP 4056844374361 1014211093609 75
SUPPORT 4057023002041 1014255750523 51
REALCHAR 4057133243881 1014283310983 51
DEEP 4057133243881 1014283310988 71
REALCHAR 4057323372001 1014330843013 51
REALCHAR 4057533739561 1014383434903 51
DEEP 4057650868489 1014412717140 71
REALCHAR 4058233652281 1014558413083 51
DEEP 4058849745889 1014712436491 75
DEEP 4059310734649 1014827683680 71
REALCHAR 4059854481601 1014963620413 51
REALCHAR 4059941110681 1014985277683 51
REALCHAR 4062715421521 1015678855393 51
REALCHAR 4063116491281 1015779122833 51
DEEP 4063116491281 1015779122838 71
SUPPORT 4063634081641 1015908520423 51
REALCHAR 4064268893281 1016067223333 51
REALCHAR 4065839199361 1016459799853 51
DEEP 4066152242161 1016538060559 75
DEEP 4066423046449 1016605761630 71
DEEP 4066501663249 1016625415830 71
SUPPORT 4066969848841 1016742462223 51
REALCHAR 4067156252041 1016789063023 51
REALCHAR 4067156252041 1016789063029 75
DEEP 4067156252041 1016789063032 87
REALCHAR 4067266604041 1016816651023 51
REALCHAR 4068290159761 1017072539953 51
DEEP 4069394254249 1017348563582 79
REALCHAR 4069489515001 1017372378763 51
REALCHAR 4069580403001 1017395100763 51
DEEP 4069673373481 1017418343390 79
REALCHAR 4069924569481 1017481142383 51
DEEP 4070510710249 1017627677580 71
DEEP 4071427904041 1017856976028 71
DEEP 4072450645561 1018112661411 83
REALCHAR 4073587125001 1018396781263 51
DEEP 4073587125001 1018396781268 71
REALCHAR 4074974960281 1018743740083 51
DEEP 4075131372841 1018782843228 71
DEEP 4075383137401 1018845784371 83
REALCHAR 4075692693361 1018923173353 51
REALCHAR 4076887287001 1019221821763 51
DEEP 4076994995089 1019248748790 71
DEEP 4077029353849 1019257338481 75
REALCHAR 4077480258721 1019370064693 51
REALCHAR 4077759787201 1019439946813 51
REALCHAR 4079843979121 1019960994793 51
SUPPORT 4080901045321 1020225261343 51
REALCHAR 4080963028321 1020240757093 51
REALCHAR 4082293423321 1020573355843 51
REALCHAR 4082427507601 1020606876913 51
DEEP 4082427507601 1020606876918 71
REALCHAR 4082818216801 1020704554213 51
DEEP 4083149763001 1020787440768 71
REALCHAR 4083590957161 1020897739303 51
DEEP 4085151193561 1021287798408 71
DEEP 4085892403321 1021473100848 71
REALCHAR 4086099858481 1021524964639 75
DEEP 4086099858481 1021524964640 79
DEEP 4086457428769 1021614357210 71
SUPPORT 4087712332201 1021928083063 51
SUPPORT 4088503364401 1022125841113 51
REALCHAR 4088533987561 1022133496903 51
REALCHAR 4089777947161 1022444486803 51
REALCHAR 4090206655441 1022551663873 51
REALCHAR 4090757382721 1022689345693 51
DEEP 4090793215441 1022698303880 79
DEEP 4090918435081 1022729608790 79
DEEP 4091081954569 1022770488662 79
REALCHAR 4091847385921 1022961846493 51
REALCHAR 4093162827121 1023290706793 51
REALCHAR 4093500347161 1023375086803 51
SUPPORT 4093604998081 1023401249533 51
REALCHAR 4093735607641 1023433901923 51
REALCHAR 4093752289201 1023438072313 51
REALCHAR 4095296431801 1023824107963 51
DEEP 4095639993481 1023909998388 71
REALCHAR 4096237797961 1024059449503 51
REALCHAR 4096289237041 1024072309273 51
DEEP 4097359396321 1024339849100 79
REALCHAR 4097545548121 1024386387043 51
SUPPORT 4098503377081 1024625844283 51
DEEP 4098588392809 1024647098223 83
DEEP 4098819549169 1024704887310 71
REALCHAR 4099242058921 1024810514743 51
REALCHAR 4099451950441 1024862987623 51
DEEP 4100146950769 1025036737711 75
REALCHAR 4100701761601 1025175440413 51
REALCHAR 4101053094121 1025263273543 51
REALCHAR 4102222805521 1025555701393 51
REALCHAR 4102644301681 1025661075433 51
REALCHAR 4102741308961 1025685327253 51
REALCHAR 4103762313121 1025940578293 51
DEEP 4104005398249 1026001349580 71
REALCHAR 4105941723361 1026485430853 51
REALCHAR 4107801764641 1026950441173 51
DEEP 4108190140609 1027047535170 71
SUPPORT 4108398317521 1027099579393 51
REALCHAR 4108771978921 1027192994743 51
REALCHAR 4109159994241 1027289998573 51
DEEP 4110651226081 1027662806538 71
DEEP 4110717711409 1027679427873 83
DEEP 4111575865849 1027893966480 71
DEEP 4112235358009 1028058839520 71
SUPPORT 4112637845761 1028159461453 51
REALCHAR 4114331880481 1028582970133 51
DEEP 4114379118529 1028594779652 79
REALCHAR 4115457649801 1028864412463 51
REALCHAR 4116360641761 1029090160453 51
REALCHAR 4116576814561 1029144203653 51
REALCHAR 4116970768681 1029242692183 51
REALCHAR 4117161952201 1029290488063 51
REALCHAR 4118186586361 1029546646603 51
DEEP 4118186586361 1029546646608 71
REALCHAR 4118786107921 1029696526993 51
DEEP 4118943093721 1029735773448 71
REALCHAR 4119659822041 1029914955523 51
DEEP 4121775986329 1030443996600 71
DEEP 4122283679809 1030570919970 71
DEEP 4124740108129 1031185027051 75
DEEP 4124818228129 1031204557050 71
REALCHAR 4125013830961 1031253457753 51
REALCHAR 4125195244921 1031298811243 51
REALCHAR 4125196606441 1031299151623 51
REALCHAR 4125201985921 1031300496493 51
REALCHAR 4125781202761 1031445300703 51
REALCHAR 4126114278001 1031528569513 51
REALCHAR 4126857929401 1031714482363 51
DEEP 4127835512161 1031958878060 79
REALCHAR 4128044434201 1032011108563 51
DEEP 4128859796161 1032214949058 71
SUPPORT 4129834641241 1032458660323 51
DEEP 4130783627569 1032695906912 79
REALCHAR 4132295838841 1033073959723 51
REALCHAR 4132341114841 1033085278723 51
REALCHAR 4132652522881 1033163130733 51
REALCHAR 4132690937761 1033172734453 51
REALCHAR 4133131985761 1033282996453 51
REALCHAR 4134107883361 1033526970853 51
REALCHAR 4134181800961 1033545450253 51
REALCHAR 4134536027521 1033634006893 51
REALCHAR 4136702547121 1034175636793 51
REALCHAR 4137302191801 1034325547963 51
DEEP 4137631497169 1034407874311 75
DEEP 4138636150489 1034659037640 71
REALCHAR 4138716572761 1034679143203 51
REALCHAR 4138751161561 1034687790403 51
DEEP 4138842073081 1034710518289 75
DEEP 4139278904209 1034819726070 71
REALCHAR 4139325527401 1034831381863 51
REALCHAR 4141459594801 1035364898713 51
REALCHAR 4142112328201 1035528082063 51
DEEP 4143179818801 1035794954720 79
SUPPORT 4143605678521 1035901419643 51
REALCHAR 4143768572161 1035942143053 51
DEEP 4144084397209 1036021099320 71
DEEP 4144279348609 1036069837170 71
REALCHAR 4144351608721 1036087902193 51
REALCHAR 4144788036601 1036197009163 51
REALCHAR 4144970475361 1036242618853 51
REALCHAR 4146783415681 1036695853933 51
REALCHAR 4147291348201 1036822837063 51
DEEP 4147539370129 1036884842554 87
DEEP 4147618809049 1036904702281 75
REALCHAR 4147638809521 1036909702393 51
REALCHAR 4148131350841 1037032837723 51
DEEP 4150566064129 1037641516052 79
REALCHAR 4150716144481 1037679036133 51
DEEP 4150732435249 1037683108830 71
DEEP 4151573765641 1037893441428 71
REALCHAR 4152053665321 1038013416343 51
REALCHAR 4152371142481 1038092785633 51
REALCHAR 4152475772041 1038118943023 51
DEEP 4152883585321 1038220896348 71
REALCHAR 4153177056961 1038294264253 51
DEEP 4153367691001 1038341922768 71
REALCHAR 4153490759401 1038372689863 51
REALCHAR 4155529159681 1038882289933 51
REALCHAR 4155756666961 1038939166753 51
REALCHAR 4155970350841 1038992587723 51
DEEP 4156007565649 1039001891433 83
REALCHAR 4156053872881 1039013468233 51
DEEP 4156364662129 1039091165550 71
REALCHAR 4157473869481 1039368467383 51
REALCHAR 4157941299121 1039485324793 51
REALCHAR 4159243159681 1039810789933 51
REALCHAR 4159396959481 1039849239883 51
REALCHAR 4159399046401 1039849761613 51
DEEP 4159399046401 1039849761618 71
REALCHAR 4159549585801 1039887396463 51
SUPPORT 4159592347681 1039898086933 51
REALCHAR 4159770014401 1039942503613 51
DEEP 4160328870721 1040082217700 79
DEEP 4160785177201 1040196294318 71
REALCHAR 4162535899201 1040633974813 51
REALCHAR 4162784604001 1040696151013 51
DEEP 4162837084561 1040709271158 71
SUPPORT 4165518505201 1041379626313 51
REALCHAR 4167402207721 1041850551943 51
DEEP 4168315574329 1042078893600 71
DEEP 4169340146689 1042335036690 71
REALCHAR 4169343665041 1042335916273 51
DEEP 4170395174401 1042598793618 71
DEEP 4171835883601 1042958970918 71
REALCHAR 4172106456961 1043026614253 51
DEEP 4172106456961 1043026614258 71
REALCHAR 4172912554561 1043228138653 51
DEEP 4175939386441 1043984846630 79
DEEP 4175987159569 1043996789910 71
REALCHAR 4176127859401 1044031964863 51
DEEP 4176440806729 1044110201700 71
REALCHAR 4176579148921 1044144787243 51
REALCHAR 4177756561801 1044439140463 51
REALCHAR 4177880867161 1044470216803 51
REALCHAR 4178146576321 1044536644093 51
REALCHAR 4179008805841 1044752201473 51
REALCHAR 4179935643361 1044983910853 51
REALCHAR 4179965520721 1044991380193 51
SUPPORT 4181264989801 1045316247463 51
DEEP 4181934372841 1045483593229 75
REALCHAR 4182360247081 1045590061783 51
REALCHAR 4183309368001 1045827342013 51
REALCHAR 4185170109481 1046292527383 51
REALCHAR 4186829530321 1046707382593 51
REALCHAR 4187188818121 1046797204543 51
REALCHAR 4188595248601 1047148812163 51
REALCHAR 4188685530241 1047171382573 51
DEEP 4189740507481 1047435126888 71
DEEP 4189939069681 1047484767439 75
SUPPORT 4191507542401 1047876885613 51
REALCHAR 4192230273841 1048057568473 51
REALCHAR 4192454640721 1048113660193 51
REALCHAR 4192772818081 1048193204533 51
SUPPORT 4193073012241 1048268253073 51
REALCHAR 4193117516641 1048279379173 51
REALCHAR 4194905668801 1048726417213 51
DEEP 4195068268561 1048767067159 75
REALCHAR 4195464210961 1048866052753 51
REALCHAR 4195670953321 1048917738343 51
REALCHAR 4197295861201 1049323965313 51
REALCHAR 4197458762641 1049364690673 51
DEEP 4197458762641 1049364690678 71
REALCHAR 4197571371841 1049392842973 51
REALCHAR 4197792097801 1049448024463 51
REALCHAR 4197896655241 1049474163823 51
REALCHAR 4198240334401 1049560083613 51
REALCHAR 4198389677161 1049597419303 51
REALCHAR 4199012368321 1049753092093 51
DEEP 4199736464641 1049934116181 83
DEEP 4200430449121 1050107612300 79
REALCHAR 4200531888361 1050132972103 51
REALCHAR 4201057092961 1050264273253 51
DEEP 4202147740561 1050536935159 75
REALCHAR 4202303104561 1050575776153 51
REALCHAR 4203609272641 1050902318173 51
REALCHAR 4205399824081 1051349956033 51
REALCHAR 4205475049441 1051368762373 51
REALCHAR 4207119027721 1051779756943 51
REALCHAR 4207580509441 1051895127373 51
DEEP 4207869977809 1051967494476 95
REALCHAR 4208085270601 1052021317663 51
REALCHAR 4208217525121 1052054381293 51
DEEP 4208415509281 1052103877338 71
REALCHAR 4209596161681 1052399040433 51
REALCHAR 4209821089681 1052455272433 51
REALCHAR 4210744687081 1052686171783 51
REALCHAR 4211092938361 1052773234603 51
REALCHAR 4212273596521 1053068399143 51
REALCHAR 4212526603321 1053131650843 51
REALCHAR 4212891774001 1053222943513 51
DEEP 4215639952969 1053909988260 71
DEEP 4216842200041 1054210550028 71
REALCHAR 4217809522081 1054452380533 51
REALCHAR 4219203319321 1054800829843 51
REALCHAR 4219566905761 1054891726453 51
REALCHAR 4219640352841 1054910088223 51
REALCHAR 4219858522441 1054964630623 51
REALCHAR 4220120150401 1055030037613 51
REALCHAR 4221125206321 1055281301593 51
REALCHAR 4221620720641 1055405180173 51
REALCHAR 4221815514361 1055453878603 51
DEEP 4221888557329 1055472139350 71
DEEP 4222815337129 1055703834300 71
DEEP 4223005065049 1055751266280 71
DEEP 4223181684121 1055795421048 71
REALCHAR 4224084808441 1056021202123 51
DEEP 4225251610969 1056312902760 71
REALCHAR 4225464735361 1056366183853 51
SUPPORT 4225493312041 1056373328023 51
DEEP 4226631754489 1056657938640 71
REALCHAR 4228067437441 1057016859373 51
DEEP 4229145489529 1057286372400 71
DEEP 4229429903449 1057357475885 91
REALCHAR 4229902438441 1057475609623 51
REALCHAR 4229902438441 1057475609629 75
DEEP 4229902438441 1057475609630 79
REALCHAR 4230348173041 1057587043273 51
REALCHAR 4232982884881 1058245721233 51
REALCHAR 4233236029801 1058309007463 51
DEEP 4233236029801 1058309007469 75
REALCHAR 4233747255721 1058436813943 51
DEEP 4234432718569 1058608179660 71
REALCHAR 4234642529881 1058660632483 51
REALCHAR 4234740726841 1058685181723 51
REALCHAR 4235636728801 1058909182213 51
DEEP 4236786309001 1059196577268 71
SUPPORT 4237301621281 1059325405333 51
DEEP 4238090179801 1059522544969 75
DEEP 4238907593209 1059726898320 71
REALCHAR 4239164496121 1059791124043 51
SUPPORT 4239993790561 1059998447653 51
DEEP 4240121154481 1060030288638 71
REALCHAR 4240229819281 1060057454833 51
DEEP 4240683337801 1060170834468 71
REALCHAR 4242711925321 1060677981343 51
SUPPORT 4242741010561 1060685252653 51
REALCHAR 4243314326161 1060828581553 51
DEEP 4243374209881 1060843552488 71
REALCHAR 4243571829121 1060892957293 51
REALCHAR 4245847184401 1061461796113 51
DEEP 4246275944689 1061568986190 71
REALCHAR 4246668424441 1061667106123 51
REALCHAR 4247387870881 1061846967733 51
REALCHAR 4249120862281 1062280215583 51
REALCHAR 4249294974961 1062323743753 51
REALCHAR 4249875274681 1062468818683 51
DEEP 4250562774481 1062640693639 75
REALCHAR 4250650852561 1062662713153 51
SUPPORT 4250864329321 1062716082343 51
DEEP 4251139692409 1062784923123 83
REALCHAR 4251691211161 1062922802803 51
REALCHAR 4252135997041 1063033999273 51
REALCHAR 4252412649601 1063103162413 51
REALCHAR 4252703310241 1063175827573 51
REALCHAR 4253518013761 1063379503453 51
REALCHAR 4253731657561 1063432914403 51
REALCHAR 4253745494881 1063436373733 51
REALCHAR 4254431147521 1063607786893 51
DEEP 4254431147521 1063607786898 71
REALCHAR 4254437736481 1063609434133 51
REALCHAR 4255054326121 1063763581543 51
REALCHAR 4255259413441 1063814853373 51
DEEP 4256255238481 1064063809638 71
DEEP 4257030168169 1064257542060 71
REALCHAR 4258656984481 1064664246133 51
REALCHAR 4258674911401 1064668727863 51
DEEP 4258674911401 1064668727868 71
SUPPORT 4259892709801 1064973177463 51
REALCHAR 4260536450641 1065134112673 51
REALCHAR 4263257976121 1065814494043 51
REALCHAR 4265415170041 1066353792523 51
DEEP 4265621313409 1066405328370 71
REALCHAR 4265630014801 1066407503713 51
REALCHAR 4265772909841 1066443227473 51
REALCHAR 4265870708401 1066467677113 51
REALCHAR 4265945328241 1066486332073 51
SUPPORT 4266063629881 1066515907483 51
REALCHAR 4266367435201 1066591858813 51
REALCHAR 4266389158201 1066597289563 51
DEEP 4266389158201 1066597289571 83
DEEP 4269156010729 1067289002700 71
SUPPORT 4269423581641 1067355895423 51
DEEP 4269598439401 1067399609869 75
DEEP 4269631453201 1067407863318 71
REALCHAR 4269804499801 1067451124963 51
REALCHAR 4271995979161 1067998994803 51
REALCHAR 4272050339881 1068012584983 51
REALCHAR 4272796367401 1068199091863 51
REALCHAR 4272987437161 1068246859303 51
DEEP 4272987437161 1068246859308 71
REALCHAR 4273279249801 1068319812463 51
REALCHAR 4273280253841 1068320063473 51
REALCHAR 4274653007641 1068663251923 51
DEEP 4275189199009 1068797299771 75
REALCHAR 4276226310841 1069056577723 51
DEEP 4276262661889 1069065665493 83
REALCHAR 4278251217601 1069562804413 51
REALCHAR 4278744776881 1069686194233 51
SUPPORT 4279462785361 1069865696353 51
DEEP 4279537534801 1069884383718 71
DEEP 4281348352681 1070337088190 79
DEEP 4282190464561 1070547616160 79
DEEP 4282625587969 1070656397012 79
REALCHAR 4283385737401 1070846434363 51
REALCHAR 4286372078041 1071593019523 51
REALCHAR 4286885931241 1071721482823 51
REALCHAR 4288231779841 1072057944973 51
DEEP 4288675064881 1072168766238 71
REALCHAR 4288716331201 1072179082813 51
REALCHAR 4289038241401 1072259560363 51
REALCHAR 4289199692761 1072299923203 51
REALCHAR 4289521462801 1072380365713 51
REALCHAR 4289570333161 1072392583303 51
SUPPORT 4289732240641 1072433060173 51
REALCHAR 4289815742521 1072453935643 51
REALCHAR 4291771583401 1072942895863 51
REALCHAR 4291806713041 1072951678273 51
REALCHAR 4292095195441 1073023798873 51
REALCHAR 4292614043041 1073153510773 51
REALCHAR 4292868213001 1073217053263 51
REALCHAR 4293134566081 1073283641533 51
SUPPORT 4293428557441 1073357139373 51
REALCHAR 4293638870161 1073409717553 51
DEEP 4294547113081 1073636778288 71
REALCHAR 4294843936681 1073710984183 51
REALCHAR 4295336508961 1073834127253 51
REALCHAR 4295392470121 1073848117543 51
REALCHAR 4295581034761 1073895258703 51
REALCHAR 4295639171041 1073909792779 75
DEEP 4295639171041 1073909792780 79
DEEP 4296643441561 1074160860408 71
REALCHAR 4296659148721 1074164787193 51
REALCHAR 4296677402161 1074169350553 51
REALCHAR 4298229843961 1074557461003 51
REALCHAR 4298754936961 1074688734253 51
REALCHAR 4298870942521 1074717735643 51
REALCHAR 4299189540361 1074797385103 51
DEEP 4299308627329 1074827156850 71
REALCHAR 4300172468881 1075043117233 51
REALCHAR 4300241816641 1075060454173 51
REALCHAR 4300306954441 1075076738623 51
DEEP 4300872892801 1075218223218 71
REALCHAR 4301183042641 1075295760673 51
REALCHAR 4301216313241 1075304078323 51
DEEP 4301570192089 1075392548040 71
REALCHAR 4301661107041 1075415276773 51
DEEP 4301772531169 1075443132811 75
REALCHAR 4302248781601 1075562195413 51
SUPPORT 4302378594361 1075594648603 51
REALCHAR 4303102917961 1075775729503 51
DEEP 4304156020609 1076039005173 83
REALCHAR 4304349588361 1076087397103 51
REALCHAR 4305154253401 1076288563363 51
DEEP 4305377970721 1076344492698 71
DEEP 4306962009289 1076740502340 71
REALCHAR 4307264406481 1076816101633 51
REALCHAR 4307861812081 1076965453033 51
DEEP 4308009418729 1077002354700 71
REALCHAR 4308047975401 1077011993863 51
REALCHAR 4308078779761 1077019694953 51
REALCHAR 4308770986081 1077192746533 51
REALCHAR 4308850623841 1077212655973 51
DEEP 4310705481289 1077676370340 71
DEEP 4311490911289 1077872727840 71
DEEP 4311524834761 1077881208711 83
REALCHAR 4312245926041 1078061481523 51
DEEP 4312442734681 1078110683688 71
REALCHAR 4313016468601 1078254117163 51
REALCHAR 4314539434921 1078634858743 51
REALCHAR 4315273588081 1078818397033 51
DEEP 4315411743889 1078852935990 71
REALCHAR 4315620966721 1078905241693 51
REALCHAR 4315829724361 1078957431103 51
REALCHAR 4316064115801 1079016028963 51
REALCHAR 4316267606641 1079066901673 51
REALCHAR 4316313540841 1079078385223 51
REALCHAR 4316360473441 1079090118373 51
REALCHAR 4316590781281 1079147695333 51
REALCHAR 4317645504481 1079411376133 51
REALCHAR 4319274370321 1079818592593 51
REALCHAR 4319820152761 1079955038203 51
REALCHAR 4320088774681 1080022193683 51
DEEP 4320276511489 1080069127890 71
REALCHAR 4320905080801 1080226270213 51
REALCHAR 4321211579281 1080302894833 51
REALCHAR 4321931400361 1080482850103 51
DEEP 4322817052849 1080704263233 83
DEEP 4322963908561 1080740977160 79
SUPPORT 4323041999761 1080760499953 51
REALCHAR 4323070174201 1080767543563 51
REALCHAR 4324112537761 1081028134453 51
REALCHAR 4324269671401 1081067417863 51
DEEP 4324726809649 1081181702430 71
REALCHAR 4325259035161 1081314758803 51
REALCHAR 4326359005201 1081589751313 51
REALCHAR 4326559037641 1081639759423 51
REALCHAR 4327789317721 1081947329443 51
SUPPORT 4327851759841 1081962939973 51
DEEP 4327853996041 1081963499031 83
REALCHAR 4328009147401 1082002286863 51
REALCHAR 4328455189081 1082113797283 51
SUPPORT 4328632004761 1082158001203 51
DEEP 4328632004761 1082158001209 75
REALCHAR 4329499436161 1082374859053 51
DEEP 4329754645129 1082438661300 71
REALCHAR 4329968911321 1082492227843 51
REALCHAR 4329994173961 1082498543503 51
REALCHAR 4331032084201 1082758021063 51
REALCHAR 4331371427881 1082842856983 51
REALCHAR 4332341974321 1083085493593 51
REALCHAR 4332581779681 1083145444933 51
REALCHAR 4332906828121 1083226707043 51
REALCHAR 4333344054601 1083336013663 51
REALCHAR 4333683826081 1083420956533 51
REALCHAR 4333729044241 1083432261073 51
REALCHAR 4334821611121 1083705402793 51
SUPPORT 4336727202721 1084181800693 51
DEEP 4336757104681 1084189276189 75
REALCHAR 4336773637681 1084193409433 51
SUPPORT 4337251712641 1084312928173 51
REALCHAR 4337515866121 1084378966543 51
REALCHAR 4337791086841 1084447771723 51
DEEP 4338847749721 1084711937450 79
REALCHAR 4338923524321 1084730881093 51
DEEP 4338994294441 1084748573632 87
REALCHAR 4339251355321 1084812838843 51
DEEP 4339251355321 1084812838848 71
SUPPORT 4339886748961 1084971687253 51
REALCHAR 4340951043361 1085237760853 51
DEEP 4341503848081 1085375962038 71
DEEP 4341649114609 1085412278670 71
DEEP 4341668089201 1085417022318 71
REALCHAR 4342007060161 1085501765053 51
DEEP 4342788710569 1085697177661 75
REALCHAR 4342795347361 1085698836853 51
DEEP 4343792391481 1085948097888 71
DEEP 4345475940961 1086368985261 83
DEEP 4346325441649 1086581360430 71
DEEP 4346372975569 1086593243910 71
DEEP 4347162326809 1086790581720 71
REALCHAR 4347982596721 1086995649193 51
REALCHAR 4349791709761 1087447927453 51
REALCHAR 4350116101081 1087529025283 51
DEEP 4351592001409 1087898000370 71
REALCHAR 4351873130641 1087968282673 51
REALCHAR 4354398594001 1088599648513 51
REALCHAR 4354576531561 1088644132903 51
REALCHAR 4355455176361 1088863794103 51
DEEP 4356089855329 1089022463850 71
REALCHAR 4356745950001 1089186487513 51
SUPPORT 4356776377801 1089194094463 51
REALCHAR 4357255835521 1089313958893 51
REALCHAR 4358562336241 1089640584073 51
DEEP 4358753310409 1089688327620 71
REALCHAR 4358862190201 1089715547563 51
REALCHAR 4359041628841 1089760407223 51
DEEP 4360210675129 1090052668804 87
REALCHAR 4360211209201 1090052802313 51
REALCHAR 4360622711041 1090155677773 51
REALCHAR 4362610724761 1090652681203 51
SUPPORT 4363130900041 1090782725023 51
DEEP 4363557765121 1090889441301 83
REALCHAR 4363651483801 1090912870963 51
REALCHAR 4364456697241 1091114174323 51
DEEP 4364697131089 1091174282799 107
REALCHAR 4364733492001 1091183373013 51
DEEP 4365255271129 1091313817801 75
SUPPORT 4365893804281 1091473451083 51
REALCHAR 4366535933761 1091633983453 51
REALCHAR 4367825712121 1091956428043 51
REALCHAR 4368822306601 1092205576663 51
DEEP 4369093786201 1092273446570 79
DEEP 4370027805529 1092506951408 103
SUPPORT 4370296637281 1092574159333 51
DEEP 4370455284001 1092613821018 71
REALCHAR 4372178500561 1093044625153 51
REALCHAR 4372610817481 1093152704383 51
SUPPORT 4375357829761 1093839457453 51
REALCHAR 4376157786001 1094039446513 51
DEEP 4376345959441 1094086489881 83
REALCHAR 4377121457641 1094280364423 51
REALCHAR 4377500564761 1094375141203 51
DEEP 4378375508329 1094593877102 79
REALCHAR 4379220989641 1094805247423 51
DEEP 4379369352121 1094842338048 71
DEEP 4379909405089 1094977351290 71
DEEP 4379926872721 1094981718198 71
REALCHAR 4380365593081 1095091398283 51
REALCHAR 4380632777161 1095158194303 51
REALCHAR 4380750822361 1095187705603 51
DEEP 4380750822361 1095187705617 107
REALCHAR 4381040514841 1095260128723 51
DEEP 4381196946289 1095299236590 71
REALCHAR 4381795980241 1095448995073 51
REALCHAR 4382378306881 1095594576733 51
REALCHAR 4383511071241 1095877767823 51
REALCHAR 4384741932481 1096185483133 51
REALCHAR 4386678431041 1096669607773 51
REALCHAR 4386772782001 1096693195513 51
REALCHAR 4387053509281 1096763377333 51
REALCHAR 4387528503121 1096882125793 51
REALCHAR 4387692006721 1096923001693 51
REALCHAR 4388484216601 1097121054163 51
DEEP 4389196694689 1097299173690 71
REALCHAR 4390548523201 1097637130813 51
REALCHAR 4390970708881 1097742677233 51
REALCHAR 4391110129561 1097777532403 51
REALCHAR 4392411328321 1098102832093 51
DEEP 4392781645849 1098195411480 71
DEEP 4393366694809 1098341673720 71
REALCHAR 4394171693521 1098542923393 51
REALCHAR 4395125640361 1098781410103 51
DEEP 4395125640361 1098781410108 71
REALCHAR 4396107456841 1099026864223 51
REALCHAR 4397171185801 1099292796463 51
DEEP 4397795539201 1099448884818 71
REALCHAR 4397953836721 1099488459193 51
REALCHAR 4398390014041 1099597503523 51
REALCHAR 4398893705761 1099723426453 51
DEEP 4399179246361 1099794811608 71
REALCHAR 4400987658601 1100246914663 51
REALCHAR 4401642416161 1100410604053 51
REALCHAR 4402215033841 1100553758473 51
REALCHAR 4402957519801 1100739379963 51
DEEP 4404804211369 1101201052860 71
REALCHAR 4405290063001 1101322515763 51
DEEP 4405622827321 1101405706848 71
REALCHAR 4409727778681 1102431944683 51
REALCHAR 4410044077321 1102511019343 51
DEEP 4410234124321 1102558531098 71
DEEP 4410715961521 1102678990399 75
DEEP 4411017407449 1102754351880 71
REALCHAR 4411028366761 1102757091703 51
REALCHAR 4411354317841 1102838579473 51
SUPPORT 4412783214841 1103195803723 51
REALCHAR 4414572125401 1103643031363 51
REALCHAR 4414806858361 1103701714603 51
REALCHAR 4416545718601 1104136429663 51
REALCHAR 4417553890201 1104388472563 51
REALCHAR 4418247342961 1104561835753 51
DEEP 4418551266529 1104637816650 71
REALCHAR 4419955306321 1104988826593 51
REALCHAR 4420386316921 1105096579243 51
SUPPORT 4420389059641 1105097264923 51
REALCHAR 4420536777721 1105134194443 51
REALCHAR 4420556737921 1105139184493 51
REALCHAR 4421330048521 1105332512143 51
REALCHAR 4421651919721 1105412979943 51
DEEP 4421960810089 1105490202540 71
SUPPORT 4422600819121 1105650204793 51
REALCHAR 4422647423041 1105661855773 51
REALCHAR 4422893151601 1105723287913 51
DEEP 4423160908609 1105790227170 71
DEEP 4425123147481 1106280786889 75
REALCHAR 4425507438361 1106376859603 51
REALCHAR 4425774010681 1106443502683 51
REALCHAR 4426026102481 1106506525633 51
REALCHAR 4426490804761 1106622701203 51
REALCHAR 4426697624281 1106674406083 51
REALCHAR 4426867274041 1106716818523 51
REALCHAR 4426989652801 1106747413213 51
REALCHAR 4427187000721 1106796750193 51
REALCHAR 4428836826241 1107209206573 51
DEEP 4429406716849 1107351679230 71
REALCHAR 4430210608321 1107552652093 51
DEEP 4431311669929 1107827917505 91
REALCHAR 4431323328721 1107830832193 51
REALCHAR 4432008208681 1108002052183 51
DEEP 4432577801089 1108144450290 71
REALCHAR 4432845999481 1108211499883 51
REALCHAR 4433096544361 1108274136103 51
REALCHAR 4434135357961 1108533839503 51
REALCHAR 4434934706281 1108733676583 51
REALCHAR 4435828477081 1108957119283 51
REALCHAR 4435983499081 1108995874783 51
REALCHAR 4436144277601 1109036069413 51
DEEP 4436309146201 1109077286570 79
REALCHAR 4436664349441 1109166087373 51
SUPPORT 4437589918441 1109397479623 51
REALCHAR 4438782421921 1109695605493 51
DEEP 4438782421921 1109695605501 83
REALCHAR 4440954506041 1110238626523 51
DEEP 4440981993529 1110245498401 75
DEEP 4441186790881 1110296697738 71
REALCHAR 4441317794761 1110329448703 51
DEEP 4441586564809 1110396641220 71
DEEP 4442169760681 1110542440189 75
REALCHAR 4443152160001 1110788040013 51
REALCHAR 4443392727601 1110848181913 51
REALCHAR 4443692260921 1110923065243 51
REALCHAR 4445261502361 1111315375603 51
DEEP 4446836514961 1111709128759 75
REALCHAR 4449143829001 1112285957263 51
DEEP 4449143829001 1112285957270 79
REALCHAR 4450880324881 1112720081233 51
REALCHAR 4451099336401 1112774834113 51
REALCHAR 4451487582721 1112871895693 51
REALCHAR 4452499884121 1113124971043 51
REALCHAR 4453535246161 1113383811553 51
REALCHAR 4454033088961 1113508272253 51
REALCHAR 4454550485641 1113637621423 51
DEEP 4455686226601 1113921556668 71
REALCHAR 4455711299881 1113927824983 51
DEEP 4456852995169 1114213248810 71
REALCHAR 4457326595401 1114331648863 51
REALCHAR 4457778850561 1114444712653 51
REALCHAR 4457966945041 1114491736273 51
DEEP 4458110330881 1114527582738 71
REALCHAR 4459641138481 1114910284633 51
DEEP 4459641138481 1114910284638 71
REALCHAR 4460448718441 1115112179623 51
DEEP 4460448718441 1115112179628 71
DEEP 4460665755841 1115166438981 83
SUPPORT 4461069978121 1115267494543 51
REALCHAR 4461718695121 1115429673793 51
DEEP 4461904172881 1115476043239 75
DEEP 4462198924681 1115549731189 75
REALCHAR 4463347119001 1115836779763 51
REALCHAR 4464262853521 1116065713393 51
SUPPORT 4464888101521 1116222025393 51
REALCHAR 4468510956361 1117127739103 51
REALCHAR 4468793528761 1117198382203 51
REALCHAR 4469068048201 1117267012063 51
SUPPORT 4469572611001 1117393152763 51
DEEP 4469572611001 1117393152770 79
DEEP 4469645258521 1117411314649 75
REALCHAR 4470544720321 1117636180093 51
REALCHAR 4471835919721 1117958979943 51
REALCHAR 4474629476641 1118657369173 51
REALCHAR 4476048260161 1119012065053 51
DEEP 4476048260161 1119012065059 75
REALCHAR 4477326605761 1119331651453 51
DEEP 4477326605761 1119331651458 71
DEEP 4477981642369 1119495410610 71
DEEP 4478460880609 1119615220170 71
REALCHAR 4478908161121 1119727040293 51
SUPPORT 4479010831201 1119752707813 51
REALCHAR 4479222373921 1119805593493 51
REALCHAR 4479844486441 1119961121623 51
REALCHAR 4481325230281 1120331307583 51
REALCHAR 4481686155241 1120421538823 51
REALCHAR 4483432500121 1120858125043 51
REALCHAR 4484050226881 1121012556733 51
DEEP 4484050226881 1121012556738 71
REALCHAR 4484524487041 1121131121773 51
REALCHAR 4485093503641 1121273375923 51
SUPPORT 4485246669121 1121311667293 51
REALCHAR 4485830182681 1121457545683 51
DEEP 4485963443329 1121490860850 71
REALCHAR 4487061804481 1121765451133 51
REALCHAR 4487720708641 1121930177173 51
REALCHAR 4488269350321 1122067337593 51
DEEP 4488856670281 1122214167588 71
SUPPORT 4489653034441 1122413258623 51
REALCHAR 4489974322681 1122493580683 51
REALCHAR 4491925809121 1122981452293 51
DEEP 4492133443561 1123033360910 79
REALCHAR 4492465065001 1123116266263 51
REALCHAR 4493124604081 1123281151033 51
REALCHAR 4493415690481 1123353922633 51
DEEP 4493959098841 1123489774730 79
DEEP 4494241421569 1123560355410 71
DEEP 4494613976161 1123653494059 75
SUPPORT 4495322980201 1123830745063 51
REALCHAR 4497073780081 1124268445033 51
DEEP 4497264918721 1124316229700 79
REALCHAR 4497948786241 1124487196573 51
REALCHAR 4499100627121 1124775156793 51
SUPPORT 4499390819401 1124847704863 51
REALCHAR 4499536751161 1124884187803 51
REALCHAR 4500641996761 1125160499203 51
REALCHAR 4500809636761 1125202409203 51
REALCHAR 4503075704521 1125768926143 51
REALCHAR 4503903809161 1125975952303 51
REALCHAR 4506078969001 1126519742263 51
DEEP 4506531239401 1126632809868 71
SUPPORT 4507230078121 1126807519543 51
DEEP 4507631805889 1126907951490 71
SUPPORT 4509092906761 1127273226703 51
DEEP 4509182454001 1127295613518 71
REALCHAR 4510292896321 1127573224093 51
REALCHAR 4510386206881 1127596551733 51
DEEP 4510500815209 1127625203822 79
REALCHAR 4510970799241 1127742699823 51
REALCHAR 4511150873161 1127787718303 51
DEEP 4511298517441 1127824629379 75
SUPPORT 4511342848321 1127835712093 51
DEEP 4511857261081 1127964315290 79
REALCHAR 4512043834321 1128010958593 51
REALCHAR 4512120554041 1128030138523 51
REALCHAR 4512907729801 1128226932463 51
REALCHAR 4513411844881 1128352961233 51
SUPPORT 4514360298361 1128590074603 51
REALCHAR 4514476744801 1128619186213 51
REALCHAR 4514831819521 1128707954893 51
DEEP 4515736897681 1128934224440 79
REALCHAR 4515978547081 1128994636783 51
REALCHAR 4516221058801 1129055264713 51
REALCHAR 4516509287761 1129127321953 51
REALCHAR 4516864006561 1129216001653 51
SUPPORT 4517267139841 1129316784973 51
DEEP 4517353464649 1129338366180 71
REALCHAR 4517579943361 1129394985853 51
DEEP 4518809701561 1129702425408 71
SUPPORT 4519468930201 1129867232563 51
REALCHAR 4519668929161 1129917232303 51
REALCHAR 4519854961561 1129963740403 51
REALCHAR 4519970572441 1129992643123 51
REALCHAR 4520665029241 1130166257323 51
SUPPORT 4522158650881 1130539662733 51
REALCHAR 4522263497761 1130565874453 51
DEEP 4522656567361 1130664141858 71
REALCHAR 4522677847801 1130669461963 51
REALCHAR 4522709383921 1130677345993 51
REALCHAR 4523652435481 1130913108883 51
REALCHAR 4523784378961 1130946094753 51
REALCHAR 4524011436961 1131002859253 51
DEEP 4524638308369 1131159577110 71
REALCHAR 4524873324841 1131218331223 51
SUPPORT 4525242700801 1131310675213 51
DEEP 4525694740681 1131423685188 71
REALCHAR 4526257742161 1131564435553 51
DEEP 4526791317409 1131697829370 71
REALCHAR 4526949338521 1131737334643 51
REALCHAR 4527259501801 1131814875463 51
REALCHAR 4527290320921 1131822580243 51
DEEP 4527410284489 1131852571140 71
DEEP 4528251480481 1132062870138 71
DEEP 4528375890481 1132093972638 71
REALCHAR 4528380144961 1132095036253 51
REALCHAR 4529094278641 1132273569673 51
REALCHAR 4529585179681 1132396294933 51
DEEP 4530236590489 1132559147641 75
REALCHAR 4530428124121 1132607031043 51
DEEP 4531596969769 1132899242460 71
DEEP 4531916166649 1132979041681 75
DEEP 4532279371489 1133069842890 71
REALCHAR 4532290402201 1133072600563 51
SUPPORT 4533714577681 1133428644433 51
DEEP 4533714577681 1133428644438 71
REALCHAR 4534418528641 1133604632173 51
REALCHAR 4534815656281 1133703914083 51
REALCHAR 4535996354761 1133999088703 51
REALCHAR 4537292244241 1134323061073 51
REALCHAR 4538293433521 1134573358393 51
SUPPORT 4538627324401 1134656831113 51
DEEP 4538627324401 1134656831119 75
REALCHAR 4538675473201 1134668868313 51
REALCHAR 4539428461681 1134857115433 51
DEEP 4540633833961 1135158458508 71
DEEP 4541066100169 1135266525060 71
REALCHAR 4541306666521 1135326666643 51
REALCHAR 4541383071241 1135345767823 51
SUPPORT 4541712059641 1135428014923 51
REALCHAR 4544234256241 1136058564073 51
REALCHAR 4545331638241 1136332909573 51
REALCHAR 4546567817401 1136641954363 51
REALCHAR 4546750070641 1136687517673 51
SUPPORT 4547278456081 1136819614033 51
REALCHAR 4548959933281 1137239983333 51
DEEP 4549526473969 1137381618512 79
REALCHAR 4549832991001 1137458247763 51
SUPPORT 4550501958601 1137625489663 51
REALCHAR 4550744677441 1137686169373 51
DEEP 4550757493489 1137689373392 79
REALCHAR 4551388299481 1137847074883 51
DEEP 4551977701489 1137994425391 75
REALCHAR 4552203621001 1138050905263 51
REALCHAR 4552473117481 1138118279383 51
REALCHAR 4552603432441 1138150858123 51
REALCHAR 4552891957441 1138222989373 51
REALCHAR 4553575528681 1138393882183 51
REALCHAR 4553845612801 1138461403213 51
REALCHAR 4554609568441 1138652392123 51
REALCHAR 4554946947721 1138736736943 51
DEEP 4556658113569 1139164528413 83
DEEP 4557362335969 1139340584011 75
REALCHAR 4558029184921 1139507296243 51
DEEP 4558859985241 1139714996328 71
DEEP 4559341831801 1139835457968 71
REALCHAR 4559490390841 1139872597723 51
DEEP 4559551618561 1139887904658 71
SUPPORT 4559851659841 1139962914973 51
DEEP 4560664839721 1140166209948 71
DEEP 4561293249769 1140323312460 71
REALCHAR 4561735280041 1140433820023 51
DEEP 4561735280041 1140433820028 71
REALCHAR 4561789672801 1140447418213 51
REALCHAR 4562420200321 1140605050093 51
REALCHAR 4562852304481 1140713076133 51
REALCHAR 4563728297041 1140932074273 51
REALCHAR 4564338411361 1141084602853 51
DEEP 4565550626569 1141387656660 71
REALCHAR 4565554582801 1141388645713 51
DEEP 4566369030001 1141592257520 79
DEEP 4567272781681 1141818195438 71
SUPPORT 4569565079641 1142391269923 51
REALCHAR 4570340895481 1142585223883 51
DEEP 4570925840881 1142731460238 71
REALCHAR 4571675067961 1142918767003 51
REALCHAR 4573195037161 1143298759303 51
REALCHAR 4573460387521 1143365096893 51
REALCHAR 4574670059521 1143667514893 51
REALCHAR 4574822965441 1143705741373 51
REALCHAR 4575153233401 1143788308363 51
REALCHAR 4575337963681 1143834490933 51
SUPPORT 4575567567481 1143891891883 51
DEEP 4575686111929 1143921528002 79
REALCHAR 4575838425841 1143959606473 51
REALCHAR 4575876450601 1143969112663 51
DEEP 4577200572169 1144300143061 75
REALCHAR 4577267669041 1144316917273 51
REALCHAR 4577279625361 1144319906353 51
REALCHAR 4577389040449 1144347260131 75
DEEP 4577389040449 1144347260133 83
REALCHAR 4578488270281 1144622067583 51
DEEP 4580371926601 1145092981668 71
SUPPORT 4580749097521 1145187274393 51
REALCHAR 4580755307881 1145188826983 51
REALCHAR 4580953748281 1145238437083 51
REALCHAR 4581454146721 1145363536693 51
DEEP 4586183716921 1146545929252 87
REALCHAR 4586418198961 1146604549753 51
REALCHAR 4586633702641 1146658425673 51
REALCHAR 4587806019241 1146951504823 51
REALCHAR 4588789805161 1147197451303 51
DEEP 4589809364449 1147452341130 71
REALCHAR 4590229390321 1147557347593 51
REALCHAR 4590521303281 1147630325833 51
REALCHAR 4591194891721 1147798722943 51
REALCHAR 4591819713121 1147954928293 51
DEEP 4591870852321 1147967713098 71
SUPPORT 4591922016361 1147980504103 51
DEEP 4592977214401 1148244303620 79
SUPPORT 4594042604761 1148510651203 51
DEEP 4594994387281 1148748596838 71
REALCHAR 4595274601681 1148818650433 51
REALCHAR 4597033790281 1149258447583 51
DEEP 4597164838249 1149291209580 71
DEEP 4597623467089 1149405866790 71
REALCHAR 4597790508481 1149447627133 51
DEEP 4598093569969 1149523392511 75
REALCHAR 4598686092001 1149671523013 51
REALCHAR 4598792989561 1149698247403 51
DEEP 4598877925321 1149719481348 71
REALCHAR 4599956297161 1149989074303 51
REALCHAR 4600669513801 1150167378463 51
REALCHAR 4601443376401 1150360844113 51
REALCHAR 4601631314641 1150407828673 51
DEEP 4601631314641 1150407828678 71
DEEP 4601962708249 1150490677080 71
REALCHAR 4602246750481 1150561687633 51
REALCHAR 4602310851961 1150577713003 51
REALCHAR 4603174306201 1150793576563 51
SUPPORT 4603546311961 1150886578003 51
REALCHAR 4603683753601 1150920938413 51
REALCHAR 4606102587241 1151525646823 51
DEEP 4606102587241 1151525646829 75
REALCHAR 4607644377961 1151911094503 51
DEEP 4607644377961 1151911094508 71
REALCHAR 4607975113681 1151993778433 51
DEEP 4608516829921 1152129207498 71
DEEP 4610617819921 1152654454998 71
REALCHAR 4613328548761 1153332137203 51
DEEP 4613492562121 1153373140548 71
REALCHAR 4613784366361 1153446091603 51
REALCHAR 4614969818761 1153742454703 51
REALCHAR 4615253674201 1153813418563 51
REALCHAR 4615602777241 1153900694323 51
REALCHAR 4615978990921 1153994747743 51
REALCHAR 4616010159601 1154002539913 51
REALCHAR 4616426753761 1154106688453 51
REALCHAR 4618468878241 1154617219573 51
REALCHAR 4618903304401 1154725826113 51
DEEP 4619437863121 1154859465800 79
REALCHAR 4619571874681 1154892968683 51
REALCHAR 4619824449241 1154956112323 51
DEEP 4620799563769 1155199890960 71
REALCHAR 4621378280401 1155344570113 51
REALCHAR 4621670906161 1155417726553 51
REALCHAR 4623053565601 1155763391413 51
REALCHAR 4623355868041 1155838967023 51
REALCHAR 4624076945401 1156019236363 51
DEEP 4624294187041 1156073546778 71
REALCHAR 4625058907921 1156264726993 51
REALCHAR 4626331248841 1156582812223 51
REALCHAR 4626855266881 1156713816733 51
DEEP 4628042507929 1157010627000 71
DEEP 4628580307129 1157145076800 71
REALCHAR 4630030189801 1157507547463 51
REALCHAR 4631222774161 1157805693553 51
DEEP 4631798427169 1157949606810 71
REALCHAR 4632095382121 1158023845543 51
REALCHAR 4632789833281 1158197458333 51
REALCHAR 4633149832921 1158287458243 51
REALCHAR 4635310609801 1158827652463 51
DEEP 4635482729641 1158870682428 71
REALCHAR 4636643968441 1159160992123 51
DEEP 4636746496321 1159186624098 71
SUPPORT 4637067059881 1159266764983 51
REALCHAR 4637712884401 1159428221113 51
DEEP 4637712884401 1159428221118 71
DEEP 4637725624921 1159431406248 71
REALCHAR 4638785995561 1159696498903 51
REALCHAR 4638957740041 1159739435023 51
REALCHAR 4642139413921 1160534853493 51
DEEP 4644152605849 1161038151482 79
DEEP 4645510561129 1161377640301 75
SUPPORT 4645849247041 1161462311773 51
SUPPORT 4645972775161 1161493193803 51
REALCHAR 4646698387081 1161674596783 51
DEEP 4646896792129 1161724198050 71
DEEP 4650788903401 1162697225868 71
REALCHAR 4651773005881 1162943251483 51
REALCHAR 4651879626241 1162969906573 51
REALCHAR 4652546537521 1163136634393 51
REALCHAR 4652604844801 1163151211213 51
DEEP 4652775552049 1163193888030 71
REALCHAR 4654025046841 1163506261723 51
DEEP 4655680434409 1163920108620 71
SUPPORT 4656175443481 1164043860883 51
SUPPORT 4656454274761 1164113568703 51
REALCHAR 4656674746201 1164168686563 51
REALCHAR 4657088436001 1164272109013 51
DEEP 4657159169881 1164289792492 87
DEEP 4657453326289 1164363331590 71
REALCHAR 4657569503161 1164392375803 51
DEEP 4657956923929 1164489231000 71
REALCHAR 4658274431281 1164568607833 51
REALCHAR 4658299580281 1164574895083 51
REALCHAR 4658408973241 1164602243323 51
REALCHAR 4658545253041 1164636313273 51
DEEP 4659785807329 1164946451850 71
DEEP 4660151628889 1165037907242 79
REALCHAR 4660203803641 1165050950923 51
REALCHAR 4660706455441 1165176613873 51
REALCHAR 4660746459121 1165186614793 51
REALCHAR 4662401620969 1165600405261 75
DEEP 4662401620969 1165600405263 83
DEEP 4663324968121 1165831242048 71
REALCHAR 4664411191441 1166102797873 51
REALCHAR 4664825882161 1166206470553 51
REALCHAR 4666110081361 1166527520353 51
REALCHAR 4666820271961 1166705068003 51
REALCHAR 4671235208641 1167808802173 51
REALCHAR 4671650739001 1167912684769 75
DEEP 4671650739001 1167912684771 83
REALCHAR 4672595044441 1168148761123 51
REALCHAR 4674945432481 1168736358133 51
REALCHAR 4675511031361 1168877757853 51
DEEP 4675821357769 1168955339461 75
REALCHAR 4676319993601 1169079998413 51
REALCHAR 4677760080361 1169440020103 51
REALCHAR 4677961438921 1169490359743 51
REALCHAR 4678168775281 1169542193833 51
DEEP 4678258413481 1169564603389 75
REALCHAR 4680173060161 1170043265053 51
REALCHAR 4680649109761 1170162277453 51
DEEP 4681787790241 1170446947578 71
DEEP 4681816184761 1170454046209 75
REALCHAR 4682140695241 1170535173823 51
REALCHAR 4683256138201 1170814034563 51
DEEP 4683664550569 1170916137660 71
REALCHAR 4684834253401 1171208563363 51
REALCHAR 4686254523721 1171563630943 51
REALCHAR 4686749252641 1171687313173 51
DEEP 4686749252641 1171687313180 79
REALCHAR 4687029668161 1171757417053 51
REALCHAR 4687409643361 1171852410853 51
REALCHAR 4687488887761 1171872221953 51
SUPPORT 4687607084161 1171901771053 51
REALCHAR 4688027809921 1172006952493 51
REALCHAR 4688256965401 1172064241363 51
REALCHAR 4689389282881 1172347320733 51
REALCHAR 4689467892841 1172366973223 51
DEEP 4689663243409 1172415810870 71
DEEP 4689805300489 1172451325141 75
REALCHAR 4690071151921 1172517787993 51
REALCHAR 4690964290321 1172741072593 51
DEEP 4692083881489 1173020970393 83
REALCHAR 4692581898601 1173145474663 51
DEEP 4693084399441 1173271099880 79
REALCHAR 4693501752241 1173375438073 51
REALCHAR 4694448282001 1173612070513 51
REALCHAR 4694829304201 1173707326063 51
REALCHAR 4695919760401 1173979940113 51
REALCHAR 4696150018561 1174037504653 51
DEEP 4696606364641 1174151591178 71
REALCHAR 4697409588481 1174352397133 51
REALCHAR 4697795014201 1174448753563 51
REALCHAR 4697823724801 1174455931213 51
DEEP 4698463221169 1174615805310 71
REALCHAR 4698592596721 1174648149193 51
REALCHAR 4698961123081 1174740280783 51
REALCHAR 4699257407881 1174814351983 51
REALCHAR 4700193103321 1175048275843 51
REALCHAR 4701399864001 1175349966013 51
DEEP 4701477313009 1175369328270 71
DEEP 4701576753721 1175394188448 71
REALCHAR 4701734042041 1175433510523 51
REALCHAR 4702801414921 1175700353743 51
DEEP 4703691175681 1175922793940 79
REALCHAR 4703873854681 1175968463683 51
DEEP 4704418888129 1176104722050 71
DEEP 4704940585489 1176235146390 71
REALCHAR 4705337077081 1176334269283 51
DEEP 4705475916241 1176368979081 83
DEEP 4705517686321 1176379421598 71
REALCHAR 4705611629161 1176402907303 51
REALCHAR 4706086159681 1176521539933 51
REALCHAR 4706293009441 1176573252373 51
REALCHAR 4707181090921 1176795272743 51
REALCHAR 4707820331041 1176955082773 51
DEEP 4708232625721 1177058156453 91
REALCHAR 4708644391441 1177161097873 51
REALCHAR 4708745569441 1177186392373 51
REALCHAR 4710032619601 1177508154913 51
REALCHAR 4710833572201 1177708393063 51
REALCHAR 4711214890561 1177803722653 51
DEEP 4711214890561 1177803722660 79
REALCHAR 4711489148521 1177872287143 51
DEEP 4711489148521 1177872287150 79
REALCHAR 4712089185241 1178022296323 51
REALCHAR 4712343267241 1178085816823 51
DEEP 4712485738801 1178121434718 71
REALCHAR 4715411344081 1178852836033 51
DEEP 4716076716289 1179019179094 87
DEEP 4716266778001 1179066694518 71
REALCHAR 4717648725001 1179412181263 51
DEEP 4717648725001 1179412181268 71
DEEP 4718695267441 1179673816879 75
REALCHAR 4720632841681 1180158210433 51
REALCHAR 4720733634241 1180183408573 51
REALCHAR 4721827021921 1180456755493 51
REALCHAR 4722427175761 1180606793953 51
REALCHAR 4722564294361 1180641073603 51
SUPPORT 4722648335161 1180662083803 51
REALCHAR 4723196424241 1180799106073 51
DEEP 4723221349081 1180805337290 79
REALCHAR 4723824871921 1180956217993 51
DEEP 4724485516969 1181121379260 71
REALCHAR 4724695007041 1181173751773 51
DEEP 4725317930089 1181329482542 79
SUPPORT 4725597041881 1181399260483 51
REALCHAR 4726342083961 1181585521003 51
DEEP 4727803163329 1181950790850 71
DEEP 4728391520449 1182097880130 71
SUPPORT 4728642324961 1182160581253 51
SUPPORT 4728819415681 1182204853933 51
REALCHAR 4729068220321 1182267055093 51
REALCHAR 4729491833641 1182372958423 51
DEEP 4729897684009 1182474421021 75
DEEP 4730105706769 1182526426710 71
REALCHAR 4730445241201 1182611310313 51
REALCHAR 4731244389481 1182811097383 51
REALCHAR 4731805239001 1182951309769 75
DEEP 4731805239001 1182951309770 79
REALCHAR 4733762224801 1183440556213 51
REALCHAR 4734367471201 1183591867813 51
REALCHAR 4734807003481 1183701750883 51
REALCHAR 4735955578201 1183988894563 51
REALCHAR 4736259344041 1184064836023 51
DEEP 4736826686881 1184206671738 71
REALCHAR 4737017507161 1184254376803 51
DEEP 4737072539761 1184268134959 75
REALCHAR 4737963674161 1184490918553 51
REALCHAR 4738443599761 1184610899953 51
REALCHAR 4738721540281 1184680385083 51
REALCHAR 4739009456281 1184752364083 51
DEEP 4739267558089 1184816889540 71
DEEP 4740884148841 1185221037228 71
REALCHAR 4741304480641 1185326120173 51
DEEP 4741409904001 1185352476021 83
REALCHAR 4743047994721 1185761998693 51
SUPPORT 4744405849681 1186101462433 51
DEEP 4744782670681 1186195667690 79
SUPPORT 4744965541801 1186241385463 51
REALCHAR 4745347334641 1186336833673 51
REALCHAR 4747319085721 1186829771443 51
REALCHAR 4747393962481 1186848490633 51
DEEP 4747393962481 1186848490638 71
REALCHAR 4747397195641 1186849298923 51
REALCHAR 4747406480041 1186851620023 51
DEEP 4748360444881 1187090111238 71
REALCHAR 4749050834641 1187262708673 51
DEEP 4749396953401 1187349238369 75
DEEP 4749580623649 1187395155934 87
DEEP 4749636017809 1187409004470 71
DEEP 4750367160529 1187591790151 75
REALCHAR 4751629514641 1187907378673 51
REALCHAR 4751637106441 1187909276623 51
DEEP 4752165826489 1188041456641 75
REALCHAR 4752667427041 1188166856773 51
REALCHAR 4752866792521 1188216698143 51
SUPPORT 4752935010121 1188233752543 51
REALCHAR 4753086611641 1188271652923 51
REALCHAR 4755092149921 1188773037493 51
REALCHAR 4756302577321 1189075644343 51
DEEP 4756335417289 1189083854340 71
REALCHAR 4756904241961 1189226060503 51
REALCHAR 4757647671001 1189411917763 51
REALCHAR 4758417990481 1189604497633 51
REALCHAR 4758509801761 1189627450453 51
DEEP 4759248133249 1189812033330 71
DEEP 4759364923681 1189841230938 71
REALCHAR 4760819941081 1190204985283 51
REALCHAR 4761251287081 1190312821783 51
DEEP 4762108567441 1190527141878 71
REALCHAR 4765048825681 1191262206433 51
DEEP 4765352232481 1191338058138 71
REALCHAR 4766075880721 1191518970193 51
DEEP 4767065024089 1191766256040 71
DEEP 4768430463889 1192107615992 79
REALCHAR 4768494202081 1192123550533 51
SUPPORT 4769635578241 1192408894573 51
REALCHAR 4769863942321 1192465985593 51
REALCHAR 4769966052721 1192491513193 51
REALCHAR 4771354350361 1192838587603 51
REALCHAR 4771645041601 1192911260413 51
DEEP 4772014587649 1193003646930 71
REALCHAR 4772340798241 1193085199573 51
REALCHAR 4772388502561 1193097125653 51
REALCHAR 4772547256801 1193136814213 51
SUPPORT 4772854678201 1193213669563 51
REALCHAR 4772993389921 1193248347493 51
REALCHAR 4773272115361 1193318028853 51
REALCHAR 4774762104841 1193690526223 51
REALCHAR 4774867107481 1193716776883 51
REALCHAR 4775208303121 1193802075793 51
SUPPORT 4775304379561 1193826094903 51
REALCHAR 4775634534841 1193908633723 51
SUPPORT 4775744159761 1193936039953 51
REALCHAR 4777053255361 1194263313853 51
DEEP 4779504689569 1194876172410 71
REALCHAR 4779782073361 1194945518353 51
DEEP 4780306760329 1195076690100 71
REALCHAR 4781493802801 1195373450713 51
REALCHAR 4782182781601 1195545695413 51
REALCHAR 4782209338201 1195552334563 51
DEEP 4782619772401 1195654943118 71
REALCHAR 4783455381721 1195863845443 51
DEEP 4783455381721 1195863845448 71
REALCHAR 4783500445201 1195875111313 51
REALCHAR 4783804957801 1195951239463 51
DEEP 4784259803761 1196064950960 79
DEEP 4785003494041 1196250873530 79
REALCHAR 4786484693761 1196621173453 51
REALCHAR 4786610679841 1196652669973 51
DEEP 4787803085521 1196950771398 71
DEEP 4787825375089 1196956343792 79
REALCHAR 4787884815169 1196971203811 75
DEEP 4787884815169 1196971203812 79
REALCHAR 4788532051081 1197133012783 51
DEEP 4788988104289 1197247026090 71
REALCHAR 4790634492121 1197658623043 51
REALCHAR 4790950874161 1197737718553 51
DEEP 4791558940921 1197889735248 71
DEEP 4791802199209 1197950549820 71
DEEP 4791809011441 1197952252878 71
DEEP 4793135803369 1198283950865 91
REALCHAR 4793368179601 1198342044913 51
DEEP 4794718996369 1198679749110 71
REALCHAR 4795313693641 1198828423423 51
REALCHAR 4795376640961 1198844160253 51
SUPPORT 4795634419801 1198908604963 51
REALCHAR 4795862550361 1198965637603 51
SUPPORT 4796199498841 1199049874723 51
REALCHAR 4796583642601 1199145910663 51
DEEP 4797901006369 1199475251613 83
REALCHAR 4798305269521 1199576317393 51
REALCHAR 4798343632681 1199585908183 51
REALCHAR 4799825175601 1199956293913 51
REALCHAR 4799870194681 1199967548683 51
REALCHAR 4799896720921 1199974180243 51
DEEP 4800940505089 1200235126290 71
REALCHAR 4801519299721 1200379824943 51
REALCHAR 4802836910881 1200709227733 51
REALCHAR 4803194498041 1200798624523 51
REALCHAR 4803242989561 1200810747403 51
REALCHAR 4804079486761 1201019871703 51
REALCHAR 4804314217921 1201078554493 51
DEEP 4804314217921 1201078554498 71
REALCHAR 4804712029441 1201178007373 51
REALCHAR 4805180616721 1201295154193 51
DEEP 4805180616721 1201295154200 79
DEEP 4805696107081 1201424026788 71
REALCHAR 4806045987961 1201511497003 51
REALCHAR 4806765647161 1201691411803 51
REALCHAR 4808013939481 1202003484883 51
REALCHAR 4808179390921 1202044847743 51
REALCHAR 4808392396201 1202098099063 51
REALCHAR 4809183003769 1202295750961 75
DEEP 4809183003769 1202295750965 91
REALCHAR 4809467559961 1202366890003 51
DEEP 4810273501489 1202568375390 71
REALCHAR 4810769006761 1202692251703 51
REALCHAR 4811396565361 1202849141353 51
DEEP 4811617362841 1202904340728 71
DEEP 4811775854209 1202943963573 83
REALCHAR 4812499618081 1203124904533 51
REALCHAR 4812840786961 1203210196753 51
REALCHAR 4813023323161 1203255830803 51
DEEP 4813023323161 1203255830808 71
REALCHAR 4813729484281 1203432371083 51
REALCHAR 4814150464561 1203537616153 51
REALCHAR 4816501133161 1204125283303 51
REALCHAR 4816930283881 1204232570983 51
DEEP 4817725597441 1204431399378 71
REALCHAR 4818380168281 1204595042083 51
DEEP 4818872681401 1204718170368 71
SUPPORT 4818892991641 1204723247923 51
DEEP 4819382555521 1204845638898 71
DEEP 4819665828961 1204916457258 71
REALCHAR 4820042483881 1205010620983 51
DEEP 4820042483881 1205010620988 71
REALCHAR 4820174104201 1205043526063 51
REALCHAR 4820539443721 1205134860943 51
REALCHAR 4824303782281 1206075945583 51
DEEP 4825402445161 1206350611308 71
DEEP 4826332009801 1206583002468 71
SUPPORT 4826445042721 1206611260693 51
REALCHAR 4826577829441 1206644457373 51
DEEP 4829668518481 1207417129638 71
DEEP 4830280775401 1207570193870 79
REALCHAR 4830499225561 1207624806403 51
REALCHAR 4830780744001 1207695186013 51
DEEP 4830780744001 1207695186018 71
REALCHAR 4833449505481 1208362376383 51
DEEP 4834509508921 1208627377248 71
REALCHAR 4835327283361 1208831820853 51
REALCHAR 4836317073121 1209079268293 51
REALCHAR 4837439978281 1209359994583 51
REALCHAR 4838020490521 1209505122643 51
REALCHAR 4838708553121 1209677138293 51
DEEP 4838951438161 1209737859558 71
REALCHAR 4839223387441 1209805846873 51
DEEP 4839223387441 1209805846880 79
DEEP 4839587354449 1209896838632 79
DEEP 4839682016569 1209920504160 71
REALCHAR 4840115705881 1210028926483 51
DEEP 4840729738321 1210182434598 71
SUPPORT 4841537574721 1210384393693 51
REALCHAR 4841770315321 1210442578843 51
DEEP 4841942358289 1210485589590 71
REALCHAR 4844405596801 1211101399213 51
SUPPORT 4844428789561 1211107197403 51
DEEP 4844602397209 1211150599320 71
DEEP 4845605080369 1211401270110 71
DEEP 4845785149921 1211446287498 71
DEEP 4846026191449 1211506547880 71
DEEP 4846960166689 1211740041699 107
REALCHAR 4847969349001 1211992337263 51
DEEP 4847993202361 1211998300611 83
REALCHAR 4848654735961 1212163684003 51
REALCHAR 4848702698401 1212175674613 51
DEEP 4849218327529 1212304581905 91
REALCHAR 4849595889961 1212398972503 51
REALCHAR 4850093490841 1212523372723 51
REALCHAR 4850142283561 1212535570903 51
REALCHAR 4850747224801 1212686806213 51
REALCHAR 4851128286601 1212782071663 51
REALCHAR 4851628715761 1212907178953 51
DEEP 4853167713241 1213291928330 79
REALCHAR 4853249833441 1213312458373 51
SUPPORT 4853334689641 1213333672423 51
REALCHAR 4854649956601 1213662489163 51
REALCHAR 4855544943001 1213886235763 51
DEEP 4855544943001 1213886235768 71
DEEP 4860315610921 1215078902748 71
REALCHAR 4860859921681 1215214980433 51
DEEP 4860859921681 1215214980438 71
REALCHAR 4861021517641 1215255379423 51
DEEP 4861092343969 1215273086010 71
DEEP 4861133186809 1215283296720 71
REALCHAR 4861969388761 1215492347203 51
REALCHAR 4863259747921 1215814936993 51
DEEP 4864037419081 1216009354788 71
DEEP 4864433317969 1216108329512 79
REALCHAR 4864771796641 1216192949173 51
DEEP 4864771796641 1216192949178 71
REALCHAR 4865311725121 1216327931293 51
DEEP 4865311725121 1216327931300 79
REALCHAR 4865357022241 1216339255573 51
REALCHAR 4866128925121 1216532231293 51
REALCHAR 4867338300841 1216834575223 51
REALCHAR 4868754170281 1217188542583 51
REALCHAR 4869508717441 1217377179373 51
REALCHAR 4869685664281 1217421416083 51
REALCHAR 4870218109201 1217554527313 51
REALCHAR 4870430409601 1217607602413 51
REALCHAR 4870712109481 1217678027383 51
REALCHAR 4872151718281 1218037929583 51
REALCHAR 4873303631641 1218325907923 51
REALCHAR 4873381796761 1218345449203 51
REALCHAR 4874132112721 1218533028193 51
SUPPORT 4874313435601 1218578358913 51
DEEP 4874313435601 1218578358918 71
DEEP 4874567727121 1218641931798 71
REALCHAR 4874679593281 1218669898333 51
DEEP 4875942071641 1218985517928 71
DEEP 4876487961361 1219121990358 71
REALCHAR 4876871457481 1219217864383 51
DEEP 4879501160689 1219875290191 75
DEEP 4879940108521 1219985027148 71
REALCHAR 4880214044161 1220053511053 51
DEEP 4880253478489 1220063369640 71
DEEP 4880558811769 1220139702960 71
REALCHAR 4881487041601 1220371760413 51
REALCHAR 4881858599641 1220464649923 51
REALCHAR 4882812510601 1220703127663 51
REALCHAR 4883002466521 1220750616643 51
REALCHAR 4883182111201 1220795527813 51
DEEP 4884085456441 1221021364130 79
DEEP 4884492219721 1221123054948 71
DEEP 4884992558209 1221248139570 71
DEEP 4885043660641 1221260915181 83
SUPPORT 4885402481521 1221350620393 51
REALCHAR 4885550460001 1221387615013 51
REALCHAR 4886414617681 1221603654433 51
REALCHAR 4887134655841 1221783663973 51
DEEP 4887980545561 1221995136408 71
REALCHAR 4888221060241 1222055265073 51
REALCHAR 4888505146561 1222126286653 51
REALCHAR 4888990012201 1222247503063 51
REALCHAR 4890596327761 1222649081953 51
REALCHAR 4890906294121 1222726573543 51
DEEP 4890906294121 1222726573548 71
DEEP 4891486124281 1222871531089 75
REALCHAR 4891736529241 1222934132323 51
REALCHAR 4891771527241 1222942881823 51
SUPPORT 4892948159401 1223237039863 51
DEEP 4895504064889 1223876016240 71
SUPPORT 4895585052121 1223896263043 51
REALCHAR 4895828812081 1223957203033 51
DEEP 4895896559401 1223974139870 79
SUPPORT 4896748695721 1224187173943 51
REALCHAR 4897217983681 1224304495933 51
DEEP 4898560970521 1224640242648 71
REALCHAR 4898584643761 1224646160953 51
REALCHAR 4898694667441 1224673666873 51
SUPPORT 4899269179561 1224817294903 51
REALCHAR 4900102164721 1225025541193 51
DEEP 4900200856489 1225050214141 75
REALCHAR 4900828104481 1225207026133 51
REALCHAR 4900851069241 1225212767323 51
REALCHAR 4901742597361 1225435649353 51
REALCHAR 4903950274441 1225987568623 51
REALCHAR 4903972111921 1225993027993 51
REALCHAR 4905549245521 1226387311393 51
REALCHAR 4907431315081 1226857828783 51
DEEP 4908209195761 1227052298958 71
REALCHAR 4909041078841 1227260269723 51
REALCHAR 4911296318041 1227824079523 51
REALCHAR 4912588065841 1228147016473 51
DEEP 4912608227641 1228152056928 71
DEEP 4912729117321 1228182279348 71
REALCHAR 4913649807361 1228412451853 51
DEEP 4913853984649 1228463496180 71
DEEP 4914298014649 1228574503682 79
REALCHAR 4914414122641 1228603530673 51
REALCHAR 4914701908561 1228675477153 51
REALCHAR 4915355598001 1228838899513 51
DEEP 4915408451209 1228852112832 119
REALCHAR 4916198021641 1229049505423 51
REALCHAR 4916298299641 1229074574923 51
DEEP 4916298299641 1229074574931 83
REALCHAR 4917178749961 1229294687503 51
REALCHAR 4917287575201 1229321893813 51
DEEP 4917352445041 1229338111280 79
DEEP 4917699652321 1229424913098 71
REALCHAR 4918087199041 1229521799773 51
REALCHAR 4918781276161 1229695319053 51
DEEP 4919695402561 1229923850658 71
DEEP 4920406337401 1230101584368 71
SUPPORT 4921093395121 1230273348793 51
DEEP 4921234479529 1230308619900 71
REALCHAR 4921926096481 1230481524133 51
DEEP 4921926096481 1230481524138 71
DEEP 4922219359201 1230554839818 71
REALCHAR 4922813716921 1230703429243 51
REALCHAR 4922844523921 1230711130993 51
DEEP 4923011691049 1230752922780 71
REALCHAR 4923109803481 1230777450883 51
DEEP 4923961804441 1230990451128 71
DEEP 4924317739441 1231079434878 71
REALCHAR 4924519989601 1231129997413 51
REALCHAR 4924630910761 1231157727703 51
REALCHAR 4925254181761 1231313545453 51
REALCHAR 4925389761601 1231347440413 51
REALCHAR 4925552792161 1231388198053 51
REALCHAR 4926761495041 1231690373773 51
REALCHAR 4926967943041 1231741985773 51
DEEP 4927427818681 1231856954689 75
DEEP 4928191848889 1232047962245 91
SUPPORT 4928500668001 1232125167013 51
REALCHAR 4930948565761 1232737141453 51
REALCHAR 4930984296001 1232746074013 51
REALCHAR 4931419081801 1232854770463 51
DEEP 4931419081801 1232854770471 83
REALCHAR 4934455672441 1233613918123 51
REALCHAR 4934465967601 1233616491913 51
REALCHAR 4935006531361 1233751632853 51
REALCHAR 4935664016761 1233916004203 51
REALCHAR 4936087079641 1234021769923 51
DEEP 4937498019169 1234374504810 71
REALCHAR 4939197934441 1234799483623 51
DEEP 4939720978921 1234930244748 71
REALCHAR 4939744558681 1234936139683 51
DEEP 4940177328529 1235044332150 71
SUPPORT 4942127144161 1235531786053 51
REALCHAR 4942454853961 1235613713503 51
REALCHAR 4942843275841 1235710818973 51
DEEP 4944801586201 1236200396568 71
REALCHAR 4947962641801 1236990660463 51
REALCHAR 4948028484961 1237007121253 51
REALCHAR 4948395209521 1237098802393 51
DEEP 4949541837769 1237385459460 71
REALCHAR 4949586900241 1237396725073 51
REALCHAR 4950220381681 1237555095433 51
REALCHAR 4950278089201 1237569522313 51
REALCHAR 4950935552161 1237733888053 51
REALCHAR 4951403926921 1237850981743 51
SUPPORT 4951936640641 1237984160173 51
REALCHAR 4952593901161 1238148475303 51
REALCHAR 4952654133001 1238163533263 51
DEEP 4952654133001 1238163533268 71
DEEP 4952660996761 1238165249208 71
REALCHAR 4952948124721 1238237031193 51
REALCHAR 4953558002761 1238389500703 51
REALCHAR 4953782925001 1238445731263 51
REALCHAR 4954235832001 1238558958013 51
DEEP 4954235832001 1238558958024 95
REALCHAR 4955901043921 1238975260993 51
REALCHAR 4956062088961 1239015522253 51
REALCHAR 4958052219961 1239513055003 51
REALCHAR 4958356210201 1239589052563 51
REALCHAR 4958758082041 1239689520523 51
REALCHAR 4959910945441 1239977736373 51
DEEP 4960098271969 1240024568012 79
REALCHAR 4961121290161 1240280322553 51
REALCHAR 4961581973401 1240395493363 51
DEEP 4962366169489 1240591542390 71
DEEP 4962514546441 1240628636629 75
REALCHAR 4963362866641 1240840716673 51
SUPPORT 4965149731441 1241287432873 51
REALCHAR 4965244203481 1241311050883 51
REALCHAR 4965699749761 1241424937453 51
REALCHAR 4966736556721 1241684139193 51
REALCHAR 4966853856721 1241713464193 51
DEEP 4966853856721 1241713464198 71
REALCHAR 4967322351601 1241830587913 51
DEEP 4967901135961 1241975284008 71
DEEP 4968923262241 1242230815580 79
REALCHAR 4969197280441 1242299320123 51
REALCHAR 4970182158841 1242545539723 51
SUPPORT 4970370307681 1242592576933 51
DEEP 4970370307681 1242592576938 71
REALCHAR 4970752527841 1242688131973 51
REALCHAR 4971289377961 1242822344503 51
REALCHAR 4973234517001 1243308629263 51
DEEP 4973234517001 1243308629268 71
REALCHAR 4973658690841 1243414672723 51
SUPPORT 4974223734481 1243555933633 51
REALCHAR 4974508817041 1243627204273 51
REALCHAR 4975026172561 1243756543153 51
REALCHAR 4975561642921 1243890410743 51
REALCHAR 4975901376601 1243975344163 51
REALCHAR 4977833239681 1244458309933 51
DEEP 4978330185481 1244582546389 75
SUPPORT 4979170995241 1244792748823 51
DEEP 4980260657089 1245065164291 75
DEEP 4980623767681 1245155941939 75
DEEP 4980631360849 1245157840230 71
SUPPORT 4981095515881 1245273878983 51
REALCHAR 4981258612201 1245314653063 51
REALCHAR 4981656825601 1245414206413 51
REALCHAR 4981800544081 1245450136033 51
REALCHAR 4982388106921 1245597026743 51
REALCHAR 4983502680601 1245875670163 51
REALCHAR 4984215447121 1246053861793 51
REALCHAR 4984270710721 1246067677693 51
REALCHAR 4984331428441 1246082857123 51
REALCHAR 4985187070081 1246296767539 75
DEEP 4985187070081 1246296767540 79
DEEP 4986212977321 1246553244350 79
REALCHAR 4986520751521 1246630187893 51
DEEP 4986520751521 1246630187898 71
DEEP 4987116455689 1246779113940 71
REALCHAR 4987574808241 1246893702073 51
REALCHAR 4988528016481 1247132004133 51
DEEP 4990199279521 1247549819898 71
REALCHAR 4990900900441 1247725225123 51
DEEP 4991071613089 1247767903290 71
REALCHAR 4991497047601 1247874261913 51
REALCHAR 4992047316481 1248011829133 51
REALCHAR 4992694137601 1248173534413 51
REALCHAR 4993291955521 1248322988893 51
REALCHAR 4993793530441 1248448382623 51
REALCHAR 4994059926241 1248514981573 51
REALCHAR 4995050186281 1248762546583 51
REALCHAR 4995600987001 1248900246763 51
REALCHAR 4995832314841 1248958078723 51
SUPPORT 4996018364401 1249004591113 51
DEEP 4996629334321 1249157333598 71
REALCHAR 4998138401881 1249534600483 51
DEEP 4998138401881 1249534600490 79
DEEP 4998484814569 1249621203660 71
REALCHAR 4999052196961 1249763049253 51
SUPPORT 4999426930801 1249856732713 51
REALCHAR 4999486535521 1249871633893 51
DEEP 4999486535521 1249871633898 71
REALCHAR 4999693687921 1249923421993 51
REALCHAR 5000018953801 1250004738463 51
REALCHAR 5000182824961 1250045706253 51
REALCHAR 5000615900641 1250153975173 51
DEEP 5001989666881 1250497416743 91
REALCHAR 5002219694761 1250554923703 51
REALCHAR 5002301672281 1250575418083 51
REALCHAR 5002963668481 1250740917133 51
DEEP 5002963668481 1250740917138 71
REALCHAR 5003964971041 1250991242773 51
DEEP 5004485574169 1251121393560 71
REALCHAR 5004511562521 1251127890643 51
REALCHAR 5005111824001 1251277956013 51
DEEP 5006999149681 1251749787439 75
REALCHAR 5007090172681 1251772543183 51
SUPPORT 5007524472721 1251881118193 51
REALCHAR 5008198235881 1252049558983 51
REALCHAR 5008440157081 1252110039283 51
SUPPORT 5009960428201 1252490107063 51
REALCHAR 5010324335641 1252581083923 51
REALCHAR 5011700244721 1252925061193 51
SUPPORT 5012100061201 1253025015313 51
DEEP 5012210270929 1253052567750 71
REALCHAR 5012393807521 1253098451893 51
REALCHAR 5012543339281 1253135834833 51
REALCHAR 5013368625721 1253342156443 51
DEEP 5013368625721 1253342156448 71
REALCHAR 5014645012441 1253661253123 51
DEEP 5014781195449 1253695298880 71
REALCHAR 5014884958561 1253721239653 51
SUPPORT 5015045665081 1253761416283 51
SUPPORT 5015116842121 1253779210543 51
REALCHAR 5016142205281 1254035551333 51
DEEP 5016691009801 1254172752470 79
SUPPORT 5017404985321 1254351246343 51
REALCHAR 5017722573361 1254430643353 51
REALCHAR 5019254759401 1254813689863 51
REALCHAR 5019618663361 1254904665853 51
REALCHAR 5020442994121 1255110748543 51
SUPPORT 5021312734201 1255328183563 51
DEEP 5023239285289 1255809821340 71
SUPPORT 5023257884401 1255814471113 51
REALCHAR 5023768406281 1255942101583 51
REALCHAR 5024022599521 1256005649893 51
REALCHAR 5025691188961 1256422797253 51
REALCHAR 5026448513641 1256612128433 91
DEEP 5026448513641 1256612128434 95
DEEP 5026509642961 1256627410758 71
DEEP 5027516678209 1256879169572 79
DEEP 5027616856441 1256904214128 71
DEEP 5028335543449 1257083885882 79
REALCHAR 5028789449401 1257197362363 51
REALCHAR 5029079023081 1257269755783 51
REALCHAR 5029208702281 1257302175583 51
REALCHAR 5029425213121 1257356303293 51
DEEP 5029425213121 1257356303300 79
DEEP 5029533147409 1257383286870 71
REALCHAR 5030650190281 1257662547583 51
DEEP 5032246396321 1258061599100 79
REALCHAR 5032823010601 1258205752663 51
SUPPORT 5033450134441 1258362533623 51
REALCHAR 5033562565201 1258390641313 51
REALCHAR 5034653332921 1258663333243 51
SUPPORT 5036073634201 1259018408563 51
REALCHAR 5036260622761 1259065155703 51
REALCHAR 5036923836961 1259230959253 51
REALCHAR 5037078753001 1259269688263 51
REALCHAR 5037747941521 1259436985393 51
DEEP 5037932754409 1259483188620 71
REALCHAR 5039159187841 1259789796973 51
DEEP 5040334695841 1260083673978 71
REALCHAR 5040423753121 1260105938293 51
DEEP 5040596332249 1260149083080 71
REALCHAR 5040875330401 1260218832613 51
DEEP 5040986828089 1260246707040 71
DEEP 5041137294649 1260284323694 127
DEEP 5041748494561 1260437123658 71
REALCHAR 5042011104601 1260502776163 51
DEEP 5042016162121 1260504040548 71
DEEP 5042782141609 1260695535422 79
DEEP 5044758084601 1261189521172 87
REALCHAR 5045226122161 1261306530553 51
REALCHAR 5045641411801 1261410352963 51
REALCHAR 5045900059201 1261475014813 51
REALCHAR 5046591473641 1261647868423 51
REALCHAR 5047315607161 1261828901803 51
REALCHAR 5048075079961 1262018770003 51
REALCHAR 5049886827241 1262471706823 51
DEEP 5051237845369 1262809461360 71
REALCHAR 5051250952801 1262812738213 51
REALCHAR 5051417310241 1262854327573 51
DEEP 5051417310241 1262854327578 71
REALCHAR 5051563513441 1262890878373 51
DEEP 5052207374041 1263051843530 79
REALCHAR 5052733173601 1263183293413 51
REALCHAR 5053096211881 1263274052983 51
REALCHAR 5053161510721 1263290377693 51
DEEP 5053734801361 1263433700358 71
DEEP 5055133166521 1263783291648 71
REALCHAR 5055492623281 1263873155833 51
DEEP 5055492623281 1263873155838 71
SUPPORT 5056862802601 1264215700663 51
REALCHAR 5056917769201 1264229442313 51
DEEP 5057225892889 1264306473240 71
REALCHAR 5057930967961 1264482742003 51
REALCHAR 5058138867961 1264534717003 51
SUPPORT 5059390575121 1264847643793 51
REALCHAR 5059611110401 1264902777613 51
REALCHAR 5060060502961 1265015125753 51
DEEP 5060060502961 1265015125759 75
DEEP 5063606252329 1265901563100 71
REALCHAR 5063883066841 1265970766723 51
REALCHAR 5063971503361 1265992875853 51
SUPPORT 5064669243481 1266167310883 51
DEEP 5064875881129 1266218970300 71
DEEP 5065771908961 1266442977261 83
DEEP 5066108518969 1266527129760 71
REALCHAR 5066169985321 1266542496343 51
REALCHAR 5067372729721 1266843182443 51
DEEP 5067511333369 1266877833361 75
SUPPORT 5067752569441 1266938142373 51
DEEP 5067752569441 1266938142379 75
REALCHAR 5067789166801 1266947291713 51
SUPPORT 5068372045801 1267093011463 51
REALCHAR 5068992722161 1267248180553 51
DEEP 5069068389961 1267267097510 79
REALCHAR 5069264212321 1267316053093 51
SUPPORT 5069268195601 1267317048913 51
DEEP 5070857085121 1267714271299 75
REALCHAR 5071152428281 1267788107083 51
REALCHAR 5071977052921 1267994263243 51
REALCHAR 5072866567129 1268216641801 75
DEEP 5072866567129 1268216641802 79
REALCHAR 5073077155441 1268269288873 51
DEEP 5073326957521 1268331739400 79
REALCHAR 5073407540881 1268351885233 51
DEEP 5074234718809 1268558679721 75
REALCHAR 5074256344921 1268564086243 51
DEEP 5074331107609 1268582776921 75
REALCHAR 5076253976161 1269063494053 51
DEEP 5076336933721 1269084233449 75
REALCHAR 5076971777641 1269242944423 51
REALCHAR 5077474599961 1269368650003 51
DEEP 5078234481961 1269558620508 71
REALCHAR 5078979756841 1269744939223 51
REALCHAR 5079555653041 1269888913273 51
REALCHAR 5079877466161 1269969366553 51
REALCHAR 5079996806641 1269999201673 51
DEEP 5080920665209 1270230166322 79
DEEP 5081278526809 1270319631720 71
DEEP 5081619460681 1270404865192 87
REALCHAR 5082118211641 1270529552923 51
REALCHAR 5082216076081 1270554019033 51
REALCHAR 5083294426681 1270823606683 51
SUPPORT 5083922724721 1270980681193 51
DEEP 5085333942649 1271333485681 75
DEEP 5085503939569 1271375984912 79
DEEP 5086029754129 1271507438550 71
REALCHAR 5086272271081 1271568067783 51
DEEP 5086370541121 1271592635298 71
REALCHAR 5086434714001 1271608678513 51
REALCHAR 5086917817081 1271729454283 51
REALCHAR 5087123809681 1271780952433 51
REALCHAR 5087587281841 1271896820473 51
DEEP 5088383177329 1272095794350 71
REALCHAR 5088491344561 1272122836153 51
REALCHAR 5088996559201 1272249139813 51
DEEP 5090301362689 1272575340690 71
DEEP 5090418619441 1272604654879 75
REALCHAR 5090801858041 1272700464523 51
REALCHAR 5091957901801 1272989475463 51
DEEP 5092032537601 1273008134420 79
DEEP 5092038175849 1273009543983 83
REALCHAR 5092079769001 1273019942263 51
REALCHAR 5093164417441 1273291104373 51
DEEP 5093769838921 1273442459749 75
REALCHAR 5096904383041 1274226095773 51
DEEP 5096937149929 1274234287500 71
REALCHAR 5097635045281 1274408761333 51
REALCHAR 5098226766361 1274556691603 51
DEEP 5098642472641 1274660618178 71
DEEP 5099128715641 1274782178928 71
REALCHAR 5099427815161 1274856953803 51
DEEP 5099642414689 1274910603690 71
REALCHAR 5100573005641 1275143251423 51
DEEP 5100573005641 1275143251428 71
DEEP 5100631963249 1275157990830 71
DEEP 5101840964089 1275460241040 71
REALCHAR 5102556156721 1275639039193 51
DEEP 5104645914481 1276161478638 71
REALCHAR 5104885161601 1276221290413 51
REALCHAR 5104885161601 1276221290419 75
DEEP 5104885161601 1276221290420 79
REALCHAR 5105227092001 1276306773013 51
DEEP 5105268279409 1276317069870 71
DEEP 5105917602769 1276479400710 71
REALCHAR 5106462590161 1276615647553 51
REALCHAR 5107646365201 1276911591313 51
REALCHAR 5107801583641 1276950395923 51
DEEP 5107966715329 1276991678850 71
REALCHAR 5108557398961 1277139349753 51
REALCHAR 5108675789281 1277168947333 51
SUPPORT 5108764471801 1277191117963 51
REALCHAR 5109407400241 1277351850073 51
REALCHAR 5110544439361 1277636109853 51
REALCHAR 5110863981721 1277715995443 51
REALCHAR 5111683678201 1277920919563 51
DEEP 5112508600081 1278127150038 71
DEEP 5113966021921 1278491505499 75
DEEP 5114347733881 1278586933490 79
REALCHAR 5115305813641 1278826453423 51
REALCHAR 5115767858041 1278941964523 51
REALCHAR 5117570496481 1279392624133 51
DEEP 5117988989689 1279497247444 87
REALCHAR 5118969511681 1279742377933 51
SUPPORT 5119147776961 1279786944253 51
DEEP 5120415411409 1280103852872 79
REALCHAR 5121320964601 1280330241163 51
SUPPORT 5121424908601 1280356227163 51
DEEP 5121541701721 1280385425449 75
SUPPORT 5121578365201 1280394591313 51
REALCHAR 5122621103161 1280655275803 51
REALCHAR 5122868820001 1280717205013 51
DEEP 5122868820001 1280717205018 71
REALCHAR 5123034540121 1280758635043 51
DEEP 5124105751801 1281026437968 71
REALCHAR 5124306661321 1281076665343 51
DEEP 5125059225001 1281264806268 71
REALCHAR 5126811884041 1281702971023 51
REALCHAR 5127176745601 1281794186413 51
REALCHAR 5127839800801 1281959950213 51
DEEP 5129113769641 1282278442428 71
DEEP 5132462008129 1283115502050 71
REALCHAR 5133371721241 1283342930323 51
REALCHAR 5133435052201 1283358763063 51
DEEP 5133936368401 1283484092120 79
REALCHAR 5134354396081 1283588599033 51
DEEP 5135200676761 1283800169208 71
REALCHAR 5135425823641 1283856455923 51
REALCHAR 5135963808889 1283990952241 75
DEEP 5135963808889 1283990952242 79
DEEP 5136079341409 1284019835370 71
REALCHAR 5136204427201 1284051106813 51
SUPPORT 5137827240001 1284456810013 51
REALCHAR 5138096003041 1284524000773 51
DEEP 5138096003041 1284524000778 71
REALCHAR 5138801219161 1284700304803 51
REALCHAR 5139945371401 1284986342863 51
REALCHAR 5140192835761 1285048208953 51
DEEP 5144376083401 1286094020868 71
REALCHAR 5144520732961 1286130183253 51
DEEP 5144520732961 1286130183259 75
SUPPORT 5144678098561 1286169524653 51
REALCHAR 5145477080041 1286369270023 51
DEEP 5145711851569 1286427962910 71
DEEP 5145862167601 1286465541919 75
REALCHAR 5146022951281 1286505737833 51
DEEP 5146503656449 1286625914132 79
REALCHAR 5147022216361 1286755554103 51
DEEP 5149161550129 1287290387550 71
DEEP 5150516275969 1287629069012 79
REALCHAR 5151432172441 1287858043123 51
REALCHAR 5152362120361 1288090530103 51
DEEP 5152599493441 1288149873379 75
DEEP 5152813121569 1288203280410 71
REALCHAR 5156016709321 1289004177343 51
REALCHAR 5156648142361 1289162035603 51
REALCHAR 5156752757641 1289188189423 51
DEEP 5157392303449 1289348075880 71
SUPPORT 5157920413801 1289480103463 51
DEEP 5158465757449 1289616439383 83
REALCHAR 5159475460441 1289868865123 51
REALCHAR 5160437846041 1290109461523 51
REALCHAR 5160581543881 1290145385983 51
REALCHAR 5161252146961 1290313036753 51
REALCHAR 5164102671841 1291025667973 51
DEEP 5164841375929 1291210344000 71
REALCHAR 5165245616281 1291311404083 51
DEEP 5165670466009 1291417616520 71
DEEP 5166709592641 1291677398178 71
REALCHAR 5166807902881 1291701975733 51
DEEP 5168564071969 1292141018010 71
REALCHAR 5168616269041 1292154067273 51
DEEP 5171022683401 1292755670868 71
REALCHAR 5171253244921 1292813311243 51
DEEP 5171779814569 1292944953663 83
DEEP 5172598067569 1293149516912 79
REALCHAR 5172602286721 1293150571693 51
REALCHAR 5173824485281 1293456121333 51
DEEP 5174109974881 1293527493741 83
REALCHAR 5174601943681 1293650485933 51
REALCHAR 5174701334401 1293675333613 51
REALCHAR 5176279694041 1294069923523 51
REALCHAR 5177415232201 1294353808063 51
SUPPORT 5177454145081 1294363536283 51
DEEP 5178169718401 1294542429620 79
DEEP 5179224965209 1294806241320 71
REALCHAR 5179973169121 1294993292293 51
REALCHAR 5180246637721 1295061659443 51
REALCHAR 5180378964601 1295094741163 51
SUPPORT 5180606028361 1295151507103 51
REALCHAR 5182889076481 1295722269133 51
REALCHAR 5184042663361 1296010665853 51
REALCHAR 5186074549681 1296518637433 51
DEEP 5186398964569 1296599741170 111
REALCHAR 5186569571401 1296642392863 51
REALCHAR 5188587124081 1297146781033 51
DEEP 5190308733289 1297577183340 71
REALCHAR 5190547925161 1297636981303 51
REALCHAR 5191277527921 1297819381993 51
REALCHAR 5191431103681 1297857775933 51
REALCHAR 5192460587161 1298115146803 51
REALCHAR 5192693379721 1298173344943 51
REALCHAR 5193055153441 1298263788373 51
REALCHAR 5193349562041 1298337390523 51
REALCHAR 5193963815401 1298490953863 51
REALCHAR 5194471955401 1298617988863 51
REALCHAR 5194864663921 1298716165993 51
REALCHAR 5195774745841 1298943686473 51
REALCHAR 5196432950641 1299108237673 51
DEEP 5197084534321 1299271133598 71
REALCHAR 5198510499361 1299627624853 51
REALCHAR 5198964781921 1299741195493 51
REALCHAR 5199474393961 1299868598503 51
DEEP 5200946774521 1300236693650 79
SUPPORT 5200950821641 1300237705423 51
REALCHAR 5201688957481 1300422239383 51
REALCHAR 5201890305481 1300472576383 51
REALCHAR 5202348390121 1300587097543 51
DEEP 5203548857809 1300887214470 71
REALCHAR 5203619059081 1300904764783 51
REALCHAR 5203953092881 1300988273239 75
DEEP 5203953092881 1300988273240 79
REALCHAR 5204245901761 1301061475453 51
DEEP 5204734689001 1301183672268 71
DEEP 5205393313201 1301348328318 71
REALCHAR 5205539182561 1301384795653 51
REALCHAR 5206055796841 1301513949223 51
SUPPORT 5207104860721 1301776215193 51
REALCHAR 5207238508081 1301809627033 51
DEEP 5207307216721 1301826804199 75
REALCHAR 5209028156641 1302257039173 51
DEEP 5209900051801 1302475012971 83
DEEP 5209957726801 1302489431718 71
REALCHAR 5210715478081 1302678869533 51
REALCHAR 5212817600761 1303204400203 51
DEEP 5213159139169 1303289784810 71
REALCHAR 5213559527401 1303389881863 51
DEEP 5214199205329 1303549801350 71
DEEP 5216172010921 1304043002751 83
REALCHAR 5216750972161 1304187743053 51
REALCHAR 5216829519841 1304207379973 51
REALCHAR 5216886232321 1304221558093 51
DEEP 5216987096281 1304246774088 71
DEEP 5217436052929 1304359013250 71
DEEP 5217898039201 1304474509818 71
REALCHAR 5218147420201 1304536855063 51
DEEP 5218671249289 1304667812340 71
REALCHAR 5219763363721 1304940840943 51
REALCHAR 5220349808521 1305087452143 51
REALCHAR 5220677873161 1305169468303 51
DEEP 5220780207889 1305195051994 87
REALCHAR 5221187038201 1305296759563 51
REALCHAR 5221651532161 1305412883053 51
DEEP 5221996267489 1305499066890 71
REALCHAR 5222127153721 1305531788443 51
REALCHAR 5222234028001 1305558507013 51
REALCHAR 5222249497921 1305562374493 51
DEEP 5222270868049 1305567717030 71
REALCHAR 5222578080721 1305644520193 51
DEEP 5223401637169 1305850409312 79
DEEP 5223564705529 1305891176400 71
DEEP 5224134978001 1306033744518 71
SUPPORT 5224159493281 1306039873333 51
DEEP 5224796414161 1306199103560 79
REALCHAR 5224801186201 1306200296563 51
REALCHAR 5224958235121 1306239558793 51
REALCHAR 5225013577081 1306253394283 51
DEEP 5228547435721 1307136858948 71
SUPPORT 5229250525801 1307312631463 51
DEEP 5229250525801 1307312631468 71
REALCHAR 5229480901681 1307370225433 51
DEEP 5229782693041 1307445673278 71
REALCHAR 5230217065921 1307554266493 51
REALCHAR 5230673911681 1307668477933 51
REALCHAR 5231654089561 1307913522403 51
DEEP 5231907250441 1307976812630 79
REALCHAR 5232057623641 1308014405923 51
REALCHAR 5233136629081 1308284157283 51
REALCHAR 5233559798041 1308389949523 51
DEEP 5234013508201 1308503377069 75
REALCHAR 5235793311961 1308948328003 51
REALCHAR 5236221818881 1309055454733 51
REALCHAR 5236582816921 1309145704243 51
REALCHAR 5237121774481 1309280443633 51
DEEP 5237257789201 1309314447318 71
DEEP 5237714771041 1309428692785 99
REALCHAR 5238188461801 1309547115463 51
REALCHAR 5238274360201 1309568590063 51
DEEP 5238545894521 1309636473648 71
REALCHAR 5238930959161 1309732739803 51
DEEP 5240326785409 1310081696373 83
DEEP 5240416211809 1310104052970 71
REALCHAR 5240953045561 1310238261403 51
REALCHAR 5241155397241 1310288849323 51
REALCHAR 5241492732961 1310373183253 51
REALCHAR 5242623524161 1310655881053 51
REALCHAR 5243300659081 1310825164783 51
REALCHAR 5243656824961 1310914206253 51
DEEP 5243656824961 1310914206258 71
REALCHAR 5243919593641 1310979898423 51
REALCHAR 5244573210241 1311143302573 51
REALCHAR 5246156657641 1311539164423 51
REALCHAR 5246524533721 1311631133443 51
REALCHAR 5247261353161 1311815338303 51
DEEP 5247261353161 1311815338308 71
DEEP 5247308179801 1311827044968 71
SUPPORT 5248272415681 1312068103933 51
REALCHAR 5248485570241 1312121392573 51
REALCHAR 5249008957921 1312252239493 51
REALCHAR 5249208205921 1312302051493 51
DEEP 5249348663329 1312337165851 75
DEEP 5249742468961 1312435617263 91
REALCHAR 5250324315601 1312581078913 51
REALCHAR 5250504650161 1312626162553 51
DEEP 5251481598841 1312870399729 75
REALCHAR 5251783762681 1312945940683 51
REALCHAR 5252915740801 1313228935213 51
REALCHAR 5253032346241 1313258086573 51
SUPPORT 5253165876841 1313291469223 51
DEEP 5253184977769 1313296244460 71
REALCHAR 5253629026801 1313407256713 51
DEEP 5253629026801 1313407256718 71
DEEP 5254361757241 1313590439331 83
REALCHAR 5255198237041 1313799559273 51
DEEP 5255198237041 1313799559281 83
REALCHAR 5256155195281 1314038798833 51
DEEP 5256374780281 1314093695088 71
REALCHAR 5258545163041 1314636290773 51
REALCHAR 5258552426521 1314638106643 51
REALCHAR 5258859969841 1314714992473 51
REALCHAR 5258918936041 1314729734023 51
REALCHAR 5259055114681 1314763778683 51
REALCHAR 5259289986721 1314822496693 51
REALCHAR 5259657739561 1314914434903 51
REALCHAR 5260658619841 1315164654973 51
DEEP 5260658619841 1315164654985 99
REALCHAR 5262208815361 1315552203853 51
REALCHAR 5263926989161 1315981747303 51
DEEP 5264165550361 1316041387608 71
DEEP 5264658059761 1316164514959 75
REALCHAR 5265072178081 1316268044533 51
DEEP 5265072178081 1316268044538 71
REALCHAR 5268190909921 1317047727493 51
REALCHAR 5268225436321 1317056359093 51
DEEP 5268819284569 1317204821160 71
REALCHAR 5268988090081 1317247022533 51
REALCHAR 5271038696401 1317759674113 51
DEEP 5271038696401 1317759674123 91
REALCHAR 5271087815281 1317771953833 51
REALCHAR 5271233789761 1317808447453 51
REALCHAR 5271533235721 1317883308943 51
REALCHAR 5271658992601 1317914748163 51
REALCHAR 5271767534881 1317941883733 51
REALCHAR 5272174827481 1318043706883 51
SUPPORT 5272826513161 1318206628303 51
REALCHAR 5272844577841 1318211144473 51
SUPPORT 5273356113481 1318339028383 51
DEEP 5273511488281 1318377872088 71
DEEP 5274290151601 1318572537926 103
DEEP 5274550939849 1318637734988 103
REALCHAR 5275439886721 1318859971699 75
DEEP 5275439886721 1318859971700 79
REALCHAR 5276024378881 1319006094733 51
REALCHAR 5279094564241 1319773641073 51
REALCHAR 5279581083841 1319895270973 51
SUPPORT 5280110625241 1320027656323 51
DEEP 5280461534401 1320115383626 103
REALCHAR 5280550165801 1320137541463 51
REALCHAR 5280866537521 1320216634393 51
DEEP 5281392614689 1320348153690 71
REALCHAR 5281950637681 1320487659433 51
DEEP 5283507565561 1320876891408 71
REALCHAR 5284032158161 1321008039553 51
REALCHAR 5284061646361 1321015411603 51
REALCHAR 5284408891441 1321102222873 51
REALCHAR 5286023335321 1321505833843 51
REALCHAR 5286478685401 1321619671363 51
REALCHAR 5286487207681 1321621801933 51
DEEP 5287151811769 1321787952960 71
REALCHAR 5287451365681 1321862841433 51
REALCHAR 5288741192641 1322185298173 51
REALCHAR 5289196477321 1322299119343 51
DEEP 5290050401689 1322512600440 71
REALCHAR 5290831780081 1322707945033 51
REALCHAR 5290961154361 1322740288603 51
REALCHAR 5291716154761 1322929038703 51
REALCHAR 5292089635561 1323022408903 51
DEEP 5292535739401 1323133934868 71
DEEP 5292777678241 1323194419578 71
REALCHAR 5293177754881 1323294438733 51
DEEP 5294332552609 1323583138172 79
REALCHAR 5294434670281 1323608667583 51
DEEP 5295185493049 1323796373280 71
SUPPORT 5297145618361 1324286404603 51
DEEP 5298295364209 1324573841071 75
REALCHAR 5298581445481 1324645361383 51
DEEP 5298815464849 1324703866232 79
REALCHAR 5299122990001 1324780747513 51
REALCHAR 5299207677241 1324801919323 51
DEEP 5300668237489 1325167059390 71
REALCHAR 5303591702161 1325897925553 51
REALCHAR 5303809073161 1325952268303 51
DEEP 5305396537081 1326349134290 79
DEEP 5305516997089 1326379249290 71
REALCHAR 5306103768001 1326525942013 51
REALCHAR 5306570199841 1326642549973 51
REALCHAR 5306916425281 1326729106333 51
DEEP 5307130271689 1326782567943 83
REALCHAR 5308624680241 1327156170073 51
DEEP 5308686061561 1327171515408 71
REALCHAR 5309490069361 1327372517353 51
REALCHAR 5311419694681 1327854923683 51
DEEP 5311511537809 1327877884470 71
REALCHAR 5311563774001 1327890943513 51
DEEP 5311563774001 1327890943518 71
REALCHAR 5311726506241 1327931626573 51
REALCHAR 5311875975121 1327968993793 51
DEEP 5312177723329 1328044430850 71
REALCHAR 5312814512041 1328203628023 51
DEEP 5313267632401 1328316908120 79
REALCHAR 5313815172121 1328453793043 51
REALCHAR 5315172998521 1328793249643 51
REALCHAR 5315194435321 1328798608843 51
REALCHAR 5315502552721 1328875638193 51
REALCHAR 5315643077761 1328910769453 51
REALCHAR 5315650679161 1328912669803 51
REALCHAR 5316248823601 1329062205913 51
REALCHAR 5316845839321 1329211459843 51
REALCHAR 5317045196761 1329261299203 51
DEEP 5317045196761 1329261299210 79
REALCHAR 5317409461081 1329352365283 51
REALCHAR 5318170557001 1329542639263 51
REALCHAR 5318222486641 1329555621673 51
DEEP 5319450176041 1329862544028 71
SUPPORT 5319593239801 1329898309963 51
REALCHAR 5321123199001 1330280799763 51
SUPPORT 5321362154161 1330340538553 51
REALCHAR 5322016956481 1330504239133 51
REALCHAR 5322916191121 1330729047793 51
REALCHAR 5324135094721 1331033773693 51
REALCHAR 5324444354161 1331111088553 51
REALCHAR 5324542629121 1331135657293 51
REALCHAR 5324990268361 1331247567103 51
REALCHAR 5325076874881 1331269218733 51
DEEP 5325486139801 1331371534974 95
REALCHAR 5325781185481 1331445296383 51
REALCHAR 5327193761761 1331798440453 51
SUPPORT 5327858898961 1331964724753 51
SUPPORT 5328876659401 1332219164863 51
REALCHAR 5329359413401 1332339853363 51
DEEP 5329359413401 1332339853368 71
REALCHAR 5329581743641 1332395435923 51
REALCHAR 5330225497081 1332556374283 51
DEEP 5330225497081 1332556374288 71
DEEP 5331172992289 1332793248090 71
REALCHAR 5331947533201 1332986883313 51
DEEP 5332130915329 1333032728852 79
REALCHAR 5333040648961 1333260162253 51
REALCHAR 5334343182841 1333585795723 51
DEEP 5336077556209 1334019389070 71
REALCHAR 5336248663201 1334062165813 51
DEEP 5337597531289 1334399382840 71
REALCHAR 5338280067121 1334570016793 51
REALCHAR 5338549019521 1334637254893 51
REALCHAR 5343175544281 1335793886083 51
REALCHAR 5343338250721 1335834562693 51
REALCHAR 5343833739841 1335958434973 51
REALCHAR 5344811550961 1336202887753 51
DEEP 5346502726009 1336625681523 83
REALCHAR 5347074745321 1336768686343 51
SUPPORT 5347865533921 1336966383493 51
REALCHAR 5348501321641 1337125330423 51
REALCHAR 5348573455681 1337143363933 51
REALCHAR 5349685196521 1337421299143 51
REALCHAR 5351695983841 1337923995973 51
REALCHAR 5353117946401 1338279486613 51
DEEP 5354088293401 1338522073370 79
REALCHAR 5354384749081 1338596187283 51
REALCHAR 5354545287001 1338636321763 51
SUPPORT 5356921972081 1339230493033 51
REALCHAR 5357548229401 1339387057363 51
REALCHAR 5357984653849 1339496163487 99
DEEP 5357984653849 1339496163488 103
REALCHAR 5358322897321 1339580724343 51
REALCHAR 5358719037961 1339679759503 51
REALCHAR 5358735859801 1339683964963 51
REALCHAR 5358762768241 1339690692073 51
REALCHAR 5358803639641 1339700909923 51
DEEP 5358838948849 1339709737230 71
REALCHAR 5359604087161 1339901021803 51
REALCHAR 5360615956921 1340153989243 51
REALCHAR 5360655963961 1340163991003 51
REALCHAR 5360932345441 1340233086373 51
SUPPORT 5361467943841 1340366985973 51
DEEP 5363683463329 1340920865862 119
SUPPORT 5365721445841 1341430361473 51
DEEP 5365721445841 1341430361478 71
REALCHAR 5365851403441 1341462850873 51
REALCHAR 5365922933281 1341480733333 51
REALCHAR 5366069044561 1341517261153 51
REALCHAR 5366677797121 1341669449293 51
REALCHAR 5367537354481 1341884338633 51
REALCHAR 5367767736241 1341941934073 51
DEEP 5367851986249 1341962996580 71
REALCHAR 5369112851041 1342278212773 51
DEEP 5369782242049 1342445560530 71
DEEP 5370144209329 1342536052351 75
REALCHAR 5370502135441 1342625533873 51
REALCHAR 5371675011481 1342918752883 51
DEEP 5371886142841 1342971535728 71
REALCHAR 5372545554601 1343136388663 51
DEEP 5373460478929 1343365119750 71
DEEP 5373528366649 1343382091686 95
REALCHAR 5374000290961 1343500072753 51
DEEP 5374332692569 1343583173163 83
REALCHAR 5374507113361 1343626778353 51
DEEP 5374507113361 1343626778358 71
REALCHAR 5375074395601 1343768598913 51
REALCHAR 5375391299041 1343847824773 51
REALCHAR 5375546664601 1343886666163 51
DEEP 5375778754921 1343944688748 71
REALCHAR 5375858771761 1343964692953 51
REALCHAR 5376078782281 1344019695583 51
DEEP 5376078782281 1344019695588 71
REALCHAR 5377556276401 1344389069113 51
SUPPORT 5378368634521 1344592158643 51
REALCHAR 5378765343121 1344691335793 51
REALCHAR 5379174352561 1344793588153 51
DEEP 5379498463249 1344874615830 71
REALCHAR 5379532095961 1344883024003 51
DEEP 5380072393921 1345018098499 75
REALCHAR 5380278344281 1345069586083 51
DEEP 5381084995441 1345271248878 71
DEEP 5381413568521 1345353392149 75
REALCHAR 5381464792201 1345366198063 51
REALCHAR 5381971605481 1345492901383 51
DEEP 5382351293929 1345587823500 71
DEEP 5382936199369 1345734049862 79
REALCHAR 5384155938841 1346038984723 51
REALCHAR 5386425503281 1346606375833 51
DEEP 5389477912729 1347369478200 71
REALCHAR 5391122730841 1347780682723 51
REALCHAR 5391343946041 1347835986523 51
REALCHAR 5391955874761 1347988968703 51
REALCHAR 5392101211561 1348025302903 51
REALCHAR 5392573226041 1348143306523 51
DEEP 5392573226041 1348143306529 75
REALCHAR 5392884031921 1348221007993 51
REALCHAR 5393243604961 1348310901253 51
REALCHAR 5393943748561 1348485937153 51
DEEP 5393943748561 1348485937159 75
REALCHAR 5393966295481 1348491573883 51
REALCHAR 5394116823001 1348529205763 51
REALCHAR 5394699373561 1348674843403 51
DEEP 5395606427689 1348901606942 79
REALCHAR 5396602376881 1349150594233 51
REALCHAR 5396923871641 1349230967923 51
DEEP 5396923871641 1349230967928 71
REALCHAR 5398117950241 1349529487573 51
DEEP 5398117950241 1349529487581 83
REALCHAR 5399167657321 1349791914349 75
DEEP 5399167657321 1349791914350 79
REALCHAR 5399710516561 1349927629153 51
REALCHAR 5399731087921 1349932771993 51
DEEP 5400414455881 1350103613988 71
REALCHAR 5400488324401 1350122081113 51
REALCHAR 5400532268041 1350133067023 51
REALCHAR 5400960875041 1350240218773 51
DEEP 5400960875041 1350240218778 71
REALCHAR 5401385128441 1350346282123 51
DEEP 5402048394961 1350512098758 71
REALCHAR 5402862364201 1350715591063 51
REALCHAR 5403454733161 1350863683303 51
DEEP 5403454733161 1350863683309 75
REALCHAR 5403467305681 1350866826433 51
REALCHAR 5403575193241 1350893798323 51
REALCHAR 5403754137961 1350938534503 51
DEEP 5404156446649 1351039111682 79
REALCHAR 5404692610321 1351173152599 75
DEEP 5404692610321 1351173152600 79
REALCHAR 5405392603081 1351348150783 51
DEEP 5405963790049 1351490947540 111
REALCHAR 5406479002681 1351619750683 51
SUPPORT 5406613470241 1351653367573 51
REALCHAR 5406932794561 1351733198653 51
REALCHAR 5407132785961 1351783196503 51
REALCHAR 5407787052721 1351946763193 51
DEEP 5408122163929 1352030541000 71
DEEP 5409405657769 1352351414460 71
REALCHAR 5409996568201 1352499142063 51
DEEP 5409996568201 1352499142068 71
REALCHAR 5410157912041 1352539478023 51
DEEP 5410333672129 1352583418050 71
REALCHAR 5410420492801 1352605123213 51
REALCHAR 5410812103321 1352703025843 51
DEEP 5410974560161 1352743640060 79
REALCHAR 5411532296041 1352883074023 51
DEEP 5412019711729 1353004927950 71
DEEP 5412545974609 1353136493670 71
REALCHAR 5412638333881 1353159583483 51
REALCHAR 5412854513641 1353213628423 51
DEEP 5413685551849 1353421387980 71
REALCHAR 5415047461321 1353761865343 51
REALCHAR 5416194145441 1354048536373 51
REALCHAR 5417000783041 1354250195773 51
REALCHAR 5417013258721 1354253314693 51
REALCHAR 5418943115041 1354735778773 51
REALCHAR 5419043590321 1354760897593 51
REALCHAR 5420032037809 1355008009471 75
DEEP 5420032037809 1355008009472 79
DEEP 5420054871841 1355013717980 79
SUPPORT 5421546108001 1355386527013 51
DEEP 5421797046121 1355449261550 79
REALCHAR 5421919062121 1355479765543 51
DEEP 5422493010169 1355623252560 71
DEEP 5423544452881 1355886113238 71
SUPPORT 5423908134241 1355977033573 51
DEEP 5424098713489 1356024678392 79
REALCHAR 5425925218561 1356481304653 51
DEEP 5426400219529 1356600054901 75
SUPPORT 5427041104081 1356760276033 51
SUPPORT 5427275523121 1356818880793 51
REALCHAR 5427354693121 1356838673293 51
DEEP 5427692027521 1356923006898 71
REALCHAR 5427801327001 1356950331763 51
DEEP 5428914453769 1357228613461 75
REALCHAR 5429228521201 1357307130313 51
REALCHAR 5429448144961 1357362036259 75
DEEP 5429448144961 1357362036260 79
DEEP 5429583631081 1357395907789 75
REALCHAR 5429692300561 1357423075163 91
DEEP 5429692300561 1357423075164 95
REALCHAR 5429717471161 1357429367803 51
REALCHAR 5430158437201 1357539609313 51
REALCHAR 5430930922561 1357732730653 51
REALCHAR 5431066385761 1357766596453 51
REALCHAR 5431167925681 1357791981433 51
SUPPORT 5431691404441 1357922851123 51
SUPPORT 5432211310681 1358052827683 51
REALCHAR 5432215545241 1358053886323 51
REALCHAR 5433527262601 1358381815663 51
REALCHAR 5434785261361 1358696315353 51
REALCHAR 5434859431681 1358714857933 51
DEEP 5435110287721 1358777571948 71
DEEP 5436143439169 1359035859810 71
DEEP 5436741343609 1359185335920 71
DEEP 5436924337321 1359231084348 71
REALCHAR 5437803885361 1359450971353 51
DEEP 5438349419281 1359587354838 71
SUPPORT 5438383041001 1359595760263 51
REALCHAR 5438393401081 1359598350283 51
REALCHAR 5438933403121 1359733350793 51
REALCHAR 5440524617641 1360131154423 51
REALCHAR 5440805409001 1360201352263 51
REALCHAR 5441547067441 1360386766873 51
DEEP 5442674437561 1360668609410 79
REALCHAR 5442729814201 1360682453563 51
REALCHAR 5443745174401 1360936293613 51
REALCHAR 5444351654641 1361087913673 51
REALCHAR 5445326412241 1361331603073 51
DEEP 5445326412241 1361331603078 71
REALCHAR 5445924782281 1361481195583 51
DEEP 5446293821329 1361573455352 79
DEEP 5446549937929 1361637484500 71
REALCHAR 5446654496761 1361663624203 51
DEEP 5446729930849 1361682482730 71
SUPPORT 5448350846761 1362087711703 51
REALCHAR 5449380376441 1362345094123 51
REALCHAR 5450113389361 1362528347353 51
DEEP 5451141472921 1362785368249 75
DEEP 5451922474441 1362980618629 75
REALCHAR 5452518053161 1363129513303 51
REALCHAR 5452717040521 1363179260143 51
REALCHAR 5453627904481 1363406976133 51
REALCHAR 5453817306001 1363454326513 51
REALCHAR 5454226979041 1363556744773 51
REALCHAR 5454470841121 1363617710293 51
DEEP 5454470841121 1363617710298 71
REALCHAR 5454647743561 1363661935903 51
REALCHAR 5455047813601 1363761953413 51
DEEP 5455352004001 1363838001018 71
SUPPORT 5457389713801 1364347428463 51
DEEP 5458311217921 1364577804498 71
REALCHAR 5458399917721 1364599979443 51
DEEP 5458993557889 1364748389492 79
REALCHAR 5460038318641 1365009579673 51
REALCHAR 5460886228561 1365221557153 51
REALCHAR 5461253488441 1365313372123 51
DEEP 5461423112209 1365355778073 83
DEEP 5462276182609 1365569045672 79
REALCHAR 5462677938481 1365669484633 51
REALCHAR 5463317097001 1365829274263 51
DEEP 5463906630121 1365976657548 71
REALCHAR 5464535076001 1366133769013 51
SUPPORT 5464574668921 1366143667243 51
REALCHAR 5464585395721 1366146348943 51
DEEP 5464896448489 1366224112140 71
REALCHAR 5465272659001 1366318164763 51
REALCHAR 5466286612921 1366571653243 51
REALCHAR 5467912686721 1366978171693 51
REALCHAR 5468098389961 1367024597503 51
REALCHAR 5468684667601 1367171166913 51
DEEP 5468736460489 1367184115140 71
REALCHAR 5469272216521 1367318054143 51
REALCHAR 5469316645321 1367329161343 51
REALCHAR 5470108089601 1367527022413 51
REALCHAR 5470399484761 1367599871203 51
DEEP 5470427771449 1367606942885 91
REALCHAR 5472165342121 1368041335543 51
REALCHAR 5473010254321 1368252563593 51
REALCHAR 5473540287121 1368385071793 51
REALCHAR 5473667561041 1368416890273 51
REALCHAR 5474177331841 1368544332973 51
REALCHAR 5474590818841 1368647704723 51
DEEP 5474590818841 1368647704729 75
DEEP 5474789681089 1368697420290 71
DEEP 5475370177369 1368842544360 71
DEEP 5476995300841 1369248825229 75
REALCHAR 5477098631761 1369274657953 51
DEEP 5478705041209 1369676260322 79
REALCHAR 5479158162241 1369789540573 51
REALCHAR 5479455531001 1369863882763 51
REALCHAR 5479655680801 1369913920213 51
SUPPORT 5480108306401 1370027076613 51
DEEP 5480401885729 1370100471450 71
REALCHAR 5480598900001 1370149725013 51
REALCHAR 5480853496561 1370213374153 51
REALCHAR 5481192580081 1370298145033 51
REALCHAR 5483089841161 1370772460303 51
DEEP 5483089841161 1370772460309 75
REALCHAR 5483252603761 1370813150953 51
REALCHAR 5483898904201 1370974726063 51
SUPPORT 5484244983361 1371061245853 51
REALCHAR 5484330873961 1371082718503 51
REALCHAR 5485056792601 1371264198163 51
SUPPORT 5485102780921 1371275695243 51
REALCHAR 5485413218041 1371353304523 51
REALCHAR 5485498113001 1371374528263 51
REALCHAR 5485661758201 1371415439563 51
REALCHAR 5485884770521 1371471192643 51
SUPPORT 5487134682481 1371783670633 51
SUPPORT 5487377844001 1371844461013 51
DEEP 5487377844001 1371844461020 79
REALCHAR 5493192456361 1373298114103 51
REALCHAR 5493577979761 1373394494953 51
DEEP 5493772627561 1373443156912 87
REALCHAR 5493945569641 1373486392423 51
DEEP 5493999771121 1373499942798 71
REALCHAR 5494383782281 1373595945583 51
DEEP 5495792648329 1373948162100 71
SUPPORT 5496884490241 1374221122573 51
REALCHAR 5496902619961 1374225655003 51
REALCHAR 5497465679161 1374366419803 51
DEEP 5497931801569 1374482950412 79
REALCHAR 5497979610601 1374494902663 51
REALCHAR 5499579202441 1374894800623 51
DEEP 5499642220801 1374910555218 71
REALCHAR 5500022616841 1375005654223 51
REALCHAR 5502084475801 1375521118963 51
DEEP 5502125480569 1375531370160 71
REALCHAR 5502986761801 1375746690463 51
DEEP 5502986761801 1375746690468 71
DEEP 5503948226401 1375987056618 71
DEEP 5503964394289 1375991098590 71
REALCHAR 5504389610281 1376097402583 51
REALCHAR 5505209753761 1376302438453 51
REALCHAR 5505214421281 1376303605333 51
REALCHAR 5505835717561 1376458929403 51
REALCHAR 5507211634681 1376802908683 51
REALCHAR 5507985316201 1376996329063 51
DEEP 5508553669609 1377138417420 71
DEEP 5508802289929 1377200572500 71
DEEP 5509524666361 1377381166608 71
SUPPORT 5510274014281 1377568503583 51
REALCHAR 5510278782121 1377569695543 51
REALCHAR 5510512560361 1377628140103 51
REALCHAR 5510653901041 1377663475273 51
DEEP 5510856167041 1377714041778 71
REALCHAR 5511026360401 1377756590113 51
REALCHAR 5511237665761 1377809416453 51
REALCHAR 5512706062081 1378176515533 51
REALCHAR 5512731590521 1378182897643 51
DEEP 5512731590521 1378182897648 71
REALCHAR 5513344724281 1378336181083 51
DEEP 5515401745681 1378850436438 71
DEEP 5515780135009 1378945033770 71
REALCHAR 5515920425401 1378980106363 51
REALCHAR 5518270909321 1379567727343 51
REALCHAR 5518935613801 1379733903463 51
REALCHAR 5519878651681 1379969662933 51
SUPPORT 5520826071601 1380206517913 51
REALCHAR 5521436215681 1380359053933 51
REALCHAR 5521734270361 1380433567603 51
DEEP 5522361081241 1380590270328 71
REALCHAR 5523137090641 1380784272673 51
DEEP 5523395923369 1380848980862 79
REALCHAR 5523621238801 1380905309713 51
DEEP 5523987150361 1380996787610 79
SUPPORT 5524714378681 1381178594683 51
REALCHAR 5525393956681 1381348489183 51
DEEP 5525393956681 1381348489188 71
DEEP 5526645200521 1381661300148 71
REALCHAR 5527241290561 1381810322653 51
REALCHAR 5529626043841 1382406510973 51
REALCHAR 5529743978641 1382435994673 51
REALCHAR 5532114799201 1383028699813 51
REALCHAR 5532801006769 1383200251711 75
DEEP 5532801006769 1383200251712 79
DEEP 5532993903649 1383248475934 87
REALCHAR 5534810432761 1383702608203 51
DEEP 5536558292281 1384139573088 71
SUPPORT 5536575826681 1384143956683 51
DEEP 5536575826681 1384143956688 71
REALCHAR 5537361875761 1384340468953 51
DEEP 5537361875761 1384340468958 71
REALCHAR 5537361947881 1384340486983 51
REALCHAR 5537793680329 1384448420101 75
DEEP 5537793680329 1384448420102 79
REALCHAR 5538303347641 1384575836923 51
DEEP 5538960364081 1384740091038 71
SUPPORT 5539604794201 1384901198563 51
REALCHAR 5540502789721 1385125697443 51
REALCHAR 5542049038681 1385512259683 51
DEEP 5542197371929 1385549343000 71
DEEP 5542634514481 1385658628638 71
REALCHAR 5542681942561 1385670485653 51
REALCHAR 5542869683521 1385717420893 51
REALCHAR 5543588795761 1385897198953 51
DEEP 5545162131601 1386290532918 71
REALCHAR 5545348457401 1386337114363 51
REALCHAR 5545452189601 1386363047413 51
REALCHAR 5545826628241 1386456657073 51
REALCHAR 5546939214961 1386734803753 51
REALCHAR 5547225929281 1386806482333 51
REALCHAR 5547269618881 1386817404733 51
DEEP 5547669324289 1386917331090 71
SUPPORT 5547732526561 1386933131653 51
REALCHAR 5547760836601 1386940209163 51
DEEP 5548228851169 1387057212810 71
REALCHAR 5549517345241 1387379336323 51
DEEP 5549517345241 1387379336328 71
DEEP 5549864812801 1387466203218 71
REALCHAR 5550626150281 1387656537583 51
DEEP 5550861484081 1387715371038 71
DEEP 5551151063329 1387787765852 79
SUPPORT 5551788006361 1387947001603 51
DEEP 5552431297009 1388107824272 79
REALCHAR 5552760796801 1388190199213 51
DEEP 5553085932241 1388271483078 71
REALCHAR 5553145011241 1388286252823 51
DEEP 5553145011241 1388286252828 71
REALCHAR 5553374431201 1388343607813 51
DEEP 5554492901281 1388623225338 71
REALCHAR 5554653839641 1388663459923 51
REALCHAR 5555057633161 1388764408303 51
REALCHAR 5556145924081 1389036481033 51
REALCHAR 5556930954481 1389232738633 51
SUPPORT 5557477327081 1389369331783 51
DEEP 5558046553921 1389511638498 71
REALCHAR 5560096332961 1390024083253 51
REALCHAR 5561349324001 1390337331013 51
DEEP 5562676493929 1390669123500 71
SUPPORT 5563266915361 1390816728853 51
REALCHAR 5564444165281 1391111041333 51
REALCHAR 5564450965441 1391112741373 51
REALCHAR 5565285684841 1391321421223 51
DEEP 5567985599089 1391996399792 79
DEEP 5568827088049 1392206772030 71
REALCHAR 5569393696441 1392348424123 51
DEEP 5569618542049 1392404635530 71
DEEP 5569763341921 1392440835498 71
SUPPORT 5570171625841 1392542906473 51
SUPPORT 5570951906521 1392737976643 51
REALCHAR 5570951906521 1392737976653 91
REALCHAR 5570951906521 1392737976659 115
DEEP 5570951906521 1392737976662 127
DEEP 5571283295449 1392820823884 87
REALCHAR 5572210077121 1393052519293 51
REALCHAR 5572771901761 1393192975453 51
DEEP 5572986207721 1393246551950 79
REALCHAR 5573566751041 1393391687773 51
REALCHAR 5573615349481 1393403837383 51
REALCHAR 5573914699081 1393478674783 51
REALCHAR 5574286150801 1393571537713 51
DEEP 5574624245089 1393656061290 71
REALCHAR 5574845698321 1393711424593 51
DEEP 5575574104489 1393893526142 79
REALCHAR 5576110165921 1394027541493 51
REALCHAR 5576345534761 1394086383703 51
DEEP 5577027319081 1394256829788 71
REALCHAR 5579172270961 1394793067753 51
REALCHAR 5580185052961 1395046263253 51
REALCHAR 5582965542361 1395741385603 51
REALCHAR 5583534327361 1395883581853 51
REALCHAR 5584132266001 1396033066513 51
REALCHAR 5584928541481 1396232135383 51
REALCHAR 5586522538081 1396630634533 51
REALCHAR 5587942449961 1396985612503 51
DEEP 5587951904929 1396987976250 71
REALCHAR 5588074226641 1397018556673 51
REALCHAR 5588168419201 1397042104813 51
REALCHAR 5588892536761 1397223134203 51
REALCHAR 5590250867881 1397562716989 75
DEEP 5590250867881 1397562716990 79
DEEP 5590321182601 1397580295668 71
DEEP 5591428843081 1397857210792 87
DEEP 5591997875689 1397999468941 75
REALCHAR 5592781093201 1398195273313 51
REALCHAR 5593249403641 1398312350923 51
DEEP 5593291582321 1398322895599 75
REALCHAR 5593839571681 1398459892933 51
REALCHAR 5594186791561 1398546697903 51
DEEP 5595128482969 1398782120766 95
REALCHAR 5595449883241 1398862470823 51
REALCHAR 5595706059241 1398926514823 51
REALCHAR 5595873686881 1398968421733 51
REALCHAR 5596259225881 1399064806483 51
REALCHAR 5596606877761 1399151719453 51
REALCHAR 5597145635761 1399286408953 51
REALCHAR 5599423194121 1399855798543 51
REALCHAR 5599664322121 1399916080543 51
REALCHAR 5599733010481 1399933252633 51
REALCHAR 5599913082241 1399978270573 51
REALCHAR 5601861457201 1400465364313 51
DEEP 5603620991929 1400905248000 71
DEEP 5604574673569 1401143668410 71
REALCHAR 5606007487921 1401501871993 51
DEEP 5606007487921 1401501871999 75
REALCHAR 5606155614361 1401538903603 51
REALCHAR 5607566496841 1401891624223 51
DEEP 5608408803001 1402102200768 71
DEEP 5608762877041 1402190719278 71
REALCHAR 5608795559761 1402198889953 51
DEEP 5609319844969 1402329961260 71
REALCHAR 5609525325121 1402381331293 51
REALCHAR 5610552370921 1402638092743 51
REALCHAR 5611863340801 1402965835213 51
REALCHAR 5612037974761 1403009493703 51
DEEP 5612327536729 1403081884200 71
REALCHAR 5612565530881 1403141382733 51
REALCHAR 5613276691201 1403319172813 51
REALCHAR 5614029526561 1403507381653 51
REALCHAR 5614232649481 1403558162383 51
DEEP 5614232649481 1403558162388 71
DEEP 5614773492241 1403693373084 95
SUPPORT 5615496369961 1403874092503 51
REALCHAR 5615528030401 1403882007613 51
REALCHAR 5615754690001 1403938672513 51
REALCHAR 5615774998201 1403943749563 51
REALCHAR 5616634549681 1404158637433 51
REALCHAR 5616953637961 1404238409503 51
DEEP 5616992647249 1404248161830 71
REALCHAR 5618337187681 1404584296933 51
REALCHAR 5619783075481 1404945768883 51
SUPPORT 5620448619241 1405112154823 51
DEEP 5620448619241 1405112154828 71
DEEP 5621741290201 1405435322568 71
REALCHAR 5622228921241 1405557230323 51
DEEP 5622606175729 1405651543950 71
REALCHAR 5623363885441 1405840971373 51
REALCHAR 5623859992921 1405964998243 51
SUPPORT 5624359451881 1406089862983 51
REALCHAR 5626537717441 1406634429373 51
REALCHAR 5627437861081 1406859465283 51
REALCHAR 5627612991001 1406903247763 51
REALCHAR 5628714009361 1407178502353 51
REALCHAR 5629887502801 1407471875713 51
SUPPORT 5630503662001 1407625915513 51
REALCHAR 5630510270641 1407627567673 51
REALCHAR 5631905110441 1407976277623 51
DEEP 5633079590329 1408269897601 75
REALCHAR 5634478747921 1408619686993 51
REALCHAR 5636133877441 1409033469373 51
REALCHAR 5636466902641 1409116725673 51
DEEP 5636466902641 1409116725679 75
REALCHAR 5637382252681 1409345563183 51
REALCHAR 5637394270561 1409348567653 51
REALCHAR 5637402348601 1409350587163 51
DEEP 5637646891969 1409411723011 75
SUPPORT 5638388411881 1409597102983 51
DEEP 5639639257729 1409909814450 71
REALCHAR 5640581038681 1410145259683 51
REALCHAR 5642502197641 1410625549423 51
DEEP 5642904681241 1410726170328 71
REALCHAR 5642915700361 1410728925103 51
DEEP 5644024178809 1411006044720 71
SUPPORT 5644682625481 1411170656383 51
REALCHAR 5644967533921 1411241883493 51
REALCHAR 5646620732041 1411655183023 51
DEEP 5646797201761 1411699300458 71
DEEP 5647235370529 1411808842650 71
REALCHAR 5648661658201 1412165414563 51
REALCHAR 5650655621521 1412663905393 51
REALCHAR 5651297855641 1412824463923 51
REALCHAR 5651862574801 1412965643713 51
DEEP 5651946548161 1412986637059 75
REALCHAR 5652218473441 1413054618373 51
DEEP 5652959145409 1413239786372 79
REALCHAR 5652975663721 1413243915943 51
REALCHAR 5653174497721 1413293624443 51
REALCHAR 5654490104761 1413622526203 51
REALCHAR 5655066611401 1413766652863 51
DEEP 5656764809089 1414191202290 71
REALCHAR 5658029868241 1414507467073 51
REALCHAR 5658044847841 1414511211973 51
REALCHAR 5658688251841 1414672062973 51
REALCHAR 5659671009721 1414917752443 51
DEEP 5660054422201 1415013605568 71
REALCHAR 5662466661721 1415616665443 51
DEEP 5662466661721 1415616665450 79
REALCHAR 5662739830801 1415684957713 51
REALCHAR 5663382530521 1415845632643 51
DEEP 5663382530521 1415845632648 71
DEEP 5663586380761 1415896595208 71
DEEP 5663795733649 1415948933430 71
REALCHAR 5663822524201 1415955631063 51
REALCHAR 5664175587841 1416043896973 51
DEEP 5664462631129 1416115657800 71
REALCHAR 5664942721201 1416235680313 51
DEEP 5665135633609 1416283908420 71
SUPPORT 5665260966121 1416315241543 51
REALCHAR 5665411733521 1416352933393 51
REALCHAR 5665569044041 1416392261023 51
REALCHAR 5665713496921 1416428374243 51
REALCHAR 5667653726641 1416913431673 51
REALCHAR 5668295939881 1417073984983 51
DEEP 5668953213169 1417238303310 71
REALCHAR 5670214365841 1417553591473 51
REALCHAR 5670339474361 1417584868603 51
REALCHAR 5671055996761 1417763999203 51
REALCHAR 5671624229041 1417906057273 51
REALCHAR 5671736028841 1417934007223 51
REALCHAR 5671742029801 1417935507463 51
DEEP 5671742029801 1417935507468 71
DEEP 5674577726689 1418644431690 71
REALCHAR 5674976485201 1418744121313 51
DEEP 5676177326689 1419044331690 71
DEEP 5676305363689 1419076340940 71
REALCHAR 5677343031721 1419335757943 51
REALCHAR 5678038049401 1419509512363 51
DEEP 5678038049401 1419509512368 71
DEEP 5679475304281 1419868826090 79
DEEP 5679483128089 1419870782040 71
REALCHAR 5679590550001 1419897637513 51
SUPPORT 5681131740001 1420282935013 51
REALCHAR 5683308103201 1420827025813 51
REALCHAR 5683618877161 1420904719303 51
REALCHAR 5684199759001 1421049939763 51
REALCHAR 5684785778281 1421196444583 51
REALCHAR 5684917450081 1421229362533 51
REALCHAR 5685959861521 1421489965393 51
REALCHAR 5685987282361 1421496820603 51
REALCHAR 5688088405561 1422022101403 51
DEEP 5688088405561 1422022101408 71
DEEP 5688377500129 1422094375052 79
REALCHAR 5688796596961 1422199149253 51
DEEP 5692371326041 1423092831528 71
REALCHAR 5692408531681 1423102132933 51
DEEP 5692871511721 1423217877948 71
REALCHAR 5692920831361 1423230207853 51
REALCHAR 5693287283401 1423321820863 51
REALCHAR 5693448993241 1423362248323 51
DEEP 5694041622361 1423510405610 79
SUPPORT 5695048791721 1423762197943 51
REALCHAR 5695372779721 1423843194943 51
REALCHAR 5695538795521 1423884698893 51
DEEP 5695721236969 1423930309264 87
REALCHAR 5695949549761 1423987387453 51
REALCHAR 5696879907601 1424219976913 51
REALCHAR 5697541969681 1424385492433 51
REALCHAR 5698332459121 1424583114793 51
DEEP 5698765959121 1424691489799 75
DEEP 5700081736561 1425020434158 71
SUPPORT 5700380779921 1425095194993 51
REALCHAR 5700956825281 1425239206333 51
DEEP 5701287727249 1425321931833 83
DEEP 5702712326809 1425678081720 71
REALCHAR 5706669376321 1426667344099 75
DEEP 5706669376321 1426667344100 79
REALCHAR 5706835498081 1426708874533 51
DEEP 5707465302361 1426866325608 71
REALCHAR 5707487730961 1426871932753 51
DEEP 5707567916521 1426891979149 75
DEEP 5707609799761 1426902449960 79
REALCHAR 5707835030881 1426958757733 51
REALCHAR 5708609438401 1427152359613 51
DEEP 5709302508121 1427325627048 71
DEEP 5709811213129 1427452803302 79
REALCHAR 5710470102481 1427617525633 51
REALCHAR 5711622363841 1427905590973 51
DEEP 5711668655449 1427917163881 75
REALCHAR 5711681820601 1427920455163 51
DEEP 5712522685081 1428130671292 87
REALCHAR 5713015964881 1428253991233 51
DEEP 5713086792169 1428271698060 71
REALCHAR 5713603917841 1428400979473 51
REALCHAR 5714065476001 1428516369013 51
REALCHAR 5714684564521 1428671141143 51
REALCHAR 5714714036641 1428678509173 51
REALCHAR 5715499361881 1428874840483 51
REALCHAR 5715802368721 1428950592193 51
REALCHAR 5716515838321 1429128959593 51
REALCHAR 5716521411241 1429130352823 51
DEEP 5717289684649 1429322421189 107
REALCHAR 5717552566441 1429388141623 51
DEEP 5717650407121 1429412601798 71
REALCHAR 5718823286401 1429705821613 51
DEEP 5718960890449 1429740222631 75
REALCHAR 5720628176041 1430157044023 51
REALCHAR 5721034644361 1430258661103 51
REALCHAR 5721534172201 1430383543063 51
DEEP 5722743003121 1430685750798 71
REALCHAR 5723092179841 1430773044973 51
SUPPORT 5723218114441 1430804528623 51
REALCHAR 5723475106561 1430868776653 51
REALCHAR 5724697414921 1431174353743 51
REALCHAR 5725181599201 1431295399813 51
DEEP 5725396814281 1431349203590 79
DEEP 5725437171169 1431359292810 71
DEEP 5725608127849 1431402031980 71
REALCHAR 5725691923561 1431422980903 51
DEEP 5725999684441 1431499921129 75
DEEP 5726456602441 1431614150628 71
DEEP 5727076281481 1431769070389 75
DEEP 5727199208641 1431799802178 71
DEEP 5727748443169 1431937110814 87
DEEP 5729452591801 1432363147968 71
SUPPORT 5730470590441 1432617647623 51
REALCHAR 5730644049001 1432661012263 51
SUPPORT 5731711819681 1432927954933 51
SUPPORT 5732362447681 1433090611933 51
REALCHAR 5732823094441 1433205773623 51
REALCHAR 5733653678281 1433413419583 51
REALCHAR 5733679967401 1433419991863 51
DEEP 5734281918121 1433570479550 79
SUPPORT 5734379187601 1433594796913 51
SUPPORT 5734408245721 1433602061443 51
DEEP 5735367857041 1433841964279 75
REALCHAR 5735808848641 1433952212173 51
DEEP 5736358577161 1434089644308 71
REALCHAR 5737023996001 1434255999013 51
REALCHAR 5737956916561 1434489229153 51
REALCHAR 5738200193881 1434550048483 51
REALCHAR 5740272644401 1435068161113 51
REALCHAR 5740698887401 1435174721863 51
REALCHAR 5741921236921 1435480309243 51
REALCHAR 5742692779321 1435673194843 51
DEEP 5743068207361 1435767051858 71
DEEP 5743302152641 1435825538178 71
DEEP 5744745042481 1436186260638 71
REALCHAR 5744845740481 1436211435133 51
REALCHAR 5745725257561 1436431314403 51
REALCHAR 5746045378921 1436511344743 51
REALCHAR 5746933799161 1436733449803 51
REALCHAR 5747464164121 1436866041043 51
REALCHAR 5748979932361 1437244983103 51
SUPPORT 5749522978081 1437380744533 51
REALCHAR 5750552046121 1437638011543 51
DEEP 5750865645529 1437716411403 83
SUPPORT 5751593841841 1437898460473 51
DEEP 5751743243401 1437935810868 71
DEEP 5751865218961 1437966304758 71
DEEP 5753352226801 1438338056718 71
REALCHAR 5753453316601 1438363329163 51
DEEP 5753577481129 1438394370306 95
REALCHAR 5753709375241 1438427343823 51
REALCHAR 5753724382561 1438431095653 51
REALCHAR 5753746782001 1438436695513 51
REALCHAR 5753973930721 1438493482693 51
SUPPORT 5753980899241 1438495224823 51
DEEP 5755604327929 1438901082000 71
REALCHAR 5757038936401 1439259734113 51
DEEP 5757166827889 1439291706990 71
DEEP 5757390231961 1439347558009 75
DEEP 5759054364361 1439763591109 75
REALCHAR 5759188635841 1439797158973 51
DEEP 5760049498681 1440012374689 75
REALCHAR 5761059302881 1440264825733 51
DEEP 5762363750641 1440590937678 71
REALCHAR 5762617585321 1440654396343 51
REALCHAR 5762958930481 1440739732633 51
DEEP 5762958930481 1440739732639 75
REALCHAR 5763510862321 1440877715593 51
REALCHAR 5764286479561 1441071619903 51
REALCHAR 5764680744601 1441170186163 51
REALCHAR 5765677856761 1441419464203 51
REALCHAR 5765768125441 1441442031373 51
REALCHAR 5766026313961 1441506578503 51
REALCHAR 5768536712761 1442134178203 51
REALCHAR 5768932419721 1442233104943 51
DEEP 5768932419721 1442233104950 79
REALCHAR 5769885062881 1442471265733 51
REALCHAR 5770087000441 1442521750123 51
DEEP 5770539794881 1442634948738 71
REALCHAR 5774091562201 1443522890563 51
REALCHAR 5774319253921 1443579813493 51
REALCHAR 5774481542041 1443620385523 51
REALCHAR 5774611700881 1443652925233 51
REALCHAR 5774725775641 1443681443923 51
DEEP 5774773287721 1443693321948 71
SUPPORT 5775490403281 1443872600833 51
REALCHAR 5777993861641 1444498465423 51
DEEP 5777993861641 1444498465429 75
REALCHAR 5778306571801 1444576642963 51
REALCHAR 5778979143001 1444744785763 51
REALCHAR 5780101485601 1445025371413 51
REALCHAR 5780386248961 1445096562253 51
REALCHAR 5780918866321 1445229716593 51
REALCHAR 5782541847601 1445635461913 51
REALCHAR 5783263668961 1445815917253 51
SUPPORT 5783343153121 1445835788293 51
REALCHAR 5784255662641 1446063915673 51
DEEP 5784875603809 1446218900970 71
REALCHAR 5785572714601 1446393178663 51
DEEP 5786358299089 1446589574792 79
DEEP 5787306544321 1446826636099 75
REALCHAR 5788107404641 1447026851173 51
DEEP 5788107404641 1447026851178 71
REALCHAR 5788321473841 1447080368473 51
REALCHAR 5788909067881 1447227266983 51
SUPPORT 5790779179201 1447694794813 51
REALCHAR 5791471441681 1447867860433 51
REALCHAR 5792100220201 1448025055063 51
DEEP 5792110386841 1448027596728 71
DEEP 5792821328449 1448205332133 83
DEEP 5793050532889 1448262633240 71
DEEP 5793125849449 1448281462384 87
DEEP 5793309515569 1448327378910 71
REALCHAR 5793936279121 1448484069793 51
DEEP 5793948488329 1448487122100 71
REALCHAR 5796188580121 1449047145043 51
REALCHAR 5796912040921 1449228010243 51
REALCHAR 5797099805641 1449274951423 51
REALCHAR 5797851721561 1449462930403 51
DEEP 5798376197329 1449594049350 71
REALCHAR 5798913406441 1449728351623 51
DEEP 5799395173009 1449848793271 75
REALCHAR 5800544188321 1450136047093 51
DEEP 5800703545729 1450175886452 79
REALCHAR 5802283088281 1450570772083 51
REALCHAR 5802324871561 1450581217903 51
DEEP 5802324871561 1450581217908 71
DEEP 5804145698569 1451036424664 87
REALCHAR 5806144428841 1451536107223 51
DEEP 5806144428841 1451536107230 79
REALCHAR 5806813653001 1451703413263 51
REALCHAR 5808607566841 1452151891723 51
DEEP 5809602730369 1452400682610 71
DEEP 5810483886769 1452620971710 71
REALCHAR 5811258125401 1452814531363 51
REALCHAR 5812123679041 1453030919773 51
REALCHAR 5812530270121 1453132567543 51
REALCHAR 5812573530241 1453143382573 51
REALCHAR 5812705745401 1453176436363 51
REALCHAR 5813197578241 1453299394573 51
DEEP 5813582724889 1453395681240 71
REALCHAR 5813939563441 1453484890873 51
DEEP 5813992403041 1453498100780 79
REALCHAR 5814009137161 1453502284303 51
SUPPORT 5814372409561 1453593102403 51
DEEP 5815727065801 1453931766468 71
REALCHAR 5816220195241 1454055048823 51
REALCHAR 5817731207401 1454432801863 51
DEEP 5818133811169 1454533452810 71
REALCHAR 5818589604361 1454647401103 51
REALCHAR 5818604344921 1454651086243 51
REALCHAR 5818740878161 1454685219553 51
REALCHAR 5821012696321 1455253174093 51
REALCHAR 5821863464041 1455465866023 51
REALCHAR 5822234721601 1455558680413 51
REALCHAR 5823446244841 1455861561223 51
DEEP 5824024600969 1456006150261 75
DEEP 5824192806961 1456048201758 71
REALCHAR 5825221052401 1456305263113 51
REALCHAR 5826469849201 1456617462313 51
REALCHAR 5827683681121 1456920920293 51
REALCHAR 5827781238841 1456945309723 51
REALCHAR 5827858265161 1456964566303 51
REALCHAR 5828482135921 1457120533993 51
REALCHAR 5828930363881 1457232590983 51
DEEP 5829710317201 1457427579318 71
DEEP 5830020568969 1457505142261 75
REALCHAR 5830498230481 1457624557633 51
REALCHAR 5831112598081 1457778149533 51
REALCHAR 5831149080961 1457787270253 51
DEEP 5831221956121 1457805489049 75
DEEP 5831540898121 1457885224548 71
REALCHAR 5832149557081 1458037389283 51
REALCHAR 5832239805001 1458059951263 51
REALCHAR 5832482633041 1458120658273 51
REALCHAR 5833089404041 1458272351023 51
DEEP 5834256333361 1458564083362 87
REALCHAR 5835300460081 1458825115039 75
DEEP 5835300460081 1458825115040 79
REALCHAR 5836659991681 1459164997933 51
REALCHAR 5836676797561 1459169199403 51
REALCHAR 5836939363921 1459234840993 51
SUPPORT 5837218466041 1459304616523 51
REALCHAR 5837477047081 1459369261783 51
REALCHAR 5837883171481 1459470792883 51
REALCHAR 5838308167561 1459577041903 51
REALCHAR 5838313954201 1459578488563 51
REALCHAR 5839286672521 1459821668143 51
REALCHAR 5839860488401 1459965122113 51
REALCHAR 5842525065001 1460631266263 51
DEEP 5842777751281 1460694437838 71
SUPPORT 5842960950121 1460740237543 51
REALCHAR 5843209071001 1460802267763 51
REALCHAR 5843674621801 1460918655463 51
REALCHAR 5846246446681 1461561611683 51
REALCHAR 5847038842681 1461759710683 51
DEEP 5847148251961 1461787063010 79
REALCHAR 5847560385241 1461890096323 51
REALCHAR 5848202311561 1462050577903 51
DEEP 5848219865569 1462054966410 71
REALCHAR 5848943479201 1462235869813 51
DEEP 5849026881721 1462256720448 71
DEEP 5850765294529 1462691323650 71
DEEP 5851553268961 1462888317258 71
DEEP 5851795404361 1462948851108 71
DEEP 5852277150721 1463069287698 71
REALCHAR 5853609146401 1463402286613 51
REALCHAR 5853946360441 1463486590123 51
REALCHAR 5854357766401 1463589441613 51
DEEP 5854469701609 1463617425420 71
REALCHAR 5855284284721 1463821071193 51
DEEP 5855640242761 1463910060708 71
DEEP 5855820826249 1463955206580 71
REALCHAR 5856004800361 1464001200103 51
REALCHAR 5856187232281 1464046808083 51
REALCHAR 5856461982121 1464115495543 51
REALCHAR 5857813133041 1464453283273 51
DEEP 5859939347161 1464984836808 71
DEEP 5861634463441 1465408615878 71
REALCHAR 5862090219241 1465522554823 51
DEEP 5862922619401 1465730654868 71
SUPPORT 5863099994761 1465774998703 51
REALCHAR 5864058616441 1466014654123 51
DEEP 5864058616441 1466014654128 71
REALCHAR 5864233765009 1466058441271 75
DEEP 5864233765009 1466058441272 79
DEEP 5864545491841 1466136372979 75
REALCHAR 5865047433001 1466261858263 51
REALCHAR 5865391634881 1466347908733 51
REALCHAR 5866860831001 1466715207763 51
DEEP 5867072776009 1466768194022 79
REALCHAR 5868389731801 1467097432963 51
REALCHAR 5868399729481 1467099932383 51
DEEP 5868399729481 1467099932389 75
DEEP 5869006188049 1467251547030 71
DEEP 5869667207881 1467416801990 79
DEEP 5869824349489 1467456087390 71
REALCHAR 5871973212121 1467993303043 51
REALCHAR 5872196722681 1468049180683 51
REALCHAR 5872898256481 1468224564133 51
DEEP 5873064844201 1468266211068 71
REALCHAR 5873481402721 1468370350693 51
DEEP 5873481402721 1468370350701 83
DEEP 5875093394641 1468773348678 71
REALCHAR 5875931374681 1468982843683 51
SUPPORT 5876587812001 1469146953013 51
REALCHAR 5876602106761 1469150526703 51
DEEP 5876979693601 1469244923422 87
SUPPORT 5877726254761 1469431563703 51
REALCHAR 5878486100041 1469621525023 51
DEEP 5878486100041 1469621525028 71
REALCHAR 5878570927441 1469642731873 51
REALCHAR 5878741954801 1469685488713 51
REALCHAR 5880082944121 1470020736043 51
DEEP 5881849974001 1470462493518 71
SUPPORT 5882762368081 1470690592033 51
REALCHAR 5883021823561 1470755455903 51
REALCHAR 5883107722801 1470776930713 51
DEEP 5883107722801 1470776930720 79
SUPPORT 5883708719641 1470927179923 51
REALCHAR 5883927401641 1470981850423 51
DEEP 5884066257001 1471016564270 79
REALCHAR 5884745003281 1471186250833 51
DEEP 5884812893521 1471203223398 71
DEEP 5885341354201 1471335338568 71
REALCHAR 5885609032801 1471402258213 51
REALCHAR 5887045867921 1471761466999 75
DEEP 5887045867921 1471761467000 79
REALCHAR 5887202994481 1471800748633 51
REALCHAR 5887373784601 1471843446163 51
REALCHAR 5889207565921 1472301891493 51
REALCHAR 5889588075121 1472397018793 51
SUPPORT 5890248694201 1472562173563 51
DEEP 5890443708241 1472610927078 71
DEEP 5890686964009 1472671741020 71
REALCHAR 5890815490561 1472703872653 51
REALCHAR 5891120531521 1472780132893 51
REALCHAR 5891678583961 1472919646003 51
REALCHAR 5892149612281 1473037403083 51
REALCHAR 5892193659361 1473048414853 51
SUPPORT 5893265001121 1473316250293 51
REALCHAR 5894118996481 1473529749133 51
SUPPORT 5894123827201 1473530956813 51
REALCHAR 5894287580281 1473571895083 51
REALCHAR 5894493768601 1473623442163 51
DEEP 5894493768601 1473623442170 79
DEEP 5894586111649 1473646527932 79
REALCHAR 5895112597201 1473778149313 51
DEEP 5895684093049 1473921023281 75
REALCHAR 5896693309081 1474173327283 51
REALCHAR 5897009379361 1474252344853 51
DEEP 5899229004601 1474807251168 71
DEEP 5903967891721 1475991972948 71
REALCHAR 5904507600601 1476126900163 51
REALCHAR 5904879864601 1476219966163 51
REALCHAR 5905042612681 1476260653183 51
DEEP 5905641651529 1476410412900 71
SUPPORT 5905676278441 1476419069623 51
REALCHAR 5906250661921 1476562665493 51
DEEP 5906554066009 1476638516520 71
REALCHAR 5907293994001 1476823498519 75
DEEP 5907293994001 1476823498521 83
REALCHAR 5907459654721 1476864913693 51
DEEP 5908274062441 1477068515628 71
REALCHAR 5908784144041 1477196036023 51
REALCHAR 5910035490241 1477508872573 51
DEEP 5910438393721 1477609598450 79
REALCHAR 5910502243801 1477625560963 51
REALCHAR 5911032684001 1477758171013 51
REALCHAR 5911208339521 1477802084893 51
DEEP 5911208339521 1477802084898 71
REALCHAR 5912651750041 1478162937523 51
REALCHAR 5914794966721 1478698741693 51
DEEP 5914935359089 1478733839791 75
REALCHAR 5915013821161 1478753455303 51
REALCHAR 5915696481601 1478924120413 51
DEEP 5915963999521 1478990999898 71
REALCHAR 5916402771841 1479100692973 51
REALCHAR 5916736087201 1479184021813 51
REALCHAR 5917095114841 1479273778723 51
DEEP 5917662606241 1479415651578 71
REALCHAR 5918809386961 1479702346753 51
REALCHAR 5919863754841 1479965938723 51
REALCHAR 5921092189321 1480273047343 51
REALCHAR 5921665317481 1480416329383 51
REALCHAR 5922140782321 1480535195593 51
REALCHAR 5922311337121 1480577834293 51
DEEP 5922311337121 1480577834298 71
DEEP 5922539720161 1480634930058 71
REALCHAR 5922661301881 1480665325483 51
REALCHAR 5923004754241 1480751188573 51
DEEP 5924450938849 1481112734730 71
REALCHAR 5924743087561 1481185771903 51
REALCHAR 5925453287041 1481363321773 51
REALCHAR 5925849377809 1481462344471 75
DEEP 5925849377809 1481462344472 79
REALCHAR 5926087257841 1481521814473 51
REALCHAR 5926092404761 1481523101203 51
REALCHAR 5926742301841 1481685575473 51
DEEP 5927513840329 1481878460101 75
REALCHAR 5929074744961 1482268686253 51
REALCHAR 5929074744961 1482268686259 75
DEEP 5929074744961 1482268686260 79
REALCHAR 5929889473561 1482472368403 51
DEEP 5929982439481 1482495609888 71
REALCHAR 5930011316161 1482502829053 51
REALCHAR 5930060467081 1482515116783 51
DEEP 5930060467081 1482515116793 91
REALCHAR 5930174353321 1482543588343 51
REALCHAR 5931887793841 1482971948473 51
REALCHAR 5933391456721 1483347864193 51
REALCHAR 5934703968649 1483675992181 75
DEEP 5934703968649 1483675992183 83
REALCHAR 5936472141961 1484118035503 51
REALCHAR 5937939498241 1484484874573 51
DEEP 5938830676321 1484707669098 71
REALCHAR 5939010573721 1484752643443 51
DEEP 5939010573721 1484752643448 71
DEEP 5939644030609 1484911007670 71
DEEP 5940192472369 1485048118111 75
REALCHAR 5940990691561 1485247672903 51
DEEP 5941786038241 1485446509580 79
REALCHAR 5942505135961 1485626284003 51
SUPPORT 5943965947921 1485991486993 51
REALCHAR 5944265758201 1486066439563 51
REALCHAR 5945727598801 1486431899713 51
REALCHAR 5946194939281 1486548734833 51
DEEP 5946456352321 1486614088098 71
REALCHAR 5946486262201 1486621565563 51
DEEP 5946486262201 1486621565571 83
DEEP 5947249672849 1486812418232 79
DEEP 5947662049729 1486915512450 71
DEEP 5949329460649 1487332365180 71
REALCHAR 5950683504481 1487670876133 51
DEEP 5950683504481 1487670876138 71
DEEP 5951476084009 1487869021023 83
REALCHAR 5951644193881 1487911048483 51
REALCHAR 5952297545041 1488074386273 51
REALCHAR 5952712726321 1488178181593 51
REALCHAR 5952932956441 1488233239123 51
DEEP 5953373079889 1488343269990 71
SUPPORT 5953443296641 1488360824173 51
REALCHAR 5954025910561 1488506477653 51
REALCHAR 5955230510161 1488807627553 51
SUPPORT 5956032250081 1489008062533 51
REALCHAR 5956611673321 1489152918343 51
REALCHAR 5956649150761 1489162287703 51
DEEP 5956649150761 1489162287708 71
REALCHAR 5957133281401 1489283320363 51
REALCHAR 5957355983881 1489338995983 51
REALCHAR 5957397534841 1489349383723 51
REALCHAR 5957833728001 1489458432013 51
DEEP 5958191598241 1489547899578 71
REALCHAR 5958404403121 1489601100793 51
REALCHAR 5958851928241 1489712982073 51
SUPPORT 5960000480281 1490000120083 51
DEEP 5960000480281 1490000120089 75
REALCHAR 5960510805001 1490127701263 51
DEEP 5960510805001 1490127701268 71
DEEP 5960618303929 1490154576000 71
REALCHAR 5960852851801 1490213212963 51
DEEP 5963134538761 1490783634708 71
REALCHAR 5963478242401 1490869560613 51
DEEP 5964776475529 1491194118902 79
REALCHAR 5965979789641 1491494947423 51
SUPPORT 5966737221481 1491684305383 51
DEEP 5967376351561 1491844087908 71
REALCHAR 5967775453201 1491943863313 51
DEEP 5968788053089 1492197013290 71
REALCHAR 5969466908161 1492366727053 51
DEEP 5969717267089 1492429316790 71
REALCHAR 5969931884401 1492482971113 51
REALCHAR 5970725154241 1492681288573 51
SUPPORT 5972115513961 1493028878503 51
REALCHAR 5972138211601 1493034552913 51
REALCHAR 5974463335681 1493615833933 51
DEEP 5974463335681 1493615833940 79
REALCHAR 5974559228401 1493639807113 51
DEEP 5974559228401 1493639807118 71
REALCHAR 5976382688641 1494095672173 51
REALCHAR 5976648525241 1494162131323 51
DEEP 5979137637841 1494784409478 71
DEEP 5979224112481 1494806028138 71
REALCHAR 5979243632041 1494810908023 51
DEEP 5979243632041 1494810908028 71
REALCHAR 5979871806841 1494967951723 51
REALCHAR 5980163858881 1495040964733 51
REALCHAR 5981539131481 1495384782883 51
DEEP 5981896549561 1495474137408 71
REALCHAR 5982216979561 1495554244903 51
DEEP 5982216979561 1495554244908 71
REALCHAR 5983518657601 1495879664413 51
REALCHAR 5983749720001 1495937430013 51
DEEP 5983993499929 1495998375000 71
REALCHAR 5985466105921 1496366526493 51
REALCHAR 5985893344201 1496473336063 51
REALCHAR 5986029314281 1496507328583 51
REALCHAR 5986550475361 1496637618853 51
DEEP 5986550475361 1496637618860 79
REALCHAR 5986795132081 1496698783033 51
DEEP 5986866028081 1496716507039 75
REALCHAR 5987247636241 1496811909073 51
REALCHAR 5987643401041 1496910850273 51
REALCHAR 5988156731881 1497039182983 51
REALCHAR 5988661245961 1497165311503 51
DEEP 5989579927321 1497394981848 71
REALCHAR 5989794943441 1497448735873 51
REALCHAR 5990306192641 1497576548173 51
DEEP 5990483610721 1497620902701 83
REALCHAR 5990604550921 1497651137743 51
REALCHAR 5992991503801 1498247875963 51
DEEP 5993295749281 1498323937339 75
REALCHAR 5994266007601 1498566501913 51
DEEP 5994725493241 1498681373328 71
REALCHAR 5995636438801 1498909109713 51
REALCHAR 5995651406761 1498912851703 51
DEEP 5995694999449 1498923749880 71
REALCHAR 5995730452321 1498932613093 51
REALCHAR 5996211045841 1499052761473 51
REALCHAR 5997707186641 1499426796673 51
DEEP 5998314971401 1499578742870 79
REALCHAR 5998324022161 1499581005553 51
REALCHAR 5999179023601 1499794755913 51
DEEP 5999179023601 1499794755918 71
DEEP 5999869916569 1499967479162 79
DEEP 6000503954449 1500125988630 71
REALCHAR 6000835681681 1500208920433 51
REALCHAR 6001151236081 1500287809033 51
REALCHAR 6001867937521 1500466984393 51
REALCHAR 6002087130601 1500521782663 51
REALCHAR 6003405419761 1500851354953 51
SUPPORT 6003420969001 1500855242263 51
REALCHAR 6004006872361 1501001718103 51
REALCHAR 6004319947081 1501079986783 51
DEEP 6007126851961 1501781713008 71
DEEP 6008511633601 1502127908418 71
DEEP 6008840157961 1502210039508 71
DEEP 6009766174801 1502441543718 71
REALCHAR 6009860656801 1502465164213 51
REALCHAR 6010466116561 1502616529153 51
REALCHAR 6011694179401 1502923544863 51
REALCHAR 6012404916961 1503101229253 51
DEEP 6013142740081 1503285685038 71
DEEP 6013188125569 1503297031410 71
REALCHAR 6013429959601 1503357489913 51
REALCHAR 6013586476921 1503396619243 51
REALCHAR 6013984172641 1503496043173 51
DEEP 6014257559209 1503564389821 75
DEEP 6015283544209 1503820886070 71
DEEP 6016552801561 1504138200410 79
REALCHAR 6016639268641 1504159817173 51
DEEP 6016650417649 1504162604430 71
REALCHAR 6017007182761 1504251795703 51
REALCHAR 6017753113681 1504438278433 51
REALCHAR 6017918871721 1504479717943 51
REALCHAR 6018653977561 1504663494403 51
REALCHAR 6019428227401 1504857056863 51
REALCHAR 6019429352161 1504857338053 51
DEEP 6019643675761 1504910918958 71
REALCHAR 6019951160521 1504987790143 51
REALCHAR 6021699332401 1505424833113 51
REALCHAR 6023148888241 1505787222073 51
REALCHAR 6023641866841 1505910466723 51
DEEP 6024217165201 1506054291318 71
REALCHAR 6026771229361 1506692807353 51
REALCHAR 6027000579961 1506750145003 51
REALCHAR 6027106242481 1506776560633 51
SUPPORT 6027614719681 1506903679933 51
REALCHAR 6028227950761 1507056987703 51
SUPPORT 6028592620801 1507148155213 51
REALCHAR 6028912104601 1507228026163 51
REALCHAR 6029261587801 1507315396963 51
REALCHAR 6029942515081 1507485628783 51
SUPPORT 6030269973121 1507567493293 51
REALCHAR 6030851001841 1507712750473 51
REALCHAR 6030939762241 1507734940573 51
REALCHAR 6031027537921 1507756884493 51
REALCHAR 6031917182041 1507979295523 51
REALCHAR 6032360777881 1508090194483 51
DEEP 6032788900609 1508197225172 79
REALCHAR 6032842604881 1508210651239 75
DEEP 6032842604881 1508210651240 79
REALCHAR 6032867257561 1508216814403 51
REALCHAR 6033150621481 1508287655383 51
REALCHAR 6033278862361 1508319715603 51
REALCHAR 6034592578081 1508648144533 51
REALCHAR 6034641277681 1508660319433 51
REALCHAR 6034969003561 1508742250903 51
REALCHAR 6035460208801 1508865052213 51
DEEP 6035702315449 1508925578880 71
REALCHAR 6036164829601 1509041207413 51
DEEP 6036502231369 1509125557860 71
REALCHAR 6036818115241 1509204528823 51
DEEP 6036818115241 1509204528828 71
REALCHAR 6037112986921 1509278246743 51
DEEP 6037175389249 1509293847330 71
DEEP 6038254514161 1509563628558 71
DEEP 6038287618609 1509571904670 71
REALCHAR 6038608154401 1509652038613 51
DEEP 6039255014809 1509813753721 75
REALCHAR 6040456454761 1510114113703 51
REALCHAR 6040611072721 1510152768193 51
DEEP 6040772413729 1510193103450 71
REALCHAR 6041476407121 1510369101793 51
DEEP 6041617557889 1510404389491 75
DEEP 6043281360769 1510820340212 79
REALCHAR 6043340557081 1510835139283 51
DEEP 6043340557081 1510835139288 71
REALCHAR 6044287190041 1511071797523 51
DEEP 6044400119521 1511100029898 71
REALCHAR 6044453638441 1511113409623 51
REALCHAR 6044504857561 1511126214403 51
REALCHAR 6044904177841 1511226044479 75
DEEP 6044904177841 1511226044480 79
REALCHAR 6045329603041 1511332400773 51
DEEP 6045356922361 1511339230608 71
REALCHAR 6045888509761 1511472127453 51
DEEP 6046204767409 1511551191870 71
REALCHAR 6046495907761 1511623976953 51
REALCHAR 6047912989561 1511978247403 51
REALCHAR 6048349043881 1512087260983 51
SUPPORT 6050371011721 1512592752943 51
REALCHAR 6051537133321 1512884283343 51
REALCHAR 6051682499641 1512920624923 51
REALCHAR 6052630595761 1513157648953 51
DEEP 6052764223081 1513191055790 79
REALCHAR 6053122918441 1513280729623 51
REALCHAR 6053279088481 1513319772133 51
DEEP 6055024604281 1513756151088 71
DEEP 6055176424441 1513794106132 87
REALCHAR 6055198101481 1513799525383 51
DEEP 6055198101481 1513799525388 71
REALCHAR 6055285264081 1513821316033 51
SUPPORT 6055841783161 1513960445803 51
DEEP 6055969070089 1513992267542 79
REALCHAR 6055985844841 1513996461223 51
REALCHAR 6056058781081 1514014695283 51
REALCHAR 6056979311881 1514244827983 51
REALCHAR 6057480003481 1514370000883 51
REALCHAR 6057960965281 1514490241333 51
REALCHAR 6058018188121 1514504547043 51
DEEP 6058190643961 1514547661008 71
DEEP 6058329540649 1514582385181 75
REALCHAR 6059029949281 1514757487333 51
REALCHAR 6059051533441 1514762883373 51
REALCHAR 6059156286481 1514789071633 51
SUPPORT 6059537429401 1514884357363 51
REALCHAR 6059541614281 1514885403583 51
REALCHAR 6059955337921 1514988834493 51
REALCHAR 6060913868881 1515228467233 51
SUPPORT 6061529147041 1515382286773 51
REALCHAR 6061544828161 1515386207053 51
REALCHAR 6061712339929 1515428085001 75
DEEP 6061712339929 1515428085002 79
REALCHAR 6062638733761 1515659683453 51
REALCHAR 6063669307081 1515917326783 51
DEEP 6065075199481 1516268799888 71
REALCHAR 6065277663481 1516319415883 51
DEEP 6065521253401 1516380313369 75
SUPPORT 6065540294641 1516385073673 51
DEEP 6066567249961 1516641812508 71
REALCHAR 6067772221681 1516943055433 51
REALCHAR 6069276659161 1517319164803 51
REALCHAR 6070343498521 1517585874643 51
REALCHAR 6072263870401 1518065967613 51
DEEP 6072618517681 1518154629438 71
DEEP 6074549335009 1518637333770 71
DEEP 6074928784681 1518732196189 75
REALCHAR 6075876665161 1518969166303 51
REALCHAR 6076547320321 1519136830093 51
DEEP 6076547320321 1519136830098 71
REALCHAR 6077370938521 1519342734643 51
DEEP 6077385154129 1519346288550 71
SUPPORT 6077816570281 1519454142583 51
REALCHAR 6078886990201 1519721747563 51
DEEP 6079265016889 1519816254240 71
REALCHAR 6079558891561 1519889722903 51
DEEP 6080939386369 1520234846610 71
REALCHAR 6081224538601 1520306134663 51
DEEP 6081224538601 1520306134668 71
REALCHAR 6081305621161 1520326405303 51
SUPPORT 6081326037361 1520331509353 51
REALCHAR 6082310259481 1520577564883 51
REALCHAR 6082515961201 1520628990313 51
REALCHAR 6084214132441 1521053533123 51
REALCHAR 6084245073481 1521061268383 51
REALCHAR 6084832750441 1521208187623 51
DEEP 6084868632049 1521217158037 99
REALCHAR 6085856929441 1521464232373 51
REALCHAR 6086485076281 1521621269083 51
DEEP 6086707479889 1521676869992 79
DEEP 6087131136529 1521782784151 75
REALCHAR 6087232249921 1521808062493 51
REALCHAR 6087566701441 1521891675373 51
REALCHAR 6088671761041 1522167940273 51
REALCHAR 6089370110041 1522342527523 51
REALCHAR 6091498562881 1522874640733 51
REALCHAR 6091659854281 1522914963583 51
DEEP 6091734905881 1522933726488 71
SUPPORT 6091949882041 1522987470523 51
SUPPORT 6091954344961 1522988586253 51
REALCHAR 6092379384961 1523094846253 51
REALCHAR 6093436641601 1523359160413 51
REALCHAR 6093469101721 1523367275443 51
REALCHAR 6094425589561 1523606397403 51
REALCHAR 6094704143641 1523676035923 51
REALCHAR 6094801732321 1523700433093 51
REALCHAR 6095492615521 1523873153893 51
DEEP 6097583847601 1524395961918 71
DEEP 6098301947761 1524575486958 71
REALCHAR 6098401257001 1524600314263 51
DEEP 6099974114809 1524993528720 71
REALCHAR 6100134953761 1525033738453 51
REALCHAR 6100542211201 1525135552813 51
SUPPORT 6101642725201 1525410681313 51
REALCHAR 6103635856081 1525908964033 51
REALCHAR 6103828594081 1525957148533 51
REALCHAR 6103906700761 1525976675203 51
DEEP 6105085627369 1526271406860 71
REALCHAR 6105979036921 1526494759243 51
REALCHAR 6106229712361 1526557428103 51
DEEP 6107408205889 1526852051491 75
SUPPORT 6108347253121 1527086813293 51
DEEP 6109014361129 1527253590300 71
REALCHAR 6110122334761 1527530583703 51
REALCHAR 6111097468921 1527774367243 51
REALCHAR 6113194813441 1528298703373 51
REALCHAR 6114884398921 1528721099743 51
REALCHAR 6116274369241 1529068592323 51
REALCHAR 6116643765241 1529160941323 51
DEEP 6117547810609 1529386952673 83
REALCHAR 6117941748361 1529485437103 51
DEEP 6117941748361 1529485437108 71
DEEP 6118036732369 1529509183112 79
REALCHAR 6118599216601 1529649804163 51
DEEP 6119131782241 1529782945578 71
DEEP 6119845337761 1529961334460 79
REALCHAR 6120348579361 1530087144853 51
REALCHAR 6121212048121 1530303012043 51
DEEP 6121509399721 1530377349948 71
DEEP 6121990339921 1530497585000 79
REALCHAR 6122484415441 1530621103873 51
REALCHAR 6122933534041 1530733383523 51
REALCHAR 6122976984721 1530744246193 51
DEEP 6123767248369 1530941812110 71
REALCHAR 6124765206121 1531191301543 51
REALCHAR 6124893037561 1531223259403 51
REALCHAR 6125042939401 1531260734863 51
DEEP 6125152610329 1531288152600 71
DEEP 6126122462329 1531530615602 79
REALCHAR 6126133944841 1531533486223 51
REALCHAR 6126837478441 1531709369623 51
REALCHAR 6127252548481 1531813137133 51
REALCHAR 6127755727921 1531938931993 51
REALCHAR 6128322012121 1532080503043 51
DEEP 6128429907961 1532107477008 71
REALCHAR 6128488544161 1532122136053 51
REALCHAR 6128681591761 1532170397953 51
DEEP 6129001479241 1532250369828 71
REALCHAR 6130806690241 1532701672573 51
DEEP 6130806690241 1532701672578 71
REALCHAR 6130938845641 1532734711423 51
REALCHAR 6131267179801 1532816794963 51
DEEP 6131438905201 1532859726320 79
REALCHAR 6133258884481 1533314721133 51
REALCHAR 6133371963601 1533342990913 51
DEEP 6133431698689 1533357924690 71
SUPPORT 6134716545721 1533679136443 51
REALCHAR 6135282808561 1533820702153 51
REALCHAR 6135293156281 1533823289083 51
REALCHAR 6135997792681 1533999448183 51
REALCHAR 6136325395201 1534081348813 51
REALCHAR 6136367187721 1534091796943 51
REALCHAR 6136421242561 1534105310653 51
REALCHAR 6136429029481 1534107257383 51
DEEP 6136589082121 1534147270548 71
DEEP 6136719625969 1534179906510 71
DEEP 6137232303049 1534308075780 71
REALCHAR 6137267867641 1534316966923 51
DEEP 6137692707169 1534423176810 71
DEEP 6138908952289 1534727238094 87
REALCHAR 6139640183041 1534910045773 51
REALCHAR 6140093969881 1535023492483 51
REALCHAR 6141299095801 1535324773963 51
REALCHAR 6141711214081 1535427803533 51
REALCHAR 6141823585921 1535455896493 51
REALCHAR 6142147800721 1535536950193 51
DEEP 6142152186361 1535538046608 71
REALCHAR 6142218896641 1535554724173 51
DEEP 6142867979161 1535716994808 71
REALCHAR 6143061057961 1535765264503 51
DEEP 6143824202569 1535956050662 79
DEEP 6143907455401 1535976863868 71
REALCHAR 6144026513881 1536006628483 51
REALCHAR 6144749529361 1536187382353 51
REALCHAR 6145416888361 1536354222103 51
REALCHAR 6145699024921 1536424756243 51
REALCHAR 6146058738121 1536514684543 51
REALCHAR 6146133389881 1536533347483 51
REALCHAR 6146275367761 1536568841953 51
REALCHAR 6146727111121 1536681777793 51
SUPPORT 6148218642721 1537054660693 51
REALCHAR 6148789888081 1537197472033 51
REALCHAR 6149051375041 1537262843773 51
REALCHAR 6149687016841 1537421754223 51
DEEP 6150145268089 1537536317040 71
REALCHAR 6150367201801 1537591800463 51
REALCHAR 6150511141681 1537627785433 51
SUPPORT 6151310933881 1537827733483 51
REALCHAR 6151376469001 1537844117263 51
REALCHAR 6152242702321 1538060675593 51
REALCHAR 6152583706201 1538145926563 51
DEEP 6152583706201 1538145926568 71
REALCHAR 6152884251721 1538221062943 51
REALCHAR 6153058904281 1538264726083 51
REALCHAR 6154063118641 1538515779673 51
REALCHAR 6157079715361 1539269928853 51
DEEP 6157409329681 1539352332440 79
DEEP 6158675217601 1539668804418 71
DEEP 6158967013081 1539741753288 71
DEEP 6159316928521 1539829232148 71
SUPPORT 6159453642241 1539863410573 51
REALCHAR 6160788953881 1540197238483 51
DEEP 6161218142689 1540304535690 71
REALCHAR 6161798922841 1540449730723 51
REALCHAR 6161811321961 1540452830503 51
REALCHAR 6161909395321 1540477348843 51
REALCHAR 6163813263001 1540953315763 51
REALCHAR 6163900372081 1540975093033 51
DEEP 6164125979449 1541031494880 71
DEEP 6164548240321 1541137060100 79
REALCHAR 6164615788321 1541153947093 51
DEEP 6165130823329 1541282705850 71
REALCHAR 6166093624681 1541523406183 51
REALCHAR 6166581072961 1541645268253 51
SUPPORT 6168519583801 1542129895963 51
REALCHAR 6168729781561 1542182445403 51
REALCHAR 6168874489801 1542218622463 51
SUPPORT 6169188475321 1542297118843 51
REALCHAR 6169769823361 1542442455853 51
REALCHAR 6169974049801 1542493512463 51
DEEP 6171975769969 1542993942510 71
REALCHAR 6172048538041 1543012134523 51
REALCHAR 6173168914201 1543292228563 51
SUPPORT 6173348309041 1543337077273 51
DEEP 6173483458081 1543370864538 71
REALCHAR 6178501210561 1544625302653 51
DEEP 6178605385969 1544651346510 71
SUPPORT 6179526812761 1544881703203 51
DEEP 6179526812761 1544881703210 79
REALCHAR 6179699972161 1544924993053 51
DEEP 6181121890441 1545280472628 71
REALCHAR 6182616585601 1545654146413 51
REALCHAR 6182621277121 1545655319293 51
DEEP 6184120774441 1546030193628 71
DEEP 6186244950601 1546561237668 71
REALCHAR 6186833909281 1546708477333 51
REALCHAR 6187079830801 1546769957713 51
DEEP 6187079830801 1546769957719 75
REALCHAR 6187158650401 1546789662613 51
SUPPORT 6187267872241 1546816968073 51
REALCHAR 6187976681041 1546994170273 51
DEEP 6187976681041 1546994170279 75
DEEP 6188176242889 1547044060740 71
SUPPORT 6189392315401 1547348078863 51
REALCHAR 6189938901721 1547484725443 51
REALCHAR 6190347249241 1547586812323 51
DEEP 6193107637201 1548276909318 71
REALCHAR 6193174375441 1548293593873 51
REALCHAR 6193483066681 1548370766683 51
SUPPORT 6193691670721 1548422917693 51
REALCHAR 6194095760161 1548523940053 51
DEEP 6194998500601 1548749625168 71
REALCHAR 6195160568041 1548790142023 51
DEEP 6195306293089 1548826573290 71
REALCHAR 6195659630161 1548914907553 51
DEEP 6195712688881 1548928172238 71
REALCHAR 6195740802241 1548935200573 51
DEEP 6196224187729 1549056046951 75
REALCHAR 6196277906641 1549069476673 51
REALCHAR 6196339721881 1549084930483 51
DEEP 6198178740601 1549544685168 71
DEEP 6198751327729 1549687831950 71
REALCHAR 6199402179961 1549850545003 51
REALCHAR 6199582235401 1549895558863 51
DEEP 6199696309489 1549924077390 71
REALCHAR 6200332028641 1550083007173 51
DEEP 6200454583801 1550113645968 71
REALCHAR 6201509354041 1550377338523 51
REALCHAR 6201571478881 1550392869733 51
REALCHAR 6202025258881 1550506314733 51
REALCHAR 6203986545241 1550996636323 51
DEEP 6204224530729 1551056132700 71
REALCHAR 6204791622481 1551197905633 51
DEEP 6205140965521 1551285241398 71
REALCHAR 6205223183041 1551305795773 51
DEEP 6205223183041 1551305795778 71
REALCHAR 6205574342881 1551393585733 51
DEEP 6207256052209 1551814013070 71
REALCHAR 6207358020361 1551839505103 51
REALCHAR 6207690922801 1551922730713 51
DEEP 6208697072449 1552174268132 79
SUPPORT 6208714052641 1552178513173 51
DEEP 6208760748961 1552190187261 83
REALCHAR 6209087836561 1552271959153 51
REALCHAR 6209197739761 1552299434953 51
REALCHAR 6209777282641 1552444320673 51
DEEP 6209943249241 1552485812328 71
REALCHAR 6210331520761 1552582880203 51
SUPPORT 6211012001041 1552753000273 51
REALCHAR 6211311813841 1552827953473 51
DEEP 6211990083289 1552997520840 71
DEEP 6213101108449 1553275277130 71
REALCHAR 6213215397601 1553303849413 51
DEEP 6213561482209 1553390370570 71
REALCHAR 6214604286361 1553651071603 51
DEEP 6216925218529 1554231304652 79
REALCHAR 6217271850001 1554317962513 51
DEEP 6218039836969 1554509959260 71
REALCHAR 6218506173721 1554626543443 51
REALCHAR 6219875252761 1554968813203 51
REALCHAR 6219959065321 1554989766343 51
REALCHAR 6220229357281 1555057339333 51
REALCHAR 6220229967121 1555057491793 51
DEEP 6222605828209 1555651457070 71
DEEP 6223793815801 1555948453968 71
REALCHAR 6224178575521 1556044643893 51
REALCHAR 6224476604641 1556119151173 51
DEEP 6224476604641 1556119151180 79
REALCHAR 6224800556881 1556200139233 51
DEEP 6225506225929 1556376556502 79
DEEP 6225972446521 1556493111650 79
DEEP 6226997112961 1556749278258 71
REALCHAR 6227801754001 1556950438513 51
REALCHAR 6228178648561 1557044662153 51
DEEP 6228612016201 1557153004068 71
REALCHAR 6228746647561 1557186661903 51
REALCHAR 6228836009881 1557209002483 51
REALCHAR 6229238343241 1557309585823 51
DEEP 6229925412649 1557481353182 79
REALCHAR 6230089681201 1557522420313 51
SUPPORT 6230160588961 1557540147253 51
SUPPORT 6232994786041 1558248696523 51
DEEP 6233544102361 1558386025609 75
REALCHAR 6233989714681 1558497428683 51
REALCHAR 6236198339281 1559049584833 51
REALCHAR 6236345533441 1559086383373 51
SUPPORT 6236597079001 1559149269763 51
DEEP 6236775484801 1559193871218 71
DEEP 6236808601321 1559202150348 71
DEEP 6238594249969 1559648562512 79
REALCHAR 6240840587521 1560210146893 51
SUPPORT 6241393741801 1560348435463 51
REALCHAR 6241888943761 1560472235953 51
SUPPORT 6241926316081 1560481579033 51
DEEP 6242407879009 1560601969770 71
DEEP 6242996646769 1560749161710 71
REALCHAR 6243028177681 1560757044433 51
REALCHAR 6243173502721 1560793375693 51
REALCHAR 6243459752401 1560864938113 51
REALCHAR 6243521902921 1560880475743 51
REALCHAR 6243765056281 1560941264083 51
DEEP 6243975422281 1560993855588 71
REALCHAR 6244364571481 1561091142883 51
DEEP 6245395388521 1561348847148 71
REALCHAR 6245539886881 1561384971733 51
DEEP 6245679517081 1561419879288 71
REALCHAR 6246078540601 1561519635163 51
DEEP 6246341174089 1561585293540 71
REALCHAR 6246458007001 1561614501763 51
REALCHAR 6248252444281 1562063111083 51
REALCHAR 6248346215281 1562086553833 51
REALCHAR 6248395304761 1562098826203 51
REALCHAR 6248465499721 1562116374943 51
REALCHAR 6248666849881 1562166712483 51
REALCHAR 6249433695961 1562358424003 51
REALCHAR 6249552461161 1562388115303 51
REALCHAR 6251861584081 1562965396033 51
REALCHAR 6252836154601 1563209038663 51
REALCHAR 6253498214401 1563374553613 51
DEEP 6253581432289 1563395358090 71
DEEP 6254993558641 1563748389680 79
DEEP 6255238097761 1563809524458 71
REALCHAR 6255248845561 1563812211403 51
REALCHAR 6255335607361 1563833901853 51
REALCHAR 6256133032081 1564033258033 51
REALCHAR 6257461715761 1564365428953 51
DEEP 6257461715761 1564365428958 71
REALCHAR 6257725176481 1564431294133 51
DEEP 6257725176481 1564431294138 71
DEEP 6258016444969 1564504111260 71
SUPPORT 6258364283161 1564591070803 51
REALCHAR 6259023873001 1564755968263 51
DEEP 6259225811281 1564806452841 83
DEEP 6260314918729 1565078729706 95
REALCHAR 6260493521881 1565123380483 51
REALCHAR 6260518341841 1565129585473 51
DEEP 6260652339769 1565163084960 71
REALCHAR 6261579650041 1565394912523 51
REALCHAR 6261871215961 1565467804003 51
REALCHAR 6263112369721 1565778092443 51
REALCHAR 6265582408801 1566395602213 51
REALCHAR 6266048119321 1566512029843 51
REALCHAR 6267153040201 1566788260063 51
DEEP 6268850991841 1567212747978 71
REALCHAR 6269494714921 1567373678743 51
REALCHAR 6270075299401 1567518824863 51
REALCHAR 6270629334841 1567657333723 51
REALCHAR 6271045933441 1567761483373 51
DEEP 6272651967481 1568162991888 71
DEEP 6273215682889 1568303920740 71
REALCHAR 6273455646481 1568363911633 51
REALCHAR 6273958054081 1568489513533 51
REALCHAR 6274512556321 1568628139093 51
DEEP 6277953901129 1569488475300 71
REALCHAR 6278236605001 1569559151263 51
REALCHAR 6279018779401 1569754694863 51
REALCHAR 6280684567921 1570171141993 51
REALCHAR 6280833363841 1570208340973 51
REALCHAR 6280926414361 1570231603603 51
DEEP 6282066700849 1570516675234 87
REALCHAR 6282296344921 1570574086243 51
REALCHAR 6283306199041 1570826549773 51
REALCHAR 6283574583001 1570893645763 51
SUPPORT 6287024963041 1571756240773 51
REALCHAR 6287565276001 1571891319013 51
REALCHAR 6287613913681 1571903478433 51
REALCHAR 6288062827201 1572015706813 51
REALCHAR 6288062827201 1572015706819 75
DEEP 6288062827201 1572015706820 79
DEEP 6288751902889 1572187975740 71
REALCHAR 6288988310641 1572247077673 51
DEEP 6288988310641 1572247077678 71
REALCHAR 6289198111681 1572299527933 51
DEEP 6289318127689 1572329531941 75
REALCHAR 6289560134881 1572390033733 51
REALCHAR 6291315495481 1572828873883 51
REALCHAR 6291616773121 1572904193293 51
DEEP 6292090827961 1573022707008 71
SUPPORT 6292253014441 1573063253623 51
DEEP 6292253014441 1573063253630 79
REALCHAR 6293076939601 1573269234913 51
REALCHAR 6294792308401 1573698077113 51
REALCHAR 6295392882601 1573848220663 51
DEEP 6296559877609 1574139969420 71
REALCHAR 6297044872561 1574261218153 51
REALCHAR 6298491350761 1574622837703 51
DEEP 6298516631521 1574629157899 75
REALCHAR 6298639997521 1574659999393 51
REALCHAR 6299226436801 1574806609213 51
REALCHAR 6300254365441 1575063591373 51
DEEP 6300571514449 1575142878630 71
DEEP 6301779140281 1575444785089 75
REALCHAR 6302864365561 1575716091403 51
DEEP 6302864365561 1575716091410 79
REALCHAR 6305574439921 1576393609993 51
DEEP 6305787647569 1576446911910 71
REALCHAR 6305867633521 1576466908393 51
DEEP 6306602965441 1576650741379 75
REALCHAR 6307092903721 1576773225943 51
DEEP 6307368004081 1576842001041 83
DEEP 6307796994409 1576949248620 71
REALCHAR 6307882427401 1576970606863 51
REALCHAR 6308284650721 1577071162693 51
REALCHAR 6309381127921 1577345281993 51
REALCHAR 6310030657681 1577507664433 51
DEEP 6310185919801 1577546479968 71
REALCHAR 6310794308641 1577698577173 51
REALCHAR 6311931433201 1577982858313 51
DEEP 6311931433201 1577982858318 71
REALCHAR 6313601237161 1578400309303 51
REALCHAR 6313817523841 1578454380973 51
DEEP 6314736482209 1578684120570 71
REALCHAR 6315554338921 1578888584743 51
REALCHAR 6317232207841 1579308051973 51
DEEP 6318071906689 1579517976690 71
DEEP 6318678830689 1579669707690 71
REALCHAR 6319203421441 1579800855373 51
REALCHAR 6319217715721 1579804428943 51
REALCHAR 6319243522201 1579810880563 51
SUPPORT 6319453121881 1579863280483 51
DEEP 6319567959769 1579891989960 71
REALCHAR 6319815007801 1579953751963 51
REALCHAR 6320748079801 1580187019963 51
REALCHAR 6321028735921 1580257183993 51
DEEP 6323967462409 1580991865620 71
REALCHAR 6325394996281 1581348749083 51
REALCHAR 6326042054641 1581510513673 51
REALCHAR 6326131200841 1581532800223 51
DEEP 6326630002081 1581657500538 71
DEEP 6326960431801 1581740107971 83
REALCHAR 6327918148561 1581979537153 51
DEEP 6328331794801 1582082948718 71
REALCHAR 6328566644401 1582141661113 51
REALCHAR 6329143534081 1582285883533 51
REALCHAR 6329897046841 1582474261723 51
DEEP 6331518664969 1582879666260 71
REALCHAR 6331870350961 1582967587753 51
REALCHAR 6332136564961 1583034141253 51
REALCHAR 6332331288721 1583082822193 51
REALCHAR 6333455334361 1583363833603 51
REALCHAR 6333606083401 1583401520863 51
REALCHAR 6334820419321 1583705104843 51
REALCHAR 6335346163441 1583836540873 51
REALCHAR 6335742122161 1583935530553 51
SUPPORT 6336147196681 1584036799183 51
REALCHAR 6336293981161 1584073495303 51
DEEP 6336587793649 1584146948433 83
REALCHAR 6336906423241 1584226605823 51
DEEP 6336906423241 1584226605828 71
REALCHAR 6337100254081 1584275063533 51
REALCHAR 6337706067001 1584426516763 51
DEEP 6337720981201 1584430245320 79
SUPPORT 6337737483841 1584434370973 51
REALCHAR 6338070165001 1584517541263 51
REALCHAR 6338854202521 1584713550643 51
REALCHAR 6338873838361 1584718459603 51
DEEP 6339380916961 1584845229258 71
REALCHAR 6339516256921 1584879064243 51
REALCHAR 6339879522601 1584969880663 51
REALCHAR 6340403974921 1585100993743 51
DEEP 6341386976929 1585346744252 79
DEEP 6341857747681 1585464436939 75
DEEP 6342259218409 1585564804620 71
DEEP 6343003392961 1585750848266 103
REALCHAR 6343851619561 1585962904903 51
REALCHAR 6344348961721 1586087240443 51
DEEP 6344529038929 1586132259750 71
REALCHAR 6344538038281 1586134509583 51
SUPPORT 6346121039281 1586530259833 51
DEEP 6346448200849 1586612050230 71
REALCHAR 6347077769761 1586769442453 51
REALCHAR 6347405443681 1586851360933 51
REALCHAR 6347619842281 1586904960583 51
DEEP 6347702225881 1586925556488 71
REALCHAR 6347970608281 1586992652083 51
REALCHAR 6349190123761 1587297530953 51
REALCHAR 6349995589921 1587498897493 51
DEEP 6350349722161 1587587430558 71
DEEP 6351019414609 1587754853670 71
DEEP 6351058562809 1587764640720 71
DEEP 6352139438089 1588034859542 79
REALCHAR 6352839569521 1588209892393 51
REALCHAR 6353251170841 1588312792723 51
REALCHAR 6353779430881 1588444857733 51
REALCHAR 6353996917321 1588499229343 51
REALCHAR 6354874278481 1588718569633 51
SUPPORT 6355445314201 1588861328563 51
REALCHAR 6355495856161 1588873964053 51
REALCHAR 6356314350961 1589078587753 51
DEEP 6356713540321 1589178385098 71
REALCHAR 6357213941521 1589303485393 51
REALCHAR 6357252993961 1589313248503 51
REALCHAR 6357293744881 1589323436233 51
DEEP 6357860031961 1589465008008 71
REALCHAR 6359743915561 1589935978903 51
REALCHAR 6359878200601 1589969550163 51
DEEP 6360914473369 1590228618360 71
DEEP 6361949127769 1590487281962 79
REALCHAR 6362450222041 1590612555523 51
DEEP 6362719531249 1590679882834 87
REALCHAR 6363160997041 1590790249273 51
REALCHAR 6363898353121 1590974588293 51
SUPPORT 6365222242681 1591305560683 51
DEEP 6367024012441 1591756003143 131
DEEP 6367261621081 1591815405288 71
REALCHAR 6367690660081 1591922665033 51
DEEP 6367969381489 1591992345390 71
DEEP 6368266046041 1592066511528 71
REALCHAR 6368443066441 1592110766623 51
DEEP 6369366662569 1592341665660 71
DEEP 6369679946569 1592419986662 79
REALCHAR 6372272458561 1593068114653 51
REALCHAR 6373452794641 1593363198673 51
DEEP 6374391398281 1593597849589 75
REALCHAR 6376309143961 1594077286003 51
REALCHAR 6377351469241 1594337867323 51
DEEP 6377844831121 1594461207798 71
DEEP 6378009157129 1594502289302 79
REALCHAR 6380328035761 1595082008953 51
DEEP 6381585936049 1595396484032 79
REALCHAR 6382055656201 1595513914063 51
REALCHAR 6382825207201 1595706301813 51
REALCHAR 6382917861961 1595729465503 51
DEEP 6383196013489 1595799003392 79
REALCHAR 6383722422841 1595930605723 51
REALCHAR 6384130224481 1596032556133 51
DEEP 6384912338809 1596228084720 71
SUPPORT 6385017901441 1596254475373 51
REALCHAR 6385253891641 1596313472923 51
SUPPORT 6386579733361 1596644933353 51
DEEP 6386660242561 1596665060658 71
REALCHAR 6386948662441 1596737165623 51
DEEP 6388777941841 1597194485479 75
SUPPORT 6389592001081 1597398000283 51
REALCHAR 6390224400121 1597556100043 51
DEEP 6390383703001 1597595925768 71
REALCHAR 6391164865801 1597791216463 51
REALCHAR 6391353327241 1597838331823 51
SUPPORT 6392126791801 1598031697963 51
DEEP 6392529111721 1598132277948 71
REALCHAR 6392540820121 1598135205043 51
REALCHAR 6395023611601 1598755902913 51
REALCHAR 6395359794121 1598839948543 51
REALCHAR 6395918120881 1598979530233 51
REALCHAR 6395964311881 1598991077983 51
REALCHAR 6396217380001 1599054345013 51
DEEP 6396338493169 1599084623310 71
REALCHAR 6396570017161 1599142504303 51
REALCHAR 6396699913321 1599174978343 51
REALCHAR 6397338299881 1599334574983 51
REALCHAR 6397875141121 1599468785293 51
DEEP 6399024553321 1599756138348 71
REALCHAR 6400126964401 1600031741113 51
DEEP 6400126964401 1600031741120 79
DEEP 6400895363641 1600223840928 71
REALCHAR 6401064662521 1600266165643 51
REALCHAR 6401543194201 1600385798563 51
REALCHAR 6401604819481 1600401204883 51
REALCHAR 6401688251401 1600422062863 51
REALCHAR 6402042477601 1600510619413 51
REALCHAR 6403433428681 1600858357183 51
REALCHAR 6403732680361 1600933170103 51
DEEP 6403754142361 1600938535608 71
DEEP 6404968332361 1601242083108 71
REALCHAR 6405534987601 1601383746913 51
REALCHAR 6405982139881 1601495534983 51
REALCHAR 6406622952601 1601655738163 51
REALCHAR 6406660727041 1601665181773 51
DEEP 6407455539241 1601863884828 71
REALCHAR 6407800164481 1601950041133 51
DEEP 6407800164481 1601950041138 71
REALCHAR 6410512214401 1602628053613 51
DEEP 6410814157801 1602703539470 79
REALCHAR 6411628424881 1602907106233 51
REALCHAR 6413090260201 1603272565063 51
DEEP 6414845357281 1603711339339 75
DEEP 6418230840961 1604557710258 71
REALCHAR 6418797055441 1604699263873 51
REALCHAR 6419794028761 1604948507203 51
REALCHAR 6420000069961 1605000017503 51
REALCHAR 6421125369961 1605281342503 51
REALCHAR 6421851774361 1605462943603 51
REALCHAR 6421938711241 1605484677823 51
REALCHAR 6422424589681 1605606147433 51
REALCHAR 6423953133361 1605988283353 51
DEEP 6425148819961 1606287205012 87
DEEP 6425505936529 1606376484150 71
REALCHAR 6426150057721 1606537514443 51
DEEP 6426543282769 1606635820712 79
REALCHAR 6427045847161 1606761461803 51
REALCHAR 6428226666241 1607056666573 51
DEEP 6429885778969 1607471444760 71
DEEP 6430820220889 1607705055240 71
REALCHAR 6430836285721 1607709071443 51
REALCHAR 6431034875521 1607758718893 51
REALCHAR 6432110724601 1608027681163 51
DEEP 6432116365249 1608029091330 71
REALCHAR 6432702780001 1608175695013 51
DEEP 6433238832409 1608309708120 71
REALCHAR 6434133028801 1608533257213 51
DEEP 6434625928201 1608656482070 79
REALCHAR 6435263150761 1608815787703 51
REALCHAR 6435628400881 1608907100233 51
REALCHAR 6435996155521 1608999038893 51
REALCHAR 6436517538361 1609129384603 51
REALCHAR 6437420248081 1609355062033 51
DEEP 6437590971289 1609397742844 87
REALCHAR 6437653535041 1609413383773 51
REALCHAR 6441971337481 1610492834383 51
DEEP 6443430206929 1610857551750 71
REALCHAR 6443595781921 1610898945493 51
REALCHAR 6444241847761 1611060461953 51
REALCHAR 6444718272721 1611179568193 51
DEEP 6446424360601 1611606090168 71
REALCHAR 6447851868481 1611962967133 51
REALCHAR 6450397859161 1612599464803 51
REALCHAR 6451006097761 1612751524453 51
REALCHAR 6453349842241 1613337460573 51
REALCHAR 6453437116681 1613359279183 51
REALCHAR 6455544970081 1613886242533 51
REALCHAR 6455671734121 1613917933543 51
REALCHAR 6456915934921 1614228983743 51
REALCHAR 6457275410041 1614318852523 51
REALCHAR 6457734807241 1614433701823 51
DEEP 6457745111689 1614436277940 71
DEEP 6459099538369 1614774884610 71
REALCHAR 6459490977241 1614872744323 51
DEEP 6459490977241 1614872744328 71
REALCHAR 6462024856681 1615506214183 51
DEEP 6462174814489 1615543703640 71
REALCHAR 6462626898961 1615656724753 51
SUPPORT 6462995869201 1615748967313 51
DEEP 6463932984961 1615983246259 75
REALCHAR 6468844305361 1617211076353 51
DEEP 6469276451089 1617319112790 71
REALCHAR 6469281350401 1617320337613 51
REALCHAR 6469294430041 1617323607523 51
DEEP 6469458138361 1617364534608 71
REALCHAR 6469572095281 1617393023833 51
REALCHAR 6469785755161 1617446438803 51
REALCHAR 6469969578361 1617492394603 51
REALCHAR 6470160302761 1617540075703 51
REALCHAR 6470290468321 1617572617093 51
REALCHAR 6470439392881 1617609848233 51
REALCHAR 6470582839081 1617645709783 51
REALCHAR 6471116313601 1617779078413 51
REALCHAR 6471511921081 1617877980283 51
REALCHAR 6471675658561 1617918914653 51
REALCHAR 6474344470441 1618586117623 51
REALCHAR 6474620746441 1618655186623 51
DEEP 6475867272169 1618966818060 71
REALCHAR 6476208901681 1619052225433 51
DEEP 6477922275841 1619480568979 75
DEEP 6478194197281 1619548549338 71
DEEP 6479165312929 1619791328250 71
SUPPORT 6479766290761 1619941572703 51
DEEP 6479977552129 1619994388050 71
REALCHAR 6480176484721 1620044121193 51
DEEP 6480227851969 1620056963010 71
DEEP 6480725969041 1620181492278 71
REALCHAR 6480838629721 1620209657443 51
REALCHAR 6484512686521 1621128171643 51
DEEP 6485258605849 1621314651480 71
DEEP 6485796615169 1621449153810 71
REALCHAR 6486312969361 1621578242353 51
REALCHAR 6487098812041 1621774703023 51
REALCHAR 6487859085241 1621964771323 51
REALCHAR 6487990495561 1621997623903 51
REALCHAR 6488901665401 1622225416363 51
REALCHAR 6489708410641 1622427102673 51
DEEP 6489708410641 1622427102678 71
REALCHAR 6489948224761 1622487056203 51
DEEP 6490695454681 1622673863689 75
REALCHAR 6490951180561 1622737795153 51
REALCHAR 6492958312201 1623239578063 51
REALCHAR 6493352578441 1623338144623 51
REALCHAR 6494235361681 1623558840433 51
REALCHAR 6494868870361 1623717217603 51
SUPPORT 6495895781281 1623973945333 51
REALCHAR 6497896817161 1624474204303 51
REALCHAR 6498210698281 1624552674583 51
SUPPORT 6498513990721 1624628497693 51
DEEP 6498513990721 1624628497698 71
DEEP 6499064015929 1624766004002 79
REALCHAR 6499369487521 1624842371893 51
DEEP 6499750342801 1624937585720 79
REALCHAR 6501050508241 1625262627073 51
REALCHAR 6501546717961 1625386679503 51
DEEP 6501789032209 1625447258070 71
SUPPORT 6502452859081 1625613214783 51
REALCHAR 6503503203121 1625875800793 51
REALCHAR 6503738295961 1625934574003 51
REALCHAR 6504509356801 1626127339213 51
DEEP 6506182632889 1626545658240 71
REALCHAR 6506192999881 1626548249983 51
REALCHAR 6506749363321 1626687340843 51
REALCHAR 6506834847241 1626708711823 51
REALCHAR 6508887261361 1627221815353 51
DEEP 6510037507009 1627509376770 71
REALCHAR 6510607019281 1627651754833 51
REALCHAR 6510741625441 1627685406373 51
REALCHAR 6511110192721 1627777548193 51
SUPPORT 6511589323801 1627897330963 51
DEEP 6511854059881 1627963514991 83
DEEP 6511993939441 1627998484879 75
REALCHAR 6512527148521 1628131787143 51
REALCHAR 6513628322881 1628407080733 51
DEEP 6514097442889 1628524360740 71
SUPPORT 6514132012441 1628533003123 51
DEEP 6514132012441 1628533003128 71
DEEP 6515314227361 1628828556858 71
DEEP 6515336447929 1628834112003 83
DEEP 6515620089001 1628905022269 75
REALCHAR 6515891153641 1628972788423 51
REALCHAR 6516010082521 1629002520643 51
SUPPORT 6516540733921 1629135183493 51
REALCHAR 6516979483921 1629244870993 51
DEEP 6517180827481 1629295206888 71
REALCHAR 6517991872681 1629497968183 51
REALCHAR 6518387106841 1629596776723 51
REALCHAR 6518467420921 1629616855243 51
SUPPORT 6518857811761 1629714452953 51
REALCHAR 6518949801961 1629737450503 51
REALCHAR 6519343325401 1629835831363 51
REALCHAR 6520131586081 1630032896533 51
DEEP 6520335588649 1630083897180 71
REALCHAR 6521468367241 1630367091823 51
REALCHAR 6523523597761 1630880899453 51
DEEP 6523795472041 1630948868028 71
REALCHAR 6524181669721 1631045417443 51
REALCHAR 6525996348481 1631499087133 51
DEEP 6526414042801 1631603510718 71
DEEP 6526620299809 1631655074970 71
DEEP 6526943060089 1631735765040 71
REALCHAR 6528463317601 1632115829413 51
REALCHAR 6529266949921 1632316737493 51
DEEP 6529266949921 1632316737498 71
REALCHAR 6529471013521 1632367753393 51
REALCHAR 6530036076001 1632509019013 51
DEEP 6530071304761 1632517826208 71
DEEP 6530985120529 1632746280150 71
REALCHAR 6533475556609 1633368889171 75
DEEP 6533475556609 1633368889172 79
REALCHAR 6533528602441 1633382150623 51
SUPPORT 6533620212001 1633405053013 51
SUPPORT 6534565688401 1633641422113 51
DEEP 6535121493289 1633780373340 71
REALCHAR 6535445847841 1633861461973 51
REALCHAR 6535782383881 1633945595983 51
REALCHAR 6537173562481 1634293390633 51
REALCHAR 6537487132201 1634371783063 51
DEEP 6537516815449 1634379203880 71
REALCHAR 6538177099801 1634544274963 51
SUPPORT 6538219473241 1634554868323 51
REALCHAR 6538237669441 1634559417373 51
REALCHAR 6538743759601 1634685939913 51
DEEP 6539724038929 1634931009750 71
REALCHAR 6539864594041 1634966148523 51
REALCHAR 6540102002641 1635025500673 51
DEEP 6540124321201 1635031080319 75
REALCHAR 6541030999801 1635257749963 51
REALCHAR 6543346157401 1635836539363 51
REALCHAR 6543376659121 1635844164793 51
DEEP 6543524115769 1635881028960 71
REALCHAR 6543978237241 1635994559323 51
SUPPORT 6544238279401 1636059569863 51
DEEP 6545318168041 1636329542028 71
DEEP 6545323928641 1636330982178 71
REALCHAR 6545616083161 1636404020803 51
REALCHAR 6546568366321 1636642091593 51
REALCHAR 6547215331801 1636803832963 51
REALCHAR 6547373359921 1636843339993 51
REALCHAR 6549108598561 1637277149653 51
REALCHAR 6549305680681 1637326420183 51
REALCHAR 6550489254241 1637622313573 51
REALCHAR 6551222649841 1637805662473 51
REALCHAR 6551835933241 1637958983323 51
REALCHAR 6552267994801 1638066998713 51
SUPPORT 6553404755881 1638351188983 51
DEEP 6553404755881 1638351188988 71
REALCHAR 6553847948761 1638461987203 51
REALCHAR 6554055520321 1638513880099 75
DEEP 6554055520321 1638513880101 83
REALCHAR 6554746017121 1638686504293 51
SUPPORT 6556010712001 1639002678013 51
DEEP 6556293757729 1639073439454 87
REALCHAR 6556406026921 1639101506743 51
DEEP 6557482765201 1639370691318 71
REALCHAR 6558846684601 1639711671163 51
DEEP 6559858789969 1639964697510 71
DEEP 6560882973121 1640220743298 71
REALCHAR 6561772471081 1640443117783 51
DEEP 6562372193521 1640593048400 79
REALCHAR 6562876429561 1640719107403 51
DEEP 6562920757969 1640730189510 71
REALCHAR 6563465399401 1640866349863 51
REALCHAR 6564345178561 1641086294653 51
DEEP 6565277450209 1641319362571 75
DEEP 6566147902609 1641536975670 71
REALCHAR 6566318552641 1641579638173 51
REALCHAR 6567025970521 1641756492643 51
REALCHAR 6567636389521 1641909097393 51
DEEP 6569561261041 1642390315279 75
SUPPORT 6569843845321 1642460961343 51
REALCHAR 6570313321441 1642578330373 51
REALCHAR 6571281378841 1642820344723 51
DEEP 6572251605481 1643062901392 87
REALCHAR 6572352523801 1643088130963 51
DEEP 6572534252761 1643133563208 71
REALCHAR 6572987632201 1643246908063 51
REALCHAR 6573491806561 1643372951653 51
REALCHAR 6573802544521 1643450636143 51
DEEP 6574185869689 1643546467440 71
REALCHAR 6574389598921 1643597399743 51
REALCHAR 6574393882081 1643598470533 51
DEEP 6575785191889 1643946297991 75
REALCHAR 6576573308761 1644143327203 51
REALCHAR 6577273442041 1644318360523 51
REALCHAR 6577461466801 1644365366713 51
DEEP 6577696641961 1644424160508 71
REALCHAR 6578891578561 1644722894653 51
REALCHAR 6579343444801 1644835861213 51
REALCHAR 6579629827681 1644907456933 51
REALCHAR 6580406784961 1645101696253 51
REALCHAR 6580769638921 1645192409743 51
REALCHAR 6580956754681 1645239188683 51
REALCHAR 6581085800041 1645271450023 51
REALCHAR 6582276652561 1645569163153 51
SUPPORT 6582587848321 1645646962093 51
DEEP 6582587848321 1645646962100 79
DEEP 6582868146409 1645717036620 71
DEEP 6584018394409 1646004598620 71
REALCHAR 6584309650801 1646077412713 51
REALCHAR 6584773739041 1646193434773 51
REALCHAR 6584952306241 1646238076573 51
REALCHAR 6585066095521 1646266523893 51
SUPPORT 6585396868801 1646349217213 51
REALCHAR 6585862466401 1646465616613 51
REALCHAR 6585862466401 1646465616619 75
DEEP 6585862466401 1646465616621 83
REALCHAR 6586035885361 1646508971353 51
SUPPORT 6586040453521 1646510113393 51
REALCHAR 6586392584641 1646598146173 51
DEEP 6587270112721 1646817528198 71
REALCHAR 6589622225761 1647405556453 51
REALCHAR 6589679195401 1647419798863 51
DEEP 6589747970569 1647436992660 71
REALCHAR 6590478270601 1647619567663 51
DEEP 6591263123041 1647815780779 75
REALCHAR 6592050228481 1648012557133 51
REALCHAR 6592418051521 1648104512893 51
REALCHAR 6592505960881 1648126490233 51
REALCHAR 6592815222841 1648203805723 51
DEEP 6592994654401 1648248663618 71
REALCHAR 6593421297961 1648355324503 51
DEEP 6594417344089 1648604336042 79
REALCHAR 6595341569881 1648835392483 51
REALCHAR 6597691458121 1649422864543 51
REALCHAR 6599760875761 1649940218953 51
DEEP 6599760875761 1649940218958 71
REALCHAR 6599850909961 1649962727503 51
REALCHAR 6600225898561 1650056474653 51
REALCHAR 6600302053801 1650075513463 51
REALCHAR 6600553843321 1650138460843 51
REALCHAR 6600700138561 1650175034653 51
REALCHAR 6602030247121 1650507561793 51
REALCHAR 6602610443881 1650652610983 51
DEEP 6602974097281 1650743524338 71
REALCHAR 6603153161641 1650788290423 51
DEEP 6603380351929 1650845088002 79
REALCHAR 6604129336561 1651032334153 51
REALCHAR 6604493852401 1651123463113 51
REALCHAR 6605448518881 1651362129733 51
REALCHAR 6607865245921 1651966311493 51
REALCHAR 6609244692961 1652311173253 51
REALCHAR 6609473681281 1652368420333 51
REALCHAR 6610445900041 1652611475029 75
DEEP 6610445900041 1652611475031 83
DEEP 6610515247249 1652628811830 71
REALCHAR 6611601481081 1652900370283 51
DEEP 6612574244929 1653143561251 75
SUPPORT 6612791985361 1653197996353 51
DEEP 6612791985361 1653197996358 71
DEEP 6612976812121 1653244203048 71
DEEP 6613408965601 1653352241418 71
REALCHAR 6613631071441 1653407767873 51
DEEP 6613668680089 1653417170041 75
REALCHAR 6615659122801 1653914780713 51
DEEP 6615936364489 1653984091140 71
DEEP 6617176420009 1654294105020 71
DEEP 6617784431449 1654446107880 71
DEEP 6618372482401 1654593120620 79
DEEP 6618557248081 1654639312039 75
DEEP 6619045153081 1654761288294 95
REALCHAR 6622166761081 1655541690283 51
REALCHAR 6622985523001 1655746380763 51
REALCHAR 6624049128841 1656012282223 51
REALCHAR 6624535047001 1656133761763 51
REALCHAR 6625438905121 1656359726293 51
DEEP 6626122431289 1656530607840 71
DEEP 6626566834801 1656641708723 91
DEEP 6626617826929 1656654456751 75
REALCHAR 6626649524401 1656662381113 51
REALCHAR 6627245581441 1656811395373 51
DEEP 6628550480161 1657137620060 79
REALCHAR 6628766462761 1657191615703 51
DEEP 6629140744801 1657285186218 71
REALCHAR 6630114183001 1657528545763 51
REALCHAR 6631390637041 1657847659273 51
DEEP 6631390637041 1657847659280 79
REALCHAR 6632399307361 1658099826853 51
DEEP 6633256046041 1658314011528 71
SUPPORT 6633945525601 1658486381413 51
DEEP 6634161917881 1658540479488 71
DEEP 6634276466689 1658569116695 91
REALCHAR 6634624652041 1658656163023 51
REALCHAR 6635315854561 1658828963653 51
SUPPORT 6635535693361 1658883923353 51
REALCHAR 6635830024321 1658957506093 51
REALCHAR 6636035397601 1659008849413 51
REALCHAR 6636117674761 1659029418703 51
REALCHAR 6636249293521 1659062323393 51
REALCHAR 6636432194401 1659108048613 51
REALCHAR 6636464900521 1659116225143 51
REALCHAR 6636674523361 1659168630853 51
REALCHAR 6636786505561 1659196626403 51
DEEP 6637215851809 1659303962970 71
REALCHAR 6638825281201 1659706320313 51
DEEP 6638972943409 1659743235870 71
REALCHAR 6639931603321 1659982900843 51
REALCHAR 6640304151121 1660076037793 51
REALCHAR 6640364018521 1660091004643 51
DEEP 6640419063721 1660104765948 71
DEEP 6641857699129 1660464424803 83
REALCHAR 6641877246601 1660469311663 51
DEEP 6642175344289 1660543836091 75
DEEP 6642724579969 1660681145010 71
DEEP 6644012850721 1661003212709 115
REALCHAR 6644303931721 1661075982943 51
REALCHAR 6644786220361 1661196555103 51
REALCHAR 6644903265361 1661225816353 51
DEEP 6645835277449 1661458819380 71
REALCHAR 6646003981681 1661500995433 51
REALCHAR 6647024296201 1661756074063 51
REALCHAR 6647721731401 1661930432863 51
REALCHAR 6648314454961 1662078613753 51
DEEP 6648401053009 1662100263270 71
REALCHAR 6648648009721 1662162002443 51
REALCHAR 6648785431201 1662196357813 51
DEEP 6648823434289 1662205858590 71
DEEP 6649153982641 1662288495678 71
DEEP 6649522165729 1662380541450 71
REALCHAR 6650680767721 1662670191943 51
REALCHAR 6650992992121 1662748248043 51
REALCHAR 6651012677521 1662753169393 51
DEEP 6654532630321 1663633157598 71
REALCHAR 6654799340401 1663699835113 51
SUPPORT 6656099031481 1664024757883 51
REALCHAR 6656429244481 1664107311133 51
DEEP 6657882687481 1664470671888 71
DEEP 6657975576121 1664493894048 71
REALCHAR 6660071160961 1665017790253 51
DEEP 6660119703241 1665029925828 71
REALCHAR 6661024573681 1665256143433 51
REALCHAR 6661147931881 1665286982983 51
REALCHAR 6661463795281 1665365948833 51
REALCHAR 6661800502681 1665450125683 51
SUPPORT 6662233804801 1665558451213 51
DEEP 6662496401089 1665624100292 79
DEEP 6664646740249 1666161685080 71
REALCHAR 6664744839481 1666186209883 51
DEEP 6664821636001 1666205409018 71
DEEP 6664890514489 1666222628641 75
REALCHAR 6665435584201 1666358896063 51
REALCHAR 6666564764161 1666641191053 51
REALCHAR 6667173190441 1666793297623 51
DEEP 6669164846569 1667291211660 71
REALCHAR 6669751539361 1667437884853 51
DEEP 6672219581329 1668054895353 83
SUPPORT 6673827292441 1668456823123 51
REALCHAR 6674120589361 1668530147353 51
REALCHAR 6674809650961 1668702412753 51
SUPPORT 6676022929801 1669005732463 51
DEEP 6676058265361 1669014566358 71
REALCHAR 6677220045721 1669305011443 51
REALCHAR 6677802197641 1669450549423 51
REALCHAR 6678424663681 1669606165933 51
REALCHAR 6679749931201 1669937482813 51
REALCHAR 6680222046481 1670055511633 51
REALCHAR 6680575082281 1670143770583 51
REALCHAR 6680725972561 1670181493153 51
REALCHAR 6681806090521 1670451522643 51
DEEP 6682608092449 1670652023130 71
REALCHAR 6684141583681 1671035395933 51
REALCHAR 6684212505721 1671053126443 51
REALCHAR 6685207562881 1671301890733 51
DEEP 6685207562881 1671301890738 71
REALCHAR 6686423483041 1671605870773 51
SUPPORT 6686469680641 1671617420173 51
SUPPORT 6686570960521 1671642740143 51
DEEP 6686769323809 1671692330973 83
DEEP 6686777766769 1671694441711 75
REALCHAR 6689368315081 1672342078783 51
REALCHAR 6689839510201 1672459877563 51
DEEP 6689948176081 1672487044038 71
REALCHAR 6689976375601 1672494093913 51
DEEP 6690148856689 1672537214190 71
SUPPORT 6691802709601 1672950677413 51
REALCHAR 6692922000361 1673230500103 51
REALCHAR 6693758390881 1673439597733 51
REALCHAR 6693952403161 1673488100803 51
REALCHAR 6694606107121 1673651526793 51
DEEP 6694762471609 1673690617920 71
REALCHAR 6694791014521 1673697753643 51
DEEP 6694791014521 1673697753648 71
REALCHAR 6695079794881 1673769948733 51
DEEP 6696175305121 1674043826298 71
SUPPORT 6696307984921 1674076996243 51
DEEP 6696307984921 1674076996248 71
SUPPORT 6696398247841 1674099561973 51
REALCHAR 6696643892761 1674160973203 51
DEEP 6697195791049 1674298947782 79
DEEP 6697821338209 1674455334570 71
REALCHAR 6698809040641 1674702260173 51
REALCHAR 6699229614841 1674807403723 51
DEEP 6699229614841 1674807403729 75
SUPPORT 6700632144361 1675158036103 51
SUPPORT 6702249207481 1675562301883 51
SUPPORT 6702894975001 1675723743763 51
REALCHAR 6703939259161 1675984814803 51
REALCHAR 6706149042121 1676537260543 51
REALCHAR 6708007688281 1677001922083 51
DEEP 6708087173089 1677021793293 83
DEEP 6708099325489 1677024831390 71
REALCHAR 6708206623561 1677051655903 51
DEEP 6708466808521 1677116702150 79
DEEP 6708762242449 1677190560630 71
REALCHAR 6708839178721 1677209794693 51
REALCHAR 6711802062001 1677950515513 51
REALCHAR 6712605105361 1678151276353 51
REALCHAR 6712751997121 1678187999293 51
DEEP 6712795609081 1678198902288 71
DEEP 6713084443081 1678271110790 79
REALCHAR 6714525795121 1678631448793 51
REALCHAR 6714689431921 1678672357993 51
REALCHAR 6715355603401 1678838900863 51
DEEP 6715355603401 1678838900868 71
REALCHAR 6715501517761 1678875379453 51
SUPPORT 6715957344121 1678989336043 51
REALCHAR 6716160002161 1679040000553 51
SUPPORT 6717467521801 1679366880463 51
DEEP 6718679348761 1679669837208 71
DEEP 6719302260889 1679825565242 79
DEEP 6719408928241 1679852232078 71
REALCHAR 6719942949721 1679985737443 51
REALCHAR 6719989912561 1679997478153 51
SUPPORT 6720006550321 1680001637593 51
REALCHAR 6720282125881 1680070531483 51
REALCHAR 6721454410441 1680363602623 51
REALCHAR 6721629627001 1680407406763 51
REALCHAR 6721872699481 1680468174883 51
REALCHAR 6723520591321 1680880147843 51
REALCHAR 6725322494881 1681330623733 51
REALCHAR 6725343217321 1681335804343 51
REALCHAR 6725564464441 1681391116123 51
DEEP 6725564464441 1681391116128 71
DEEP 6725731133521 1681432783400 79
DEEP 6726054305569 1681513576410 71
DEEP 6726186498529 1681546624653 83
REALCHAR 6726975312121 1681743828043 51
REALCHAR 6727671142921 1681917785743 51
REALCHAR 6727779022561 1681944755653 51
REALCHAR 6729063727681 1682265931933 51
DEEP 6730678118761 1682669529708 71
DEEP 6730977894481 1682744473640 79
DEEP 6731452204129 1682863051050 71
REALCHAR 6731732046601 1682933011663 51
REALCHAR 6731943309361 1682985827353 51
REALCHAR 6733647490441 1683411872623 51
DEEP 6733647490441 1683411872629 75
REALCHAR 6736001368321 1684000342093 51
REALCHAR 6736213582921 1684053395743 51
REALCHAR 6736585200361 1684146300103 51
DEEP 6738033558481 1684508389639 75
DEEP 6739828407601 1684957101919 75
REALCHAR 6740606319841 1685151579973 51
DEEP 6741612370249 1685403092580 71
REALCHAR 6742015619161 1685503904803 51
REALCHAR 6742067652961 1685516913253 51
DEEP 6742096111921 1685524027998 71
REALCHAR 6743739232441 1685934808123 51
REALCHAR 6744656744281 1686164186083 51
REALCHAR 6745806664921 1686451666243 51
REALCHAR 6746245183441 1686561295873 51
REALCHAR 6746296980721 1686574245193 51
REALCHAR 6748218138841 1687054534723 51
REALCHAR 6749483589601 1687370897413 51
REALCHAR 6750178892521 1687544723143 51
REALCHAR 6750887991241 1687721997823 51
DEEP 6750927682801 1687731920718 71
REALCHAR 6751211436841 1687802859223 51
REALCHAR 6752348045041 1688087011273 51
REALCHAR 6753034932121 1688258733043 51
REALCHAR 6753197746201 1688299436563 51
REALCHAR 6753464415721 1688366103943 51
REALCHAR 6753805962121 1688451490543 51
DEEP 6753805962121 1688451490552 87
SUPPORT 6754560612361 1688640153103 51
REALCHAR 6756513446281 1689128361583 51
REALCHAR 6757484960521 1689371240143 51
REALCHAR 6757606893361 1689401723353 51
SUPPORT 6757987273801 1689496818463 51
DEEP 6758404857961 1689601214508 71
REALCHAR 6758610576481 1689652644133 51
REALCHAR 6759287677921 1689821919493 51
DEEP 6759960486049 1689990121532 79
DEEP 6760585165489 1690146291393 83
DEEP 6760805734489 1690201433640 71
SUPPORT 6761324152801 1690331038213 51
DEEP 6761332940209 1690333235070 71
REALCHAR 6761397760441 1690349440123 51
REALCHAR 6761556470881 1690389117733 51
DEEP 6761598007921 1690399501998 71
REALCHAR 6762650045761 1690662511453 51
REALCHAR 6764402693161 1691100673303 51
DEEP 6764981437369 1691245359360 71
DEEP 6765476427649 1691369106931 75
REALCHAR 6765820058761 1691455014703 51
REALCHAR 6766159399561 1691539849903 51
REALCHAR 6767073547081 1691768386783 51
REALCHAR 6769367982001 1692341995513 51
SUPPORT 6769862422801 1692465605713 51
REALCHAR 6770008643161 1692502160803 51
DEEP 6771497217601 1692874304418 71
DEEP 6771784708441 1692946177128 71
REALCHAR 6772203013801 1693050753463 51
REALCHAR 6772712371441 1693178092873 51
SUPPORT 6772908210121 1693227052543 51
DEEP 6775444401961 1693861100512 87
REALCHAR 6775675899001 1693918974763 51
REALCHAR 6775766121721 1693941530443 51
DEEP 6776220255841 1694055063980 79
REALCHAR 6776395837201 1694098959313 51
REALCHAR 6776683214401 1694170803613 51
REALCHAR 6776708287561 1694177071903 51
REALCHAR 6777288876121 1694322219043 51
SUPPORT 6777853986121 1694463496543 51
REALCHAR 6778131992641 1694532998173 51
REALCHAR 6778777365721 1694694341443 51
REALCHAR 6779421646321 1694855411593 51
REALCHAR 6779894887921 1694973721993 51
DEEP 6781064683849 1695266170980 71
DEEP 6781809731761 1695452432960 79
REALCHAR 6781818552721 1695454638193 51
DEEP 6782142775489 1695535693890 71
REALCHAR 6782152444201 1695538111063 51
REALCHAR 6782786625001 1695696656263 51
REALCHAR 6783245136721 1695811284193 51
REALCHAR 6783395400961 1695848850253 51
SUPPORT 6783782237761 1695945559453 51
REALCHAR 6784104960361 1696026240103 51
REALCHAR 6785410399681 1696352599933 51
REALCHAR 6786286173241 1696571543323 51
DEEP 6786693301441 1696673325378 71
REALCHAR 6787070814001 1696767703513 51
DEEP 6787387091809 1696846772973 83
REALCHAR 6789056882521 1697264220643 51
REALCHAR 6789169514521 1697292378643 51
REALCHAR 6790039872841 1697509968223 51
REALCHAR 6790716887161 1697679221803 51
REALCHAR 6791478483241 1697869620823 51
REALCHAR 6791945671681 1697986417933 51
REALCHAR 6792022603921 1698005650993 51
REALCHAR 6792109041481 1698027260383 51
REALCHAR 6792755115721 1698188778943 51
REALCHAR 6793952470321 1698488117593 51
SUPPORT 6794297442241 1698574360573 51
REALCHAR 6794637846481 1698659461633 51
SUPPORT 6795077076841 1698769269223 51
DEEP 6796476017809 1699119004470 71
REALCHAR 6797280928201 1699320232063 51
DEEP 6797350739089 1699337684790 71
DEEP 6797513235241 1699378308828 71
DEEP 6797764854721 1699441213698 71
DEEP 6798029616361 1699507404108 71
REALCHAR 6798927940561 1699731985153 51
REALCHAR 6799696755121 1699924188793 51
DEEP 6799850979769 1699962744960 71
REALCHAR 6800468053681 1700117013433 51
DEEP 6801292449121 1700323112300 79
REALCHAR 6802503793801 1700625948463 51
REALCHAR 6803088955441 1700772238873 51
REALCHAR 6803545014841 1700886253723 51
REALCHAR 6805076143321 1701269035843 51
DEEP 6806074303681 1701518575938 71
REALCHAR 6806130145201 1701532536313 51
REALCHAR 6806274813361 1701568703353 51
DEEP 6807869516809 1701967379220 71
REALCHAR 6808656363961 1702164091003 51
REALCHAR 6809538073321 1702384518343 51
REALCHAR 6811147000681 1702786750183 51
REALCHAR 6811293601921 1702823400493 51
REALCHAR 6812518568881 1703129642233 51
DEEP 6814573967161 1703643491808 71
REALCHAR 6814722079201 1703680519813 51
DEEP 6815247649681 1703811912438 71
SUPPORT 6816772607401 1704193151863 51
SUPPORT 6817252081201 1704313020313 51
REALCHAR 6818436072361 1704609018103 51
REALCHAR 6819538572001 1704884643013 51
REALCHAR 6820034781121 1705008695293 51
DEEP 6821109633361 1705277408358 71
DEEP 6821946101881 1705486525489 75
REALCHAR 6822168026521 1705542006643 51
DEEP 6822772923409 1705693230873 83
REALCHAR 6824781148201 1706195287063 51
REALCHAR 6825980266561 1706495066653 51
REALCHAR 6826814225401 1706703556363 51
REALCHAR 6826879451401 1706719862863 51
DEEP 6828577658809 1707144414723 83
REALCHAR 6829539046801 1707384761713 51
REALCHAR 6829752500041 1707438125023 51
DEEP 6830846859769 1707711714960 71
REALCHAR 6830872470361 1707718117603 51
DEEP 6832550029321 1708137507348 71
REALCHAR 6832574432161 1708143608053 51
DEEP 6833319723409 1708329930870 71
SUPPORT 6833630440081 1708407610033 51
REALCHAR 6834781172521 1708695293143 51
SUPPORT 6834943241281 1708735810333 51
REALCHAR 6836647785361 1709161946353 51
REALCHAR 6836712493081 1709178123283 51
REALCHAR 6837768582241 1709442145573 51
REALCHAR 6839897293681 1709974323433 51
REALCHAR 6840874491361 1710218622853 51
REALCHAR 6841369396801 1710342349213 51
DEEP 6841853302729 1710463325700 71
REALCHAR 6842865174601 1710716293663 51
REALCHAR 6843373800481 1710843450133 51
DEEP 6843704886841 1710926221728 71
REALCHAR 6844807194241 1711201798573 51
REALCHAR 6845428092721 1711357023193 51
DEEP 6845640792169 1711410198062 79
REALCHAR 6847678409881 1711919602483 51
REALCHAR 6847872911881 1711968227983 51
DEEP 6849265223761 1712316305958 71
REALCHAR 6849300131041 1712325032773 51
DEEP 6849416519521 1712354129899 75
REALCHAR 6850044543241 1712511135823 51
REALCHAR 6850166329561 1712541582403 51
REALCHAR 6850263478081 1712565869533 51
REALCHAR 6850812701041 1712703175273 51
DEEP 6852311560249 1713077890083 83
SUPPORT 6853287767881 1713321941983 51
DEEP 6855946905889 1713986726490 71
REALCHAR 6856176705361 1714044176353 51
REALCHAR 6858211593601 1714552898413 51
REALCHAR 6858391242481 1714597810633 51
DEEP 6858391242481 1714597810640 79
REALCHAR 6859579071361 1714894767853 51
DEEP 6860527903321 1715131975848 71
REALCHAR 6860958020401 1715239505113 51
REALCHAR 6861253886881 1715313471733 51
DEEP 6861253886881 1715313471738 71
DEEP 6861422653849 1715355663480 71
REALCHAR 6861531660481 1715382915133 51
DEEP 6861531660481 1715382915138 71
REALCHAR 6863175715321 1715793928843 51
REALCHAR 6863617114201 1715904278563 51
REALCHAR 6864785471041 1716196367773 51
DEEP 6864910510441 1716227627628 71
REALCHAR 6865872870481 1716468217633 51
DEEP 6867814030009 1716953507520 71
REALCHAR 6868529009521 1717132252393 51
DEEP 6869388791281 1717347197838 71
DEEP 6869544539881 1717386134988 71
DEEP 6870019879969 1717504970011 75
REALCHAR 6870938090641 1717734522673 51
DEEP 6870985932409 1717746483120 71
DEEP 6872637732601 1718159433168 71
REALCHAR 6872700643561 1718175160909 75
DEEP 6872700643561 1718175160910 79
DEEP 6874143660409 1718535915120 71
REALCHAR 6874243182361 1718560795603 51
REALCHAR 6874284502801 1718571125713 51
DEEP 6874284502801 1718571125718 71
REALCHAR 6874571834881 1718642958733 51
REALCHAR 6874574985721 1718643746443 51
REALCHAR 6875579877721 1718894969443 51
REALCHAR 6877008489121 1719252122293 51
REALCHAR 6880645254961 1720161313753 51
REALCHAR 6880732249561 1720183062403 51
REALCHAR 6881517765721 1720379441443 51
REALCHAR 6881636246521 1720409061643 51
REALCHAR 6882285260761 1720571315203 51
REALCHAR 6882521392321 1720630348093 51
REALCHAR 6882642399361 1720660599853 51
REALCHAR 6883585495081 1720896373783 51
SUPPORT 6884261716201 1721065429063 51
REALCHAR 6884636730841 1721159182723 51
DEEP 6885993870001 1721498467518 71
REALCHAR 6886025119801 1721506279963 51
REALCHAR 6887929743601 1721982435913 51
REALCHAR 6889136935321 1722284233843 51
REALCHAR 6890395774201 1722598943563 51
REALCHAR 6890595138001 1722648784513 51
REALCHAR 6891069386041 1722767346523 51
REALCHAR 6891178029961 1722794507503 51
REALCHAR 6891220154641 1722805038673 51
REALCHAR 6893456978521 1723364244643 51
REALCHAR 6895680469441 1723920117373 51
REALCHAR 6896256932161 1724064233053 51
DEEP 6896256932161 1724064233060 79
DEEP 6896309861809 1724077465472 79
REALCHAR 6896446307521 1724111576893 51
REALCHAR 6898260474121 1724565118543 51
SUPPORT 6898431859201 1724607964813 51
REALCHAR 6899293870921 1724823467743 51
DEEP 6900260353561 1725065088410 79
REALCHAR 6900364686601 1725091171663 51
REALCHAR 6900367083481 1725091770883 51
REALCHAR 6900510118681 1725127529683 51
REALCHAR 6900595902841 1725148975723 51
REALCHAR 6901464626281 1725366156583 51
SUPPORT 6902208515281 1725552128833 51
REALCHAR 6902655148321 1725663787093 51
REALCHAR 6902846228041 1725711557023 51
REALCHAR 6903527106961 1725881776753 51
REALCHAR 6903898154521 1725974538643 51
REALCHAR 6904225637401 1726056409369 75
DEEP 6904225637401 1726056409370 79
DEEP 6904229289049 1726057322280 71
REALCHAR 6904670657641 1726167664423 51
REALCHAR 6904983592081 1726245898033 51
REALCHAR 6905372360041 1726343090023 51
REALCHAR 6905470002601 1726367500663 51
REALCHAR 6906846448441 1726711612123 51
REALCHAR 6908011284001 1727002821013 51
REALCHAR 6909956584441 1727489146123 51
REALCHAR 6910188943681 1727547235933 51
REALCHAR 6910357913761 1727589478453 51
REALCHAR 6912322905601 1728080726413 51
DEEP 6912416199049 1728104049780 71
REALCHAR 6912541518481 1728135379633 51
REALCHAR 6912598875361 1728149718853 51
REALCHAR 6912689754961 1728172438753 51
DEEP 6913334429401 1728333607371 83
REALCHAR 6914096138161 1728524034553 51
REALCHAR 6914324193841 1728581048473 51
REALCHAR 6914514166561 1728628541653 51
REALCHAR 6914867087881 1728716771983 51
DEEP 6915033723049 1728758430781 75
REALCHAR 6915312088441 1728828022123 51
REALCHAR 6916121275561 1729030318903 51
DEEP 6916354340809 1729088585221 75
REALCHAR 6916598598121 1729149649543 51
REALCHAR 6917189678281 1729297419583 51
DEEP 6917215543681 1729303885938 71
REALCHAR 6917443785121 1729360946293 51
DEEP 6919211153089 1729802788291 75
DEEP 6919467734089 1729866933541 75
DEEP 6919547333521 1729886833398 71
REALCHAR 6920527997161 1730131999303 51
REALCHAR 6921915243721 1730478810943 51
REALCHAR 6923169469441 1730792367373 51
REALCHAR 6923497372801 1730874343213 51
DEEP 6923497372801 1730874343218 71
DEEP 6923540170849 1730885042730 71
DEEP 6923702226841 1730925556728 71
REALCHAR 6924159372601 1731039843163 51
DEEP 6925595249329 1731398812350 71
REALCHAR 6926484708361 1731621177103 51
REALCHAR 6927052884361 1731763221103 51
REALCHAR 6927136106641 1731784026673 51
SUPPORT 6927197639041 1731799409773 51
REALCHAR 6927315880081 1731828970033 51
REALCHAR 6927984279841 1731996069973 51
DEEP 6928080789529 1732020197400 71
DEEP 6929647266721 1732411816698 71
DEEP 6929907627889 1732476906990 71
DEEP 6930999401041 1732749850286 103
REALCHAR 6931148786641 1732787196673 51
REALCHAR 6931500132001 1732875033013 51
DEEP 6932941387969 1733235347012 79
REALCHAR 6933731499601 1733432874913 51
REALCHAR 6934212876361 1733553219103 51
REALCHAR 6934234026721 1733558506693 51
DEEP 6934366116001 1733591529020 79
DEEP 6934668588241 1733667147078 71
DEEP 6935700400729 1733925100208 103
REALCHAR 6938334115441 1734583528873 51
DEEP 6939362703529 1734840675909 107
DEEP 6939391904041 1734847976028 71
DEEP 6939543617449 1734885904380 71
REALCHAR 6939891919801 1734972979963 51
DEEP 6941872014289 1735468003590 71
DEEP 6942244057849 1735561014484 87
SUPPORT 6942442499281 1735610624833 51
REALCHAR 6942930253561 1735732563403 51
REALCHAR 6943112223961 1735778056003 51
DEEP 6944289833881 1736072458488 71
SUPPORT 6944958191161 1736239547803 51
REALCHAR 6945023773081 1736255943283 51
REALCHAR 6946082907481 1736520726883 51
REALCHAR 6946157537881 1736539384483 51
REALCHAR 6946366572601 1736591643163 51
SUPPORT 6947025004921 1736756251243 51
REALCHAR 6947293360921 1736823340243 51
DEEP 6947817441049 1736954360280 71
DEEP 6948287498161 1737071874558 71
REALCHAR 6948589693081 1737147423283 51
DEEP 6951193359049 1737798339780 71
DEEP 6951412450921 1737853112748 71
REALCHAR 6952144986361 1738036246603 51
REALCHAR 6953615130361 1738403782603 51
REALCHAR 6954600964921 1738650241243 51
SUPPORT 6957521887801 1739380471963 51
REALCHAR 6958084726321 1739521181593 51
REALCHAR 6958708938721 1739677234693 51
REALCHAR 6959757541801 1739939385463 51
REALCHAR 6959969220961 1739992305253 51
REALCHAR 6960333239161 1740083309803 51
DEEP 6960333239161 1740083309808 71
REALCHAR 6961769385481 1740442346383 51
REALCHAR 6962873742841 1740718435723 51
DEEP 6963071614801 1740767903719 75
REALCHAR 6963260740921 1740815185243 51
REALCHAR 6964733459161 1741183364803 51
REALCHAR 6966391477081 1741597869283 51
REALCHAR 6968999867041 1742249966773 51
REALCHAR 6971986033321 1742996508343 51
REALCHAR 6972760798441 1743190199623 51
REALCHAR 6974172812161 1743543203053 51
REALCHAR 6974185239961 1743546310003 51
REALCHAR 6976305902281 1744076475583 51
REALCHAR 6976651511281 1744162877833 51
DEEP 6977747515489 1744436878890 71
REALCHAR 6978831171601 1744707792913 51
DEEP 6979396070761 1744849017708 71
REALCHAR 6980911771681 1745227942933 51
DEEP 6981834496849 1745458624230 71
DEEP 6981995628169 1745498907060 71
REALCHAR 6982007543281 1745501885833 51
DEEP 6982007543281 1745501885838 71
REALCHAR 6982130038321 1745532509593 51
REALCHAR 6982550383561 1745637595903 51
REALCHAR 6982748471521 1745687117893 51
DEEP 6982748471521 1745687117898 71
DEEP 6983205480001 1745801370018 71
DEEP 6983281698121 1745820424549 75
DEEP 6984143948401 1746035987120 79
REALCHAR 6984809837041 1746202459273 51
REALCHAR 6984891690001 1746222922513 51
REALCHAR 6985290088921 1746322522243 51
REALCHAR 6985469187841 1746367296973 51
REALCHAR 6985881294001 1746470323513 51
REALCHAR 6987018758281 1746754689583 51
DEEP 6987125747449 1746781436881 75
REALCHAR 6988141914121 1747035478543 51
REALCHAR 6988652302921 1747163075743 51
REALCHAR 6988821055441 1747205263873 51
REALCHAR 6988954954081 1747238738533 51
DEEP 6989162279401 1747290569868 71
REALCHAR 6989595293521 1747398823393 51
DEEP 6990028335481 1747507083888 71
REALCHAR 6990252829921 1747563207493 51
REALCHAR 6990948207961 1747737052003 51
SUPPORT 6991739883241 1747934970823 51
REALCHAR 6992606669161 1748151667303 51
DEEP 6992660359441 1748165089879 75
REALCHAR 6993668352841 1748417088223 51
DEEP 6993668352841 1748417088228 71
DEEP 6993884013169 1748471003310 71
REALCHAR 6994355703241 1748588925823 51
REALCHAR 6994565247121 1748641311793 51
REALCHAR 6995074691641 1748768672923 51
REALCHAR 6995362982521 1748840745643 51
REALCHAR 6995742027121 1748935506793 51
DEEP 6995742027121 1748935506798 71
REALCHAR 6996060154561 1749015038653 51
REALCHAR 6996263347921 1749065836993 51
REALCHAR 6996547002481 1749136750633 51
DEEP 6997041421969 1749260355510 71
DEEP 6999368987521 1749842246898 71
SUPPORT 6999823117681 1749955779433 51
REALCHAR 7000655604721 1750163901193 51
REALCHAR 7000769098801 1750192274713 51
DEEP 7003909447921 1750977361998 71
REALCHAR 7004016884881 1751004221233 51
REALCHAR 7004809657561 1751202414403 51
DEEP 7004809657561 1751202414410 79
REALCHAR 7004856875641 1751214218923 51
DEEP 7004956224841 1751239056230 79
DEEP 7005114618769 1751278654710 71
REALCHAR 7005134968441 1751283742123 51
REALCHAR 7005267220561 1751316805153 51
REALCHAR 7005840689761 1751460172453 51
REALCHAR 7006252300441 1751563075123 51
DEEP 7006552761121 1751638190298 71
SUPPORT 7007310231601 1751827557913 51
REALCHAR 7007594300281 1751898575083 51
REALCHAR 7008181067281 1752045266833 51
REALCHAR 7008307957561 1752076989403 51
DEEP 7009203748849 1752300937230 71
REALCHAR 7009837147681 1752459286933 51
REALCHAR 7010872133521 1752718033393 51
DEEP 7011044572249 1752761143080 71
REALCHAR 7011875940001 1752968985013 51
REALCHAR 7011956119081 1752989029783 51
DEEP 7012154145049 1753038536280 71
DEEP 7013202588001 1753300647024 95
REALCHAR 7014025473361 1753506368353 51
DEEP 7014991562569 1753747890666 95
REALCHAR 7015384402321 1753846100593 51
DEEP 7015386309649 1753846577431 75
DEEP 7016254522489 1754063630640 71
REALCHAR 7017893883361 1754473470853 51
REALCHAR 7019905969561 1754976492403 51
DEEP 7020831569761 1755207892458 71
REALCHAR 7021029801241 1755257450323 51
REALCHAR 7021151833921 1755287958493 51
REALCHAR 7021437093841 1755359273473 51
DEEP 7022201400769 1755550350212 79
REALCHAR 7022207826481 1755551956633 51
DEEP 7023007411729 1755751852950 71
REALCHAR 7023068611441 1755767152873 51
REALCHAR 7024312495561 1756078123903 51
DEEP 7024466984929 1756116746250 71
REALCHAR 7024595812441 1756148953123 51
DEEP 7025379357649 1756344839430 71
DEEP 7025607967921 1756401991998 71
DEEP 7027843423969 1756960856010 71
DEEP 7027867962361 1756966990608 71
REALCHAR 7028028453601 1757007113413 51
REALCHAR 7029525539521 1757381384893 51
REALCHAR 7029926213041 1757481553273 51
REALCHAR 7030513166161 1757628291553 51
DEEP 7030513166161 1757628291560 79
REALCHAR 7031185708681 1757796427183 51
REALCHAR 7031190963241 1757797740823 51
REALCHAR 7031656340641 1757914085173 51
DEEP 7032102278041 1758025569528 71
REALCHAR 7032878571601 1758219642913 51
REALCHAR 7033398372361 1758349593103 51
REALCHAR 7035642767521 1758910691893 51
REALCHAR 7035967205089 1758991801291 75
DEEP 7035967205089 1758991801294 87
REALCHAR 7036372869241 1759093217323 51
REALCHAR 7036961409241 1759240352323 51
REALCHAR 7037517928081 1759379482033 51
DEEP 7038899330401 1759724832618 71
REALCHAR 7039207623361 1759801905853 51
DEEP 7039231960489 1759807990140 71
REALCHAR 7040775923281 1760193980833 51
REALCHAR 7041350558881 1760337639733 51
DEEP 7041997696969 1760499424260 71
REALCHAR 7042957077601 1760739269413 51
REALCHAR 7044664428481 1761166107133 51
REALCHAR 7046628504841 1761657126223 51
REALCHAR 7047937840441 1761984460123 51
SUPPORT 7048121472001 1762030368013 51
REALCHAR 7048843746961 1762210936753 51
REALCHAR 7049870136241 1762467534073 51
DEEP 7049870136241 1762467534078 71
DEEP 7050366312889 1762591578240 71
REALCHAR 7050423875881 1762605968983 51
REALCHAR 7050761930521 1762690482643 51
SUPPORT 7050942960961 1762735740253 51
DEEP 7051942138609 1762985534672 79
DEEP 7052885100361 1763221275108 71
SUPPORT 7055133182161 1763783295553 51
DEEP 7055346447361 1763836611860 79
REALCHAR 7056193889761 1764048472453 51
DEEP 7056552269209 1764138067321 75
REALCHAR 7058846361961 1764711590503 51
REALCHAR 7060968027961 1765242007003 51
REALCHAR 7061372166601 1765343041663 51
REALCHAR 7062082379641 1765520594923 51
DEEP 7062082379641 1765520594932 87
REALCHAR 7062615578041 1765653894523 51
REALCHAR 7063156682761 1765789170703 51
REALCHAR 7063446189361 1765861547353 51
REALCHAR 7063819363441 1765954840873 51
REALCHAR 7064531455081 1766132863783 51
REALCHAR 7064776432561 1766194108153 51
REALCHAR 7065313720921 1766328430243 51
DEEP 7065867739921 1766466934999 75
REALCHAR 7067742207241 1766935551823 51
REALCHAR 7071616112401 1767904028113 51
REALCHAR 7073267412121 1768316853043 51
DEEP 7073598147001 1768399536774 95
REALCHAR 7073599313881 1768399828483 51
DEEP 7073599313881 1768399828488 71
REALCHAR 7074849557161 1768712389303 51
DEEP 7075337746801 1768834436718 71
DEEP 7075980610609 1768995152670 71
DEEP 7076902029289 1769225507340 71
REALCHAR 7078608060241 1769652015073 51
DEEP 7079793145489 1769948286390 71
REALCHAR 7080135300001 1770033825013 51
DEEP 7080135300001 1770033825018 71
REALCHAR 7080412549081 1770103137283 51
REALCHAR 7081071208201 1770267802063 51
DEEP 7081071208201 1770267802070 79
REALCHAR 7081649844721 1770412461193 51
DEEP 7081941858289 1770485464590 71
DEEP 7083279577609 1770819894420 71
REALCHAR 7087476761401 1771869190363 51
REALCHAR 7087823073241 1771955768323 51
DEEP 7088645225281 1772161306338 71
REALCHAR 7090246622281 1772561655583 51
DEEP 7090246622281 1772561655588 71
REALCHAR 7090644626521 1772661156643 51
REALCHAR 7091709567721 1772927391943 51
REALCHAR 7092054575761 1773013643953 51
REALCHAR 7093285191841 1773321297973 51
REALCHAR 7093899205201 1773474801313 51
REALCHAR 7094327389081 1773581847283 51
DEEP 7094507100409 1773626775121 75
DEEP 7097244584329 1774311146100 71
REALCHAR 7098086908441 1774521727123 51
REALCHAR 7098616676761 1774654169203 51
SUPPORT 7100205351121 1775051337793 51
DEEP 7101134801401 1775283700368 71
REALCHAR 7101201149641 1775300287423 51
DEEP 7101201149641 1775300287428 71
REALCHAR 7101407793481 1775351948383 51
DEEP 7101882133369 1775470533363 83
REALCHAR 7101913510561 1775478377653 51
REALCHAR 7102684471801 1775671117963 51
REALCHAR 7104572521201 1776143130313 51
REALCHAR 7104872950561 1776218237653 51
REALCHAR 7105526064121 1776381516043 51
REALCHAR 7106035678681 1776508919683 51
REALCHAR 7106913559201 1776728389813 51
DEEP 7106961821521 1776740455398 71
DEEP 7107225938569 1776806484660 71
DEEP 7108936968169 1777234242063 83
DEEP 7109086550329 1777271637600 71
REALCHAR 7109934376801 1777483594213 51
REALCHAR 7111341556201 1777835389063 51
REALCHAR 7112331233401 1778082808363 51
REALCHAR 7113120487201 1778280121813 51
REALCHAR 7113902556121 1778475639043 51
REALCHAR 7114019534521 1778504883643 51
DEEP 7114094912929 1778523728252 79
DEEP 7114261522729 1778565380700 71
REALCHAR 7115084760001 1778771190013 51
REALCHAR 7115227325761 1778806831453 51
REALCHAR 7115763662401 1778940915613 51
DEEP 7116280660129 1779070165050 71
DEEP 7116760557481 1779190139388 71
SUPPORT 7116894439561 1779223609903 51
REALCHAR 7117318309201 1779329577313 51
DEEP 7117849216921 1779462304248 71
REALCHAR 7120467049081 1780116762283 51
REALCHAR 7122556433281 1780639108333 51
REALCHAR 7122630747241 1780657686823 51
REALCHAR 7123614672001 1780903668013 51
REALCHAR 7123840760521 1780960190143 51
DEEP 7123998063961 1780999516008 71
REALCHAR 7124004019441 1781001004873 51
DEEP 7124650762681 1781162690688 71
DEEP 7125867840961 1781466960260 79
REALCHAR 7126918628281 1781729657083 51
DEEP 7127697574321 1781924393601 83
REALCHAR 7128397455481 1782099363883 51
DEEP 7130629817089 1782657454290 71
DEEP 7130690696809 1782672674220 71
REALCHAR 7130768125321 1782692031343 51
DEEP 7131312137161 1782828034308 71
REALCHAR 7131336008281 1782834002083 51
DEEP 7131877172281 1782969293088 71
DEEP 7132189302001 1783047325518 71
REALCHAR 7133134327201 1783283581813 51
SUPPORT 7134296071681 1783574017933 51
DEEP 7134672182089 1783668045543 83
REALCHAR 7134751806361 1783687951603 51
DEEP 7134882203089 1783720550794 87
DEEP 7135298949769 1783824737460 71
DEEP 7135385912209 1783846478070 71
SUPPORT 7135990276321 1783997569093 51
REALCHAR 7136214894481 1784053723633 51
REALCHAR 7137008599561 1784252149903 51
DEEP 7137414580921 1784353645248 71
REALCHAR 7138407488521 1784601872143 51
DEEP 7139565731281 1784891432838 71
REALCHAR 7141402589161 1785350647303 51
REALCHAR 7141819870201 1785454967563 51
DEEP 7142315211529 1785578802900 71
REALCHAR 7143787250161 1785946812553 51
DEEP 7144005934081 1786001483538 71
REALCHAR 7144644494521 1786161123643 51
DEEP 7145615225401 1786403806368 71
REALCHAR 7145702367241 1786425591823 51
DEEP 7145802688249 1786450672080 71
REALCHAR 7146285549841 1786571387473 51
DEEP 7148583011761 1787145752959 75
REALCHAR 7149315875641 1787328968923 51
DEEP 7149425194081 1787356298538 71
DEEP 7149661384321 1787415346098 71
REALCHAR 7149951853801 1787487963463 51
REALCHAR 7150233046441 1787558261623 51
DEEP 7150691633089 1787672908290 71
DEEP 7151061754489 1787765438646 95
DEEP 7151765766721 1787941441698 71
REALCHAR 7152320580001 1788080145013 51
REALCHAR 7154319240121 1788579810043 51
REALCHAR 7154831734801 1788707933713 51
DEEP 7155798324481 1788949581138 71
REALCHAR 7156741913161 1789185478303 51
DEEP 7156865124049 1789216281031 75
REALCHAR 7157439692881 1789359923233 51
REALCHAR 7157767408801 1789441852213 51
DEEP 7158475401529 1789618850404 87
REALCHAR 7158831115921 1789707778993 51
REALCHAR 7159213089961 1789803272503 51
DEEP 7159537498369 1789884374612 79
DEEP 7159629812449 1789907453130 71
REALCHAR 7161244444201 1790311111063 51
REALCHAR 7161870348361 1790467587103 51
DEEP 7161870348361 1790467587108 71
DEEP 7162368844849 1790592211230 71
DEEP 7163052743401 1790763185870 79
REALCHAR 7165225104361 1791306276103 51
REALCHAR 7166121319681 1791530329933 51
REALCHAR 7167229594561 1791807398653 51
DEEP 7167331277929 1791832819500 71
DEEP 7168259989081 1792064997288 71
REALCHAR 7168646157481 1792161539383 51
REALCHAR 7169649084361 1792412271103 51
REALCHAR 7169869637401 1792467409363 51
REALCHAR 7169934170281 1792483542583 51
REALCHAR 7170142065241 1792535516323 51
REALCHAR 7170534955081 1792633738783 51
REALCHAR 7172280000601 1793070000163 51
REALCHAR 7172816011201 1793204002813 51
DEEP 7172816011201 1793204002818 71
DEEP 7173096093409 1793274023370 71
REALCHAR 7173828851641 1793457212923 51
DEEP 7175120804569 1793780201160 71
REALCHAR 7175453144161 1793863286053 51
REALCHAR 7175798424001 1793949606013 51
DEEP 7175940361489 1793985090390 71
REALCHAR 7178210826361 1794552706603 51
DEEP 7178753521801 1794688380468 71
DEEP 7179148550401 1794787137618 71
SUPPORT 7179250893721 1794812723443 51
DEEP 7179864772369 1794966193110 71
REALCHAR 7180212852121 1795053213043 51
DEEP 7180997887561 1795249471909 75
REALCHAR 7183352338681 1795838084683 51
REALCHAR 7184053564081 1796013391033 51
DEEP 7184242960801 1796060740218 71
REALCHAR 7185233454961 1796308363753 51
REALCHAR 7185286548001 1796321637013 51
DEEP 7185865782001 1796466445518 71
REALCHAR 7186294010281 1796573502583 51
REALCHAR 7186722534601 1796680633663 51
REALCHAR 7187361719521 1796840429893 51
REALCHAR 7187480550121 1796870137543 51
DEEP 7187480550121 1796870137548 71
SUPPORT 7188024792001 1797006198013 51
DEEP 7189622360881 1797405590238 71
REALCHAR 7189711748521 1797427937143 51
REALCHAR 7191380996641 1797845249173 51
REALCHAR 7191669096361 1797917274103 51
DEEP 7192699153249 1798174788330 71
SUPPORT 7192733339401 1798183334863 51
REALCHAR 7194300243001 1798575060763 51
DEEP 7194301302241 1798575325581 83
REALCHAR 7194640742041 1798660185523 51
DEEP 7194873785089 1798718446291 75
DEEP 7195267628641 1798816907178 71
REALCHAR 7196993119801 1799248279963 51
REALCHAR 7197607891321 1799401972843 51
REALCHAR 7197820340881 1799455085233 51
REALCHAR 7197825403441 1799456350873 51
REALCHAR 7198178749129 1799544687301 75
DEEP 7198178749129 1799544687303 83
REALCHAR 7198660200601 1799665050163 51
DEEP 7198742563489 1799685640890 71
REALCHAR 7200709542601 1800177385663 51
REALCHAR 7201473125401 1800368281363 51
REALCHAR 7201498624321 1800374656093 51
REALCHAR 7202089326721 1800522331693 51
REALCHAR 7202267344561 1800566836153 51
SUPPORT 7202576414881 1800644103733 51
REALCHAR 7202723750401 1800680937613 51
REALCHAR 7202881804561 1800720451153 51
REALCHAR 7203492939241 1800873234823 51
REALCHAR 7204427806801 1801106951713 51
REALCHAR 7204872205441 1801218051373 51
REALCHAR 7206151233961 1801537808503 51
REALCHAR 7206454128721 1801613532193 51
REALCHAR 7206853780681 1801713445183 51
DEEP 7206853780681 1801713445188 71
REALCHAR 7207131449281 1801782862333 51
SUPPORT 7207365787801 1801841446963 51
REALCHAR 7207992536761 1801998134203 51
REALCHAR 7207997133481 1801999283383 51
REALCHAR 7208212047481 1802053011883 51
DEEP 7209940961161 1802485240308 71
DEEP 7210473939601 1802618484919 75
REALCHAR 7211901478681 1802975369683 51
REALCHAR 7211987894281 1802996973583 51
REALCHAR 7212388701961 1803097175503 51
DEEP 7212388701961 1803097175508 71
DEEP 7212526186849 1803131546730 71
DEEP 7213054806409 1803263701622 79
DEEP 7216086813049 1804021703283 83
DEEP 7216602138769 1804150534710 71
REALCHAR 7217308956001 1804327239013 51
DEEP 7217308956001 1804327239018 71
REALCHAR 7217686189561 1804421547403 51
REALCHAR 7217950466281 1804487616583 51
REALCHAR 7218806866441 1804701716623 51
DEEP 7218961602889 1804740400740 71
SUPPORT 7219195962001 1804798990513 51
DEEP 7219195962001 1804798990521 83
REALCHAR 7219251663121 1804812915793 51
DEEP 7219984202929 1804996050750 71
REALCHAR 7220149001521 1805037250393 51
DEEP 7220484638929 1805121159750 71
REALCHAR 7221312148801 1805328037213 51
REALCHAR 7221588384481 1805397096133 51
REALCHAR 7222062576481 1805515644133 51
REALCHAR 7222561398361 1805640349603 51
REALCHAR 7222929760201 1805732440063 51
REALCHAR 7223201327161 1805800331803 51
DEEP 7223215777969 1805803944511 75
REALCHAR 7224432858241 1806108214573 51
REALCHAR 7224436128361 1806109032103 51
REALCHAR 7225045101481 1806261275383 51
SUPPORT 7225125193441 1806281298373 51
DEEP 7225125193441 1806281298378 71
DEEP 7225958530729 1806489632701 75
REALCHAR 7226028048241 1806507012073 51
REALCHAR 7226579047081 1806644761783 51
DEEP 7226688660409 1806672165122 79
REALCHAR 7226794127281 1806698531833 51
REALCHAR 7227065717881 1806766429483 51
SUPPORT 7227303015241 1806825753823 51
REALCHAR 7229258458321 1807314614593 51
REALCHAR 7229693549521 1807423387393 51
DEEP 7229762998441 1807440749629 75
REALCHAR 7230528275881 1807632068983 51
SUPPORT 7230957972001 1807739493013 51
REALCHAR 7231321868521 1807830467143 51
REALCHAR 7232101079641 1808025269923 51
REALCHAR 7232299383241 1808074845823 51
REALCHAR 7236356433601 1809089108413 51
DEEP 7237025468929 1809256367250 71
SUPPORT 7237158584041 1809289646023 51
REALCHAR 7237482548521 1809370637143 51
DEEP 7240647943489 1810161985890 71
REALCHAR 7240851434881 1810212858733 51
DEEP 7240978574041 1810244643528 71
REALCHAR 7241096739361 1810274184853 51
REALCHAR 7241376333361 1810344083353 51
DEEP 7241376333361 1810344083358 71
DEEP 7241521985569 1810380496410 71
REALCHAR 7242795724921 1810698931243 51
REALCHAR 7242834338041 1810708584523 51
DEEP 7242899340889 1810724835247 99
SUPPORT 7242979983121 1810744995793 51
DEEP 7242979983121 1810744995799 75
SUPPORT 7243598646001 1810899661513 51
REALCHAR 7244574315001 1811143578763 51
DEEP 7245220521289 1811305130340 71
REALCHAR 7245490320121 1811372580043 51
REALCHAR 7245593258401 1811398314613 51
DEEP 7245666308521 1811416577148 71
SUPPORT 7247140642921 1811785160743 51
REALCHAR 7249431475441 1812357868873 51
REALCHAR 7251713829721 1812928457443 51
REALCHAR 7251944811721 1812986202943 51
REALCHAR 7255637918281 1813909479583 51
REALCHAR 7256466046561 1814116511653 51
DEEP 7256662169689 1814165542440 71
REALCHAR 7257472676281 1814368169083 51
REALCHAR 7257920277721 1814480069443 51
DEEP 7258222182121 1814555545548 71
REALCHAR 7258826705881 1814706676483 51
REALCHAR 7258932039241 1814733009823 51
REALCHAR 7259509628281 1814877407083 51
REALCHAR 7260338508721 1815084627193 51
REALCHAR 7262594098321 1815648524593 51
REALCHAR 7263323952481 1815830988133 51
DEEP 7266151043089 1816537760790 71
REALCHAR 7266211350841 1816552837723 51
REALCHAR 7267260612361 1816815153103 51
REALCHAR 7267407049081 1816851762283 51
REALCHAR 7268460191281 1817115047833 51
REALCHAR 7268703882001 1817175970513 51
REALCHAR 7269089476321 1817272369093 51
REALCHAR 7269954856921 1817488714243 51
SUPPORT 7272064846201 1818016211563 51
REALCHAR 7272988426201 1818247106563 51
DEEP 7273508812249 1818377203082 79
REALCHAR 7273762818001 1818440704513 51
REALCHAR 7274129599801 1818532399963 51
REALCHAR 7275835803289 1818958950841 75
DEEP 7275835803289 1818958950842 79
REALCHAR 7275964794121 1818991198543 51
REALCHAR 7277365656289 1819341414091 75
DEEP 7277365656289 1819341414092 79
REALCHAR 7277612506921 1819403126743 51
REALCHAR 7278082333201 1819520583313 51
REALCHAR 7278229247041 1819557311773 51
SUPPORT 7278332518081 1819583129533 51
DEEP 7279849738561 1819962434658 71
REALCHAR 7280120804881 1820030201233 51
SUPPORT 7280431527121 1820107881793 51
DEEP 7280431527121 1820107881798 71
DEEP 7280541716449 1820135429130 71
DEEP 7280557234729 1820139308702 79
SUPPORT 7280877612121 1820219403043 51
REALCHAR 7281055757641 1820263939423 51
REALCHAR 7281097141081 1820274285283 51
DEEP 7281151603441 1820287900881 83
SUPPORT 7281310973161 1820327743303 51
DEEP 7281310973161 1820327743308 71
REALCHAR 7281327526321 1820331881593 51
DEEP 7281878940961 1820469735259 75
DEEP 7281895395889 1820473848990 71
REALCHAR 7282383570361 1820595892603 51
SUPPORT 7284144290641 1821036072673 51
REALCHAR 7284253010161 1821063252553 51
REALCHAR 7285281266761 1821320316703 51
REALCHAR 7286133993121 1821533498293 51
REALCHAR 7286412630121 1821603157543 51
DEEP 7286746139401 1821686534871 83
DEEP 7286974878481 1821743719638 71
DEEP 7287256834321 1821814208600 79
REALCHAR 7287375345121 1821843836293 51
REALCHAR 7287401698201 1821850424563 51
REALCHAR 7288495949641 1822123987423 51
REALCHAR 7288897707001 1822224426763 51
REALCHAR 7289305984321 1822326496093 51
DEEP 7291719260401 1822929815118 71
SUPPORT 7293509267641 1823377316923 51
SUPPORT 7294601492161 1823650373053 51
REALCHAR 7294964551081 1823741137783 51
REALCHAR 7295001965161 1823750491303 51
REALCHAR 7295181144001 1823795286013 51
DEEP 7295854829041 1823963707278 71
REALCHAR 7295962406041 1823990601523 51
REALCHAR 7296834626761 1824208656703 51
REALCHAR 7298066994241 1824516748573 51
REALCHAR 7298125097761 1824531274453 51
DEEP 7298125097761 1824531274458 71
DEEP 7298404245001 1824601061268 71
DEEP 7298494856041 1824623714029 75
REALCHAR 7299201426001 1824800356513 51
REALCHAR 7300565569441 1825141392373 51
REALCHAR 7300565569441 1825141392379 75
DEEP 7300565569441 1825141392380 79
REALCHAR 7301441216281 1825360304083 51
REALCHAR 7304237205721 1826059301443 51
REALCHAR 7304371806601 1826092951663 51
REALCHAR 7304450899201 1826112724813 51
DEEP 7304515512121 1826128878048 71
REALCHAR 7304595477001 1826148869263 51
SUPPORT 7305091838641 1826272959673 51
DEEP 7305091838641 1826272959679 75
REALCHAR 7305241032961 1826310258253 51
REALCHAR 7305970169521 1826492542393 51
DEEP 7306176916921 1826544229248 71
DEEP 7306378608169 1826594652061 75
SUPPORT 7306710442201 1826677610563 51
REALCHAR 7307224330561 1826806082653 51
REALCHAR 7307328279241 1826832069823 51
REALCHAR 7307944914001 1826986228513 51
REALCHAR 7308051282841 1827012820723 51
DEEP 7308051282841 1827012820728 71
REALCHAR 7308975172321 1827243793093 51
DEEP 7308975172321 1827243793098 71
REALCHAR 7310251313401 1827562828363 51
DEEP 7311040622209 1827760155571 75
REALCHAR 7311328548001 1827832137013 51
REALCHAR 7311440794681 1827860198683 51
DEEP 7311515942641 1827878985680 79
REALCHAR 7312011293161 1828002823303 51
REALCHAR 7312144836361 1828036209103 51
REALCHAR 7312169523961 1828042381003 51
DEEP 7312233846241 1828058461578 71
REALCHAR 7312301626081 1828075406533 51
REALCHAR 7312505309041 1828126327273 51
REALCHAR 7314642488521 1828660622143 51
DEEP 7314751181761 1828687795458 71
REALCHAR 7315508448361 1828877112103 51
DEEP 7315529534329 1828882383601 75
REALCHAR 7316914714561 1829228678653 51
REALCHAR 7318318646521 1829579661643 51
DEEP 7318600183129 1829650045800 71
REALCHAR 7319285500081 1829821375033 51
SUPPORT 7319541852841 1829885463223 51
REALCHAR 7319561420161 1829890355053 51
DEEP 7320487993009 1830121998272 79
REALCHAR 7320743635321 1830185908843 51
REALCHAR 7323194915521 1830798728893 51
SUPPORT 7323410899561 1830852724903 51
SUPPORT 7324352542081 1831088135533 51
REALCHAR 7324353288001 1831088322013 51
DEEP 7324652652409 1831163163120 71
DEEP 7325024260009 1831256065020 71
DEEP 7326087558001 1831521889518 71
REALCHAR 7326712193641 1831678048423 51
REALCHAR 7327404466321 1831851116593 51
REALCHAR 7329132391681 1832283097933 51
SUPPORT 7329438324961 1832359581253 51
SUPPORT 7329711865921 1832427966493 51
DEEP 7329867455689 1832466863940 71
REALCHAR 7330181370121 1832545342543 51
REALCHAR 7330896766561 1832724191653 51
REALCHAR 7331222976841 1832805744223 51
REALCHAR 7331359994401 1832839998613 51
DEEP 7331359994401 1832839998618 71
DEEP 7336486270369 1834121567612 79
REALCHAR 7337481367441 1834370341873 51
REALCHAR 7338835216441 1834708804123 51
REALCHAR 7339140659761 1834785164953 51
DEEP 7340078304001 1835019576018 71
REALCHAR 7342369838521 1835592459643 51
REALCHAR 7343336821921 1835834205493 51
DEEP 7343638783321 1835909695851 83
REALCHAR 7344557742601 1836139435663 51
REALCHAR 7345198637401 1836299659363 51
DEEP 7347077061769 1836769265460 71
REALCHAR 7347893915041 1836973478773 51
REALCHAR 7348135898401 1837033974613 51
DEEP 7349110166161 1837277541558 71
DEEP 7350469323121 1837617330798 71
REALCHAR 7350607576321 1837651894093 51
SUPPORT 7351269867841 1837817466973 51
DEEP 7352532165889 1838133041490 71
REALCHAR 7352724050281 1838181012583 51
REALCHAR 7353970806961 1838492701753 51
REALCHAR 7354840904401 1838710226113 51
REALCHAR 7355652465841 1838913116473 51
DEEP 7355737703161 1838934425808 71
SUPPORT 7356455217721 1839113804443 51
REALCHAR 7356494627161 1839123656803 51
DEEP 7357389181321 1839347295348 71
REALCHAR 7357639369081 1839409842283 51
REALCHAR 7358675700601 1839668925163 51
REALCHAR 7358710086841 1839677521723 51
REALCHAR 7360649940361 1840162485103 51
REALCHAR 7361644210561 1840411052653 51
DEEP 7361714419921 1840428604998 71
DEEP 7361821365889 1840455341490 71
REALCHAR 7362606137041 1840651534273 51
REALCHAR 7362672774601 1840668193663 51
REALCHAR 7363134651601 1840783662919 75
DEEP 7363134651601 1840783662920 79
REALCHAR 7365726074281 1841431518583 51
REALCHAR 7365877356601 1841469339163 51
DEEP 7367485548361 1841871387108 71
DEEP 7368186180601 1842046545168 71
REALCHAR 7368207177241 1842051794323 51
DEEP 7369382123041 1842345530779 75
REALCHAR 7370231931001 1842557982763 51
REALCHAR 7371689415841 1842922353973 51
REALCHAR 7371893251321 1842973312843 51
REALCHAR 7373087227801 1843271806963 51
DEEP 7373161465609 1843290366420 71
SUPPORT 7373483520001 1843370880013 51
SUPPORT 7375020188761 1843755047203 51
REALCHAR 7376028505561 1844007126403 51
SUPPORT 7376041396441 1844010349123 51
REALCHAR 7376190990841 1844047747723 51
REALCHAR 7376898154081 1844224538533 51
REALCHAR 7377621232081 1844405308033 51
DEEP 7378670745889 1844667686490 71
DEEP 7378757699569 1844689424910 71
DEEP 7378931050969 1844732762761 75
DEEP 7379761185889 1844940296490 71
DEEP 7380280064161 1845070016058 71
REALCHAR 7380394135321 1845098533843 51
REALCHAR 7380488521561 1845122130403 51
DEEP 7380655799521 1845163949898 71
DEEP 7381424650681 1845356162690 79
REALCHAR 7382216207521 1845554051893 51
REALCHAR 7382448163561 1845612040903 51
DEEP 7382592720409 1845648180122 79
REALCHAR 7383139810201 1845784952563 51
DEEP 7383841909921 1845960477510 119
REALCHAR 7384651232401 1846162808113 51
SUPPORT 7385265877201 1846316469313 51
SUPPORT 7385907849961 1846476962503 51
REALCHAR 7386063895681 1846515973933 51
DEEP 7386843564409 1846710891120 71
REALCHAR 7387039580281 1846759895083 51
REALCHAR 7387742961481 1846935740383 51
REALCHAR 7388475734641 1847118933673 51
DEEP 7388661124441 1847165281133 91
REALCHAR 7391895976921 1847973994243 51
REALCHAR 7393773764521 1848443441143 51
REALCHAR 7394267212201 1848566803063 51
REALCHAR 7394348392201 1848587098063 51
DEEP 7394580317881 1848645079489 75
SUPPORT 7397019975361 1849254993853 51
DEEP 7397245426321 1849311356602 87
REALCHAR 7397998215001 1849499553763 51
DEEP 7398995835841 1849748958979 75
REALCHAR 7401092040241 1850273010073 51
REALCHAR 7402761541561 1850690385403 51
REALCHAR 7403027588401 1850756897113 51
SUPPORT 7403706373561 1850926593403 51
REALCHAR 7404916569961 1851229142503 51
REALCHAR 7405653840601 1851413460163 51
DEEP 7405710844921 1851427711248 71
DEEP 7405992715801 1851498178968 71
REALCHAR 7406882217121 1851720554293 51
REALCHAR 7407494575321 1851873643843 51
REALCHAR 7407956593801 1851989148463 51
DEEP 7409188583281 1852297145839 75
REALCHAR 7409230069081 1852307517283 51
REALCHAR 7409756243761 1852439060953 51
REALCHAR 7411100338321 1852775084593 51
REALCHAR 7411870445281 1852967611333 51
DEEP 7412267093401 1853066773368 71
REALCHAR 7412506917481 1853126729383 51
REALCHAR 7412562391081 1853140597783 51
REALCHAR 7413604227481 1853401056883 51
DEEP 7414060315489 1853515078890 71
REALCHAR 7414189965961 1853547491503 51
DEEP 7414189965961 1853547491508 71
REALCHAR 7415051195161 1853762798803 51
REALCHAR 7416193129801 1854048282463 51
REALCHAR 7416206289361 1854051572353 51
SUPPORT 7416668851201 1854167212813 51
DEEP 7417042109569 1854260527410 71
REALCHAR 7417042455001 1854260613763 51
DEEP 7417359529969 1854339882510 71
REALCHAR 7419126878881 1854781719733 51
REALCHAR 7420410884041 1855102721023 51
REALCHAR 7423356854761 1855839213703 51
DEEP 7425132268849 1856283067231 75
REALCHAR 7425905323321 1856476330843 51
REALCHAR 7426677177481 1856669294383 51
REALCHAR 7427686469641 1856921617423 51
DEEP 7427832029641 1856958007428 71
SUPPORT 7428403344961 1857100836253 51
REALCHAR 7428407355121 1857101838793 51
DEEP 7428407355121 1857101838798 71
REALCHAR 7428543728761 1857135932203 51
REALCHAR 7429702877041 1857425719273 51
REALCHAR 7432401180961 1858100295253 51
REALCHAR 7432886745001 1858221686263 51
REALCHAR 7433672354161 1858418088553 51
REALCHAR 7433768764321 1858442191093 51
REALCHAR 7434052517641 1858513129423 51
REALCHAR 7434059215801 1858514803963 51
REALCHAR 7434374624161 1858593656053 51
REALCHAR 7435717128841 1858929282223 51
REALCHAR 7437046499401 1859261624863 51
REALCHAR 7437142716481 1859285679133 51
REALCHAR 7437777515281 1859444378833 51
REALCHAR 7438387969321 1859596992343 51
REALCHAR 7438461648601 1859615412163 51
SUPPORT 7438908535081 1859727133783 51
SUPPORT 7439159936881 1859789984233 51
DEEP 7439443375849 1859860843980 71
REALCHAR 7441297904401 1860324476113 51
REALCHAR 7442135517961 1860533879503 51
REALCHAR 7442378471641 1860594617923 51
REALCHAR 7443982062841 1860995515723 51
REALCHAR 7443996908401 1860999227113 51
DEEP 7444494253681 1861123563438 71
REALCHAR 7445414701321 1861353675343 51
REALCHAR 7446098971081 1861524742783 51
REALCHAR 7446634014121 1861658503543 51
REALCHAR 7447480451161 1861870112803 51
REALCHAR 7447644111961 1861911028003 51
REALCHAR 7447906074361 1861976518603 51
REALCHAR 7449906514801 1862476628713 51
REALCHAR 7450671644641 1862667911173 51
REALCHAR 7451422117441 1862855529373 51
REALCHAR 7452189561961 1863047390503 51
REALCHAR 7453968378481 1863492094633 51
DEEP 7453968378481 1863492094639 75
REALCHAR 7454656042681 1863664010683 51
REALCHAR 7455519511441 1863879877873 51
DEEP 7455519511441 1863879877878 71
DEEP 7456058106121 1864014526550 79
REALCHAR 7457631598561 1864407899653 51
REALCHAR 7458797652601 1864699413163 51
DEEP 7458797652601 1864699413168 71
REALCHAR 7459026944041 1864756736023 51
REALCHAR 7459927507321 1864981876843 51
SUPPORT 7460676192841 1865169048223 51
DEEP 7461459926209 1865364981570 71
REALCHAR 7463879200801 1865969800213 51
DEEP 7464452729449 1866113182380 71
DEEP 7464464982529 1866116245652 79
REALCHAR 7464476102521 1866119025643 51
REALCHAR 7466213280241 1866553320073 51
REALCHAR 7466220572281 1866555143083 51
REALCHAR 7466240701921 1866560175493 51
DEEP 7466800884481 1866700221138 71
SUPPORT 7468977035521 1867244258893 51
DEEP 7469680562569 1867420140660 71
DEEP 7470739781569 1867684945410 71
DEEP 7470909677449 1867727419383 83
REALCHAR 7471291395481 1867822848883 51
REALCHAR 7471986968161 1867996742053 51
REALCHAR 7471991938321 1867997984593 51
REALCHAR 7472510674561 1868127668653 51
DEEP 7472510674561 1868127668659 75
REALCHAR 7472699008681 1868174752183 51
REALCHAR 7473407783521 1868351945893 51
REALCHAR 7474590186361 1868647546603 51
REALCHAR 7474608567721 1868652141943 51
REALCHAR 7474981602841 1868745400723 51
REALCHAR 7475475807361 1868868951853 51
REALCHAR 7475685931561 1868921482903 51
REALCHAR 7475851623601 1868962905913 51
REALCHAR 7475937752761 1868984438203 51
DEEP 7475937752761 1868984438209 75
DEEP 7476779154961 1869194788758 71
REALCHAR 7476938783161 1869234695803 51
REALCHAR 7477051917241 1869262979323 51
DEEP 7479525863209 1869881465820 71
REALCHAR 7479733716841 1869933429223 51
DEEP 7479733716841 1869933429230 79
REALCHAR 7479899945281 1869974986333 51
REALCHAR 7481252089921 1870313022493 51
REALCHAR 7481497033921 1870374258493 51
DEEP 7481640749881 1870410187488 71
SUPPORT 7483678938121 1870919734543 51
REALCHAR 7483927600081 1870981900033 51
DEEP 7485267939601 1871316984920 79
DEEP 7487143511929 1871785878001 75
REALCHAR 7487549223001 1871887305763 51
REALCHAR 7487745979081 1871936494783 51
REALCHAR 7489131118681 1872282779683 51
DEEP 7490596092841 1872649023228 71
SUPPORT 7492107379681 1873026844933 51
REALCHAR 7492597709041 1873149427273 51
REALCHAR 7492946963401 1873236740863 51
DEEP 7493272620289 1873318155090 71
DEEP 7494296902849 1873574225730 71
REALCHAR 7494559095241 1873639773823 51
DEEP 7494559095241 1873639773830 79
DEEP 7494635562649 1873658890680 71
REALCHAR 7495808679241 1873952169823 51
DEEP 7496515992001 1874128998020 79
REALCHAR 7497671812801 1874417953213 51
SUPPORT 7497796538761 1874449134703 51
REALCHAR 7499450278321 1874862569593 51
DEEP 7499521741321 1874880435350 79
REALCHAR 7500012644881 1875003161233 51
REALCHAR 7500253913161 1875063478303 51
SUPPORT 7500695684161 1875173921053 51
SUPPORT 7500956212201 1875239053063 51
REALCHAR 7501042710841 1875260677723 51
REALCHAR 7501715372761 1875428843203 51
REALCHAR 7501925008561 1875481252153 51
REALCHAR 7504634634121 1876158658543 51
DEEP 7504634634121 1876158658550 79
DEEP 7504711813369 1876177953360 71
SUPPORT 7506561873721 1876640468443 51
DEEP 7506939782521 1876734945650 79
DEEP 7508068844329 1877017211102 79
REALCHAR 7508196322201 1877049080563 51
DEEP 7508865347281 1877216336838 71
REALCHAR 7509099435601 1877274858913 51
DEEP 7511215090681 1877803772688 71
DEEP 7511231935321 1877807983852 87
DEEP 7511440476409 1877860119120 71
REALCHAR 7512634594921 1878158648743 51
REALCHAR 7513561875121 1878390468793 51
REALCHAR 7514309963161 1878577490803 51
DEEP 7514923086841 1878730771729 75
REALCHAR 7515356024401 1878839006113 51
REALCHAR 7516101899881 1879025474983 51
DEEP 7516876556809 1879219139221 75
DEEP 7516919502481 1879229875638 71
REALCHAR 7517136443881 1879284110983 51
REALCHAR 7518746890561 1879686722653 51
REALCHAR 7519559874121 1879889968543 51
REALCHAR 7520625589801 1880156397463 51
REALCHAR 7521216238561 1880304059653 51
REALCHAR 7521707072881 1880426768233 51
REALCHAR 7521743441521 1880435860393 51
REALCHAR 7522221205801 1880555301463 51
REALCHAR 7523986164601 1880996541163 51
REALCHAR 7524944496001 1881236124013 51
DEEP 7525105235041 1881276308780 79
REALCHAR 7525559084521 1881389771143 51
DEEP 7527022780729 1881755695203 83
DEEP 7527237586801 1881809396720 79
DEEP 7527552586129 1881888146553 83
REALCHAR 7529876044441 1882469011123 51
REALCHAR 7531033332001 1882758333013 51
REALCHAR 7531436832481 1882859208133 51
REALCHAR 7531981494241 1882995373573 51
DEEP 7532065687441 1883016421878 71
DEEP 7532116476361 1883029119109 75
DEEP 7532297041369 1883074260362 79
REALCHAR 7532323126441 1883080781623 51
REALCHAR 7532569962241 1883142490573 51
DEEP 7532569962241 1883142490578 71
DEEP 7532974977889 1883243744490 71
REALCHAR 7533477577081 1883369394283 51
DEEP 7533477577081 1883369394290 79
REALCHAR 7534538614201 1883634653563 51
REALCHAR 7536202747441 1884050686873 51
REALCHAR 7538452606441 1884613151623 51
DEEP 7538508076009 1884627019020 71
REALCHAR 7538666292481 1884666573133 51
DEEP 7539199985641 1884799996428 71
REALCHAR 7539640914961 1884910228753 51
REALCHAR 7540058802721 1885014700693 51
SUPPORT 7540835473081 1885208868283 51
DEEP 7541609788969 1885402447260 71
REALCHAR 7542238856881 1885559714233 51
REALCHAR 7542300772561 1885575193153 51
REALCHAR 7542512599561 1885628149903 51
REALCHAR 7542750951961 1885687738003 51
REALCHAR 7543686102241 1885921525573 51
REALCHAR 7544806092121 1886201523043 51
REALCHAR 7547386927921 1886846731993 51
SUPPORT 7548741880681 1887185470183 51
DEEP 7548773648329 1887193412100 71
REALCHAR 7548902074561 1887225518653 51
REALCHAR 7549168612441 1887292153123 51
REALCHAR 7550097211801 1887524302963 51
REALCHAR 7550435515921 1887608878993 51
DEEP 7550864816881 1887716204238 71
DEEP 7550926624921 1887731656248 71
REALCHAR 7551860905801 1887965226463 51
REALCHAR 7552452979681 1888113244933 51
REALCHAR 7552452979681 1888113244939 75
DEEP 7552452979681 1888113244940 79
REALCHAR 7552453793641 1888113448423 51
REALCHAR 7552480561921 1888120140493 51
REALCHAR 7553145794041 1888286448523 51
REALCHAR 7554028796161 1888507199053 51
REALCHAR 7554225367441 1888556341873 51
SUPPORT 7554544725961 1888636181503 51
REALCHAR 7554908040241 1888727010073 51
DEEP 7555227799681 1888806949938 71
REALCHAR 7555233397321 1888808349343 51
REALCHAR 7555731696241 1888932924073 51
DEEP 7556036648449 1889009162133 83
REALCHAR 7556490548161 1889122637053 51
DEEP 7556490548161 1889122637058 71
DEEP 7556610807001 1889152701768 71
DEEP 7557110613649 1889277653432 79
DEEP 7557908773801 1889477193469 75
DEEP 7558938244729 1889734561200 71
REALCHAR 7561535946721 1890383986693 51
DEEP 7561657016281 1890414254088 71
REALCHAR 7561718706721 1890429676693 51
DEEP 7562300305561 1890575076408 71
REALCHAR 7563592850641 1890898212673 51
SUPPORT 7563950402761 1890987600703 51
DEEP 7563984728161 1890996182059 75
REALCHAR 7564026636721 1891006659193 51
DEEP 7564026636721 1891006659200 79
REALCHAR 7565598276721 1891399569193 51
REALCHAR 7565639830681 1891409957683 51
SUPPORT 7566676641001 1891669160263 51
REALCHAR 7567374641401 1891843660363 51
REALCHAR 7567570834321 1891892708593 51
SUPPORT 7567661832481 1891915458133 51
REALCHAR 7568433515161 1892108378803 51
DEEP 7569969360529 1892492340150 71
REALCHAR 7572075103321 1893018775843 51
REALCHAR 7572094297681 1893023574433 51
DEEP 7572350953729 1893087738453 83
REALCHAR 7572570936841 1893142734223 51
DEEP 7572570936841 1893142734230 79
REALCHAR 7573258446121 1893314611543 51
REALCHAR 7573828434481 1893457108633 51
REALCHAR 7575508853761 1893877213453 51
REALCHAR 7575926911921 1893981727993 51
REALCHAR 7577834486161 1894458621553 51
REALCHAR 7578164914681 1894541228683 51
REALCHAR 7578708303721 1894677075943 51
REALCHAR 7578792312961 1894698078253 51
DEEP 7578863731321 1894715932848 71
REALCHAR 7580204463841 1895051115973 51
REALCHAR 7580714399281 1895178599833 51
REALCHAR 7580840255041 1895210063773 51
SUPPORT 7581173840881 1895293460233 51
REALCHAR 7581565905601 1895391476413 51
REALCHAR 7582459878361 1895614969603 51
DEEP 7582685586961 1895671396758 71
REALCHAR 7583522238601 1895880559663 51
SUPPORT 7585266754081 1896316688533 51
DEEP 7585266754081 1896316688541 83
SUPPORT 7585742933521 1896435733393 51
DEEP 7586612833801 1896653208468 71
DEEP 7587233058409 1896808264620 71
DEEP 7587509754841 1896877438730 79
REALCHAR 7588166556961 1897041639253 51
REALCHAR 7589073597361 1897268399353 51
REALCHAR 7589272009201 1897318002313 51
REALCHAR 7592846473081 1898211618283 51
REALCHAR 7593088839361 1898272209853 51
REALCHAR 7593588104881 1898397026233 51
REALCHAR 7595798051521 1898949512893 51
REALCHAR 7597503884881 1899375971233 51
SUPPORT 7598561295361 1899640323853 51
REALCHAR 7598649155161 1899662288803 51
DEEP 7598863968721 1899715992198 71
REALCHAR 7598920219801 1899730054963 51
REALCHAR 7600570843321 1900142710843 51
REALCHAR 7602533828761 1900633457203 51
REALCHAR 7602805078801 1900701269713 51
REALCHAR 7603086197281 1900771549333 51
REALCHAR 7603631832721 1900907958193 51
REALCHAR 7603747622641 1900936905673 51
DEEP 7603980576481 1900995144141 83
REALCHAR 7604278815961 1901069704003 51
REALCHAR 7604811275161 1901202818803 51
REALCHAR 7605969980449 1901492495131 75
DEEP 7605969980449 1901492495135 91
DEEP 7606284869401 1901571217368 71
DEEP 7606441949089 1901610487290 71
DEEP 7607664261649 1901916065430 71
REALCHAR 7607868280321 1901967070093 51
REALCHAR 7609331443081 1902332860783 51
REALCHAR 7609905379561 1902476344903 51
REALCHAR 7610057036761 1902514259203 51
DEEP 7610283552169 1902570888068 103
REALCHAR 7611557946721 1902889486693 51
REALCHAR 7612408965001 1903102241263 51
SUPPORT 7613914731721 1903478682943 51
REALCHAR 7614647782921 1903661945743 51
DEEP 7615084051969 1903771013010 71
REALCHAR 7615548493921 1903887123493 51
DEEP 7615845730249 1903961432583 83
DEEP 7616085075481 1904021268889 75
REALCHAR 7617155831041 1904288957773 51
REALCHAR 7617240125881 1904310031483 51
REALCHAR 7618069398241 1904517349573 51
DEEP 7618950448201 1904737612068 71
REALCHAR 7619407352881 1904851838233 51
SUPPORT 7619510129401 1904877532363 51
SUPPORT 7619808607321 1904952151843 51
DEEP 7620315769609 1905078942424 87
REALCHAR 7620539516041 1905134879023 51
DEEP 7620717620569 1905179405160 71
DEEP 7621286953921 1905321738498 71
SUPPORT 7621943984041 1905485996023 51
DEEP 7622547196489 1905636799140 71
REALCHAR 7622939615041 1905734903773 51
REALCHAR 7623565694761 1905891423703 51
REALCHAR 7623906947281 1905976736833 51
DEEP 7624179624889 1906044906240 71
DEEP 7625960533129 1906490133300 71
DEEP 7626259496881 1906564874238 71
REALCHAR 7627797225721 1906949306443 51
DEEP 7627880442121 1906970110548 71
REALCHAR 7628141406601 1907035351663 51
REALCHAR 7629941152681 1907485288183 51
REALCHAR 7631061354361 1907765338603 51
REALCHAR 7631092307281 1907773076833 51
SUPPORT 7632178073881 1908044518483 51
REALCHAR 7632336807481 1908084201883 51
REALCHAR 7633166497441 1908291624373 51
REALCHAR 7635694298521 1908923574643 51
DEEP 7635939877729 1908984969450 71
DEEP 7637166712561 1909291678158 71
REALCHAR 7637207450161 1909301862553 51
DEEP 7637246195569 1909311548910 71
REALCHAR 7637476729801 1909369182463 51
REALCHAR 7637510993641 1909377748423 51
REALCHAR 7637570556841 1909392639223 51
DEEP 7637825119369 1909456279863 83
REALCHAR 7638117892441 1909529473123 51
DEEP 7638117892441 1909529473128 71
REALCHAR 7638127931281 1909531982833 51
REALCHAR 7638413816881 1909603454233 51
DEEP 7638505169689 1909626292440 71
REALCHAR 7638797018161 1909699254553 51
REALCHAR 7639482459361 1909870614853 51
REALCHAR 7639569919081 1909892479783 51
DEEP 7639626560329 1909906640105 91
SUPPORT 7639751144041 1909937786023 51
REALCHAR 7639919811001 1909979952763 51
REALCHAR 7640043720241 1910010930073 51
DEEP 7640160384481 1910040096139 75
REALCHAR 7640454036601 1910113509163 51
DEEP 7640454036601 1910113509170 79
DEEP 7640842464649 1910210616180 71
REALCHAR 7641727930201 1910431982563 51
SUPPORT 7642744395001 1910686098763 51
SUPPORT 7644886246321 1911221561593 51
REALCHAR 7644952413121 1911238103293 51
SUPPORT 7645455963601 1911363990913 51
DEEP 7645484570161 1911371142558 71
REALCHAR 7645659215041 1911414803773 51
REALCHAR 7645814648761 1911453662203 51
REALCHAR 7647231511921 1911807877993 51
REALCHAR 7647248569321 1911812142343 51
DEEP 7647460186081 1911865046539 75
REALCHAR 7647534306721 1911883576693 51
REALCHAR 7648119661081 1912029915283 51
REALCHAR 7648381101001 1912095275263 51
DEEP 7649685638401 1912421409619 75
REALCHAR 7650000122521 1912500030643 51
DEEP 7650000122521 1912500030648 71
DEEP 7651957029649 1912989257430 71
DEEP 7652121442729 1913030360700 71
REALCHAR 7652828427841 1913207106973 51
REALCHAR 7654128856201 1913532214063 51
REALCHAR 7656685665841 1914171416473 51
SUPPORT 7657488303481 1914372075883 51
REALCHAR 7658456911561 1914614227903 51
REALCHAR 7659125530681 1914781382683 51
DEEP 7660663572409 1915165893120 71
REALCHAR 7660957789081 1915239447283 51
REALCHAR 7662659774641 1915664943673 51
DEEP 7662659774641 1915664943678 71
DEEP 7662741242641 1915685310678 71
SUPPORT 7663712325481 1915928081383 51
REALCHAR 7663784223001 1915946055763 51
REALCHAR 7663792178641 1915948044673 51
REALCHAR 7664064015001 1916016003763 51
REALCHAR 7664206477321 1916051619343 51
REALCHAR 7664986619761 1916246654953 51
SUPPORT 7666021329121 1916505332293 51
REALCHAR 7667472270481 1916868067633 51
DEEP 7667832011449 1916958002880 71
REALCHAR 7667875310761 1916968827703 51
DEEP 7668553560721 1917138390198 71
DEEP 7669481023681 1917370255938 71
DEEP 7671105038041 1917776259528 71
REALCHAR 7671199162201 1917799790563 51
REALCHAR 7671782454961 1917945613753 51
DEEP 7673070638689 1918267659690 71
REALCHAR 7673144547121 1918286136793 51
SUPPORT 7673262943921 1918315735993 51
REALCHAR 7673928776641 1918482194173 51
REALCHAR 7675006254841 1918751563723 51
REALCHAR 7675465555081 1918866388783 51
REALCHAR 7675754903041 1918938725773 51
REALCHAR 7677062924521 1919265731143 51
REALCHAR 7677830641321 1919457660343 51
REALCHAR 7677857575441 1919464393873 51
REALCHAR 7677945170281 1919486292583 51
SUPPORT 7678282808641 1919570702173 51
REALCHAR 7681304347201 1920326086813 51
DEEP 7682945995729 1920736498950 71
REALCHAR 7683534329641 1920883582423 51
REALCHAR 7683713332201 1920928333063 51
REALCHAR 7684156336921 1921039084243 51
REALCHAR 7685215104961 1921303776253 51
REALCHAR 7688527946401 1922131986613 51
DEEP 7688563939681 1922140984940 79
DEEP 7688696237161 1922174059311 83
REALCHAR 7689471917521 1922367979393 51
REALCHAR 7690130880961 1922532720253 51
REALCHAR 7690415620801 1922603905213 51
SUPPORT 7690573370041 1922643342523 51
REALCHAR 7692834357121 1923208589293 51
REALCHAR 7692903476281 1923225869083 51
REALCHAR 7693341786601 1923335446663 51
REALCHAR 7693594148881 1923398537233 51
REALCHAR 7693636873441 1923409218373 51
DEEP 7695402707281 1923850676838 71
DEEP 7695763180681 1923940795189 75
REALCHAR 7695778047721 1923944511943 51
REALCHAR 7696927080481 1924231770133 51
DEEP 7697701835041 1924425458782 87
DEEP 7698233330089 1924558332540 71
REALCHAR 7699125044521 1924781261143 51
REALCHAR 7699342451161 1924835612803 51
REALCHAR 7699546494481 1924886623633 51
REALCHAR 7699625132761 1924906283203 51
REALCHAR 7699755020281 1924938755083 51
REALCHAR 7701731247961 1925432812003 51
DEEP 7705218537769 1926304634460 71
SUPPORT 7705584311881 1926396077983 51
REALCHAR 7706855268121 1926713817043 51
REALCHAR 7707926614441 1926981653623 51
REALCHAR 7709134502521 1927283625643 51
REALCHAR 7709572694041 1927393173523 51
DEEP 7710422338441 1927605584628 71
REALCHAR 7711653159961 1927913290003 51
REALCHAR 7712169456601 1928042364163 51
REALCHAR 7713686895121 1928421723793 51
REALCHAR 7716275000281 1929068750083 51
REALCHAR 7716529386721 1929132346693 51
REALCHAR 7716661370401 1929165342613 51
DEEP 7717183174801 1929295793720 79
DEEP 7717443036601 1929360759168 71
DEEP 7717834453081 1929458613288 71
SUPPORT 7718743348801 1929685837213 51
DEEP 7719361999561 1929840499912 87
REALCHAR 7719412059241 1929853014823 51
REALCHAR 7719438115321 1929859528843 51
REALCHAR 7719452585881 1929863146483 51
REALCHAR 7719538420441 1929884605123 51
REALCHAR 7719774659041 1929943664773 51
SUPPORT 7720421589241 1930105397323 51
DEEP 7721003561041 1930250890278 71
REALCHAR 7722627560761 1930656890203 51
REALCHAR 7722658315681 1930664578933 51
DEEP 7722910707121 1930727676801 83
REALCHAR 7723354952041 1930838738023 51
REALCHAR 7723858380001 1930964595013 51
DEEP 7726165545289 1931541386340 71
REALCHAR 7726588863361 1931647215853 51
REALCHAR 7727040321001 1931760080263 51
REALCHAR 7727048432401 1931762108113 51
REALCHAR 7727979965161 1931994991303 51
DEEP 7728359687689 1932089921940 71
REALCHAR 7730485338601 1932621334663 51
REALCHAR 7731058127521 1932764531893 51
REALCHAR 7731220691041 1932805172773 51
REALCHAR 7731254527441 1932813631873 51
DEEP 7732005592609 1933001398172 79
REALCHAR 7732504458121 1933126114543 51
DEEP 7732504458121 1933126114548 71
DEEP 7734048501481 1933512125388 71
DEEP 7735830583849 1933957645983 83
DEEP 7736485643041 1934121410778 71
REALCHAR 7737120569161 1934280142303 51
REALCHAR 7738268495281 1934567123833 51
REALCHAR 7741645574881 1935411393733 51
REALCHAR 7741675043881 1935418760983 51
REALCHAR 7742029929841 1935507482473 51
DEEP 7743287221609 1935821805420 71
REALCHAR 7743393717361 1935848429353 51
REALCHAR 7744292075881 1936073018983 51
REALCHAR 7744605954121 1936151488543 51
REALCHAR 7745944136401 1936486034113 51
REALCHAR 7746008287081 1936502071783 51
SUPPORT 7747017544561 1936754386153 51
REALCHAR 7747262826601 1936815706663 51
REALCHAR 7752068011801 1938017002963 51
REALCHAR 7752255534241 1938063883573 51
DEEP 7752320896849 1938080224230 71
REALCHAR 7752979531441 1938244882873 51
DEEP 7754097919681 1938524479938 71
SUPPORT 7756195728961 1939048932253 51
REALCHAR 7756741758481 1939185439633 51
DEEP 7756741758481 1939185439638 71
REALCHAR 7756973096161 1939243274053 51
REALCHAR 7757097380041 1939274345023 51
DEEP 7757097380041 1939274345028 71
SUPPORT 7757257300081 1939314325033 51
REALCHAR 7757796827881 1939449206983 51
REALCHAR 7761540144121 1940385036043 51
REALCHAR 7762707664321 1940676916093 51
DEEP 7762835362489 1940708840640 71
REALCHAR 7762963240321 1940740810093 51
REALCHAR 7763987995201 1940996998813 51
REALCHAR 7764313548601 1941078387163 51
REALCHAR 7764510565681 1941127641433 51
DEEP 7765809995161 1941452498808 71
REALCHAR 7765887987841 1941471996973 51
REALCHAR 7766589983881 1941647495983 51
DEEP 7767220533601 1941805133418 71
DEEP 7767986377321 1941996594350 79
REALCHAR 7767997724881 1941999431233 51
REALCHAR 7768452451321 1942113112843 51
REALCHAR 7768629546001 1942157386513 51
SUPPORT 7768879424881 1942219856233 51
REALCHAR 7769115368401 1942278842113 51
REALCHAR 7771573112521 1942893278143 51
REALCHAR 7772061707281 1943015426833 51
DEEP 7772714539489 1943178634890 71
DEEP 7773075597169 1943268899310 71
REALCHAR 7774609269001 1943652317263 51
REALCHAR 7775143817281 1943785954333 51
DEEP 7775416872721 1943854218198 71
DEEP 7776114259369 1944028564860 71
REALCHAR 7776466999681 1944116749933 51
DEEP 7776466999681 1944116749938 71
DEEP 7776670481449 1944167620380 71
DEEP 7777990169161 1944497542308 71
REALCHAR 7778304848161 1944576212053 51
REALCHAR 7778597385001 1944649346263 51
REALCHAR 7778841373801 1944710343463 51
SUPPORT 7778944011721 1944736002943 51
REALCHAR 7780238357761 1945059589453 51
DEEP 7782078035449 1945519508880 71
REALCHAR 7782344502241 1945586125573 51
DEEP 7783965731161 1945991432808 71
REALCHAR 7786771478641 1946692869673 51
DEEP 7788408189409 1947102047370 71
DEEP 7790423408161 1947605852059 75
REALCHAR 7790440018201 1947610004563 51
REALCHAR 7790605409161 1947651352303 51
DEEP 7791389327929 1947847332000 71
REALCHAR 7792331104321 1948082776093 51
DEEP 7792446104689 1948111526190 71
REALCHAR 7792464422521 1948116105643 51
REALCHAR 7792969412281 1948242353083 51
REALCHAR 7795548433201 1948887108313 51
REALCHAR 7795609816201 1948902454063 51
REALCHAR 7796864418121 1949216104543 51
REALCHAR 7797211565641 1949302891423 51
DEEP 7797211565641 1949302891430 79
DEEP 7797877611001 1949469402768 71
REALCHAR 7798751353201 1949687838313 51
DEEP 7798751353201 1949687838318 71
REALCHAR 7798776076081 1949694019033 51
REALCHAR 7799119873561 1949779968403 51
REALCHAR 7799272136041 1949818034023 51
REALCHAR 7799503210321 1949875802593 51
DEEP 7799503210321 1949875802599 75
REALCHAR 7800334422241 1950083605573 51
REALCHAR 7800679398121 1950169849543 51
DEEP 7802221923721 1950555480948 71
REALCHAR 7803530598361 1950882649603 51
DEEP 7803847869409 1950961967370 71
DEEP 7804827273049 1951206818280 71
DEEP 7805528679601 1951382169918 71
REALCHAR 7805600196241 1951400049073 51
REALCHAR 7806270116401 1951567529113 51
REALCHAR 7806554424601 1951638606163 51
REALCHAR 7808774557081 1952193639283 51
REALCHAR 7811278292281 1952819573083 51
REALCHAR 7811608578601 1952902144663 51
REALCHAR 7811616372121 1952904093043 51
SUPPORT 7814058754681 1953514688683 51
REALCHAR 7816222750561 1954055687653 51
REALCHAR 7816893252841 1954223313223 51
REALCHAR 7816933269601 1954233317413 51
DEEP 7817566393729 1954391598451 75
REALCHAR 7817953624321 1954488406093 51
DEEP 7818077671849 1954519417988 103
DEEP 7818208557769 1954552139460 71
DEEP 7818701576401 1954675394118 71
SUPPORT 7820001776161 1955000444053 51
REALCHAR 7821059311081 1955264827783 51
DEEP 7821129231841 1955282307978 71
DEEP 7821644184649 1955411046182 79
REALCHAR 7821854857441 1955463714373 51
REALCHAR 7821948426601 1955487106663 51
REALCHAR 7822809903841 1955702475973 51
REALCHAR 7824682237681 1956170559433 51
DEEP 7825940016049 1956485004030 71
REALCHAR 7827151317241 1956787829323 51
REALCHAR 7830677602801 1957669400713 51
DEEP 7830677602801 1957669400718 71
REALCHAR 7831752894001 1957938223513 51
DEEP 7832020097521 1958005024398 71
REALCHAR 7832446517281 1958111629333 51
SUPPORT 7832536176481 1958134044133 51
REALCHAR 7834466538721 1958616634693 51
DEEP 7834661412601 1958665353168 71
DEEP 7835387207041 1958846801781 83
REALCHAR 7838175421561 1959543855403 51
REALCHAR 7839065913121 1959766478293 51
REALCHAR 7839778192801 1959944548213 51
REALCHAR 7839850557361 1959962639353 51
SUPPORT 7840616314801 1960154078713 51
REALCHAR 7840761176161 1960190294053 51
REALCHAR 7840761176161 1960190294059 75
DEEP 7840761176161 1960190294061 83
REALCHAR 7841489336521 1960372334143 51
REALCHAR 7842099854521 1960524963643 51
DEEP 7843418988409 1960854747120 71
REALCHAR 7845637022521 1961409255643 51
REALCHAR 7846267926121 1961566981543 51
DEEP 7848257941969 1962064485512 79
DEEP 7852226789521 1963056697399 75
REALCHAR 7855522678441 1963880669623 51
REALCHAR 7856078670001 1964019667513 51
REALCHAR 7857533060521 1964383265143 51
REALCHAR 7858022508961 1964505627253 51
REALCHAR 7858519422601 1964629855663 51
REALCHAR 7858546431961 1964636608003 51
REALCHAR 7861178541841 1965294635473 51
REALCHAR 7861893992761 1965473498203 51
REALCHAR 7862368725121 1965592181293 51
REALCHAR 7862668064161 1965667016053 51
REALCHAR 7863555170641 1965888792673 51
DEEP 7866475966441 1966618991628 71
DEEP 7868855448169 1967213862061 75
REALCHAR 7870105284721 1967526321193 51
REALCHAR 7870134319441 1967533579873 51
REALCHAR 7870365605881 1967591401483 51
DEEP 7870595559649 1967648889930 71
REALCHAR 7872122412001 1968030603013 51
DEEP 7872913551721 1968228387950 79
REALCHAR 7873270748641 1968317687173 51
DEEP 7873860267001 1968465066768 71
REALCHAR 7873869847561 1968467461903 51
REALCHAR 7875045911041 1968761477773 51
REALCHAR 7875537543241 1968884385823 51
REALCHAR 7876006437601 1969001609413 51
REALCHAR 7876894094281 1969223523583 51
REALCHAR 7877176016161 1969294004053 51
DEEP 7877251647409 1969312911872 79
DEEP 7878329629921 1969582407498 71
REALCHAR 7878639014401 1969659753613 51
SUPPORT 7878769317241 1969692329323 51
REALCHAR 7880289988321 1970072497093 51
REALCHAR 7880700913801 1970175228463 51
REALCHAR 7881210876841 1970302719223 51
REALCHAR 7881297827881 1970324456983 51
DEEP 7881469491289 1970367372840 71
REALCHAR 7882644201721 1970661050443 51
REALCHAR 7884724999321 1971181249843 51
DEEP 7886541441601 1971635360421 83
REALCHAR 7887178515841 1971794628973 51
REALCHAR 7887950179561 1971987544903 51
DEEP 7888013260009 1972003315020 71
REALCHAR 7888894435321 1972223608843 51
REALCHAR 7889070088201 1972267522063 51
REALCHAR 7889621747401 1972405436863 51
DEEP 7889621747401 1972405436868 71
REALCHAR 7890806528641 1972701632173 51
REALCHAR 7891863236401 1972965809113 51
REALCHAR 7893160191361 1973290047853 51
DEEP 7895769755329 1973942438850 71
DEEP 7895798295841 1973949573978 71
DEEP 7895846518921 1973961629748 71
REALCHAR 7896221519761 1974055379953 51
DEEP 7896277612609 1974069403170 71
REALCHAR 7897817774401 1974454443613 51
REALCHAR 7897901569321 1974475392343 51
REALCHAR 7898801841841 1974700460473 51
DEEP 7899628603441 1974907150880 79
SUPPORT 7899815061961 1974953765503 51
REALCHAR 7900263922321 1975065980593 51
DEEP 7900460465881 1975115116488 71
REALCHAR 7901619232081 1975404808033 51
REALCHAR 7901750694601 1975437673663 51
REALCHAR 7902721425481 1975680356383 51
REALCHAR 7903776398281 1975944099583 51
DEEP 7904109413929 1976027353500 71
DEEP 7904738701729 1976184675451 75
REALCHAR 7904764090441 1976191022623 51
REALCHAR 7906256311801 1976564077963 51
REALCHAR 7906514616001 1976628654013 51
REALCHAR 7907544461881 1976886115483 51
REALCHAR 7907579804881 1976894951233 51
REALCHAR 7907916508801 1976979127213 51
DEEP 7908628125841 1977157031478 71
DEEP 7909434970369 1977358742612 79
DEEP 7910648054929 1977662013750 71
REALCHAR 7910949599281 1977737399833 51
REALCHAR 7911337178761 1977834294703 51
DEEP 7911843458401 1977960864618 71
DEEP 7912570192921 1978142548250 79
DEEP 7912600302289 1978150075590 71
REALCHAR 7912635628921 1978158907243 51
DEEP 7913853672169 1978463418060 71
DEEP 7914350435209 1978587608822 79
REALCHAR 7914606779641 1978651694923 51
DEEP 7916363569921 1979090892498 71
REALCHAR 7916429533321 1979107383343 51
DEEP 7916528590441 1979132147629 75
DEEP 7916883690769 1979220922712 79
REALCHAR 7916925075361 1979231268853 51
REALCHAR 7917002630161 1979250657553 51
REALCHAR 7917264960361 1979316240103 51
REALCHAR 7919577620161 1979894405053 51
DEEP 7919919953521 1979979988398 71
REALCHAR 7920109622881 1980027405733 51
DEEP 7920109622881 1980027405738 71
DEEP 7921003603969 1980250901012 79
REALCHAR 7921249759201 1980312439813 51
REALCHAR 7922862836641 1980715709173 51
REALCHAR 7923314422321 1980828605593 51
REALCHAR 7924342438321 1981085609593 51
REALCHAR 7925056664281 1981264166083 51
SUPPORT 7925385314401 1981346328613 51
REALCHAR 7925570503321 1981392625843 51
REALCHAR 7925942550241 1981485637573 51
REALCHAR 7926521012281 1981630253083 51
SUPPORT 7927145266681 1981786316683 51
DEEP 7927825225609 1981956306420 71
REALCHAR 7930425087601 1982606271913 51
REALCHAR 7930703906161 1982675976553 51
REALCHAR 7930827693721 1982706923443 51
REALCHAR 7931058253561 1982764563403 51
REALCHAR 7931395680121 1982848920049 75
DEEP 7931395680121 1982848920050 79
REALCHAR 7931656863601 1982914215913 51
DEEP 7931899723729 1982974930950 71
REALCHAR 7932480845041 1983120211273 51
DEEP 7932480845041 1983120211278 71
SUPPORT 7933101570601 1983275392663 51
DEEP 7933636921681 1983409230438 71
DEEP 7934231103241 1983557775828 71
SUPPORT 7934251732801 1983562933213 51
REALCHAR 7935217808281 1983804452083 51
DEEP 7935454265209 1983863566324 87
REALCHAR 7935592840081 1983898210033 51
SUPPORT 7936639224721 1984159806193 51
REALCHAR 7936916851081 1984229212783 51
SUPPORT 7937328510721 1984332127693 51
SUPPORT 7937580113761 1984395028453 51
REALCHAR 7937835808081 1984458952033 51
REALCHAR 7937914227961 1984478557003 51
DEEP 7937942380369 1984485595110 71
DEEP 7938283853809 1984570963471 75
SUPPORT 7938485522881 1984621380733 51
DEEP 7938523474249 1984630868580 71
REALCHAR 7938544448041 1984636112023 51
REALCHAR 7941205724761 1985301431203 51
REALCHAR 7941762897121 1985440724293 51
REALCHAR 7943338401961 1985834600503 51
DEEP 7943803578649 1985950894684 87
REALCHAR 7945783602241 1986445900573 51
REALCHAR 7946976546961 1986744136753 51
REALCHAR 7947122119561 1986780529903 51
REALCHAR 7947326803441 1986831700873 51
SUPPORT 7947542649601 1986885662413 51
REALCHAR 7948136292121 1987034073043 51
REALCHAR 7948326709801 1987081677463 51
REALCHAR 7948348533841 1987087133473 51
DEEP 7949235971329 1987308992850 71
REALCHAR 7949441747641 1987360436923 51
DEEP 7950034809649 1987508702430 71
REALCHAR 7953159551401 1988289887863 51
DEEP 7953953074369 1988488268611 75
REALCHAR 7955334923761 1988833730953 51
DEEP 7956401572729 1989100393200 71
REALCHAR 7956692094961 1989173023753 51
REALCHAR 7957186288321 1989296572093 51
REALCHAR 7957327840081 1989331960039 75
DEEP 7957327840081 1989331960041 83
REALCHAR 7957564600441 1989391150123 51
REALCHAR 7959145710961 1989786427753 51
REALCHAR 7962117601201 1990529400313 51
SUPPORT 7962871676761 1990717919203 51
REALCHAR 7964305153561 1991076288403 51
DEEP 7964549513881 1991137378489 75
REALCHAR 7965306474841 1991326618723 51
REALCHAR 7966130374801 1991532593713 51
REALCHAR 7966925420281 1991731355083 51
REALCHAR 7967658601681 1991914650433 51
DEEP 7968110496889 1992027624240 71
REALCHAR 7975289223721 1993822305943 51
DEEP 7975663410289 1993915852590 71
REALCHAR 7977275585161 1994318896303 51
SUPPORT 7978861574161 1994715393553 51
REALCHAR 7980921738001 1995230434513 51
REALCHAR 7981045974001 1995261493513 51
REALCHAR 7981704703561 1995426175903 51
REALCHAR 7981979474401 1995494868613 51
DEEP 7983251203321 1995812800848 71
REALCHAR 7983484905841 1995871226473 51
REALCHAR 7984085561761 1996021390453 51
REALCHAR 7984776643321 1996194160843 51
DEEP 7985645688409 1996411422120 71
REALCHAR 7986133319761 1996533329953 51
DEEP 7986282634009 1996570658520 71
REALCHAR 7986816129601 1996704032413 51
DEEP 7986816129601 1996704032418 71
REALCHAR 7987524166561 1996881041653 51
REALCHAR 7988481705961 1997120426503 51
DEEP 7988481705961 1997120426509 75
REALCHAR 7989632107081 1997408026783 51
DEEP 7990587325009 1997646831270 71
REALCHAR 7991127329641 1997781832423 51
REALCHAR 7991148221281 1997787055333 51
DEEP 7991182339009 1997795584772 79
DEEP 7991822421361 1997955605358 71
DEEP 7992197445961 1998049361508 71
REALCHAR 7993843130641 1998460782673 51
DEEP 7995218771929 1998804693000 71
REALCHAR 7995639262081 1998909815533 51
REALCHAR 7995746600521 1998936650143 51
REALCHAR 7996407096001 1999101774013 51
REALCHAR 7996570712881 1999142678233 51
REALCHAR 8000217624961 2000054406253 51
REALCHAR 8000376200041 2000094050023 51
SUPPORT 8000689898881 2000172474733 51
REALCHAR 8001440648881 2000360162233 51
DEEP 8001786047641 2000446511930 79
DEEP 8002330378849 2000582594730 71
DEEP 8004157158001 2001039289520 79
DEEP 8005475200321 2001368800100 79
REALCHAR 8005513261201 2001378315313 51
REALCHAR 8005694201521 2001423550393 51
DEEP 8005909293001 2001477323268 71
REALCHAR 8007863723161 2001965930803 51
REALCHAR 8009574804841 2002393701223 51
DEEP 8009952234769 2002488058710 71
REALCHAR 8010218296081 2002554574033 51
REALCHAR 8010661790041 2002665447523 51
REALCHAR 8011125996241 2002781499073 51
REALCHAR 8012497604281 2003124401083 51
DEEP 8012721430561 2003180357661 83
REALCHAR 8013820010641 2003455002673 51
SUPPORT 8014335999121 2003583999793 51
DEEP 8014673776561 2003668444160 79
REALCHAR 8015037335761 2003759333953 51
DEEP 8015192680609 2003798170171 75
REALCHAR 8015193549841 2003798387473 51
REALCHAR 8015420004601 2003855001163 51
REALCHAR 8015538467161 2003884616803 51
SUPPORT 8016109667281 2004027416833 51
DEEP 8016109667281 2004027416838 71
SUPPORT 8016311700721 2004077925193 51
REALCHAR 8016409886521 2004102471643 51
REALCHAR 8017885021441 2004471255373 51
DEEP 8018063645881 2004515911488 71
REALCHAR 8020255629961 2005063907503 51
REALCHAR 8021408992921 2005352248243 51
REALCHAR 8021581304881 2005395326233 51
REALCHAR 8021815081921 2005453770493 51
REALCHAR 8021893913881 2005473478483 51
DEEP 8021893913881 2005473478488 71
REALCHAR 8021958034561 2005489508653 51
REALCHAR 8022208630921 2005552157743 51
REALCHAR 8023307283601 2005826820913 51
DEEP 8023329273961 2005832318508 71
REALCHAR 8023967906161 2005991976553 51
REALCHAR 8024405636641 2006101409173 51
REALCHAR 8024572479361 2006143119853 51
DEEP 8024572479361 2006143119858 71
REALCHAR 8025883866841 2006470966723 51
REALCHAR 8026514015521 2006628503893 51
DEEP 8030831351761 2007707837959 75
REALCHAR 8031018243361 2007754560853 51
DEEP 8031794049889 2007948512490 71
DEEP 8032449976489 2008112494145 91
REALCHAR 8032765967521 2008191491893 51
SUPPORT 8032891102681 2008222775683 51
REALCHAR 8033589540001 2008397385013 51
REALCHAR 8033998891801 2008499722963 51
REALCHAR 8034329386801 2008582346713 51
REALCHAR 8034873051241 2008718262823 51
REALCHAR 8036979640561 2009244910153 51
REALCHAR 8037264834481 2009316208633 51
DEEP 8037471626209 2009367906571 75
REALCHAR 8037813514201 2009453378563 51
REALCHAR 8038225560121 2009556390043 51
DEEP 8038336331089 2009584082791 75
DEEP 8038678809529 2009669702403 83
REALCHAR 8038744144201 2009686036063 51
DEEP 8039655744121 2009913936048 71
REALCHAR 8040141486001 2010035371513 51
REALCHAR 8040206811961 2010051703003 51
REALCHAR 8040767804281 2010191951083 51
REALCHAR 8041341373081 2010335343283 51
REALCHAR 8041613842201 2010403460563 51
DEEP 8041613842201 2010403460568 71
REALCHAR 8041823281801 2010455820463 51
REALCHAR 8043428616721 2010857154193 51
REALCHAR 8043441468841 2010860367223 51
REALCHAR 8044533686401 2011133421613 51
REALCHAR 8046117548401 2011529387113 51
REALCHAR 8047368057481 2011842014383 51
REALCHAR 8047451023921 2011862755993 51
REALCHAR 8047722523201 2011930630813 51
DEEP 8048132650321 2012033162602 87
REALCHAR 8048152020841 2012038005223 51
SUPPORT 8048730808561 2012182702153 51
DEEP 8048942369521 2012235592398 71
REALCHAR 8051997205561 2012999301403 51
REALCHAR 8052072100801 2013018025213 51
REALCHAR 8053496500921 2013374125243 51
DEEP 8053926136369 2013481534110 71
REALCHAR 8053989925081 2013497481283 51
REALCHAR 8054356631161 2013589157803 51
DEEP 8054492831401 2013623207868 71
REALCHAR 8055002146801 2013750536713 51
REALCHAR 8056312276321 2014078069093 51
REALCHAR 8058817229761 2014704307453 51
REALCHAR 8058828876121 2014707219043 51
REALCHAR 8058881016481 2014720254133 51
REALCHAR 8059443297361 2014860824353 51
DEEP 8059727761849 2014931940480 71
DEEP 8060082460369 2015020615110 71
REALCHAR 8060283729481 2015070932383 51
REALCHAR 8060448394441 2015112098623 51
DEEP 8061756939889 2015439234990 71
REALCHAR 8061866948521 2015466737143 51
DEEP 8062396146289 2015599036592 79
DEEP 8062413966721 2015603491700 79
REALCHAR 8063340414721 2015835103693 51
REALCHAR 8063482333201 2015870583313 51
SUPPORT 8063609078281 2015902269583 51
REALCHAR 8063627612041 2015906903023 51
REALCHAR 8063660031001 2015915007763 51
DEEP 8063971472041 2015992868028 71
REALCHAR 8064994356721 2016248589193 51
DEEP 8065255753801 2016313938468 71
SUPPORT 8066040623281 2016510155833 51
REALCHAR 8066429411041 2016607352773 51
SUPPORT 8066600703001 2016650175763 51
REALCHAR 8066610550441 2016652637623 51
DEEP 8067559737241 2016889934328 71
REALCHAR 8068070734201 2017017683563 51
REALCHAR 8068921570921 2017230392743 51
DEEP 8069355721249 2017338930331 75
DEEP 8069592804289 2017398201091 75
REALCHAR 8069644980721 2017411245193 51
REALCHAR 8070322050961 2017580512753 51
REALCHAR 8072055545401 2018013886363 51
REALCHAR 8072184317521 2018046079393 51
REALCHAR 8072819697121 2018204924293 51
DEEP 8072846513449 2018211628380 71
REALCHAR 8073490010041 2018372502523 51
DEEP 8073490010041 2018372502528 71
REALCHAR 8074018477561 2018504619403 51
DEEP 8074018477561 2018504619408 71
DEEP 8074030347769 2018507586960 71
REALCHAR 8078498985001 2019624746263 51
DEEP 8079848042809 2019962010722 79
DEEP 8080183408441 2020045852128 71
REALCHAR 8080450102321 2020112525593 51
DEEP 8080597089601 2020149272418 71
SUPPORT 8081179169281 2020294792333 51
REALCHAR 8082184502401 2020546125613 51
REALCHAR 8082206364241 2020551591073 51
DEEP 8082348508081 2020587127039 75
REALCHAR 8083234310761 2020808577703 51
DEEP 8083292224921 2020823056248 71
REALCHAR 8083419574441 2020854893623 51
REALCHAR 8084096527081 2021024131783 51
REALCHAR 8085073153921 2021268288493 51
REALCHAR 8085073637281 2021268409333 51
REALCHAR 8087669286841 2021917321723 51
DEEP 8087888888641 2021972222180 79
REALCHAR 8088126383401 2022031595863 51
DEEP 8088126383401 2022031595868 71
REALCHAR 8088170659321 2022042664843 51
REALCHAR 8088909341881 2022227335483 51
DEEP 8088909341881 2022227335488 71
REALCHAR 8089155514441 2022288878623 51
REALCHAR 8089211253601 2022302813413 51
REALCHAR 8089224223081 2022306055783 51
DEEP 8089613118409 2022403279624 87
REALCHAR 8089759287481 2022439821883 51
DEEP 8090257960801 2022564490218 71
REALCHAR 8090333808001 2022583452013 51
REALCHAR 8090361810001 2022590452513 51
DEEP 8091346956001 2022836739018 71
REALCHAR 8091423882721 2022855970693 51
DEEP 8093434979569 2023358744910 71
DEEP 8095543502929 2023885875750 71
REALCHAR 8095804668961 2023951167253 51
REALCHAR 8096104650841 2024026162723 51
REALCHAR 8096339649841 2024084912473 51
DEEP 8097739893961 2024434973508 71
DEEP 8097849357361 2024462339360 79
REALCHAR 8097889785001 2024472446263 51
DEEP 8098448481601 2024612120420 79
DEEP 8098789647001 2024697411768 71
REALCHAR 8099437518481 2024859379633 51
REALCHAR 8099816851681 2024954212933 51
REALCHAR 8100387113641 2025096778423 51
REALCHAR 8100989922481 2025247480633 51
REALCHAR 8101840260361 2025460065103 51
DEEP 8102549664049 2025637416033 83
REALCHAR 8103013267561 2025753316903 51
DEEP 8104032459769 2026008114962 79
REALCHAR 8104064664721 2026016166193 51
DEEP 8104758334201 2026189583570 79
REALCHAR 8105060621641 2026265155423 51
REALCHAR 8106909371401 2026727342863 51
REALCHAR 8107593279241 2026898319823 51
REALCHAR 8108419930081 2027104982533 51
REALCHAR 8108937891121 2027234472793 51
REALCHAR 8109215585641 2027303896423 51
REALCHAR 8109426587161 2027356646803 51
REALCHAR 8110099414561 2027524853653 51
DEEP 8110431738049 2027607934534 87
DEEP 8112309583849 2028077395980 71
REALCHAR 8112578912881 2028144728233 51
DEEP 8113540002481 2028385000638 71
REALCHAR 8114812322761 2028703080703 51
REALCHAR 8115194398921 2028798599743 51
DEEP 8115194398921 2028798599749 75
REALCHAR 8115303808921 2028825952243 51
REALCHAR 8115892876081 2028973219033 51
DEEP 8115892876081 2028973219040 79
DEEP 8116413337561 2029103334413 91
SUPPORT 8116559320321 2029139830093 51
REALCHAR 8117000531641 2029250132923 51
REALCHAR 8117209332961 2029302333253 51
REALCHAR 8117375116321 2029343779093 51
REALCHAR 8118287889721 2029571972443 51
REALCHAR 8118611067961 2029652767003 51
DEEP 8119282434481 2029820608638 71
DEEP 8120045069761 2030011267458 71
REALCHAR 8121161756761 2030290439203 51
DEEP 8121343309489 2030335827390 71
REALCHAR 8121779995081 2030444998783 51
REALCHAR 8122376770561 2030594192653 51
REALCHAR 8123153641201 2030788410313 51
REALCHAR 8123440072801 2030860018213 51
REALCHAR 8124779114761 2031194778703 51
DEEP 8124885678001 2031221419518 71
REALCHAR 8125278224281 2031319556083 51
REALCHAR 8127135720001 2031783930013 51
REALCHAR 8127158000641 2031789500173 51
REALCHAR 8128121448001 2032030362013 51
DEEP 8128652819401 2032163204868 71
REALCHAR 8129333798881 2032333449733 51
REALCHAR 8129625918241 2032406479573 51
REALCHAR 8129965095121 2032491273793 51
REALCHAR 8130007137121 2032501784293 51
REALCHAR 8130047577961 2032511894503 51
REALCHAR 8131345401481 2032836350383 51
REALCHAR 8132772859201 2033193214813 51
DEEP 8132772859201 2033193214818 71
REALCHAR 8134832977441 2033708244373 51
REALCHAR 8135661951481 2033915487883 51
REALCHAR 8135791867681 2033947966933 51
DEEP 8136291020881 2034072755240 79
REALCHAR 8136590069521 2034147517393 51
REALCHAR 8137322210161 2034330552553 51
REALCHAR 8138376679801 2034594169963 51
REALCHAR 8138421982441 2034605495623 51
REALCHAR 8139851690881 2034962922733 51
REALCHAR 8139923383201 2034980845813 51
REALCHAR 8139923383201 2034980845819 75
DEEP 8139923383201 2034980845821 83
REALCHAR 8140694581321 2035173645343 51
REALCHAR 8141425235161 2035356308803 51
DEEP 8141425235161 2035356308810 79
REALCHAR 8141803926481 2035450981633 51
DEEP 8142212588449 2035553147130 71
REALCHAR 8142770206321 2035692551593 51
REALCHAR 8143146074281 2035786518583 51
REALCHAR 8144065757881 2036016439483 51
REALCHAR 8144774448721 2036193612193 51
DEEP 8146158612601 2036539653168 71
DEEP 8146574533969 2036643633510 71
REALCHAR 8147044910761 2036761227703 51
REALCHAR 8147332799761 2036833199953 51
SUPPORT 8147838423481 2036959605883 51
DEEP 8148833822089 2037208455540 71
REALCHAR 8149079416921 2037269854243 51
REALCHAR 8149345932121 2037336483043 51
REALCHAR 8149449308641 2037362327173 51
REALCHAR 8149984285921 2037496071493 51
REALCHAR 8151263061841 2037815765473 51
DEEP 8151263061841 2037815765478 71
SUPPORT 8151355915921 2037838978993 51
REALCHAR 8151840889921 2037960222493 51
REALCHAR 8152324532641 2038081133173 51
REALCHAR 8152961386441 2038240346623 51
REALCHAR 8153572854001 2038393213513 51
DEEP 8154192546361 2038548136609 75
DEEP 8154799762321 2038699940598 71
REALCHAR 8156212680841 2039053170223 51
DEEP 8156212680841 2039053170228 71
REALCHAR 8156544352321 2039136088093 51
DEEP 8156623563841 2039155890978 71
REALCHAR 8157389228041 2039347307023 51
DEEP 8159297417209 2039824354320 71
REALCHAR 8159906906761 2039976726703 51
REALCHAR 8160668891761 2040167222953 51
DEEP 8160668891761 2040167222959 75
REALCHAR 8161431664681 2040357916183 51
REALCHAR 8161571309761 2040392827453 51
SUPPORT 8163748231081 2040937057783 51
REALCHAR 8164565718241 2041141429573 51
DEEP 8165186252161 2041296563058 71
REALCHAR 8165310056401 2041327514113 51
REALCHAR 8166012417481 2041503104383 51
REALCHAR 8166342855841 2041585713973 51
REALCHAR 8166703291321 2041675822843 51
REALCHAR 8167927631161 2041981907803 51
DEEP 8168078157649 2042019539430 71
REALCHAR 8168969390521 2042242347643 51
DEEP 8169108836641 2042277209180 79
REALCHAR 8170300146121 2042575036543 51
DEEP 8170994353369 2042748588360 71
DEEP 8171685406369 2042921351610 71
REALCHAR 8172557899801 2043139474963 51
REALCHAR 8172613281361 2043153320353 51
REALCHAR 8172807973201 2043201993313 51
REALCHAR 8173434727441 2043358681873 51
REALCHAR 8174804460001 2043701115013 51
SUPPORT 8175343184761 2043835796203 51
REALCHAR 8176367578681 2044091894683 51
DEEP 8178471754489 2044617938640 71
DEEP 8178662291809 2044665572970 71
REALCHAR 8179618130161 2044904532553 51
DEEP 8179618130161 2044904532560 79
DEEP 8180114287921 2045028571998 71
DEEP 8180170061449 2045042515380 71
REALCHAR 8180317696321 2045079424093 51
SUPPORT 8180363045761 2045090761453 51
REALCHAR 8188904866921 2047226216743 51
DEEP 8188904866921 2047226216748 71
REALCHAR 8189349620761 2047337405203 51
REALCHAR 8189661770161 2047415442553 51
REALCHAR 8190553394521 2047638348649 75
DEEP 8190553394521 2047638348650 79
REALCHAR 8191253071681 2047813267933 51
REALCHAR 8191888286521 2047972071643 51
DEEP 8192002141129 2048000535300 71
REALCHAR 8194393746841 2048598436723 51
REALCHAR 8195614038481 2048903509633 51
SUPPORT 8196740008081 2049185002033 51
REALCHAR 8197740495961 2049435124003 51
SUPPORT 8201053539121 2050263384793 51
REALCHAR 8201209382521 2050302345643 51
REALCHAR 8202342020401 2050585505113 51
REALCHAR 8202531056281 2050632764083 51
REALCHAR 8202632624761 2050658156203 51
REALCHAR 8203008744841 2050752186223 51
REALCHAR 8203216888441 2050804222123 51
REALCHAR 8203508946361 2050877236603 51
DEEP 8203770315841 2050942578978 71
REALCHAR 8204152713241 2051038178323 51
DEEP 8204869069849 2051217267482 79
REALCHAR 8205353272561 2051338318153 51
REALCHAR 8206191881281 2051547970333 51
REALCHAR 8206462367401 2051615591863 51
DEEP 8207821712689 2051955428190 71
REALCHAR 8208655366921 2052163841743 51
SUPPORT 8208728025481 2052182006383 51
REALCHAR 8209327518001 2052331879513 51
REALCHAR 8209565321281 2052391330333 51
DEEP 8210047054609 2052511763670 71
REALCHAR 8210560984081 2052640246033 51
REALCHAR 8211003897121 2052750974293 51
DEEP 8211715280521 2052928820148 71
REALCHAR 8211963102841 2052990775723 51
SUPPORT 8212203493321 2053050873343 51
DEEP 8212513831369 2053128457860 71
SUPPORT 8213279179561 2053319794903 51
REALCHAR 8213896973881 2053474243483 51
REALCHAR 8217341692921 2054335423243 51
REALCHAR 8217852031321 2054463007843 51
REALCHAR 8218048224961 2054512056253 51
REALCHAR 8218348317481 2054587079383 51
SUPPORT 8219141538001 2054785384513 51
REALCHAR 8219480765521 2054870191393 51
REALCHAR 8220125581201 2055031395313 51
REALCHAR 8220248561281 2055062140333 51
DEEP 8220248561281 2055062140338 71
DEEP 8221146250249 2055286562580 71
REALCHAR 8221458122641 2055364530673 51
REALCHAR 8222555021521 2055638755393 51
REALCHAR 8223104054881 2055776013733 51
REALCHAR 8223119881201 2055779970313 51
REALCHAR 8223583297801 2055895824463 51
DEEP 8224218655129 2056054663800 71
REALCHAR 8224663542001 2056165885513 51
DEEP 8224817838169 2056204459560 71
REALCHAR 8226370368241 2056592592073 51
REALCHAR 8227058090161 2056764522553 51
REALCHAR 8227297795081 2056824448783 51
REALCHAR 8227421955481 2056855488883 51
REALCHAR 8228480921761 2057120230453 51
REALCHAR 8229842377201 2057460594313 51
REALCHAR 8232226143241 2058056535823 51
REALCHAR 8232996167881 2058249041983 51
REALCHAR 8233277248561 2058319312153 51
REALCHAR 8233381002001 2058345250513 51
REALCHAR 8233583653201 2058395913313 51
DEEP 8234083586089 2058520896540 71
REALCHAR 8234306743441 2058576685873 51
DEEP 8234730505681 2058682626438 71
DEEP 8234989039369 2058747259860 71
DEEP 8235446252401 2058861563120 79
DEEP 8235474479761 2058868619958 71
DEEP 8237046906169 2059261726560 71
SUPPORT 8237930186641 2059482546673 51
REALCHAR 8239029324241 2059757331073 51
REALCHAR 8239846230001 2059961557513 51
DEEP 8241617105401 2060404276368 71
REALCHAR 8241789872761 2060447468203 51
REALCHAR 8242290168841 2060572542223 51
REALCHAR 8243788397881 2060947099483 51
REALCHAR 8246293327801 2061573331963 51
DEEP 8246293327801 2061573331970 79
REALCHAR 8246980039321 2061745009843 51
REALCHAR 8247115925161 2061778981303 51
REALCHAR 8248432069081 2062108017283 51
REALCHAR 8249357669281 2062339417333 51
REALCHAR 8250289479961 2062572370003 51
REALCHAR 8250360837601 2062590209413 51
REALCHAR 8250526065721 2062631516443 51
REALCHAR 8250942195721 2062735548943 51
REALCHAR 8251957466041 2062989366523 51
SUPPORT 8253167120641 2063291780173 51
REALCHAR 8253877946521 2063469486643 51
REALCHAR 8254651925521 2063662981393 51
DEEP 8254994959201 2063748739820 79
REALCHAR 8257833048481 2064458262133 51
DEEP 8257833048481 2064458262139 75
DEEP 8258803238449 2064700809630 71
SUPPORT 8258891494681 2064722873683 51
REALCHAR 8259320769001 2064830192263 51
REALCHAR 8260668255841 2065167063973 51
DEEP 8261629297321 2065407324348 71
REALCHAR 8261643154801 2065410788713 51
DEEP 8261643154801 2065410788720 79
REALCHAR 8261986442161 2065496610553 51
REALCHAR 8262434847241 2065608711823 51
DEEP 8265137309641 2066284327428 71
REALCHAR 8265152833921 2066288208493 51
REALCHAR 8265393766081 2066348441533 51
REALCHAR 8266525034161 2066631258553 51
DEEP 8267500459969 2066875115011 75
DEEP 8268071900089 2067017975040 71
DEEP 8269362988441 2067340747128 71
REALCHAR 8270174186401 2067543546613 51
REALCHAR 8273429637001 2068357409263 51
REALCHAR 8273952829321 2068488207343 51
REALCHAR 8273987852881 2068496963233 51
REALCHAR 8274369760801 2068592440213 51
SUPPORT 8274467281921 2068616820493 51
REALCHAR 8274726609361 2068681652353 51
DEEP 8275067763169 2068766940810 71
REALCHAR 8275347125761 2068836781453 51
DEEP 8276115189169 2069028797313 83
REALCHAR 8276558046121 2069139511543 51
REALCHAR 8276605230721 2069151307693 51
REALCHAR 8277035211481 2069258802883 51
REALCHAR 8277381063961 2069345266003 51
REALCHAR 8277426178921 2069356544743 51
DEEP 8277426178921 2069356544748 71
DEEP 8277471755569 2069367938910 71
SUPPORT 8277968197321 2069492049343 51
REALCHAR 8278559806609 2069639951671 75
DEEP 8278559806609 2069639951672 79
REALCHAR 8278680033121 2069670008293 51
REALCHAR 8278875300721 2069718825193 51
DEEP 8279114790241 2069778697578 71
SUPPORT 8279450482081 2069862620533 51
REALCHAR 8279535864961 2069883966253 51
REALCHAR 8279551488961 2069887872253 51
DEEP 8280148059121 2070037014798 71
SUPPORT 8281119924841 2070279981223 51
REALCHAR 8281136332921 2070284083243 51
SUPPORT 8281144022761 2070286005703 51
DEEP 8282216114041 2070554028529 75
REALCHAR 8283172650481 2070793162633 51
REALCHAR 8283941942761 2070985485703 51
DEEP 8284460934649 2071115233680 71
DEEP 8285532775129 2071383193800 71
REALCHAR 8286915409081 2071728852283 51
DEEP 8287474893721 2071868723449 75
REALCHAR 8288142780241 2072035695073 51
REALCHAR 8289834816481 2072458704133 51
DEEP 8292093819409 2073023454870 71
REALCHAR 8292686373721 2073171593443 51
DEEP 8293034555569 2073258638912 79
REALCHAR 8294086752121 2073521688043 51
REALCHAR 8295764902681 2073941225683 51
SUPPORT 8296112443441 2074028110873 51
REALCHAR 8296596138601 2074149034663 51
DEEP 8296596138601 2074149034668 71
REALCHAR 8297455810081 2074363952533 51
REALCHAR 8298252243961 2074563061003 51
REALCHAR 8298261207721 2074565301943 51
REALCHAR 8299000576441 2074750144123 51
DEEP 8300424134809 2075106033721 75
SUPPORT 8300854082161 2075213520553 51
REALCHAR 8301126668041 2075281667023 51
REALCHAR 8301270967441 2075317741873 51
REALCHAR 8305445582281 2076361395583 51
DEEP 8306367374881 2076591843738 71
SUPPORT 8306780042401 2076695010613 51
REALCHAR 8306969127601 2076742281913 51
DEEP 8308995961249 2077248990332 79
REALCHAR 8309133714961 2077283428753 51
DEEP 8309300292049 2077325073033 83
REALCHAR 8310001101481 2077500275383 51
DEEP 8310087255409 2077521813870 71
REALCHAR 8311910368441 2077977592123 51
REALCHAR 8312223501481 2078055875383 51
REALCHAR 8313504685201 2078376171313 51
DEEP 8313504685201 2078376171318 71
REALCHAR 8314244569801 2078561142463 51
REALCHAR 8315497475041 2078874368773 51
SUPPORT 8316214733401 2079053683363 51
SUPPORT 8316310453201 2079077613313 51
DEEP 8318271194809 2079567798720 71
REALCHAR 8318514536641 2079628634173 51
SUPPORT 8318537385601 2079634346413 51
REALCHAR 8318760773761 2079690193453 51
DEEP 8319205601281 2079801400338 71
REALCHAR 8320183282321 2080045820593 51
REALCHAR 8323914679081 2080978669783 51
REALCHAR 8324084329201 2081021082313 51
REALCHAR 8324606890441 2081151722623 51
REALCHAR 8325733492561 2081433373153 51
REALCHAR 8327337620281 2081834405083 51
REALCHAR 8327421867361 2081855466853 51
REALCHAR 8327997547321 2081999386843 51
DEEP 8329330236049 2082332559030 71
DEEP 8330427518449 2082606879630 71
REALCHAR 8330531132401 2082632783113 51
DEEP 8330531132401 2082632783121 83
REALCHAR 8330957402881 2082739350733 51
DEEP 8330957402881 2082739350740 79
REALCHAR 8331637272841 2082909318223 51
REALCHAR 8332580978401 2083145244613 51
REALCHAR 8332602842281 2083150710583 51
DEEP 8332989469249 2083247367330 71
REALCHAR 8333462249401 2083365562363 51
REALCHAR 8334207658921 2083551914743 51
REALCHAR 8335172404441 2083793101123 51
DEEP 8335369912081 2083842478038 71
REALCHAR 8335672616041 2083918154023 51
REALCHAR 8335737785761 2083934446453 51
DEEP 8335799883889 2083949970991 75
REALCHAR 8336614311481 2084153577883 51
SUPPORT 8336911666561 2084227916653 51
DEEP 8336911666561 2084227916658 71
DEEP 8337542163721 2084385540948 71
REALCHAR 8338368487849 2084592121981 75
DEEP 8338368487849 2084592121983 83
DEEP 8338985694649 2084746423680 71
REALCHAR 8340924963121 2085231240793 51
REALCHAR 8341458061561 2085364515403 51
REALCHAR 8341930268281 2085482567083 51
DEEP 8342116419961 2085529105008 71
REALCHAR 8342341208041 2085585302023 51
DEEP 8343292918921 2085823229749 75
REALCHAR 8346098507041 2086524626773 51
REALCHAR 8347320880201 2086830220063 51
REALCHAR 8348419280041 2087104820023 51
REALCHAR 8349688072441 2087422018123 51
DEEP 8351592359881 2087898089988 71
DEEP 8352492910441 2088123227628 71
REALCHAR 8355266847841 2088816711973 51
SUPPORT 8355667772761 2088916943203 51
REALCHAR 8356199696881 2089049924233 51
DEEP 8356199696881 2089049924238 71
REALCHAR 8356489426321 2089122356593 51
SUPPORT 8356867264201 2089216816063 51
REALCHAR 8357194787881 2089298696983 51
DEEP 8357194787881 2089298696988 71
DEEP 8357205062761 2089301265710 79
DEEP 8359212921361 2089803230358 71
DEEP 8360159912329 2090039978102 79
REALCHAR 8361255496441 2090313874123 51
REALCHAR 8362010157601 2090502539413 51
DEEP 8362010157601 2090502539420 79
REALCHAR 8362405458289 2090601364591 75
DEEP 8362405458289 2090601364592 79
DEEP 8363164393609 2090791098420 71
REALCHAR 8363897275561 2090974318903 51
REALCHAR 8364789305401 2091197326363 51
SUPPORT 8365305674881 2091326418733 51
DEEP 8365305674881 2091326418738 71
DEEP 8365577118649 2091394279683 83
REALCHAR 8366819174401 2091704793613 51
DEEP 8366932537681 2091733134438 71
REALCHAR 8367035461801 2091758865463 51
DEEP 8368880917609 2092220229423 83
REALCHAR 8370325915561 2092581478903 51
DEEP 8371451673601 2092862918418 71
REALCHAR 8374035411121 2093508852793 51
REALCHAR 8374427672521 2093606918143 51
DEEP 8374724587849 2093681146980 71
DEEP 8376761109649 2094190277430 71
REALCHAR 8377627473121 2094406868293 51
DEEP 8378398662481 2094599665641 83
DEEP 8380182681649 2095045670432 79
DEEP 8380494371209 2095123592820 71
REALCHAR 8381045899801 2095261474963 51
REALCHAR 8381560718281 2095390179583 51
REALCHAR 8381589867121 2095397466793 51
REALCHAR 8381703088201 2095425772063 51
REALCHAR 8381973628081 2095493407033 51
SUPPORT 8382177673321 2095544418343 51
REALCHAR 8382579774241 2095644943573 51
REALCHAR 8383223881321 2095805970343 51
DEEP 8384426601721 2096106650448 71
DEEP 8385193558921 2096298389752 87
REALCHAR 8385286034161 2096321508553 51
DEEP 8385286034161 2096321508559 75
REALCHAR 8385318106201 2096329526563 51
REALCHAR 8385791686801 2096447921713 51
REALCHAR 8385982900681 2096495725183 51
REALCHAR 8387266216081 2096816554033 51
DEEP 8387998873489 2096999718395 91
DEEP 8388022514041 2097005628528 71
REALCHAR 8388522554161 2097130638553 51
REALCHAR 8391290913721 2097822728443 51
REALCHAR 8391663599881 2097915899983 51
REALCHAR 8391795037081 2097948759283 51
REALCHAR 8392753640881 2098188410233 51
DEEP 8392895851729 2098223962950 71
REALCHAR 8393354120761 2098338530203 51
REALCHAR 8393460217081 2098365054283 51
REALCHAR 8393725150561 2098431287653 51
REALCHAR 8395436411041 2098859102773 51
REALCHAR 8396257296001 2099064324013 51
REALCHAR 8397503470801 2099375867713 51
REALCHAR 8398218462481 2099554615633 51
DEEP 8398808659081 2099702164788 71
REALCHAR 8399432066041 2099858016523 51
DEEP 8399769214489 2099942303640 71
REALCHAR 8403502055881 2100875513983 51
REALCHAR 8403980171161 2100995042803 51
DEEP 8404795640641 2101198910178 71
REALCHAR 8405254926121 2101313731543 51
DEEP 8405764486729 2101441121700 71
REALCHAR 8407334238601 2101833559663 51
DEEP 8407334238601 2101833559670 79
REALCHAR 8407339894321 2101834973593 51
REALCHAR 8408166029041 2102041507273 51
DEEP 8408326994929 2102081748750 71
REALCHAR 8408453458441 2102113364623 51
REALCHAR 8408571614881 2102142903733 51
REALCHAR 8409861611761 2102465402953 51
REALCHAR 8410001808961 2102500452253 51
REALCHAR 8412586496521 2103146624143 51
SUPPORT 8413118363521 2103279590893 51
REALCHAR 8413984362001 2103496090513 51
REALCHAR 8413985774041 2103496443523 51
REALCHAR 8414494899721 2103623724943 51
DEEP 8414911098169 2103727774560 71
REALCHAR 8415093189721 2103773297443 51
DEEP 8416150744849 2104037686230 71
REALCHAR 8418021513841 2104505378473 51
REALCHAR 8418094569481 2104523642383 51
DEEP 8419038836209 2104759709070 71
REALCHAR 8421157825921 2105289456493 51
REALCHAR 8421659902681 2105414975683 51
SUPPORT 8423628398641 2105907099673 51
DEEP 8424661276201 2106165319071 83
DEEP 8425126301089 2106281575291 75
REALCHAR 8426308388521 2106577097143 51
DEEP 8426308388521 2106577097148 71
REALCHAR 8426670026161 2106667506553 51
REALCHAR 8427426440161 2106856610053 51
REALCHAR 8428435055041 2107108763773 51
DEEP 8429128240129 2107282060050 71
REALCHAR 8429155076281 2107288769083 51
REALCHAR 8429624690041 2107406172523 51
REALCHAR 8431118162041 2107779540523 51
DEEP 8431875882049 2107968970530 71
REALCHAR 8431954952521 2107988738143 51
REALCHAR 8432226591721 2108056647943 51
REALCHAR 8432369862361 2108092465603 51
DEEP 8432369862361 2108092465608 71
DEEP 8432655989209 2108163997320 71
DEEP 8433174891241 2108293722828 71
SUPPORT 8433345940321 2108336485093 51
REALCHAR 8433797248321 2108449312093 51
REALCHAR 8433982759801 2108495689963 51
DEEP 8434150004281 2108537501088 71
REALCHAR 8434620066601 2108655016663 51
REALCHAR 8434805411041 2108701352773 51
DEEP 8434805411041 2108701352779 75
DEEP 8435332830961 2108833207759 75
DEEP 8436236151121 2109059037799 75
DEEP 8437047439129 2109261859800 71
REALCHAR 8437264574041 2109316143523 51
REALCHAR 8437634981161 2109408745303 51
DEEP 8439453068281 2109863267088 71
DEEP 8439967447921 2109991862000 79
REALCHAR 8441083607401 2110270901863 51
DEEP 8441083607401 2110270901871 83
DEEP 8441522937961 2110380734509 75
REALCHAR 8441832861361 2110458215353 51
REALCHAR 8443186568041 2110796642023 51
REALCHAR 8443817796241 2110954449073 51
REALCHAR 8445129157921 2111282289493 51
REALCHAR 8445422650681 2111355662683 51
REALCHAR 8445849584041 2111462396023 51
REALCHAR 8445854414761 2111463603703 51
DEEP 8446700090929 2111675022750 71
DEEP 8448229262929 2112057315750 71
DEEP 8448850873369 2112212718360 71
REALCHAR 8449390940761 2112347735203 51
DEEP 8449941088801 2112485272220 79
REALCHAR 8450769224041 2112692306023 51
REALCHAR 8451118419241 2112779604823 51
DEEP 8451118419241 2112779604828 71
REALCHAR 8451273442921 2112818360743 51
REALCHAR 8451356095081 2112839023783 51
REALCHAR 8451607422241 2112901855573 51
REALCHAR 8453062408561 2113265602153 51
DEEP 8453338902121 2113334725548 71
REALCHAR 8453533001761 2113383250453 51
DEEP 8453776778329 2113444194602 79
DEEP 8455850724721 2113962681199 75
DEEP 8455927264801 2113981816218 71
SUPPORT 8456020939921 2114005234993 51
REALCHAR 8456072439721 2114018109943 51
REALCHAR 8456801985241 2114200496323 51
REALCHAR 8460068873881 2115017218483 51
REALCHAR 8460350887921 2115087721993 51
REALCHAR 8461143859921 2115285964993 51
REALCHAR 8461234782361 2115308695603 51
REALCHAR 8461306067041 2115326516773 51
REALCHAR 8461377300601 2115344325163 51
REALCHAR 8462554511161 2115638627803 51
REALCHAR 8463087360841 2115771840223 51
REALCHAR 8463436140721 2115859035193 51
REALCHAR 8465316792241 2116329198073 51
REALCHAR 8466307606201 2116576901563 51
DEEP 8466810273769 2116702568460 71
DEEP 8471123409961 2117780852508 71
DEEP 8471841552409 2117960388120 71
REALCHAR 8472309427201 2118077356819 75
DEEP 8472309427201 2118077356826 103
REALCHAR 8472684306241 2118171076573 51
DEEP 8472991926961 2118247981758 71
DEEP 8473753185769 2118438296462 79
REALCHAR 8474881623961 2118720406003 51
REALCHAR 8475092750881 2118773187733 51
REALCHAR 8475575932321 2118893983093 51
DEEP 8475788037721 2118947009450 79
REALCHAR 8476772132761 2119193033203 51
REALCHAR 8477183399281 2119295849833 51
DEEP 8477939982121 2119484995548 71
DEEP 8478171902929 2119542975750 71
DEEP 8480009298121 2120002324548 71
SUPPORT 8481405250081 2120351312533 51
REALCHAR 8481594300001 2120398575013 51
DEEP 8483163292081 2120790823038 71
REALCHAR 8483501771761 2120875442953 51
DEEP 8484223673689 2121055918441 75
REALCHAR 8484681245881 2121170311483 51
DEEP 8485566289489 2121391572390 71
REALCHAR 8485963529521 2121490882393 51
DEEP 8486673916681 2121668479188 71
REALCHAR 8487323987041 2121830996773 51
DEEP 8487965284681 2121991321188 71
REALCHAR 8489803995121 2122450998793 51
REALCHAR 8489832739441 2122458184873 51
SUPPORT 8490022437961 2122505609503 51
REALCHAR 8490553553161 2122638388303 51
DEEP 8490827910601 2122706977673 91
REALCHAR 8492110695121 2123027673793 51
REALCHAR 8492569544281 2123142386083 51
DEEP 8492973448969 2123243362261 75
REALCHAR 8493707293681 2123426823433 51
REALCHAR 8494712433601 2123678108413 51
REALCHAR 8494815241201 2123703810313 51
SUPPORT 8496235846081 2124058961533 51
REALCHAR 8496651049441 2124162762373 51
REALCHAR 8499525388201 2124881347063 51
DEEP 8500986849601 2125246712422 87
REALCHAR 8501155463161 2125288865803 51
REALCHAR 8501191605481 2125297901383 51
REALCHAR 8501225755201 2125306438813 51
REALCHAR 8503199402161 2125799850553 51
REALCHAR 8504176109881 2126044027483 51
REALCHAR 8504371167601 2126092791913 51
REALCHAR 8504537393881 2126134348483 51
DEEP 8504820565609 2126205141420 71
REALCHAR 8504971936561 2126242984153 51
REALCHAR 8504999414521 2126249853643 51
DEEP 8506081436161 2126520359059 75
DEEP 8506200281329 2126550070350 71
DEEP 8506727709481 2126681927388 71
REALCHAR 8506764945121 2126691236293 51
REALCHAR 8507962885321 2126990721343 51
DEEP 8508194874481 2127048718638 71
REALCHAR 8508300192001 2127075048013 51
REALCHAR 8508346830481 2127086707633 51
REALCHAR 8508834755521 2127208688893 51
REALCHAR 8509733119801 2127433279963 51
SUPPORT 8509824240241 2127456060073 51
REALCHAR 8510033384161 2127508346053 51
REALCHAR 8510201510281 2127550377583 51
REALCHAR 8511423066721 2127855766693 51
REALCHAR 8511961650481 2127990412633 51
DEEP 8513460446401 2128365111618 71
DEEP 8513719802449 2128429950630 71
REALCHAR 8516400963841 2129100240973 51
REALCHAR 8516979766681 2129244941683 51
DEEP 8517022550521 2129255637648 71
REALCHAR 8517588520081 2129397130033 51
REALCHAR 8517610398361 2129402599603 51
REALCHAR 8518101440521 2129525360143 51
DEEP 8518158589249 2129539647330 71
REALCHAR 8518457539201 2129614384813 51
REALCHAR 8518580553961 2129645138503 51
REALCHAR 8518907802001 2129726950513 51
REALCHAR 8518929946081 2129732486533 51
DEEP 8519280372409 2129820093122 79
REALCHAR 8521192757401 2130298189363 51
DEEP 8521241765689 2130310441440 71
REALCHAR 8522243184361 2130560796103 51
REALCHAR 8524663233241 2131165808323 51
DEEP 8525176272001 2131294068018 71
REALCHAR 8525336064961 2131334016253 51
REALCHAR 8525363978041 2131340994523 51
REALCHAR 8526583687801 2131645921963 51
DEEP 8526943359841 2131735839978 71
REALCHAR 8528497439401 2132124359863 51
REALCHAR 8528965391521 2132241347893 51
REALCHAR 8530784269921 2132696067493 51
REALCHAR 8531069842201 2132767460563 51
REALCHAR 8531740734001 2132935183513 51
REALCHAR 8531755408201 2132938852063 51
DEEP 8532096971161 2133024242809 75
SUPPORT 8532880498081 2133220124533 51
REALCHAR 8533522000441 2133380500123 51
REALCHAR 8533680820681 2133420205183 51
REALCHAR 8535149619481 2133787404883 51
REALCHAR 8535568178281 2133892044583 51
REALCHAR 8536369198681 2134092299683 51
DEEP 8538750491881 2134687622988 71
SUPPORT 8539811703721 2134952925943 51
REALCHAR 8540539966729 2135134991701 75
DEEP 8540539966729 2135134991704 87
REALCHAR 8540594254921 2135148563743 51
SUPPORT 8541248727001 2135312181763 51
REALCHAR 8541886066081 2135471516533 51
REALCHAR 8542170061441 2135542515373 51
REALCHAR 8543778454201 2135944613563 51
REALCHAR 8543891988241 2135972997079 75
DEEP 8543891988241 2135972997080 79
REALCHAR 8544734110201 2136183527563 51
DEEP 8545565134681 2136391283689 75
REALCHAR 8546135961841 2136533990473 51
DEEP 8546331924601 2136582981168 71
REALCHAR 8548276093681 2137069023433 51
REALCHAR 8548803313801 2137200828463 51
DEEP 8548803313801 2137200828474 95
DEEP 8549777189209 2137444297321 75
REALCHAR 8550061182961 2137515295753 51
REALCHAR 8551358129521 2137839532393 51
REALCHAR 8551874865361 2137968716353 51
REALCHAR 8552814538321 2138203634593 51
REALCHAR 8552955175801 2138238793963 51
REALCHAR 8553098441281 2138274610333 51
DEEP 8554564238089 2138641059540 71
REALCHAR 8555237964001 2138809491013 51
REALCHAR 8556218427241 2139054606823 51
REALCHAR 8556790905961 2139197726503 51
REALCHAR 8556884878441 2139221219623 51
REALCHAR 8556911762401 2139227940613 51
DEEP 8557234004089 2139308501041 75
REALCHAR 8557985458801 2139496364713 51
DEEP 8560143873961 2140035968510 79
REALCHAR 8561958197521 2140489549393 51
REALCHAR 8562656922121 2140664230543 51
REALCHAR 8563266216961 2140816554253 51
DEEP 8563266216961 2140816554258 71
REALCHAR 8563446520561 2140861630153 51
REALCHAR 8563871783041 2140967945773 51
REALCHAR 8564679361681 2141169840433 51
DEEP 8564679361681 2141169840438 71
DEEP 8565124407841 2141281101978 71
REALCHAR 8565505262521 2141376315643 51
REALCHAR 8567583283561 2141895820903 51
REALCHAR 8568638467321 2142159616843 51
DEEP 8568638467321 2142159616848 71
DEEP 8570870646529 2142717661650 71
REALCHAR 8571071147521 2142767786893 51
REALCHAR 8571251686321 2142812921593 51
REALCHAR 8572954301521 2143238575393 51
REALCHAR 8575432767001 2143858191763 51
REALCHAR 8576940309961 2144235077503 51
DEEP 8577430306201 2144357576571 83
REALCHAR 8578234049401 2144558512363 51
SUPPORT 8579612432161 2144903108053 51
REALCHAR 8580156557281 2145039139333 51
REALCHAR 8582230261201 2145557565313 51
REALCHAR 8582501799481 2145625449883 51
DEEP 8583643826209 2145910956570 71
REALCHAR 8584294785361 2146073696353 51
DEEP 8584524797689 2146131199440 71
DEEP 8585492245009 2146373061270 71
REALCHAR 8587659931321 2146914982843 51
DEEP 8589402058561 2147350514658 71
REALCHAR 8590215386041 2147553846523 51
REALCHAR 8592410820361 2148102705103 51
REALCHAR 8592719011321 2148179752843 51
REALCHAR 8593070496481 2148267624133 51
SUPPORT 8593372920001 2148343230013 51
DEEP 8594132416489 2148533104140 71
DEEP 8594487646369 2148621911612 79
REALCHAR 8596080496441 2149020124123 51
SUPPORT 8596126367761 2149031591953 51
DEEP 8596126367761 2149031591958 71
REALCHAR 8596359544081 2149089886033 51
DEEP 8598133514569 2149533378660 71
REALCHAR 8598133982881 2149533495733 51
REALCHAR 8598342448921 2149585612243 51
REALCHAR 8598824844481 2149706211133 51
REALCHAR 8598840833881 2149710208483 51
REALCHAR 8598955485961 2149738871503 51
REALCHAR 8599336473121 2149834118293 51
REALCHAR 8599402534321 2149850633593 51
REALCHAR 8600041121281 2150010280333 51
DEEP 8600766746881 2150191686740 79
DEEP 8601696297769 2150424074462 79
REALCHAR 8602471508401 2150617877113 51
REALCHAR 8603035125721 2150758781443 51
REALCHAR 8603628238921 2150907059743 51
REALCHAR 8603884787521 2150971196893 51
REALCHAR 8605235673241 2151308918323 51
REALCHAR 8605944621121 2151486155293 51
REALCHAR 8607117630721 2151779407693 51
REALCHAR 8607591859441 2151897964873 51
DEEP 8608232898721 2152058224698 71
REALCHAR 8610650197081 2152662549283 51
DEEP 8610737014441 2152684253628 71
REALCHAR 8611176252121 2152794063043 51
REALCHAR 8611847790841 2152961947723 51
REALCHAR 8612168271001 2153042067763 51
REALCHAR 8612433155041 2153108288773 51
DEEP 8612987099809 2153246774970 71
REALCHAR 8613004212121 2153251053043 51
REALCHAR 8613271680841 2153317920223 51
DEEP 8613271680841 2153317920228 71
REALCHAR 8613725652841 2153431413223 51
REALCHAR 8614172878921 2153543219743 51
REALCHAR 8614865036761 2153716259203 51
REALCHAR 8615415972601 2153853993163 51
REALCHAR 8618767005601 2154691751413 51
DEEP 8619948950209 2154987237570 71
DEEP 8620216415281 2155054103838 71
REALCHAR 8622521905321 2155630476343 51
REALCHAR 8623237969921 2155809492493 51
SUPPORT 8623518106681 2155879526683 51
REALCHAR 8624383098769 2156095774711 75
DEEP 8624383098769 2156095774712 79
REALCHAR 8625563704081 2156390926033 51
REALCHAR 8625604967281 2156401241833 51
REALCHAR 8626481120401 2156620280113 51
DEEP 8628617186641 2157154296678 71
REALCHAR 8629633716001 2157408429013 51
REALCHAR 8630703652321 2157675913093 51
DEEP 8630703652321 2157675913098 71
DEEP 8630783256001 2157695814020 79
REALCHAR 8631854989081 2157963747283 51
REALCHAR 8633123721121 2158280930293 51
DEEP 8633501956249 2158375489080 71
REALCHAR 8636515424161 2159128856053 51
DEEP 8637415722961 2159353930758 71
REALCHAR 8638229458681 2159557364683 51
DEEP 8638986198049 2159746549530 71
REALCHAR 8639025052681 2159756263183 51
REALCHAR 8639422538041 2159855634523 51
REALCHAR 8639528982841 2159882245723 51
DEEP 8639528982841 2159882245728 71
REALCHAR 8640348498721 2160087124693 51
DEEP 8640348498721 2160087124698 71
REALCHAR 8640467821441 2160116955373 51
SUPPORT 8642183314801 2160545828713 51
DEEP 8642507303329 2160626825850 71
DEEP 8642648879881 2160662219988 71
DEEP 8644355597089 2161088899290 71
REALCHAR 8645450399041 2161362599773 51
REALCHAR 8648775980881 2162193995233 51
REALCHAR 8648888998201 2162222249563 51
REALCHAR 8649422716321 2162355679093 51
REALCHAR 8651145926641 2162786481673 51
REALCHAR 8651636208601 2162909052163 51
REALCHAR 8653585741441 2163396435373 51
SUPPORT 8653681166881 2163420291733 51
DEEP 8654194367809 2163548591970 71
REALCHAR 8654298669241 2163574667323 51
REALCHAR 8655945901201 2163986475313 51
REALCHAR 8656507299001 2164126824763 51
REALCHAR 8658186927601 2164546731913 51
REALCHAR 8658465956641 2164616489173 51
REALCHAR 8660869130761 2165217282703 51
REALCHAR 8662159080961 2165539770253 51
REALCHAR 8662752857641 2165688214423 51
REALCHAR 8662968431881 2165742107983 51
REALCHAR 8663414190601 2165853547663 51
REALCHAR 8663849649361 2165962412353 51
DEEP 8664172445569 2166043111410 71
SUPPORT 8665888271881 2166472067983 51
SUPPORT 8665993860001 2166498465013 51
REALCHAR 8666109728761 2166527432203 51
REALCHAR 8667111610921 2166777902743 51
DEEP 8669008388041 2167252097028 71
REALCHAR 8669245516681 2167311379183 51
DEEP 8670508089049 2167627022282 79
REALCHAR 8672118683281 2168029670833 51
REALCHAR 8672555258761 2168138814703 51
SUPPORT 8673970268401 2168492567113 51
REALCHAR 8674136459041 2168534114773 51
REALCHAR 8674268120281 2168567030083 51
DEEP 8676463361329 2169115840350 71
REALCHAR 8677509780241 2169377445073 51
REALCHAR 8678456602201 2169614150563 51
REALCHAR 8680200105721 2170050026443 51
REALCHAR 8680754188681 2170188547183 51
REALCHAR 8680924641601 2170231160413 51
DEEP 8681365583521 2170341395898 71
DEEP 8681375610961 2170343902760 79
REALCHAR 8681846941681 2170461735433 51
DEEP 8683122922321 2170780730598 71
REALCHAR 8684480313721 2171120078443 51
DEEP 8685427096921 2171356774248 71
REALCHAR 8685523465921 2171380866493 51
DEEP 8685751373209 2171437843322 79
DEEP 8688077729809 2172019432472 79
REALCHAR 8688106289641 2172026572423 51
REALCHAR 8688269648881 2172067412233 51
REALCHAR 8689361521681 2172340380433 51
REALCHAR 8689372469761 2172343117453 51
REALCHAR 8689651666921 2172412916743 51
SUPPORT 8689716720721 2172429180193 51
REALCHAR 8689758518281 2172439629583 51
DEEP 8690141896489 2172535474141 75
DEEP 8690494761001 2172623690268 71
REALCHAR 8691371150401 2172842787613 51
DEEP 8692058932489 2173014733140 71
REALCHAR 8692211879521 2173052969893 51
DEEP 8692356650041 2173089162530 79
REALCHAR 8693026798681 2173256699683 51
SUPPORT 8694263982121 2173565995543 51
REALCHAR 8694470343001 2173617585763 51
SUPPORT 8694507691321 2173626922843 51
REALCHAR 8694617325601 2173654331413 51
DEEP 8694955788289 2173738947090 71
REALCHAR 8696015863441 2174003965873 51
REALCHAR 8696640603121 2174160150793 51
REALCHAR 8696691778681 2174172944683 51
DEEP 8697548301289 2174387075342 79
REALCHAR 8698434184801 2174608546213 51
REALCHAR 8699701953721 2174925488443 51
REALCHAR 8699797819441 2174949454873 51
DEEP 8699961221449 2174990305380 71
REALCHAR 8700149954161 2175037488553 51
REALCHAR 8701267354081 2175316838533 51
REALCHAR 8701755640561 2175438910153 51
DEEP 8703924394201 2175981098568 71
REALCHAR 8704080462841 2176020115723 51
REALCHAR 8704876103641 2176219025923 51
REALCHAR 8705600187001 2176400046763 51
DEEP 8706324934129 2176581233550 71
REALCHAR 8707095427801 2176773856963 51
REALCHAR 8707301737201 2176825434313 51
REALCHAR 8708489979121 2177122494793 51
REALCHAR 8709437217121 2177359304293 51
SUPPORT 8709942618001 2177485654513 51
DEEP 8709942618001 2177485654518 71
DEEP 8709975619801 2177493904968 71
DEEP 8711279970409 2177819992621 75
DEEP 8711321480761 2177830370210 79
REALCHAR 8712575948521 2178143987143 51
DEEP 8712850783081 2178212695789 75
DEEP 8713384580209 2178346145072 79
REALCHAR 8715911153161 2178977788303 51
REALCHAR 8716602492361 2179150623103 51
SUPPORT 8716802330161 2179200582553 51
REALCHAR 8717201613961 2179300403503 51
REALCHAR 8719721752681 2179930438183 51
REALCHAR 8720348844601 2180087211163 51
REALCHAR 8721607190521 2180401797643 51
REALCHAR 8723500618561 2180875154653 51
SUPPORT 8723747718841 2180936929723 51
DEEP 8724335092729 2181083773200 71
DEEP 8724633701281 2181158425338 71
REALCHAR 8724830063401 2181207515863 51
DEEP 8724830063401 2181207515868 71
SUPPORT 8725516341481 2181379085383 51
DEEP 8726540448649 2181635112183 83
DEEP 8726755645969 2181688911511 75
DEEP 8726959682281 2181739920588 71
REALCHAR 8727782134681 2181945533683 51
REALCHAR 8728211720281 2182052930083 51
REALCHAR 8728822746121 2182205686543 51
SUPPORT 8728982208241 2182245552073 51
DEEP 8729635507321 2182408876848 71
DEEP 8730128589961 2182532147508 71
REALCHAR 8730665109721 2182666277443 51
REALCHAR 8730967521721 2182741880443 51
DEEP 8730967521721 2182741880448 71
REALCHAR 8731075833841 2182768958473 51
REALCHAR 8733005875801 2183251468963 51
REALCHAR 8733128823721 2183282205943 51
DEEP 8733446580769 2183361645210 71
DEEP 8733572795809 2183393198970 71
REALCHAR 8734856581441 2183714145373 51
REALCHAR 8734936763281 2183734190833 51
REALCHAR 8735093935681 2183773483933 51
REALCHAR 8735984181961 2183996045503 51
REALCHAR 8736291640441 2184072910123 51
DEEP 8738325592441 2184581398128 71
REALCHAR 8738730621721 2184682655443 51
DEEP 8740400871049 2185100217781 75
REALCHAR 8741073083521 2185268270893 51
DEEP 8743013318209 2185753329570 71
REALCHAR 8743327186441 2185831796623 51
REALCHAR 8743371053041 2185842763273 51
REALCHAR 8743526020441 2185881505123 51
REALCHAR 8743659096481 2185914774133 51
REALCHAR 8743929826921 2185982456743 51
REALCHAR 8744113824601 2186028456163 51
DEEP 8745421255561 2186355313912 87
REALCHAR 8745515618401 2186378904613 51
REALCHAR 8747287240561 2186821810153 51
REALCHAR 8747306418841 2186826604723 51
DEEP 8747974677649 2186993669432 79
DEEP 8748069280729 2187017320200 71
REALCHAR 8748795641041 2187198910273 51
REALCHAR 8749326183361 2187331545853 51
REALCHAR 8749372900321 2187343225093 51
DEEP 8749631767969 2187407942010 71
DEEP 8749684032049 2187421008030 71
REALCHAR 8750693196001 2187673299013 51
REALCHAR 8751242900401 2187810725113 51
DEEP 8751591722449 2187897930632 79
DEEP 8751830306209 2187957576571 75
SUPPORT 8752300994761 2188075248703 51
REALCHAR 8754026343841 2188506585973 51
DEEP 8754786441769 2188696610461 75
REALCHAR 8755215877321 2188803969343 51
DEEP 8755568939569 2188892234910 71
REALCHAR 8755878590761 2188969647703 51
REALCHAR 8756100303721 2189025075943 51
REALCHAR 8756384487841 2189096121973 51
REALCHAR 8756479892521 2189119973143 51
REALCHAR 8756754116881 2189188529233 51
SUPPORT 8758151621521 2189537905393 51
DEEP 8760263396641 2190065849178 71
DEEP 8760791343529 2190197835900 71
REALCHAR 8763805464241 2190951366073 51
DEEP 8764072557601 2191018139418 71
REALCHAR 8764938540121 2191234635043 51
REALCHAR 8765155164481 2191288791133 51
REALCHAR 8765168342401 2191292085613 51
REALCHAR 8765266882681 2191316720683 51
REALCHAR 8766990855841 2191747713973 51
DEEP 8769264948889 2192316237241 75
REALCHAR 8771050825681 2192762706433 51
REALCHAR 8771549483761 2192887370953 51
REALCHAR 8771579344441 2192894836123 51
REALCHAR 8771953161841 2192988290473 51
REALCHAR 8772304196881 2193076049233 51
REALCHAR 8774282495281 2193570623833 51
REALCHAR 8775208751521 2193802187893 51
REALCHAR 8775608543881 2193902135983 51
REALCHAR 8776036027201 2194009006813 51
REALCHAR 8776659266761 2194164816703 51
REALCHAR 8777164062241 2194291015573 51
REALCHAR 8778346301761 2194586575453 51
DEEP 8778969558529 2194742389650 71
REALCHAR 8779337419441 2194834354873 51
DEEP 8779838792209 2194959698070 71
REALCHAR 8780280158521 2195070039643 51
DEEP 8780674178329 2195168544600 71
REALCHAR 8781394293961 2195348573503 51
DEEP 8781394293961 2195348573508 71
DEEP 8781436428769 2195359107210 71
REALCHAR 8781897454201 2195474363563 51
REALCHAR 8782320882721 2195580220693 51
DEEP 8782550941609 2195637735421 75
REALCHAR 8783363643961 2195840911003 51
REALCHAR 8783455770961 2195863942753 51
REALCHAR 8785399113481 2196349778383 51
SUPPORT 8786659325161 2196664831303 51
REALCHAR 8787617216401 2196904304113 51
REALCHAR 8787691633561 2196922908403 51
SUPPORT 8788673447761 2197168361953 51
REALCHAR 8789129874121 2197282468543 51
REALCHAR 8793143933401 2198285983363 51
DEEP 8793594292729 2198398573200 71
REALCHAR 8795615027761 2198903756953 51
REALCHAR 8795858236201 2198964559063 51
REALCHAR 8796078687841 2199019671973 51
REALCHAR 8796773738041 2199193434523 51
REALCHAR 8797677514081 2199419378533 51
DEEP 8797883077369 2199470769361 75
DEEP 8798260556089 2199565139040 71
REALCHAR 8800086534121 2200021633543 51
REALCHAR 8801416170121 2200354042543 51
REALCHAR 8801480656081 2200370164033 51
DEEP 8801941322521 2200485330648 71
REALCHAR 8802712420681 2200678105183 51
DEEP 8805947358121 2201486839548 71
DEEP 8809230499969 2202307625010 71
REALCHAR 8810553489721 2202638372443 51
DEEP 8810553489721 2202638372451 83
REALCHAR 8810653083961 2202663271003 51
REALCHAR 8810676562081 2202669140533 51
REALCHAR 8811060710761 2202765177703 51
DEEP 8811699369841 2202924842478 71
DEEP 8811950927641 2202987731929 75
SUPPORT 8812355169601 2203088792413 51
DEEP 8812589508529 2203147377150 71
REALCHAR 8813045230441 2203261307623 51
SUPPORT 8814563992081 2203640998033 51
REALCHAR 8814894119641 2203723529923 51
DEEP 8814924389569 2203731097412 79
REALCHAR 8816920765129 2204230191301 75
DEEP 8816920765129 2204230191307 99
SUPPORT 8817793771081 2204448442783 51
REALCHAR 8818582431481 2204645607883 51
DEEP 8818753270441 2204688317628 71
REALCHAR 8819751106321 2204937776593 51
DEEP 8819854057249 2204963514330 71
REALCHAR 8822196880561 2205549220153 51
REALCHAR 8823400929121 2205850232293 51
REALCHAR 8823551592241 2205887898073 51
REALCHAR 8823758286841 2205939571723 51
REALCHAR 8824747833001 2206186958263 51
REALCHAR 8824793970721 2206198492693 51
REALCHAR 8824960290721 2206240072693 51
DEEP 8825612869441 2206403217380 79
REALCHAR 8826505845481 2206626461383 51
REALCHAR 8828260839841 2207065209973 51
DEEP 8828647478641 2207161869678 71
DEEP 8831079420409 2207769855120 71
DEEP 8831134612609 2207783653170 71
REALCHAR 8831294509801 2207823627463 51
REALCHAR 8833211522041 2208302880523 51
REALCHAR 8834555647681 2208638911933 51
DEEP 8834555647681 2208638911938 71
REALCHAR 8835073654801 2208768413713 51
REALCHAR 8837622255361 2209405563853 51
REALCHAR 8838371261281 2209592815333 51
REALCHAR 8839380165841 2209845041473 51
DEEP 8839891935169 2209972983810 71
REALCHAR 8840676518521 2210169129643 51
DEEP 8840777951041 2210194487780 79
DEEP 8840887322569 2210221830660 71
REALCHAR 8841592445401 2210398111363 51
REALCHAR 8843159764321 2210789941093 51
DEEP 8843159764321 2210789941098 71
REALCHAR 8843288687041 2210822171773 51
REALCHAR 8844338113081 2211084528283 51
REALCHAR 8845474529761 2211368632453 51
REALCHAR 8845743194401 2211435798613 51
REALCHAR 8845903964041 2211475991023 51
SUPPORT 8846574078241 2211643519573 51
REALCHAR 8846727240961 2211681810253 51
REALCHAR 8847550800001 2211887700013 51
DEEP 8847799682089 2211949920540 71
REALCHAR 8848134852001 2212033713013 51
DEEP 8848384363009 2212096090770 71
DEEP 8848497574921 2212124393749 75
REALCHAR 8848601948761 2212150487203 51
REALCHAR 8849647651441 2212411912873 51
DEEP 8850492838489 2212623209641 75
REALCHAR 8851273943521 2212818485893 51
DEEP 8851542489409 2212885622370 71
DEEP 8852216078281 2213054019588 71
REALCHAR 8853249885481 2213312471383 51
REALCHAR 8853358866361 2213339716603 51
DEEP 8854808151289 2213702037841 75
REALCHAR 8855061156841 2213765289223 51
DEEP 8855061156841 2213765289231 83
REALCHAR 8855465771881 2213866442983 51
REALCHAR 8856306122161 2214076530553 51
REALCHAR 8856378913321 2214094728343 51
REALCHAR 8857252981201 2214313245313 51
DEEP 8857451059081 2214362764791 83
REALCHAR 8858156218081 2214539054533 51
DEEP 8858625720289 2214656430090 71
DEEP 8861438728921 2215359682248 71
REALCHAR 8861552976721 2215388244193 51
REALCHAR 8861731307881 2215432826983 51
REALCHAR 8861847732721 2215461933193 51
SUPPORT 8863148187721 2215787046943 51
DEEP 8863182688369 2215795672111 75
SUPPORT 8863948014601 2215987003663 51
DEEP 8864509271641 2216127317928 71
DEEP 8864653372129 2216163343050 71
SUPPORT 8864957367841 2216239341973 51
REALCHAR 8865246148201 2216311537063 51
REALCHAR 8866609500961 2216652375253 51
SUPPORT 8867204813041 2216801203273 51
DEEP 8867204813041 2216801203284 95
REALCHAR 8867489289481 2216872322383 51
REALCHAR 8867511264361 2216877816103 51
DEEP 8868506733241 2217126683330 79
SUPPORT 8868863406841 2217215851723 51
REALCHAR 8868995733361 2217248933353 51
REALCHAR 8869315791001 2217328947763 51
DEEP 8869315791001 2217328947768 71
REALCHAR 8870102299081 2217525574783 51
REALCHAR 8870124794281 2217531198583 51
DEEP 8870457621601 2217614405420 79
REALCHAR 8870979117361 2217744779353 51
SUPPORT 8871106250161 2217776562553 51
DEEP 8871159618049 2217789904530 71
REALCHAR 8871413748961 2217853437253 51
DEEP 8872692349921 2218173087501 83
REALCHAR 8874643599721 2218660899943 51
REALCHAR 8875244441281 2218811110333 51
DEEP 8875370750689 2218842687690 71
REALCHAR 8875526969521 2218881742393 51
REALCHAR 8876252727241 2219063181823 51
REALCHAR 8876730061081 2219182515283 51
REALCHAR 8877319542001 2219329885513 51
DEEP 8877945484489 2219486371140 71
REALCHAR 8881640681761 2220410170453 51
DEEP 8882822775649 2220705693930 71
REALCHAR 8883275407561 2220818851903 51
REALCHAR 8883303387841 2220825846973 51
REALCHAR 8883502992961 2220875748253 51
REALCHAR 8883721433161 2220930358303 51
DEEP 8883721433161 2220930358308 71
DEEP 8885055436009 2221263859020 71
REALCHAR 8885656402921 2221414100743 51
REALCHAR 8885797423801 2221449355963 51
REALCHAR 8885824295401 2221456073863 51
SUPPORT 8885890407241 2221472601823 51
DEEP 8886503031121 2221625757798 71
REALCHAR 8887793272801 2221948318213 51
REALCHAR 8887879413001 2221969853263 51
REALCHAR 8888393893201 2222098473313 51
REALCHAR 8889442894201 2222360723563 51
DEEP 8890987945009 2222746986271 75
SUPPORT 8891234799001 2222808699763 51
REALCHAR 8891713902241 2222928475573 51
REALCHAR 8891744586481 2222936146633 51
REALCHAR 8892876217681 2223219054433 51
DEEP 8893198591369 2223299647860 71
SUPPORT 8894956556641 2223739139173 51
DEEP 8895294376609 2223823594170 71
DEEP 8895612957841 2223903239478 71
REALCHAR 8896299944401 2224074986113 51
DEEP 8897415585529 2224353896400 71
REALCHAR 8897599583401 2224399895863 51
REALCHAR 8897859319561 2224464829903 51
DEEP 8897859319561 2224464829910 79
DEEP 8899100192761 2224775048208 71
DEEP 8899146607129 2224786651800 71
REALCHAR 8900188828441 2225047207123 51
DEEP 8901198678241 2225299669580 79
DEEP 8901255314449 2225313828630 71
DEEP 8901530715169 2225382678810 71
SUPPORT 8902332329641 2225583082423 51
REALCHAR 8902468963441 2225617240873 51
SUPPORT 8902530014401 2225632503613 51
DEEP 8902693395649 2225673348932 79
REALCHAR 8902727369761 2225681842453 51
SUPPORT 8902892617921 2225723154493 51
REALCHAR 8903469099121 2225867274793 51
DEEP 8903621163529 2225905290902 79
DEEP 8904286163161 2226071540808 71
REALCHAR 8905036847281 2226259211833 51
REALCHAR 8905063277881 2226265819483 51
REALCHAR 8905173253201 2226293313313 51
DEEP 8906172032521 2226543008148 71
REALCHAR 8908009147801 2227002286963 51
REALCHAR 8909258716801 2227314679213 51
DEEP 8909492370601 2227373092670 79
REALCHAR 8909536628281 2227384157083 51
REALCHAR 8910504975241 2227626243823 51
DEEP 8910561225721 2227640306448 71
REALCHAR 8911347624481 2227836906133 51
SUPPORT 8911812601561 2227953150403 51
DEEP 8911812601561 2227953150408 71
REALCHAR 8912953004881 2228238251233 51
REALCHAR 8913319790761 2228329947703 51
REALCHAR 8913981594961 2228495398753 51
REALCHAR 8914416311161 2228604077803 51
SUPPORT 8914610793841 2228652698473 51
DEEP 8914610793841 2228652698479 75
REALCHAR 8914896661441 2228724165373 51
DEEP 8915546174089 2228886543540 71
DEEP 8917445990209 2229361497571 75
DEEP 8918064476689 2229516119190 71
REALCHAR 8921195311081 2230298827783 51
REALCHAR 8921479025281 2230369756333 51
REALCHAR 8921985157801 2230496289463 51
REALCHAR 8922943394401 2230735848613 51
REALCHAR 8923214694241 2230803673573 51
REALCHAR 8924869317961 2231217329503 51
REALCHAR 8925370981081 2231342745283 51
REALCHAR 8929370343721 2232342585943 51
REALCHAR 8929740417361 2232435104353 51
DEEP 8929888507849 2232472126980 71
DEEP 8930513823841 2232628455978 71
REALCHAR 8933107892641 2233276973173 51
REALCHAR 8933419545961 2233354886503 51
DEEP 8933465442001 2233366360518 71
REALCHAR 8935610655841 2233902663973 51
REALCHAR 8936367280681 2234091820183 51
DEEP 8936891785201 2234222946318 71
REALCHAR 8937182671561 2234295667903 51
DEEP 8937265450129 2234316362550 71
REALCHAR 8937791925841 2234447981473 51
DEEP 8939113172929 2234778293250 71
DEEP 8939627667961 2234906917008 71
SUPPORT 8939675106961 2234918776753 51
REALCHAR 8939867238241 2234966809573 51
SUPPORT 8939899880521 2234974970143 51
REALCHAR 8940518099881 2235129524983 51
REALCHAR 8940818429761 2235204607453 51
DEEP 8941476633769 2235369158460 71
REALCHAR 8941599194641 2235399798673 51
REALCHAR 8941636393561 2235409098403 51
DEEP 8941636393561 2235409098411 83
DEEP 8943111981049 2235777995280 71
SUPPORT 8943678286321 2235919571593 51
DEEP 8943754864489 2235938716143 83
REALCHAR 8944069115881 2236017278983 51
REALCHAR 8945142309601 2236285577413 51
DEEP 8945175749689 2236293937442 79
REALCHAR 8945723034481 2236430758633 51
DEEP 8946659812561 2236664953158 71
REALCHAR 8947886260681 2236971565183 51
SUPPORT 8949048384721 2237262096193 51
DEEP 8949863757409 2237465939370 71
REALCHAR 8949958259761 2237489564953 51
REALCHAR 8950654929841 2237663732473 51
DEEP 8950654929841 2237663732478 71
REALCHAR 8950742372881 2237685593233 51
REALCHAR 8951263740721 2237815935193 51
DEEP 8951333395489 2237833348890 71
REALCHAR 8951353615801 2237838403963 51
DEEP 8951731433089 2237932858291 75
DEEP 8951758455721 2237939613948 71
REALCHAR 8952118754401 2238029688613 51
REALCHAR 8952360796201 2238090199063 51
REALCHAR 8954402828281 2238600707083 51
DEEP 8954695589401 2238673897368 71
DEEP 8954777373481 2238694343389 75
REALCHAR 8954854787761 2238713696953 51
REALCHAR 8955423144721 2238855786193 51
REALCHAR 8955672583321 2238918145843 51
REALCHAR 8955709544161 2238927386053 51
DEEP 8955856870801 2238964217718 71
REALCHAR 8956873047721 2239218261943 51
REALCHAR 8956891493761 2239222873453 51
DEEP 8957036047129 2239259011801 75
DEEP 8957731860841 2239432965231 83
SUPPORT 8958793762801 2239698440713 51
REALCHAR 8959511532721 2239877883193 51
REALCHAR 8960360431801 2240090107963 51
REALCHAR 8961022418401 2240255604613 51
DEEP 8961337570249 2240334392580 71
REALCHAR 8961431420041 2240357855023 51
REALCHAR 8962701872881 2240675468233 51
REALCHAR 8963344041961 2240836010503 51
REALCHAR 8964234145441 2241058536373 51
DEEP 8964375227809 2241093806970 71
REALCHAR 8966711360161 2241677840053 51
REALCHAR 8968586234521 2242146558643 51
REALCHAR 8972774727361 2243193681853 51
REALCHAR 8973418892881 2243354723233 51
REALCHAR 8975140298881 2243785074733 51
REALCHAR 8976091370401 2244022842613 51
REALCHAR 8976891494041 2244222873523 51
REALCHAR 8976916843801 2244229210963 51
REALCHAR 8977339972441 2244334993123 51
REALCHAR 8977351543801 2244337885963 51
REALCHAR 8978695887001 2244673971763 51
REALCHAR 8979162728761 2244790682203 51
REALCHAR 8979743324161 2244935831053 51
REALCHAR 8980400989921 2245100247493 51
REALCHAR 8980780728481 2245195182133 51
DEEP 8982250954681 2245562738688 71
DEEP 8982340290361 2245585072610 79
REALCHAR 8982936606121 2245734151543 51
DEEP 8982936606121 2245734151555 99
REALCHAR 8986996077361 2246749019353 51
SUPPORT 8987050800121 2246762700043 51
SUPPORT 8987142392281 2246785598083 51
DEEP 8988766988041 2247191747028 71
REALCHAR 8988881501161 2247220375303 51
REALCHAR 8989967258281 2247491814583 51
DEEP 8990316720529 2247579180155 91
REALCHAR 8990485839721 2247621459943 51
DEEP 8991054231121 2247763557798 71
REALCHAR 8992229972881 2248057493233 51
REALCHAR 8992235697481 2248058924383 51
DEEP 8996062837129 2249015709300 71
DEEP 8996457118489 2249114279641 75
REALCHAR 8996583514801 2249145878713 51
REALCHAR 8997098336521 2249274584143 51
DEEP 8997098336521 2249274584151 83
REALCHAR 8997190970881 2249297742733 51
REALCHAR 8997606607441 2249401651873 51
REALCHAR 8997687269041 2249421817273 51
REALCHAR 8998334185201 2249583546313 51
REALCHAR 8998500432601 2249625108163 51
REALCHAR 8999313634921 2249828408743 51
REALCHAR 9000431121361 2250107780353 51
DEEP 9000898993969 2250224748515 91
DEEP 9001202807041 2250300701780 79
DEEP 9001247335441 2250311833879 75
REALCHAR 9001967758081 2250491939533 51
REALCHAR 9002263829521 2250565957393 51
DEEP 9002280848521 2250570212148 71
REALCHAR 9002584319401 2250646079863 51
REALCHAR 9003660074161 2250915018553 51
DEEP 9003708241609 2250927060420 71
REALCHAR 9004118328241 2251029582073 51
REALCHAR 9004817236801 2251204309213 51
REALCHAR 9005103929761 2251275982453 51
REALCHAR 9005202243361 2251300560853 51
REALCHAR 9005365191001 2251341297763 51
DEEP 9005888142001 2251472035518 71
SUPPORT 9006345550801 2251586387713 51
REALCHAR 9008201192761 2252050298203 51
REALCHAR 9008463618361 2252115904603 51
REALCHAR 9009150171121 2252287542793 51
REALCHAR 9009422184361 2252355546103 51
REALCHAR 9009938815201 2252484703813 51
REALCHAR 9011004461761 2252751115453 51
DEEP 9011780404201 2252945101068 71
REALCHAR 9012431533561 2253107883403 51
REALCHAR 9012546755521 2253136688893 51
REALCHAR 9013579501081 2253394875283 51
REALCHAR 9014002260481 2253500565133 51
REALCHAR 9014345017441 2253586254373 51
DEEP 9015190602961 2253797650758 71
REALCHAR 9015690925921 2253922731493 51
REALCHAR 9016176931441 2254044232873 51
REALCHAR 9016290691321 2254072672843 51
REALCHAR 9017894046001 2254473511513 51
REALCHAR 9017994510121 2254498627543 51
REALCHAR 9017996066641 2254499016673 51
DEEP 9019045712329 2254761428100 71
DEEP 9019232407201 2254808101818 71
REALCHAR 9019628683129 2254907170801 75
DEEP 9019628683129 2254907170803 83
DEEP 9020212927489 2255053231890 71
DEEP 9021602412601 2255400603169 75
DEEP 9022069659409 2255517414870 71
REALCHAR 9022749435001 2255687358763 51
SUPPORT 9023042532001 2255760633013 51
REALCHAR 9024225712441 2256056428123 51
DEEP 9024225712441 2256056428128 71
SUPPORT 9025398854761 2256349713703 51
REALCHAR 9025537052401 2256384263113 51
SUPPORT 9026119145761 2256529786453 51
REALCHAR 9026368496401 2256592124113 51
DEEP 9027345175489 2256836293890 71
DEEP 9027390215281 2256847553838 71
REALCHAR 9028454777521 2257113694393 51
REALCHAR 9028613899561 2257153474903 51
DEEP 9029344147849 2257336036980 71
REALCHAR 9029766759841 2257441689973 51
REALCHAR 9030397322521 2257599330643 51
REALCHAR 9031263504481 2257815876133 51
REALCHAR 9033497341801 2258374335463 51
REALCHAR 9034187926201 2258546981563 51
DEEP 9034314485641 2258578621428 71
REALCHAR 9035140002001 2258785000513 51
DEEP 9035661233041 2258915308278 71
REALCHAR 9035983177321 2258995794343 51
REALCHAR 9036596260441 2259149065123 51
REALCHAR 9036908394721 2259227098693 51
REALCHAR 9036954533161 2259238633303 51
REALCHAR 9037059041761 2259264760453 51
DEEP 9037114258561 2259278564660 79
REALCHAR 9037181354881 2259295338733 51
REALCHAR 9037401052681 2259350263183 51
SUPPORT 9038026308481 2259506577133 51
DEEP 9039485736121 2259871434048 71
REALCHAR 9040078585561 2260019646403 51
REALCHAR 9040335533161 2260083883303 51
REALCHAR 9041968941121 2260492235293 51
DEEP 9043559383849 2260889845980 71
REALCHAR 9045225702361 2261306425603 51
DEEP 9045345389161 2261336347309 75
DEEP 9045683635921 2261420908998 71
REALCHAR 9046505505361 2261626376353 51
REALCHAR 9047270436961 2261817609253 51
DEEP 9047607508801 2261901877220 79
REALCHAR 9047838490681 2261959622683 51
DEEP 9048580236721 2262145059198 71
DEEP 9049595490961 2262398872758 71
DEEP 9050540260129 2262635065050 71
REALCHAR 9052091058481 2263022764633 51
DEEP 9052529206081 2263132301538 71
REALCHAR 9053200558921 2263300139743 51
REALCHAR 9054730617241 2263682654323 51
REALCHAR 9059267969761 2264816992453 51
REALCHAR 9059743512121 2264935878043 51
REALCHAR 9059868436921 2264967109243 51
DEEP 9060312983569 2265078245910 71
REALCHAR 9060594942961 2265148735753 51
DEEP 9061484684641 2265371171178 71
DEEP 9062302472161 2265575618058 71
SUPPORT 9062504094121 2265626023543 51
DEEP 9062897634001 2265724408518 71
REALCHAR 9063944375641 2265986093923 51
DEEP 9063944375641 2265986093928 71
REALCHAR 9064013522041 2266003380523 51
DEEP 9065918793649 2266479698430 71
DEEP 9065948496049 2266487124030 71
REALCHAR 9066929884321 2266732471093 51
REALCHAR 9067301344201 2266825336063 51
DEEP 9067762884049 2266940721030 71
DEEP 9067780614649 2266945153680 71
REALCHAR 9068783210041 2267195802523 51
DEEP 9068783210041 2267195802528 71
REALCHAR 9069140028001 2267285007013 51
REALCHAR 9069738271801 2267434567963 51
REALCHAR 9070003251241 2267500812823 51
SUPPORT 9073200128281 2268300032083 51
SUPPORT 9073503230401 2268375807613 51
REALCHAR 9074227858921 2268556964743 51
REALCHAR 9075466535041 2268866633773 51
DEEP 9075466535041 2268866633779 75
REALCHAR 9075513761161 2268878440303 51
REALCHAR 9075740305921 2268935076493 51
DEEP 9076087926889 2269021981740 71
REALCHAR 9076347015121 2269086753793 51
REALCHAR 9077611814881 2269402953733 51
REALCHAR 9079538382121 2269884595543 51
REALCHAR 9080848457521 2270212114393 51
REALCHAR 9081169808881 2270292452233 51
REALCHAR 9082682180881 2270670545233 51
REALCHAR 9083812388401 2270953097113 51
REALCHAR 9084066168241 2271016542073 51
REALCHAR 9084870507241 2271217626823 51
REALCHAR 9085049515441 2271262378873 51
REALCHAR 9085897329721 2271474332443 51
REALCHAR 9086248525561 2271562131403 51
SUPPORT 9086332377721 2271583094443 51
REALCHAR 9086411702281 2271602925583 51
DEEP 9086529107569 2271632276910 71
REALCHAR 9089479098001 2272369774513 51
REALCHAR 9089936413321 2272484103343 51
DEEP 9090944238601 2272736059668 71
DEEP 9092243955001 2273060988768 71
REALCHAR 9093973396561 2273493349153 51
REALCHAR 9094896742801 2273724185713 51
REALCHAR 9095849859721 2273962464943 51
DEEP 9096831588601 2274207897168 71
DEEP 9097901190361 2274475297608 71
DEEP 9098573551369 2274643387860 71
REALCHAR 9098755968241 2274688992073 51
DEEP 9099695063761 2274923765959 75
REALCHAR 9100866826921 2275216706743 51
REALCHAR 9101181290881 2275295322733 51
REALCHAR 9102212975881 2275553243983 51
REALCHAR 9102259614361 2275564903603 51
REALCHAR 9103440871561 2275860217903 51
DEEP 9104466808369 2276116702110 71
DEEP 9104985017209 2276246254320 71
SUPPORT 9105271912801 2276317978213 51
DEEP 9105658219681 2276414554938 71
REALCHAR 9106213179361 2276553294853 51
DEEP 9106341284881 2276585321238 71
REALCHAR 9106741350841 2276685337723 51
REALCHAR 9108342557521 2277085639393 51
REALCHAR 9109492828921 2277373207243 51
REALCHAR 9110214731641 2277553682923 51
REALCHAR 9110586343681 2277646585933 51
REALCHAR 9110596655521 2277649163893 51
SUPPORT 9110886321601 2277721580413 51
SUPPORT 9111152988961 2277788247253 51
REALCHAR 9111250433041 2277812608273 51
DEEP 9113323387249 2278330846832 79
DEEP 9113628139009 2278407034770 71
REALCHAR 9113923143361 2278480785853 51
DEEP 9115151595169 2278787898810 71
REALCHAR 9115734909121 2278933727293 51
REALCHAR 9116290296481 2279072574133 51
SUPPORT 9116697869161 2279174467303 51
REALCHAR 9116733255841 2279183313973 51
DEEP 9116733255841 2279183313978 71
DEEP 9116764486729 2279191121702 79
REALCHAR 9116914629601 2279228657413 51
DEEP 9116914629601 2279228657418 71
REALCHAR 9117966487081 2279491621783 51
REALCHAR 9118275694441 2279568923623 51
REALCHAR 9118815509521 2279703877393 51
REALCHAR 9119027918641 2279756979673 51
REALCHAR 9119510060761 2279877515203 51
DEEP 9120585084601 2280146271170 79
DEEP 9120783763081 2280195940788 71
REALCHAR 9121502621401 2280375655363 51
DEEP 9122441152969 2280610288261 75
REALCHAR 9123741963361 2280935490853 51
DEEP 9123963009529 2280990752400 71
REALCHAR 9124285081081 2281071270283 51
REALCHAR 9126112612681 2281528153183 51
DEEP 9126335832769 2281583958213 83
DEEP 9126662512969 2281665628260 71
REALCHAR 9127249735081 2281812433783 51
DEEP 9127340990161 2281835247558 71
SUPPORT 9127476933961 2281869233503 51
DEEP 9127476933961 2281869233508 71
REALCHAR 9127790588401 2281947647113 51
SUPPORT 9128524270321 2282131067593 51
REALCHAR 9129003142561 2282250785653 51
SUPPORT 9131509133041 2282877283273 51
REALCHAR 9131516893801 2282879223463 51
REALCHAR 9131637039121 2282909259793 51
REALCHAR 9131920907041 2282980226773 51
DEEP 9131920907041 2282980226782 87
SUPPORT 9132263383681 2283065845933 51
REALCHAR 9133021279561 2283255319903 51
DEEP 9133388215561 2283347053908 71
REALCHAR 9133681731001 2283420432763 51
DEEP 9134441132881 2283610283238 71
DEEP 9135173558281 2283793389589 75
REALCHAR 9135484817761 2283871204453 51
REALCHAR 9135571511641 2283892877923 51
REALCHAR 9135885302041 2283971325523 51
DEEP 9137448041089 2284362010290 71
SUPPORT 9138000842881 2284500210733 51
REALCHAR 9139121901121 2284780475293 51
REALCHAR 9139180362601 2284795090663 51
REALCHAR 9139475310001 2284868827513 51
REALCHAR 9140050471561 2285012617903 51
REALCHAR 9141080130961 2285270032753 51
REALCHAR 9143555302561 2285888825653 51
REALCHAR 9143577752521 2285894438143 51
SUPPORT 9143836403641 2285959100923 51
DEEP 9145035114121 2286258778548 71
REALCHAR 9145888958761 2286472239703 51
REALCHAR 9146570216281 2286642554083 51
DEEP 9146570216281 2286642554090 79
REALCHAR 9146806426081 2286701606533 51
DEEP 9149075383009 2287268845770 71
REALCHAR 9149271972481 2287317993133 51
SUPPORT 9151272815281 2287818203833 51
REALCHAR 9151896437401 2287974109363 51
DEEP 9152187774601 2288046943669 75
DEEP 9154517500489 2288629375142 79
REALCHAR 9156322441561 2289080610403 51
DEEP 9156610148401 2289152537118 71
REALCHAR 9157311748729 2289327937207 99
DEEP 9157311748729 2289327937210 111
DEEP 9157664412121 2289416103048 71
DEEP 9158275111561 2289568777908 71
REALCHAR 9158685078841 2289671269723 51
REALCHAR 9159100955761 2289775238953 51
REALCHAR 9159667447921 2289916861993 51
REALCHAR 9161030184601 2290257546163 51
REALCHAR 9161575350841 2290393837723 51
DEEP 9162967556521 2290741889149 75
REALCHAR 9163451552641 2290862888173 51
REALCHAR 9163939119721 2290984779943 51
REALCHAR 9164250437521 2291062609393 51
REALCHAR 9164474560081 2291118640033 51
REALCHAR 9164888722201 2291222180563 51
DEEP 9166463078161 2291615769558 71
DEEP 9167325007129 2291831251801 75
REALCHAR 9167360562361 2291840140603 51
REALCHAR 9168136614961 2292034153753 51
REALCHAR 9169160323801 2292290080963 51
REALCHAR 9170144707201 2292536176813 51
REALCHAR 9170353065241 2292588266323 51
REALCHAR 9170463854161 2292615963553 51
REALCHAR 9173231117521 2293307779393 51
SUPPORT 9173832249481 2293458062383 51
DEEP 9174709521121 2293677380299 75
REALCHAR 9176154668041 2294038667023 51
DEEP 9176310263569 2294077565910 71
REALCHAR 9176614269601 2294153567413 51
DEEP 9177344862841 2294336215728 71
DEEP 9180177628561 2295044407160 79
SUPPORT 9186056214721 2296514053693 51
REALCHAR 9187526712961 2296881678253 51
REALCHAR 9188618037481 2297154509383 51
DEEP 9189443709601 2297360927420 79
REALCHAR 9189608244961 2297402061253 51
SUPPORT 9189859964041 2297464991023 51
DEEP 9190533992929 2297633498250 71
REALCHAR 9190764741601 2297691185413 51
DEEP 9192036532849 2298009133230 71
REALCHAR 9192327766561 2298081941653 51
DEEP 9192706770361 2298176692608 71
REALCHAR 9193519803001 2298379950763 51
DEEP 9194140678321 2298535169598 71
REALCHAR 9196051269001 2299012817263 51
REALCHAR 9196232110081 2299058027533 51
DEEP 9196232110081 2299058027538 71
REALCHAR 9196243904761 2299060976203 51
DEEP 9196256779609 2299064194920 71
REALCHAR 9197296581001 2299324145263 51
SUPPORT 9197473879441 2299368469873 51
REALCHAR 9199863029281 2299965757333 51
REALCHAR 9200329625881 2300082406483 51
REALCHAR 9201052798921 2300263199743 51
REALCHAR 9201921475321 2300480368843 51
REALCHAR 9202485131401 2300621282863 51
REALCHAR 9203246244481 2300811561133 51
REALCHAR 9203812114561 2300953028653 51
DEEP 9205688771161 2301422192809 75
REALCHAR 9205929721921 2301482430493 51
REALCHAR 9206481452281 2301620363083 51
DEEP 9206481452281 2301620363089 75
DEEP 9206741414809 2301685353723 83
REALCHAR 9207664207561 2301916051903 51
REALCHAR 9208523690521 2302130922643 51
REALCHAR 9209443149481 2302360787383 51
DEEP 9210323704849 2302580926230 71
REALCHAR 9211404843481 2302851210883 51
DEEP 9212575246681 2303143811688 71
REALCHAR 9212897970721 2303224492693 51
REALCHAR 9213267148801 2303316787213 51
DEEP 9213316329361 2303329082358 71
DEEP 9213447232609 2303361808172 79
REALCHAR 9213848081881 2303462020483 51
DEEP 9215353298449 2303838324630 71
REALCHAR 9216387425281 2304096856333 51
SUPPORT 9217569133081 2304392283283 51
DEEP 9217569133081 2304392283290 79
REALCHAR 9218033326441 2304508331623 51
REALCHAR 9218056732921 2304514183243 51
DEEP 9218524992769 2304631248210 71
REALCHAR 9218713617961 2304678404503 51
REALCHAR 9219592170721 2304898042693 51
REALCHAR 9219747669001 2304936917263 51
REALCHAR 9220314073441 2305078518373 51
REALCHAR 9220382976841 2305095744223 51
REALCHAR 9220775426641 2305193856673 51
REALCHAR 9220803169561 2305200792403 51
REALCHAR 9220966080481 2305241520133 51
DEEP 9220966080481 2305241520138 71
DEEP 9221547657169 2305386914310 71
DEEP 9222708901561 2305677225408 71
REALCHAR 9224039377921 2306009844493 51
REALCHAR 9224420168401 2306105042113 51
REALCHAR 9224939180521 2306234795143 51
DEEP 9225630673249 2306407668330 71
REALCHAR 9225720080641 2306430020173 51
DEEP 9228788283961 2307197071008 71
REALCHAR 9228954300721 2307238575193 51
DEEP 9231284605321 2307821151350 79
REALCHAR 9231328944601 2307832236163 51
REALCHAR 9231375502561 2307843875653 51
REALCHAR 9232252926121 2308063231543 51
DEEP 9232252926121 2308063231548 71
SUPPORT 9233357944561 2308339486153 51
REALCHAR 9233868053281 2308467013333 51
REALCHAR 9234636699961 2308659175003 51
REALCHAR 9236393077081 2309098269283 51
DEEP 9237319444081 2309329861040 79
DEEP 9237530778529 2309382694652 79
REALCHAR 9237854139361 2309463534853 51
DEEP 9238111419601 2309527854918 71
REALCHAR 9238516878361 2309629219603 51
REALCHAR 9238567654801 2309641913713 51
DEEP 9238567654801 2309641913721 83
REALCHAR 9240155809921 2310038952493 51
REALCHAR 9240239170801 2310059792713 51
REALCHAR 9240817184041 2310204296023 51
REALCHAR 9241275836641 2310318959173 51
REALCHAR 9242976536641 2310744134173 51
DEEP 9243168212041 2310792053030 79
REALCHAR 9243219516001 2310804879013 51
DEEP 9243219516001 2310804879018 71
DEEP 9243632573569 2310908143410 71
REALCHAR 9244412694001 2311103173513 51
DEEP 9245086417009 2311271604270 71
REALCHAR 9247186559521 2311796639893 51
DEEP 9247461082729 2311865270700 71
REALCHAR 9247943721241 2311985930323 51
REALCHAR 9248265543841 2312066385973 51
REALCHAR 9249268667521 2312317166893 51
DEEP 9250272924649 2312568231180 71
REALCHAR 9250451367481 2312612841883 51
REALCHAR 9251966180521 2312991545143 51
DEEP 9253189344961 2313297336258 71
DEEP 9255352649449 2313838162380 71
DEEP 9255775295209 2313943823820 71
REALCHAR 9255952157761 2313988039453 51
REALCHAR 9257774286121 2314443571543 51
DEEP 9258127183369 2314531795860 71
REALCHAR 9258179838961 2314544959753 51
REALCHAR 9258413172121 2314603293043 51
DEEP 9259075889281 2314768972341 83
REALCHAR 9259321848841 2314830462223 51
SUPPORT 9259650938521 2314912734643 51
DEEP 9259650938521 2314912734648 71
REALCHAR 9260089137601 2315022284413 51
REALCHAR 9261811267921 2315452816993 51
REALCHAR 9264169913881 2316042478483 51
DEEP 9264230291089 2316057572790 71
REALCHAR 9264401278441 2316100319623 51
SUPPORT 9264671735881 2316167933983 51
REALCHAR 9265185841081 2316296460283 51
DEEP 9265864567129 2316466141800 71
DEEP 9266354315689 2316588578942 79
REALCHAR 9266907490201 2316726872563 51
DEEP 9267152550049 2316788137530 71
REALCHAR 9269455737481 2317363934383 51
DEEP 9269455737481 2317363934389 75
REALCHAR 9269479345681 2317369836433 51
DEEP 9269991256969 2317497814263 83
REALCHAR 9271718797441 2317929699373 51
DEEP 9272564622721 2318141155698 71
REALCHAR 9273103779241 2318275944823 51
DEEP 9273103779241 2318275944830 79
DEEP 9273179480041 2318294870028 71
REALCHAR 9273477166321 2318369291593 51
REALCHAR 9273595224721 2318398806193 51
REALCHAR 9274666732081 2318666683033 51
DEEP 9275515944601 2318878986172 87
REALCHAR 9276839630041 2319209907523 51
DEEP 9276839630041 2319209907530 79
REALCHAR 9277008085801 2319252021463 51
REALCHAR 9277869882961 2319467470753 51
REALCHAR 9277894358041 2319473589529 75
DEEP 9277894358041 2319473589532 87
REALCHAR 9278329172401 2319582293113 51
REALCHAR 9278537192521 2319634298143 51
REALCHAR 9278769723721 2319692430943 51
REALCHAR 9279337124521 2319834281143 51
REALCHAR 9279799784161 2319949946053 51
REALCHAR 9280686441601 2320171610413 51
REALCHAR 9281121050041 2320280262523 51
REALCHAR 9281724739681 2320431184933 51
REALCHAR 9281936900161 2320484225053 51
DEEP 9281936900161 2320484225059 75
DEEP 9283566803809 2320891700970 71
REALCHAR 9284063990881 2321015997733 51
DEEP 9284517793849 2321129448480 71
REALCHAR 9285550386121 2321387596543 51
REALCHAR 9285995789281 2321498947333 51
REALCHAR 9286003939081 2321500984783 51
DEEP 9286163912089 2321540978042 79
REALCHAR 9286187096761 2321546774203 51
DEEP 9286711286329 2321677821600 71
DEEP 9287597154889 2321899288740 71
REALCHAR 9288418445881 2322104611483 51
REALCHAR 9288689414761 2322172353703 51
REALCHAR 9289035303601 2322258825913 51
REALCHAR 9289372114201 2322343028563 51
DEEP 9289960389889 2322490097490 71
REALCHAR 9290060350561 2322515087653 51
REALCHAR 9291442193401 2322860548363 51
DEEP 9291442193401 2322860548368 71
DEEP 9291516493249 2322879123335 91
REALCHAR 9293885445961 2323471361503 51
SUPPORT 9294490850401 2323622712613 51
REALCHAR 9296388453361 2324097113353 51
DEEP 9296723058841 2324180764732 87
REALCHAR 9297109502521 2324277375643 51
DEEP 9297197714809 2324299428722 79
REALCHAR 9297368199001 2324342049763 51
REALCHAR 9297405148201 2324351287063 51
REALCHAR 9297593618041 2324398404523 51
REALCHAR 9297944903641 2324486225923 51
REALCHAR 9298452051001 2324613012763 51
DEEP 9298870832689 2324717708193 83
REALCHAR 9300748301881 2325187075483 51
DEEP 9300997429441 2325249357378 71
REALCHAR 9301425616921 2325356404243 51
REALCHAR 9301480413241 2325370103323 51
REALCHAR 9301779372601 2325444843163 51
REALCHAR 9302480206321 2325620051593 51
REALCHAR 9303283904041 2325820976023 51
DEEP 9303961930201 2325990482568 71
REALCHAR 9304409473921 2326102368493 51
REALCHAR 9304450220521 2326112555143 51
REALCHAR 9305191489441 2326297872373 51
DEEP 9306125638489 2326531409640 71
REALCHAR 9307813330201 2326953332563 51
DEEP 9308334021529 2327083505400 71
DEEP 9308364780961 2327091195258 71
SUPPORT 9308597371441 2327149342873 51
SUPPORT 9308859596521 2327214899143 51
REALCHAR 9311981752441 2327995438123 51
REALCHAR 9312305148721 2328076287193 51
REALCHAR 9312316338361 2328079084603 51
DEEP 9312560843569 2328140210910 71
REALCHAR 9312895323001 2328223830763 51
DEEP 9312974296921 2328243574249 75
DEEP 9313313951041 2328328487778 71
REALCHAR 9314528581801 2328632145463 51
DEEP 9315271282249 2328817820580 71
REALCHAR 9316608484681 2329152121183 51
REALCHAR 9316936325761 2329234081453 51
DEEP 9316936325761 2329234081460 79
REALCHAR 9317696719321 2329424179843 51
DEEP 9317696719321 2329424179848 71
DEEP 9318712732729 2329678183200 71
REALCHAR 9319032420721 2329758105193 51
REALCHAR 9319254569881 2329813642483 51
SUPPORT 9319463143201 2329865785813 51
SUPPORT 9320818638121 2330204659543 51
REALCHAR 9320839993921 2330209998499 75
DEEP 9320839993921 2330209998500 79
DEEP 9321750689689 2330437672441 75
REALCHAR 9321904017721 2330476004443 51
REALCHAR 9322529232241 2330632308073 51
DEEP 9322756806841 2330689201728 71
REALCHAR 9323893998721 2330973499693 51
REALCHAR 9324139103161 2331034775803 51
REALCHAR 9324715758121 2331178939543 51
DEEP 9325264570561 2331316142658 71
REALCHAR 9325689074641 2331422268673 51
REALCHAR 9326374627441 2331593656873 51
REALCHAR 9327286725241 2331821681323 51
REALCHAR 9327444083281 2331861020833 51
REALCHAR 9328193862121 2332048465543 51
REALCHAR 9328273932961 2332068483253 51
REALCHAR 9328662797281 2332165699333 51
SUPPORT 9330137225161 2332534306303 51
SUPPORT 9330511440121 2332627860043 51
REALCHAR 9330595244881 2332648811233 51
DEEP 9330644914369 2332661228610 71
REALCHAR 9330726515881 2332681628989 75
DEEP 9330726515881 2332681628990 79
DEEP 9331294661329 2332823665350 71
REALCHAR 9331890719761 2332972679953 51
REALCHAR 9331955632561 2332988908153 51
REALCHAR 9333266364601 2333316591163 51
REALCHAR 9333290368921 2333322592243 51
REALCHAR 9333660060841 2333415015223 51
REALCHAR 9334113044881 2333528261233 51
REALCHAR 9334911820441 2333727955123 51
REALCHAR 9335578809001 2333894702263 51
REALCHAR 9337464427201 2334366106813 51
DEEP 9338815622761 2334703905708 71
SUPPORT 9339297143401 2334824285863 51
REALCHAR 9339319452961 2334829863253 51
DEEP 9342062450449 2335515612630 71
REALCHAR 9343952807401 2335988201863 51
REALCHAR 9344925646681 2336231411683 51
DEEP 9346589963929 2336647491002 79
DEEP 9347286019369 2336821504860 71
REALCHAR 9347322332401 2336830583113 51
REALCHAR 9349262817241 2337315704323 51
REALCHAR 9349727032801 2337431758213 51
DEEP 9349727032801 2337431758220 79
REALCHAR 9350612437321 2337653109343 51
REALCHAR 9352042562041 2338010640523 51
REALCHAR 9352171753681 2338042938433 51
REALCHAR 9352806949201 2338201737313 51
DEEP 9352806949201 2338201737318 71
REALCHAR 9353134625041 2338283656273 51
REALCHAR 9353363388121 2338340847043 51
REALCHAR 9354976670881 2338744167733 51
REALCHAR 9355251351601 2338812837913 51
SUPPORT 9355320096721 2338830024193 51
DEEP 9355320096721 2338830024198 71
REALCHAR 9356654940361 2339163735103 51
REALCHAR 9356695267921 2339173816993 51
REALCHAR 9356976920041 2339244230023 51
REALCHAR 9357116300401 2339279075113 51
SUPPORT 9357580528921 2339395132243 51
REALCHAR 9357696184321 2339424046093 51
DEEP 9358476420049 2339619105030 71
DEEP 9359364297529 2339841074400 71
REALCHAR 9360010690801 2340002672713 51
REALCHAR 9360325261681 2340081315433 51
REALCHAR 9361531631761 2340382907953 51
REALCHAR 9361934638681 2340483659683 51
REALCHAR 9362409173041 2340602293273 51
REALCHAR 9362416776001 2340604194013 51
REALCHAR 9363547599121 2340886899793 51
DEEP 9363625451041 2340906362779 75
REALCHAR 9364840076881 2341210019233 51
DEEP 9365036762761 2341259190710 79
REALCHAR 9365295608881 2341323902233 51
DEEP 9365665800241 2341416450078 71
REALCHAR 9366065579641 2341516394923 51
SUPPORT 9367938909001 2341984727263 51
DEEP 9368080140241 2342020035078 71
REALCHAR 9368111558521 2342027889643 51
REALCHAR 9369400947481 2342350236883 51
DEEP 9369451251241 2342362812829 75
DEEP 9369569408161 2342392352058 71
REALCHAR 9370469569561 2342617392403 51
REALCHAR 9371549482681 2342887370683 51
DEEP 9371855111089 2342963777791 75
DEEP 9372956785201 2343239196318 71
REALCHAR 9373082231041 2343270557779 75
DEEP 9373082231041 2343270557781 83
DEEP 9373706773369 2343426693363 83
REALCHAR 9373883197561 2343470799403 51
REALCHAR 9374017028401 2343504257113 51
SUPPORT 9376474160881 2344118540233 51
REALCHAR 9376629425641 2344157356423 51
REALCHAR 9376859148721 2344214787193 51
REALCHAR 9377240263561 2344310065903 51
REALCHAR 9377556934201 2344389233563 51
DEEP 9378057568489 2344514392145 91
REALCHAR 9379234650241 2344808662573 51
REALCHAR 9380352984601 2345088246163 51
REALCHAR 9380886586681 2345221646683 51
REALCHAR 9382116827521 2345529206893 51
REALCHAR 9382755769921 2345688942493 51
REALCHAR 9383185723921 2345796430993 51
REALCHAR 9383253896641 2345813474173 51
REALCHAR 9383946617761 2345986654453 51
SUPPORT 9384713498161 2346178374553 51
DEEP 9384865214209 2346216303571 75
DEEP 9385244179921 2346311044998 71
REALCHAR 9385427657761 2346356914453 51
SUPPORT 9386000721241 2346500180323 51
REALCHAR 9386258203921 2346564550993 51
REALCHAR 9387022692961 2346755673253 51
REALCHAR 9387809086681 2346952271683 51
DEEP 9387809086681 2346952271688 71
REALCHAR 9387871097641 2346967774423 51
REALCHAR 9388578655681 2347144663933 51
DEEP 9388859755081 2347214938789 75
DEEP 9389083321489 2347270830393 83
DEEP 9390272688241 2347568172081 83
DEEP 9390455080561 2347613770158 71
REALCHAR 9391189408441 2347797352123 51
DEEP 9391653549721 2347913387448 71
REALCHAR 9392357696401 2348089424113 51
DEEP 9392630451961 2348157613010 79
REALCHAR 9394394888761 2348598722203 51
DEEP 9394632409009 2348658102278 103
REALCHAR 9396684648961 2349171162253 51
DEEP 9399399792049 2349849948030 71
REALCHAR 9399883183441 2349970795873 51
DEEP 9400074116161 2350018529058 71
DEEP 9400590948841 2350147737228 71
REALCHAR 9400600401481 2350150100383 51
DEEP 9403012804441 2350753201128 71
REALCHAR 9403218126481 2350804531633 51
REALCHAR 9405192868681 2351298217183 51
DEEP 9405757142401 2351439285618 71
REALCHAR 9406136627281 2351534156833 51
DEEP 9406874002681 2351718500690 79
DEEP 9407150676169 2351787669060 71
REALCHAR 9409651336801 2352412834213 51
DEEP 9409691162089 2352422790540 71
DEEP 9411078478201 2352769619572 87
REALCHAR 9411954673801 2352988668463 51
REALCHAR 9412062048841 2353015512223 51
REALCHAR 9413786043841 2353446510973 51
REALCHAR 9414370479721 2353592619943 51
DEEP 9414370479721 2353592619950 79
REALCHAR 9414861552721 2353715388193 51
REALCHAR 9415422555361 2353855638853 51
REALCHAR 9416545890361 2354136472603 51
REALCHAR 9416602781041 2354150695273 51
REALCHAR 9417750078361 2354437519603 51
REALCHAR 9417808571161 2354452142803 51
REALCHAR 9418118335081 2354529583783 51
REALCHAR 9418477069681 2354619267433 51
DEEP 9418821184369 2354705296110 71
REALCHAR 9419597686321 2354899421593 51
DEEP 9419711527801 2354927881968 71
REALCHAR 9420393233161 2355098308303 51
REALCHAR 9420739954921 2355184988743 51
REALCHAR 9421621574401 2355405393613 51
DEEP 9421932320641 2355483080178 71
DEEP 9422007294001 2355501823518 71
REALCHAR 9422042186881 2355510546733 51
REALCHAR 9422359409761 2355589852453 51
REALCHAR 9423200699641 2355800174923 51
REALCHAR 9425498418961 2356374604753 51
REALCHAR 9426556773481 2356639193383 51
REALCHAR 9426615375241 2356653843829 75
DEEP 9426615375241 2356653843830 79
REALCHAR 9428611350601 2357152837663 51
SUPPORT 9429558924241 2357389731073 51
DEEP 9430234978609 2357558744670 71
REALCHAR 9430558571641 2357639642923 51
REALCHAR 9430923835369 2357730958861 75
DEEP 9430923835369 2357730958865 91
REALCHAR 9431412845761 2357853211453 51
REALCHAR 9432042875641 2358010718923 51
REALCHAR 9432130359961 2358032590003 51
REALCHAR 9432222430801 2358055607713 51
REALCHAR 9433645872121 2358411468043 51
SUPPORT 9434499143281 2358624785833 51
DEEP 9434499143281 2358624785840 79
REALCHAR 9434918253121 2358729563293 51
REALCHAR 9435284214841 2358821053723 51
REALCHAR 9435586447681 2358896611933 51
REALCHAR 9436872969001 2359218242263 51
REALCHAR 9437110462081 2359277615533 51
REALCHAR 9437431146361 2359357786603 51
REALCHAR 9437619376441 2359404844123 51
REALCHAR 9438982751641 2359745687923 51
REALCHAR 9439320858361 2359830214603 51
REALCHAR 9439926788161 2359981697053 51
DEEP 9439953019249 2359988254830 71
REALCHAR 9439987836841 2359996959223 51
REALCHAR 9440257551481 2360064387883 51
REALCHAR 9440266701121 2360066675293 51
REALCHAR 9440806510801 2360201627713 51
DEEP 9440942799649 2360235699931 75
REALCHAR 9441126709921 2360281677493 51
SUPPORT 9441525093001 2360381273263 51
REALCHAR 9442382426401 2360595606613 51
REALCHAR 9442877570281 2360719392589 75
DEEP 9442877570281 2360719392590 79
REALCHAR 9443166858841 2360791714723 51
REALCHAR 9443265137881 2360816284483 51
REALCHAR 9444855390961 2361213847753 51
REALCHAR 9445529379001 2361382344763 51
DEEP 9445529379001 2361382344770 79
DEEP 9446032568281 2361508142088 71
REALCHAR 9446326587721 2361581646943 51
REALCHAR 9447316100161 2361829025053 51
REALCHAR 9448004518681 2362001129683 51
DEEP 9448004518681 2362001129689 75
REALCHAR 9448058170321 2362014542593 51
REALCHAR 9448548269161 2362137067303 51
REALCHAR 9448713259441 2362178314873 51
REALCHAR 9449358922441 2362339730623 51
DEEP 9449399982961 2362349995761 83
REALCHAR 9450254936641 2362563734173 51
DEEP 9450254936641 2362563734178 71
REALCHAR 9450459332521 2362614833143 51
REALCHAR 9451252893601 2362813223413 51
SUPPORT 9451298620201 2362824655063 51
REALCHAR 9451939868281 2362984967083 51
DEEP 9451939868281 2362984967090 79
SUPPORT 9453358908361 2363339727103 51
DEEP 9453768536521 2363442134148 71
REALCHAR 9454062812041 2363515703023 51
REALCHAR 9455539161121 2363884790293 51
DEEP 9455999580889 2363999895240 71
REALCHAR 9456814893241 2364203723323 51
REALCHAR 9458578362601 2364644590663 51
REALCHAR 9459031491121 2364757872793 51
REALCHAR 9459396291361 2364849072853 51
REALCHAR 9459555585481 2364888896383 51
REALCHAR 9460101761881 2365025440483 51
REALCHAR 9460395754681 2365098938683 51
DEEP 9461401802161 2365350450558 71
REALCHAR 9462585995641 2365646498923 51
DEEP 9463915870369 2365978967610 71
REALCHAR 9464153389441 2366038347373 51
DEEP 9464153389441 2366038347378 71
DEEP 9464527592809 2366131898220 71
DEEP 9464729960449 2366182490130 71
REALCHAR 9464828172361 2366207043103 51
DEEP 9465660160009 2366415040020 71
REALCHAR 9467477467561 2366869366903 51
DEEP 9468013077769 2367003269460 71
REALCHAR 9468073914601 2367018478663 51
DEEP 9469630633369 2367407658361 75
REALCHAR 9469927245601 2367481811413 51
SUPPORT 9470389608241 2367597402073 51
REALCHAR 9472293701641 2368073425423 51
REALCHAR 9472669447081 2368167361783 51
REALCHAR 9472942968241 2368235742073 51
DEEP 9473571226681 2368392806688 71
REALCHAR 9474277818721 2368569454693 51
DEEP 9474289826401 2368572456620 79
DEEP 9474753583681 2368688395938 71
DEEP 9474970315801 2368742578968 71
REALCHAR 9475755457081 2368938864283 51
REALCHAR 9476265238441 2369066309623 51
SUPPORT 9476725337641 2369181334423 51
SUPPORT 9477074630521 2369268657643 51
REALCHAR 9477705523441 2369426380873 51
REALCHAR 9478067129521 2369516782393 51
DEEP 9478455725209 2369613931320 71
SUPPORT 9478592323201 2369648080813 51
REALCHAR 9479190751801 2369797687963 51
REALCHAR 9481295625481 2370323906383 51
REALCHAR 9481367511841 2370341877973 51
REALCHAR 9482365652761 2370591413203 51
DEEP 9483303707641 2370825926928 71
REALCHAR 9483316913281 2370829228333 51
DEEP 9483892398289 2370973099591 75
REALCHAR 9484207130161 2371051782553 51
DEEP 9485834376841 2371458594228 71
REALCHAR 9487312345681 2371828086433 51
SUPPORT 9487342431961 2371835608003 51
REALCHAR 9488051653921 2372012913493 51
REALCHAR 9488086251121 2372021562793 51
DEEP 9488482960009 2372120740020 71
REALCHAR 9488948130601 2372237032663 51
REALCHAR 9489030944761 2372257736203 51
SUPPORT 9489179217961 2372294804503 51
DEEP 9489366415489 2372341603890 71
REALCHAR 9491245099561 2372811274903 51
REALCHAR 9494493828121 2373623457043 51
DEEP 9494534980681 2373633745188 71
REALCHAR 9494622462361 2373655615603 51
REALCHAR 9495616136161 2373904034053 51
DEEP 9496478244289 2374119561090 71
REALCHAR 9497177653681 2374294413433 51
REALCHAR 9497207082841 2374301770723 51
REALCHAR 9498176427601 2374544106919 75
DEEP 9498176427601 2374544106920 79
REALCHAR 9499309540081 2374827385033 51
REALCHAR 9501368334481 2375342083633 51
REALCHAR 9501439581481 2375359895383 51
DEEP 9501514758961 2375378689758 71
REALCHAR 9502585936561 2375646484153 51
REALCHAR 9503096304601 2375774076163 51
DEEP 9503253814609 2375813453670 71
REALCHAR 9503476133761 2375869033453 51
REALCHAR 9503518207681 2375879551933 51
DEEP 9507353551609 2376838387920 71
REALCHAR 9507803468641 2376950867173 51
REALCHAR 9509512424161 2377378106053 51
DEEP 9510112443841 2377528110978 71
SUPPORT 9510496988521 2377624247143 51
REALCHAR 9510873564721 2377718391193 51
REALCHAR 9511240339441 2377810084873 51
REALCHAR 9511625260201 2377906315063 51
DEEP 9514316548801 2378579137218 71
REALCHAR 9514619042041 2378654760523 51
DEEP 9514619042041 2378654760528 71
DEEP 9515928021601 2378982005420 79
REALCHAR 9516566139721 2379141534943 51
REALCHAR 9516975320161 2379243830053 51
REALCHAR 9517321607641 2379330401923 51
DEEP 9518056227289 2379514056840 71
DEEP 9518206765369 2379551691360 71
REALCHAR 9518893976881 2379723494233 51
DEEP 9519432844321 2379858211098 71
REALCHAR 9519794120281 2379948530083 51
REALCHAR 9520573861681 2380143465433 51
DEEP 9520824763921 2380206190998 71
DEEP 9521512649401 2380378162368 71
DEEP 9522125215201 2380531303818 71
REALCHAR 9523257351721 2380814337943 51
REALCHAR 9523754629321 2380938657343 51
REALCHAR 9524027261401 2381006815373 91
DEEP 9524027261401 2381006815374 95
DEEP 9524076290089 2381019072540 71
DEEP 9524773918969 2381193479760 71
REALCHAR 9525015705241 2381253926323 51
REALCHAR 9525023286601 2381255821663 51
REALCHAR 9525321995641 2381330498923 51
DEEP 9525350573209 2381337643320 71
REALCHAR 9526632740881 2381658185233 51
REALCHAR 9526984151281 2381746037833 51
REALCHAR 9527825020921 2381956255243 51
REALCHAR 9527903286841 2381975821723 51
REALCHAR 9528782849881 2382195712483 51
REALCHAR 9529902815161 2382475703803 51
DEEP 9529902815161 2382475703810 79
REALCHAR 9530449848481 2382612462133 51
DEEP 9530663360689 2382665840190 71
DEEP 9530812087729 2382703021951 75
REALCHAR 9531419582281 2382854895583 51
SUPPORT 9532130001241 2383032500323 51
REALCHAR 9532278338881 2383069584733 51
REALCHAR 9532310471401 2383077617863 51
REALCHAR 9532526308321 2383131577093 51
SUPPORT 9533257336201 2383314334063 51
REALCHAR 9533286979441 2383321744873 51
DEEP 9533728233121 2383432058298 71
REALCHAR 9533742326161 2383435581553 51
REALCHAR 9533800444081 2383450111033 51
REALCHAR 9533893802161 2383473450553 51
REALCHAR 9533976431281 2383494107833 51
REALCHAR 9534630523441 2383657630873 51
REALCHAR 9534630640441 2383657660123 51
SUPPORT 9535281267121 2383820316793 51
REALCHAR 9536564813161 2384141203303 51
REALCHAR 9536647871521 2384161967893 51
REALCHAR 9538013117161 2384503279303 51
REALCHAR 9538144236721 2384536059193 51
DEEP 9540046330369 2385011582610 71
REALCHAR 9540289531081 2385072382783 51
REALCHAR 9540566948641 2385141737173 51
REALCHAR 9540856664641 2385214166173 51
DEEP 9541174122769 2385293530711 75
REALCHAR 9541793992201 2385448498063 51
REALCHAR 9544820129881 2386205032483 51
REALCHAR 9546617513161 2386654378303 51
SUPPORT 9547101234841 2386775308723 51
DEEP 9549567406129 2387391851550 71
DEEP 9549985148089 2387496287040 71
DEEP 9551634847561 2387908711910 79
REALCHAR 9552040129921 2388010032493 51
DEEP 9552354962089 2388088740540 71
DEEP 9552425449009 2388106362271 75
SUPPORT 9553982769241 2388495692323 51
REALCHAR 9554053892881 2388513473233 51
REALCHAR 9554527726129 2388631931551 75
DEEP 9554527726129 2388631931552 79
REALCHAR 9554791618681 2388697904683 51
REALCHAR 9555322613281 2388830653333 51
REALCHAR 9555478796161 2388869699053 51
DEEP 9556134325201 2389033581318 71
SUPPORT 9556640624281 2389160156083 51
REALCHAR 9557710425169 2389427606311 75
DEEP 9557710425169 2389427606312 79
REALCHAR 9560420026609 2390105006671 75
DEEP 9560420026609 2390105006672 79
SUPPORT 9561263869921 2390315967493 51
REALCHAR 9561514666201 2390378666563 51
REALCHAR 9561692300521 2390423075143 51
REALCHAR 9562127126161 2390531781553 51
REALCHAR 9562323503041 2390580875773 51
SUPPORT 9562895647561 2390723911903 51
REALCHAR 9563978820841 2390994705223 51
DEEP 9563978820841 2390994705228 71
REALCHAR 9564272464321 2391068116093 51
REALCHAR 9564514226401 2391128556613 51
REALCHAR 9567616675369 2391904168861 75
DEEP 9567616675369 2391904168864 87
REALCHAR 9567903562681 2391975890683 51
REALCHAR 9568214814601 2392053703663 51
REALCHAR 9570546692281 2392636673083 51
DEEP 9571609168081 2392902292039 75
DEEP 9573161128969 2393290282260 71
REALCHAR 9573243058681 2393310764683 51
REALCHAR 9574164471481 2393541117883 51
DEEP 9574164471481 2393541117888 71
REALCHAR 9574170646681 2393542661683 51
REALCHAR 9574232574481 2393558143633 51
REALCHAR 9574594761601 2393648690413 51
DEEP 9574733331409 2393683332870 71
DEEP 9575187767161 2393796941808 71
REALCHAR 9575533490041 2393883372523 51
REALCHAR 9575836635121 2393959158793 51
REALCHAR 9577099845121 2394274961293 51
REALCHAR 9578596875241 2394649218823 51
REALCHAR 9580092974761 2395023243703 51
REALCHAR 9581886759481 2395471689883 51
REALCHAR 9583137780841 2395784445223 51
REALCHAR 9586062896281 2396515724083 51
REALCHAR 9587155523401 2396788880863 51
DEEP 9587155523401 2396788880870 79
REALCHAR 9587874860281 2396968715083 51
DEEP 9590501243761 2397625310958 71
REALCHAR 9590593729201 2397648432313 51
DEEP 9591274645681 2397818661440 79
REALCHAR 9592418205841 2398104551473 51
REALCHAR 9594106833481 2398526708383 51
REALCHAR 9594277301281 2398569325333 51
REALCHAR 9594814451401 2398703612863 51
REALCHAR 9595087060441 2398771765123 51
REALCHAR 9595413828001 2398853457013 51
REALCHAR 9595497256801 2398874314213 51
REALCHAR 9595642896841 2398910724223 51
REALCHAR 9595670460601 2398917615163 51
REALCHAR 9597498561121 2399374640293 51
DEEP 9600420605689 2400105151441 75
SUPPORT 9601714393441 2400428598373 51
SUPPORT 9602116596361 2400529149103 51
SUPPORT 9602365911961 2400591478003 51
REALCHAR 9603766733401 2400941683363 51
REALCHAR 9604728275041 2401182068773 51
DEEP 9604757475769 2401189368963 83
REALCHAR 9606268082161 2401567020553 51
DEEP 9607066360369 2401766590110 71
REALCHAR 9607590984601 2401897746163 51
REALCHAR 9608093367601 2402023341913 51
DEEP 9608666453929 2402166613501 75
DEEP 9608688546601 2402172136669 75
REALCHAR 9608923951201 2402230987813 51
DEEP 9608923951201 2402230987826 103
DEEP 9609693308329 2402423327103 83
DEEP 9610563010129 2402640752550 71
DEEP 9610571631049 2402642907780 71
DEEP 9610747921009 2402686980270 71
DEEP 9612550930921 2403137732750 79
REALCHAR 9612896933641 2403224233423 51
REALCHAR 9613433389921 2403358347493 51
REALCHAR 9615448873801 2403862218463 51
DEEP 9615448873801 2403862218468 71
SUPPORT 9617426331241 2404356582823 51
REALCHAR 9619605689521 2404901422393 51
REALCHAR 9620759159881 2405189789983 51
REALCHAR 9620967842641 2405241960673 51
DEEP 9620979961321 2405244990348 71
DEEP 9622194914641 2405548728678 71
REALCHAR 9622222846681 2405555711683 51
DEEP 9623491120489 2405872780140 71
REALCHAR 9624071256361 2406017814103 51
DEEP 9624642213169 2406160553310 71
DEEP 9625030791289 2406257697844 87
REALCHAR 9625354634281 2406338658583 51
REALCHAR 9626075597161 2406518899303 51
SUPPORT 9626523706801 2406630926713 51
SUPPORT 9627382805881 2406845701483 51
REALCHAR 9627731652841 2406932913223 51
DEEP 9627935594281 2406983898590 79
REALCHAR 9628306014721 2407076503693 51
REALCHAR 9628851465601 2407212866413 51
REALCHAR 9629274624841 2407318656223 51
REALCHAR 9630284636281 2407571159083 51
REALCHAR 9630370485961 2407592621503 51
DEEP 9630370485961 2407592621509 75
DEEP 9631472808169 2407868202060 71
DEEP 9632047211329 2408011802850 71
REALCHAR 9634330985161 2408582746303 51
DEEP 9635977319929 2408994330002 79
DEEP 9636883810849 2409220952730 71
REALCHAR 9637031092441 2409257773123 51
REALCHAR 9637299950041 2409324987523 51
REALCHAR 9637473114721 2409368278693 51
DEEP 9637473114721 2409368278698 71
REALCHAR 9637506477481 2409376619383 51
REALCHAR 9639261843121 2409815460793 51
DEEP 9639287566561 2409821891658 71
SUPPORT 9639508049161 2409877012303 51
REALCHAR 9641157795481 2410289448883 51
REALCHAR 9641957126881 2410489281733 51
SUPPORT 9642006317161 2410501579303 51
DEEP 9642142217761 2410535554458 71
REALCHAR 9642957195481 2410739298883 51
DEEP 9643127763481 2410781940888 71
REALCHAR 9645307239481 2411326809883 51
REALCHAR 9645515181121 2411378795293 51
REALCHAR 9645568918441 2411392229623 51
REALCHAR 9645928788721 2411482197193 51
REALCHAR 9645970545481 2411492636383 51
DEEP 9648171253009 2412042813270 71
REALCHAR 9648307834201 2412076958563 51
REALCHAR 9648801332641 2412200333173 51
SUPPORT 9648891306961 2412222826753 51
REALCHAR 9649360498801 2412340124713 51
DEEP 9650263616449 2412565904130 71
DEEP 9650519943289 2412629985840 71
DEEP 9651137318761 2412784329708 71
REALCHAR 9652483777561 2413120944403 51
REALCHAR 9653460615241 2413365153823 51
DEEP 9653460615241 2413365153828 71
REALCHAR 9653691081241 2413422770323 51
REALCHAR 9653765264641 2413441316173 51
REALCHAR 9653941673401 2413485418363 51
REALCHAR 9654675411481 2413668852883 51
REALCHAR 9655537362241 2413884340573 51
DEEP 9656981434489 2414245358640 71
DEEP 9657373180849 2414343295231 75
SUPPORT 9660517269001 2415129317263 51
REALCHAR 9660571841761 2415142960453 51
REALCHAR 9663695278561 2415923819653 51
DEEP 9663798566041 2415949641528 71
DEEP 9664128984409 2416032246120 71
REALCHAR 9665056532041 2416264133023 51
REALCHAR 9666347523361 2416586880853 51
REALCHAR 9667361679361 2416840419853 51
DEEP 9667361679361 2416840419858 71
REALCHAR 9667975680001 2416993920013 51
REALCHAR 9670081853041 2417520463273 51
DEEP 9670399727041 2417599931778 71
REALCHAR 9670565298241 2417641324573 51
REALCHAR 9672567711361 2418141927853 51
REALCHAR 9673074409441 2418268602373 51
REALCHAR 9673666362721 2418416590693 51
DEEP 9673666362721 2418416590698 71
SUPPORT 9674011134841 2418502783723 51
REALCHAR 9674216197801 2418554049463 51
REALCHAR 9675703117441 2418925779373 51
REALCHAR 9676568304841 2419142076223 51
SUPPORT 9676783160641 2419195790173 51
DEEP 9676783160641 2419195790179 75
REALCHAR 9678014026321 2419503506593 51
REALCHAR 9678477911041 2419619477773 51
DEEP 9678518542729 2419629635700 71
DEEP 9679296009601 2419824002419 75
REALCHAR 9681870975841 2420467743973 51
DEEP 9681870975841 2420467743982 87
REALCHAR 9682060347961 2420515087003 51
REALCHAR 9682924027921 2420731006993 51
REALCHAR 9683515879801 2420878969963 51
REALCHAR 9683624319121 2420906079793 51
DEEP 9683928593641 2420982148429 75
REALCHAR 9683974831801 2420993707963 51
REALCHAR 9685138256641 2421284564173 51
DEEP 9685138256641 2421284564179 75
DEEP 9687263476081 2421815869038 71
DEEP 9687728662921 2421932165748 71
REALCHAR 9690570206641 2422642551673 51
REALCHAR 9691181886961 2422795471753 51
REALCHAR 9692292274921 2423073068749 75
DEEP 9692292274921 2423073068750 79
REALCHAR 9693365430961 2423341357753 51
REALCHAR 9693816956041 2423454239023 51
REALCHAR 9694800349441 2423700087373 51
DEEP 9695019506929 2423754876752 79
REALCHAR 9695157513721 2423789378443 51
REALCHAR 9697414447561 2424353611903 51
SUPPORT 9697435186321 2424358796593 51
DEEP 9697902590401 2424475647618 71
REALCHAR 9700116156481 2425029039133 51
DEEP 9700340483089 2425085120790 71
REALCHAR 9700968448081 2425242112033 51
REALCHAR 9701212678921 2425303169743 51
REALCHAR 9701747025961 2425436756503 51
REALCHAR 9703101047641 2425775261923 51
SUPPORT 9703370673481 2425842668383 51
DEEP 9703370673481 2425842668388 71
DEEP 9703567856761 2425891964208 71
REALCHAR 9704246621521 2426061655393 51
REALCHAR 9704344644121 2426086161043 51
REALCHAR 9704696605081 2426174151283 51
REALCHAR 9706960039921 2426740009993 51
DEEP 9707106369409 2426776592370 71
DEEP 9707122562281 2426780640590 79
REALCHAR 9707589534241 2426897383573 51
DEEP 9707589534241 2426897383578 71
DEEP 9707792809009 2426948202270 71
REALCHAR 9708046937521 2427011734393 51
DEEP 9710133437449 2427533359380 71
REALCHAR 9710589174001 2427647293513 51
DEEP 9710843747089 2427710936790 71
REALCHAR 9711199364161 2427799841053 51
REALCHAR 9711361820161 2427840455053 51
DEEP 9711361820161 2427840455058 71
SUPPORT 9712126559521 2428031639893 51
SUPPORT 9712550957041 2428137739273 51
REALCHAR 9712682646241 2428170661573 51
REALCHAR 9713101695361 2428275423853 51
REALCHAR 9713122556281 2428280639083 51
REALCHAR 9713573062561 2428393265653 51
REALCHAR 9714834236641 2428708559173 51
SUPPORT 9714970262761 2428742565703 51
REALCHAR 9715894266961 2428973566753 51
REALCHAR 9716638930441 2429159732623 51
REALCHAR 9718080885241 2429520221323 51
REALCHAR 9718632896281 2429658224083 51
REALCHAR 9718668247201 2429667061813 51
DEEP 9719111326681 2429777831690 79
DEEP 9720760093489 2430190023391 75
REALCHAR 9720799371721 2430199842943 51
DEEP 9720874940401 2430218735118 71
REALCHAR 9720965532721 2430241383193 51
REALCHAR 9722598859801 2430649714963 51
REALCHAR 9724165653721 2431041413443 51
REALCHAR 9724440503761 2431110125953 51
REALCHAR 9727398361321 2431849590343 51
REALCHAR 9727444381561 2431861095403 51
REALCHAR 9729100661641 2432275165423 51
REALCHAR 9729811859161 2432452964803 51
DEEP 9730518895969 2432629724011 75
REALCHAR 9730588421401 2432647105363 51
REALCHAR 9730917027001 2432729256763 51
DEEP 9731301814081 2432825453538 71
DEEP 9731491326769 2432872831710 71
REALCHAR 9731612547721 2432903136943 51
DEEP 9731832183649 2432958045930 71
REALCHAR 9732374379121 2433093594793 51
DEEP 9732374379121 2433093594799 75
DEEP 9732718359841 2433179589978 71
REALCHAR 9732795951649 2433198987931 75
DEEP 9732795951649 2433198987932 79
DEEP 9734927933641 2433731983428 71
REALCHAR 9735260499721 2433815124943 51
REALCHAR 9735277216681 2433819304183 51
DEEP 9735277216681 2433819304188 71
DEEP 9735385945321 2433846486348 71
DEEP 9736788732889 2434197183240 71
REALCHAR 9737414614321 2434353653593 51
REALCHAR 9737438966161 2434359741553 51
REALCHAR 9738607857001 2434651964263 51
REALCHAR 9738655166881 2434663791733 51
REALCHAR 9738662331841 2434665582973 51
REALCHAR 9739952981641 2434988245423 51
DEEP 9740426559889 2435106639990 71
REALCHAR 9740497238761 2435124309703 51
DEEP 9741063042649 2435265760681 75
REALCHAR 9742061981521 2435515495393 51
SUPPORT 9743652408361 2435913102103 51
REALCHAR 9744973963321 2436243490843 51
REALCHAR 9746492074201 2436623018563 51
SUPPORT 9746924056321 2436731014093 51
REALCHAR 9747277075561 2436819268903 51
DEEP 9747481029049 2436870257280 71
REALCHAR 9747922430401 2436980607613 51
DEEP 9748940666089 2437235166540 71
DEEP 9748980867649 2437245216930 71
DEEP 9749460012769 2437365003213 83
REALCHAR 9749580884761 2437395221203 51
DEEP 9751320569929 2437830142500 71
REALCHAR 9751840421761 2437960105453 51
REALCHAR 9753373067881 2438343266983 51
DEEP 9753489932761 2438372483212 87
DEEP 9753785612041 2438446403028 71
REALCHAR 9754219382041 2438554845523 51
REALCHAR 9754221240481 2438555310133 51
REALCHAR 9754735108561 2438683777153 51
DEEP 9754735108561 2438683777158 71
REALCHAR 9754901135281 2438725283833 51
REALCHAR 9755372965321 2438843241343 51
REALCHAR 9755453292601 2438863323163 51
DEEP 9755453292601 2438863323168 71
DEEP 9755632272961 2438908068258 71
REALCHAR 9756048893761 2439012223453 51
DEEP 9756570664801 2439142666220 79
REALCHAR 9757565619481 2439391404883 51
REALCHAR 9757596730561 2439399182653 51
REALCHAR 9759183155401 2439795788863 51
REALCHAR 9760061197441 2440015299373 51
REALCHAR 9760192475881 2440048118983 51
REALCHAR 9760740919801 2440185229963 51
DEEP 9762212877169 2440553219310 71
REALCHAR 9762604217521 2440651054393 51
REALCHAR 9762770482921 2440692620743 51
DEEP 9762770482921 2440692620748 71
DEEP 9762827161201 2440706790320 79
DEEP 9764022534289 2441005633590 71
REALCHAR 9764259040561 2441064760153 51
DEEP 9765024196489 2441256049140 71
REALCHAR 9765534627601 2441383656913 51
REALCHAR 9766035855601 2441508963913 51
REALCHAR 9767267789161 2441816947303 51
REALCHAR 9767720166961 2441930041753 51
REALCHAR 9767846771281 2441961692833 51
REALCHAR 9768206939401 2442051734863 51
REALCHAR 9768347972881 2442086993233 51
REALCHAR 9768692661841 2442173165473 51
REALCHAR 9768800321281 2442200080333 51
REALCHAR 9768949716241 2442237429073 51
DEEP 9768949716241 2442237429078 71
DEEP 9769089331369 2442272332861 75
REALCHAR 9769815169321 2442453792343 51
DEEP 9769980224449 2442495056130 71
REALCHAR 9773888623801 2443472155963 51
REALCHAR 9774242839201 2443560709813 51
DEEP 9774242839201 2443560709821 83
REALCHAR 9774902720881 2443725680233 51
REALCHAR 9775277508481 2443819377133 51
DEEP 9775277508481 2443819377138 71
REALCHAR 9776118957361 2444029739353 51
REALCHAR 9776429974081 2444107493533 51
REALCHAR 9777167782321 2444291945593 51
DEEP 9777534069241 2444383517328 71
REALCHAR 9777952458121 2444488114543 51
DEEP 9779546256769 2444886564210 71
REALCHAR 9780071359081 2445017839783 51
DEEP 9780470213089 2445117553295 91
REALCHAR 9782678254801 2445669563713 51
DEEP 9783379779889 2445844944990 71
REALCHAR 9784105193641 2446026298423 51
DEEP 9784743934729 2446185983702 79
DEEP 9786165807289 2446541451840 71
REALCHAR 9786329109001 2446582277263 51
REALCHAR 9787234676041 2446808669023 51
REALCHAR 9787651432441 2446912858123 51
REALCHAR 9787654222921 2446913555743 51
REALCHAR 9787888044841 2446972011223 51
DEEP 9788397513049 2447099378280 71
SUPPORT 9789438351001 2447359587763 51
DEEP 9793872016681 2448468004188 71
REALCHAR 9794265697441 2448566424373 51
DEEP 9795835954921 2448958988748 71
REALCHAR 9795958326001 2448989581513 51
REALCHAR 9796955699521 2449238924893 51
REALCHAR 9798652684921 2449663171243 51
DEEP 9799554244489 2449888561140 71
REALCHAR 9800250315241 2450062578823 51
REALCHAR 9800254105321 2450063526343 51
DEEP 9803688524569 2450922131162 79
DEEP 9804475193041 2451118798278 71
REALCHAR 9805329384601 2451332346163 51
DEEP 9805953455281 2451488363838 71
REALCHAR 9806461637281 2451615409333 51
DEEP 9806518369729 2451629592450 71
REALCHAR 9807616600681 2451904150183 51
REALCHAR 9808117815721 2452029453943 51
REALCHAR 9809122650721 2452280662693 51
REALCHAR 9809834154121 2452458538543 51
DEEP 9809834154121 2452458538548 71
REALCHAR 9809871224521 2452467806143 51
DEEP 9810799275601 2452699818918 71
SUPPORT 9811116583321 2452779145843 51
REALCHAR 9811412579641 2452853144923 51
SUPPORT 9811481965321 2452870491343 51
REALCHAR 9812298674161 2453074668553 51
DEEP 9812869968841 2453217492229 75
DEEP 9812877943969 2453219486010 71
REALCHAR 9814060595161 2453515148803 51
DEEP 9814309185409 2453577296370 71
REALCHAR 9815085296641 2453771324173 51
DEEP 9815085296641 2453771324178 71
REALCHAR 9815875552081 2453968888033 51
REALCHAR 9815947780081 2453986945033 51
REALCHAR 9816462329521 2454115582393 51
REALCHAR 9817474498441 2454368624623 51
REALCHAR 9817587932161 2454396983053 51
SUPPORT 9818147755081 2454536938783 51
REALCHAR 9820265171161 2455066292803 51
REALCHAR 9820858188241 2455214547073 51
SUPPORT 9822582817441 2455645704373 51
REALCHAR 9822832497241 2455708124323 51
REALCHAR 9822836970241 2455709242573 51
DEEP 9823113854401 2455778463618 71
REALCHAR 9823128421681 2455782105433 51
REALCHAR 9823498903201 2455874725813 51
REALCHAR 9823509899641 2455877474923 51
SUPPORT 9824042067841 2456010516973 51
REALCHAR 9824127523081 2456031880783 51
REALCHAR 9826102904641 2456525726173 51
SUPPORT 9827543566681 2456885891683 51
REALCHAR 9827590784881 2456897696233 51
DEEP 9827590784881 2456897696239 75
REALCHAR 9828351819001 2457087954763 51
DEEP 9828382797601 2457095699418 71
REALCHAR 9829654711321 2457413677843 51
REALCHAR 9829793331121 2457448332793 51
REALCHAR 9830006787241 2457501696823 51
SUPPORT 9830039137801 2457509784463 51
DEEP 9830039137801 2457509784468 71
REALCHAR 9830513522041 2457628380523 51
REALCHAR 9830875335961 2457718834003 51
SUPPORT 9831035236801 2457758809213 51
REALCHAR 9831544439161 2457886109803 51
REALCHAR 9833692324681 2458423081183 51
REALCHAR 9834776897401 2458694224363 51
REALCHAR 9835782675601 2458945668913 51
REALCHAR 9836563232521 2459140808143 51
DEEP 9836801586481 2459200396639 75
REALCHAR 9837969086401 2459492271613 51
REALCHAR 9840471774961 2460117943753 51
REALCHAR 9840955174801 2460238793713 51
DEEP 9841020655489 2460255163890 71
DEEP 9842508248329 2460627062100 71
REALCHAR 9843193335361 2460798333853 51
REALCHAR 9843465057721 2460866264443 51
DEEP 9843702589681 2460925647439 75
REALCHAR 9844735323721 2461183830943 51
SUPPORT 9844738110601 2461184527663 51
DEEP 9844738110601 2461184527668 71
DEEP 9845235895609 2461308973921 75
REALCHAR 9848059991641 2462014997923 51
SUPPORT 9848314428241 2462078607073 51
REALCHAR 9848675808841 2462168952223 51
REALCHAR 9848864010001 2462216002513 51
DEEP 9848864010001 2462216002520 79
DEEP 9850085203729 2462521300950 71
REALCHAR 9850691561881 2462672890483 51
REALCHAR 9851816337841 2462954084473 51
REALCHAR 9852355884361 2463088971103 51
REALCHAR 9852658568041 2463164642023 51
REALCHAR 9854109752041 2463527438023 51
DEEP 9855856363369 2463964090860 71
SUPPORT 9856591930201 2464147982563 51
REALCHAR 9856728246121 2464182061543 51
DEEP 9857787841729 2464446960450 71
REALCHAR 9858001986361 2464500496603 51
DEEP 9858162926089 2464540731540 71
REALCHAR 9858300259921 2464575064993 51
REALCHAR 9861421374841 2465355343723 51
REALCHAR 9862673123521 2465668280893 51
SUPPORT 9863328799921 2465832199993 51
DEEP 9863967464521 2465991866148 71
SUPPORT 9864456395641 2466114098923 51
REALCHAR 9865011757441 2466252939373 51
REALCHAR 9865083907561 2466270976903 51
REALCHAR 9865122769441 2466280692373 51
REALCHAR 9865702195561 2466425548903 51
DEEP 9866325387361 2466581346860 79
DEEP 9866589657961 2466647414508 71
REALCHAR 9866758310161 2466689577553 51
REALCHAR 9867583557001 2466895889263 51
REALCHAR 9870204935761 2467551233953 51
DEEP 9870204935761 2467551233958 71
DEEP 9870475847521 2467618961898 71
REALCHAR 9870571208521 2467642802143 51
REALCHAR 9870740936281 2467685234083 51
REALCHAR 9871442316121 2467860579043 51
DEEP 9871540465081 2467885116288 71
SUPPORT 9871633980961 2467908495253 51
REALCHAR 9872982386401 2468245596613 51
REALCHAR 9873990078241 2468497519573 51
DEEP 9874338293689 2468584573440 71
REALCHAR 9875799155161 2468949788803 51
REALCHAR 9876970084921 2469242521243 51
DEEP 9878908322761 2469727080711 83
REALCHAR 9879560433961 2469890108503 51
REALCHAR 9880069976401 2470017494113 51
REALCHAR 9880571797321 2470142949343 51
DEEP 9882309290569 2470577322660 71
REALCHAR 9882779450041 2470694862523 51
REALCHAR 9885678303601 2471419575913 51
DEEP 9885740461081 2471435115288 71
DEEP 9886043514649 2471510878680 71
DEEP 9886482055129 2471620513800 71
REALCHAR 9886818974041 2471704743523 51
REALCHAR 9887581431121 2471895357793 51
DEEP 9887626219969 2471906555010 71
DEEP 9887967400249 2471991850082 79
DEEP 9887974600729 2471993650200 71
REALCHAR 9888845458801 2472211364713 51
REALCHAR 9890743576921 2472685894243 51
REALCHAR 9891532432321 2472883108093 51
REALCHAR 9891762830401 2472940707613 51
REALCHAR 9892158177841 2473039544473 51
DEEP 9892916822881 2473229205738 71
REALCHAR 9892917816721 2473229454193 51
SUPPORT 9893136813121 2473284203293 51
DEEP 9893501823241 2473375455828 71
REALCHAR 9893738421961 2473434605503 51
REALCHAR 9893744150761 2473436037703 51
REALCHAR 9893994701761 2473498675453 51
DEEP 9894880943809 2473720235974 87
REALCHAR 9895223414521 2473805853643 51
SUPPORT 9895622908081 2473905727033 51
DEEP 9895952244049 2473988061031 75
REALCHAR 9896050653241 2474012663323 51
DEEP 9896050653241 2474012663328 71
DEEP 9896640433969 2474160108510 71
REALCHAR 9897862361521 2474465590393 51
DEEP 9899136435169 2474784108810 71
REALCHAR 9899406967921 2474851741993 51
REALCHAR 9899861927881 2474965481983 51
DEEP 9900383846809 2475095961720 71
REALCHAR 9901402555801 2475350638963 51
DEEP 9901412977369 2475353244361 75
SUPPORT 9901795809361 2475448952353 51
REALCHAR 9901961575801 2475490393963 51
DEEP 9902312600569 2475578150160 71
SUPPORT 9902851415521 2475712853893 51
REALCHAR 9903515141881 2475878785483 51
REALCHAR 9904147712761 2476036928203 51
REALCHAR 9904477070401 2476119267613 51
REALCHAR 9905022841561 2476255710403 51
DEEP 9905382495121 2476345623798 71
REALCHAR 9905802707641 2476450676923 51
REALCHAR 9906225685801 2476556421463 51
REALCHAR 9906771299881 2476692824983 51
REALCHAR 9907281189961 2476820297503 51
REALCHAR 9907282345801 2476820586463 51
REALCHAR 9908319093481 2477079773383 51
REALCHAR 9908619299401 2477154824863 51
REALCHAR 9909437748961 2477359437253 51
REALCHAR 9910015253041 2477503813273 51
REALCHAR 9910771492561 2477692873153 51
DEEP 9910888172641 2477722043178 71
REALCHAR 9911098409521 2477774602393 51
REALCHAR 9911201021401 2477800255363 51
DEEP 9913522243249 2478380560830 71
REALCHAR 9913997018641 2478499254673 51
REALCHAR 9914155010761 2478538752703 51
DEEP 9914821292401 2478705323120 79
REALCHAR 9914861474281 2478715368583 51
REALCHAR 9914977240921 2478744310243 51
REALCHAR 9916412683321 2479103170843 51
REALCHAR 9916931843641 2479232960923 51
REALCHAR 9917264700841 2479316175223 51
REALCHAR 9917409496201 2479352374063 51
REALCHAR 9917633937961 2479408484503 51
REALCHAR 9918252561361 2479563140353 51
DEEP 9918252561361 2479563140360 79
DEEP 9918660578401 2479665144622 87
DEEP 9918700504969 2479675126260 71
REALCHAR 9919772976961 2479943244253 51
REALCHAR 9919897829521 2479974457393 51
DEEP 9919912513729 2479978128450 71
REALCHAR 9920347437841 2480086859473 51
REALCHAR 9921354315601 2480338578913 51
REALCHAR 9921920670601 2480480167663 51
REALCHAR 9922628177641 2480657044423 51
REALCHAR 9925889139721 2481472284943 51
SUPPORT 9926049921841 2481512480473 51
REALCHAR 9926512182721 2481628045693 51
REALCHAR 9927539576161 2481884894053 51
SUPPORT 9928643547601 2482160886913 51
DEEP 9928643547601 2482160886918 71
REALCHAR 9930674328481 2482668582133 51
REALCHAR 9930685277881 2482671319483 51
REALCHAR 9930862502401 2482715625613 51
REALCHAR 9932223644641 2483055911173 51
DEEP 9932620250569 2483155062661 75
REALCHAR 9933208586401 2483302146613 51
REALCHAR 9933283161481 2483320790383 51
REALCHAR 9935287813201 2483821953313 51
REALCHAR 9935461443961 2483865361003 51
REALCHAR 9935850702241 2483962675573 51
REALCHAR 9936097360921 2484024340243 51
DEEP 9937778964481 2484444741138 71
REALCHAR 9938252030281 2484563007583 51
REALCHAR 9938658689521 2484664672393 51
REALCHAR 9939275882761 2484818970703 51
DEEP 9939655783201 2484913945822 87
REALCHAR 9940210445881 2485052611483 51
DEEP 9940210445881 2485052611488 71
DEEP 9941672334889 2485418083742 79
DEEP 9942983496889 2485745874240 71
DEEP 9943705536361 2485926384108 71
SUPPORT 9943897314121 2485974328543 51
DEEP 9943943823529 2485985955900 71
DEEP 9944192863609 2486048215921 75
REALCHAR 9946739848081 2486684962033 51
REALCHAR 9948365083801 2487091270963 51
DEEP 9948864100081 2487216025038 71
REALCHAR 9950128014961 2487532003753 51
REALCHAR 9951792861481 2487948215383 51
DEEP 9951792861481 2487948215388 71
REALCHAR 9952958546281 2488239636583 51
REALCHAR 9953304107041 2488326026773 51
DEEP 9953304107041 2488326026778 71
REALCHAR 9953611449961 2488402862503 51
SUPPORT 9953828877001 2488457219263 51
DEEP 9953828877001 2488457219270 79
DEEP 9955394855641 2488848713928 71
DEEP 9956065526521 2489016381648 71
REALCHAR 9957257296561 2489314324153 51
REALCHAR 9957867284401 2489466821113 51
REALCHAR 9958349682961 2489587420753 51
REALCHAR 9960178628401 2490044657113 51
REALCHAR 9960521589001 2490130397263 51
DEEP 9961950696721 2490487674198 71
SUPPORT 9962481471721 2490620367943 51
SUPPORT 9962621015881 2490655253983 51
SUPPORT 9963234547561 2490808636903 51
REALCHAR 9963259489681 2490814872433 51
DEEP 9963551100889 2490887775240 71
REALCHAR 9963653478601 2490913369663 51
DEEP 9964758987121 2491189746801 83
REALCHAR 9965860816081 2491465204033 51
REALCHAR 9967031496601 2491757874163 51
REALCHAR 9967202250721 2491800562693 51
REALCHAR 9967554204001 2491888551013 51
REALCHAR 9967591917721 2491897979443 51
REALCHAR 9967627629961 2491906907503 51
DEEP 9968475421129 2492118855300 71
DEEP 9968724242569 2492181060660 71
REALCHAR 9969591102241 2492397775579 75
DEEP 9969591102241 2492397775580 79
SUPPORT 9970470909961 2492617727503 51
DEEP 9970829436481 2492707359140 79
REALCHAR 9970878100681 2492719525183 51
REALCHAR 9970971603961 2492742901003 51
DEEP 9970971603961 2492742901008 71
SUPPORT 9971660884201 2492915221063 51
REALCHAR 9972761364721 2493190341193 51
REALCHAR 9974533671001 2493633417763 51
DEEP 9974533671001 2493633417770 79
DEEP 9974622975409 2493655743870 71
REALCHAR 9974921847361 2493730461853 51
DEEP 9975123437449 2493780859380 71
REALCHAR 9975356779441 2493839194873 51
REALCHAR 9975366019921 2493841504993 51
REALCHAR 9976076795281 2494019198833 51
REALCHAR 9976815131761 2494203782953 51
REALCHAR 9978471344521 2494617836143 51
DEEP 9979838768761 2494959692208 71
REALCHAR 9979966212841 2494991553223 51
REALCHAR 9980072193001 2495018048263 51
REALCHAR 9980619489481 2495154872383 51
DEEP 9980779477321 2495194869348 71
REALCHAR 9982144342921 2495536085743 51
REALCHAR 9982759488601 2495689872163 51
REALCHAR 9982959663601 2495739915913 51
DEEP 9984852237361 2496213059358 71
REALCHAR 9985504074001 2496376018513 51
SUPPORT 9985965753481 2496491438383 51
REALCHAR 9986141077441 2496535269373 51
DEEP 9986141077441 2496535269378 71
REALCHAR 9986204179561 2496551044903 51
SUPPORT 9987917042401 2496979260613 51
REALCHAR 9988023376081 2497005844033 51
DEEP 9989537507401 2497384376877 107
REALCHAR 9990538773121 2497634693293 51
REALCHAR 9992241611881 2498060402983 51
REALCHAR 9993018138601 2498254534663 51
REALCHAR 9995521820881 2498880455233 51
DEEP 9995635730809 2498908932720 71
DEEP 9995825055841 2498956263980 79
DEEP 9996655166521 2499163791649 75
REALCHAR 9996944510281 2499236127583 51
REALCHAR 9997965243841 2499491310973 51
DEEP 9998774490721 2499693622698 71
