RUNG 5000000132492525161 1250000033123131291 3 381991073
RUNG 5000000198164531561 1250000049541132891 3 977
RUNG 5000000295845514961 1250000073961378742 7 87988
RUNG 5000000452659892681 1250000113164973171 3 1236383
RUNG 5000000156737666441 1250000039184416611 3 2243
RUNG 5000000127667185169 1250000031916796294 7 157
RUNG 5000000492643036721 1250000123160759181 3 22887299
RUNG 5000000530753629241 1250000132688407311 3 10343
RUNG 5000000172240834721 1250000043060208682 7 280538
RUNG 5000000335030221481 1250000083757555371 3 1901
RUNG 5000000046242883049 1250000011560720763 3 137
RUNG 5000000051386782121 1250000012846695531 3 512531
RUNG 5000000149394491921 1250000037348622983 11 37773
RUNG 5000000189016194041 1250000047254048511 3 14033
RUNG 5000000462255440321 1250000115563860082 7 269141
RUNG 5000000037059829649 1250000009264957415 11 2879
RUNG 5000000265010712809 1250000066252678205 11 192123
RUNG 5000000002294099009 1250000000573524755 11 915596615
RUNG 5000000288679999121 1250000072169999781 3 139439
RUNG 5000000488612051441 1250000122153012861 3 2339
RUNG 5000000533206120961 1250000133301530241 3 2753
RUNG 5000000303235660529 1250000075808915133 3 5028533
RUNG 5000000427056797969 1250000106764199495 11 579
RUNG 5000000058364434601 1250000014591108652 7 118
RUNG 5000000143889154121 1250000035972288531 3 2399
RUNG 5000000383124350321 1250000095781087581 3 209813
RUNG 5000000496175768801 1250000124043942203 11 3141
RUNG 5000000075674809241 1250000018918702311 3 190031
RUNG 5000000394531187081 1250000098632796772 7 124
RUNG 5000000408078080441 1250000102019520111 3 1619
RUNG 5000000416497411361 1250000104124352841 3 11933
RUNG 5000000466153698041 1250000116538424513 11 492530803
RUNG 5000000371690969969 1250000092922742493 3 37463729
RUNG 5000000194934030449 1250000048733507613 3 3390809
RUNG 5000000319623034889 1250000079905758723 3 1889051
RUNG 5000000465157183721 1250000116289295933 11 6651
RUNG 5000000235544080649 1250000058886020163 3 5926307
RUNG 5000000070488030521 1250000017622007633 11 5727807
RUNG 5000000486761968601 1250000121690492152 7 9267044
RUNG 5000000523328778881 1250000130832194721 3 20312111
RUNG 5000000421959872081 1250000105489968021 3 3470897
RUNG 5000000394367828249 1250000098591957064 7 2084
RUNG 5000000492442925369 1250000123110731345 11 205
RUNG 5000000059271106481 1250000014817776621 3 641
RUNG 5000000182563355561 1250000045640838891 3 821
RUNG 5000000196761659681 1250000049190414925 19 81250003197376970125
RUNG 5000000386638707641 1250000096659676912 7 244
RUNG 5000000141926760569 1250000035481690144 7 262
RUNG 5000000290370816329 1250000072592704088 23 15111262924
RUNG 5000000121238853641 1250000030309713412 7 586
RUNG 5000000269983089281 1250000067495772322 7 47
RUNG 5000000435327068081 1250000108831767021 3 34877
RUNG 5000000226716347441 1250000056679086863 11 4941
RUNG 5000000037108849529 1250000009277212383 3 7057139
RUNG 5000000197870492081 1250000049467623021 3 383024981
RUNG 5000000458543024201 1250000114635756051 3 389
RUNG 5000000435353618081 1250000108838404521 3 1523
RUNG 5000000130127858969 1250000032531964743 3 944717
RUNG 5000000162957736049 1250000040739434014 7 3218
RUNG 5000000363729066809 1250000090932266704 7 82
RUNG 5000000435343409609 1250000108835852406 15 41
RUNG 5000000471524274329 1250000117881068584 7 6067
RUNG 5000000352075145561 1250000088018786391 3 5153
RUNG 5000000517662127121 1250000129415531782 7 4721
RUNG 5000000326974390721 1250000081743597681 3 113
RUNG 5000000502814455121 1250000125703613781 3 593
RUNG 5000000371991163289 1250000092997790824 7 76
RUNG 5000000532195327409 1250000133048831854 7 1987
RUNG 5000000351795387929 1250000087948846988 23 16037411
RUNG 5000000323578479521 1250000080894619882 7 1153612
RUNG 5000000005526665801 1250000001381666451 3 2591
RUNG 5000000121247030561 1250000030311757641 3 857
RUNG 5000000183572133401 1250000045893033352 7 321331
RUNG 5000000309753869081 1250000077438467271 3 90601997
RUNG 5000000472998630761 1250000118249657692 7 59
RUNG 5000000280538403641 1250000070134600912 7 5036
RUNG 5000000482214358121 1250000120553589531 3 5639
RUNG 5000000166896837281 1250000041724209323 11 10194201
RUNG 5000000271651447241 1250000067912861811 3 653
RUNG 5000000033408683081 1250000008352170772 7 412
RUNG 5000000204760344281 1250000051190086072 7 68
RUNG 5000000312271708241 1250000078067927061 3 197
RUNG 5000000432527443841 1250000108131860961 3 89
RUNG 5000000177648179729 1250000044412044934 7 59
RUNG 5000000270142382129 1250000067535595535 11 549
RUNG 5000000449474334929 1250000112368583734 7 62
RUNG 5000000463543990529 1250000115885997633 3 10169
RUNG 5000000314176934609 1250000078544233653 3 113
RUNG 5000000026073681281 1250000006518420322 7 41
RUNG 5000000376093631561 1250000094023407893 11 1503
RUNG 5000000473801161481 1250000118450290373 11 30487807767080253
RUNG 5000000124451001401 1250000031112750352 7 33148
RUNG 5000000302706799121 1250000075676699782 7 46924
RUNG 5000000370447392041 1250000092611848012 7 5302937
RUNG 5000000378168345281 1250000094542086323 11 11299
RUNG 5000000112948190249 1250000028237047564 7 157
RUNG 5000000280973367569 1250000070243341896 15 2654621
RUNG 5000000459457873769 1250000114864468443 3 12203
RUNG 5000000479647523249 1250000119911880814 7 353
RUNG 5000000036722921441 1250000009180730365 19 36292535
RUNG 5000000193351473521 1250000048337868381 3 2112581
RUNG 5000000088223171201 1250000022055792802 7 1345588
RUNG 5000000109923930281 1250000027480982571 3 767902259
RUNG 5000000211613438201 1250000052903359553 11 464374737
RUNG 5000000272670434201 1250000068167608551 3 2699
RUNG 5000000395707428281 1250000098926857071 3 89
RUNG 5000000496894594361 1250000124223648591 3 101
RUNG 5000000068062110521 1250000017015527631 3 2459
RUNG 5000000184243976321 1250000046060994082 7 9901
RUNG 5000000309149437001 1250000077287359252 7 31748
RUNG 5000000313680723761 1250000078420180944 15 1217726
RUNG 5000000135339160961 1250000033834790241 3 9941
RUNG 5000000067002293081 1250000016750573273 11 23337
RUNG 5000000182101877681 1250000045525469426 23 3447
RUNG 5000000286736007281 1250000071684001822 7 5521
RUNG 5000000329622931649 1250000082405732917 19 17605634963461027
RUNG 5000000338266886969 1250000084566721743 3 10755011
RUNG 5000000390012180569 1250000097503045145 11 15699
RUNG 5000000001107704849 1250000000276926213 3 11595119
RUNG 5000000048237988049 1250000012059497014 7 164
RUNG 5000000247471662689 1250000061867915675 11 963
RUNG 5000000339257279801 1250000084814319952 7 563
RUNG 5000000504145884329 1250000126036471084 7 236
RUNG 5000000140768950529 1250000035192237640 31 466184
RUNG 5000000096011518049 1250000024002879514 7 745651252
RUNG 5000000379256760329 1250000094814190083 3 2243
RUNG 5000000170057930801 1250000042514482701 3 1013
RUNG 5000000206902458521 1250000051725614631 3 149
RUNG 5000000372648719201 1250000093162179801 3 157739
RUNG 5000000254494243769 1250000063623560944 7 124
RUNG 5000000390916810049 1250000097729202515 11 3173409
RUNG 5000000206026425161 1250000051506606291 3 6889529
RUNG 5000000372201514241 1250000093050378561 3 387743
RUNG 5000000025162945721 1250000006290736432 7 62
RUNG 5000000073914610241 1250000018478652563 11 14769
RUNG 5000000124161046481 1250000031040261629 35 70650081
RUNG 5000000167525807921 1250000041881451982 7 9602
RUNG 5000000344109174881 1250000086027293722 7 145577
RUNG 5000000035914288001 1250000008978572004 15 296
RUNG 5000000106144128089 1250000026536032023 3 6221
RUNG 5000000187548010649 1250000046887002663 3 174491
RUNG 5000000115968383681 1250000028992095922 7 236
RUNG 5000000299341533641 1250000074835383411 3 20399
RUNG 5000000108057521681 1250000027014380423 11 31797
RUNG 5000000199150884041 1250000049787721011 3 2941811
RUNG 5000000396150566921 1250000099037641734 15 12791
RUNG 5000000456233509841 1250000114058377466 23 33986562
RUNG 5000000049932896009 1250000012483224004 7 19
RUNG 5000000302343335249 1250000075585833813 3 1923083
RUNG 5000000141257010569 1250000035314252643 3 6131
RUNG 5000000349775841281 1250000087443960322 7 157
RUNG 5000000250432638929 1250000062608159734 7 17569
RUNG 5000000276725945969 1250000069181486493 3 389
RUNG 5000000425670301769 1250000106417575444 7 2760761
RUNG 5000000154742646089 1250000038685661525 11 171
RUNG 5000000112298845481 1250000028074711371 3 362987
RUNG 5000000431894441801 1250000107973610455 19 13825
RUNG 5000000112521428249 1250000028130357063 3 101
RUNG 5000000465046961609 1250000116261740403 3 3491
RUNG 5000000332363371721 1250000083090842932 7 286182797
RUNG 5000000483396734201 1250000120849183551 3 9032357
RUNG 5000000258729452729 1250000064682363183 3 16229
RUNG 5000000316453839449 1250000079113459865 11 57
RUNG 5000000447867281609 1250000111966820404 7 70724
RUNG 5000000004681299209 1250000001170324804 7 178
RUNG 5000000236407914329 1250000059101978583 3 909611
RUNG 5000000084329027801 1250000021082256952 7 68998
RUNG 5000000333084214481 1250000083271053621 3 3449
RUNG 5000000438865970561 1250000109716492645 19 8685635001275
RUNG 5000000527621197121 1250000131905299282 7 41
RUNG 5000000251561894489 1250000062890473623 3 269
RUNG 5000000271077670769 1250000067769417695 11 221055
RUNG 5000000514713463169 1250000128678365795 11 12165
RUNG 5000000519257002169 1250000129814250544 7 224698
RUNG 5000000218292979769 1250000054573244944 7 76
RUNG 5000000085174437641 1250000021293609411 3 33347
RUNG 5000000117071102441 1250000029267775611 3 345413
RUNG 5000000420220108601 1250000105055027154 15 851
RUNG 5000000503755880921 1250000125938970232 7 563
RUNG 5000000532524140441 1250000133131035111 3 34301
RUNG 5000000426015420401 1250000106503855101 3 5981
RUNG 5000000463427635241 1250000115856908814 15 81941
RUNG 5000000198507660161 1250000049626915042 7 2579
RUNG 5000000237302336081 1250000059325584021 3 59063
RUNG 5000000124316263049 1250000031079065763 3 21849227
RUNG 5000000525360666809 1250000131340166704 7 239858
RUNG 5000000134420277809 1250000033605069453 3 4889
RUNG 5000000369863405729 1250000092465851433 3 326567
RUNG 5000000181726177601 1250000045431544402 7 236
RUNG 5000000304166896001 1250000076041724001 3 389
RUNG 5000000424296025121 1250000106074006283 11 211
RUNG 5000000362311944089 1250000090577986023 3 1187
RUNG 5000000070643287649 1250000017660821915 11 33717
RUNG 5000000073694096969 1250000018423524244 7 124
RUNG 5000000208137926489 1250000052034481624 7 89
RUNG 5000000033200444561 1250000008300111142 7 97
RUNG 5000000176423004041 1250000044105751012 7 62
RUNG 5000000348634363361 1250000087158590842 7 314
RUNG 5000000375842504321 1250000093960626081 3 89603
RUNG 5000000130401550481 1250000032600387623 11 599021265622659955531191
RUNG 5000000436793316161 1250000109198329041 3 26249
RUNG 5000000207221053841 1250000051805263464 15 95555741
RUNG 5000000259307368121 1250000064826842032 7 7132
RUNG 5000000451575644561 1250000112893911143 11 2495520213
RUNG 5000000088480513169 1250000022120128295 11 285
RUNG 5000000489467739809 1250000122366934954 7 147773
RUNG 5000000392385074729 1250000098096268684 7 76
RUNG 5000000373083716009 1250000093270929003 3 2357
RUNG 5000000362105709689 1250000090526427424 7 1307
RUNG 5000000502598064209 1250000125649516053 3 18731
RUNG 5000000122045534321 1250000030511383581 3 2198309
RUNG 5000000045577262489 1250000011394315624 7 61
RUNG 5000000382176925889 1250000095544231475 11 8615
RUNG 5000000455249285249 1250000113812321314 7 124
RUNG 5000000525150356489 1250000131287589123 3 79946981
RUNG 5000000210794635601 1250000052698658901 3 11356097
RUNG 5000000016804920521 1250000004201230132 7 290828
RUNG 5000000111806747441 1250000027951686863 11 4707
RUNG 5000000240665597561 1250000060166399392 7 33170318
RUNG 5000000534633591881 1250000133658397971 3 941
RUNG 5000000170656299041 1250000042664074761 3 881
RUNG 5000000340797029801 1250000085199257453 11 153
RUNG 5000000211213257881 1250000052803314471 3 391096283
RUNG 5000000376804323521 1250000094201080881 3 6911
RUNG 5000000116174674601 1250000029043668652 7 101
RUNG 5000000202763296721 1250000050690824181 3 4931
RUNG 5000000485598088961 1250000121399522242 7 85795342
RUNG 5000000044062075529 1250000011015518883 3 5987
RUNG 5000000050382189329 1250000012595547333 3 3191
RUNG 5000000441398134649 1250000110349533663 3 701
RUNG 5000000040339438289 1250000010084859574 7 292
RUNG 5000000063939294569 1250000015984823644 7 236
RUNG 5000000386034347849 1250000096508586967 19 55309743053857583202472846321644991
RUNG 5000000180139538921 1250000045034884733 11 162549
RUNG 5000000063761638049 1250000015940409513 3 101
RUNG 5000000502224382769 1250000125556095694 7 234613147
RUNG 5000000022565524001 1250000005641381002 7 626
RUNG 5000000038534277401 1250000009633569351 3 101
RUNG 5000000110653004081 1250000027663251021 3 176237
RUNG 5000000071958389369 1250000017989597343 3 2579
RUNG 5000000075482950409 1250000018870737603 3 257
RUNG 5000000141967688729 1250000035491922183 3 19541
RUNG 5000000098927612249 1250000024731903065 11 285
RUNG 5000000413893903889 1250000103473475973 3 2207
RUNG 5000000217190318201 1250000054297579552 7 11702
RUNG 5000000324699640121 1250000081174910031 3 24317
RUNG 5000000358056363521 1250000089514090882 7 21859
RUNG 5000000471120034241 1250000117780008563 11 3122643
RUNG 5000000171140274689 1250000042785068673 3 197
RUNG 5000000042569353721 1250000010642338433 11 2133
RUNG 5000000329620958561 1250000082405239645 19 11945
RUNG 5000000329974231481 1250000082493557872 7 60868
RUNG 5000000338485454201 1250000084621363551 3 941
RUNG 5000000365669090681 1250000091417272672 7 206
RUNG 5000000514441914881 1250000128610478723 11 623853
RUNG 5000000249168667649 1250000062292166914 7 104506
RUNG 5000000498609979769 1250000124652494943 3 401
RUNG 5000000523712777489 1250000130928194375 11 57
RUNG 5000000006974555801 1250000001743638951 3 170957
RUNG 5000000285169833161 1250000071292458292 7 332036
RUNG 5000000295502555729 1250000073875638933 3 569771
RUNG 5000000032353030049 1250000008088257513 3 89
RUNG 5000000329804744609 1250000082451186154 7 202
RUNG 5000000485175400049 1250000121293850013 3 173
RUNG 5000000000121471409 1250000000030367856 15 2723096
RUNG 5000000052240458329 1250000013060114584 7 236
RUNG 5000000100395845609 1250000025098961403 3 892169
RUNG 5000000285933557969 1250000071483389493 3 271163
RUNG 5000000004246392401 1250000001061598101 3 13751
RUNG 5000000184158285329 1250000046039571334 7 1322
RUNG 5000000424322609729 1250000106080652433 3 257
RUNG 5000000421586277881 1250000105396569472 7 248461
RUNG 5000000098104680761 1250000024526170191 3 51503
RUNG 5000000003492883841 1250000000873220961 3 197
RUNG 5000000228354161801 1250000057088540451 3 4787
RUNG 5000000164856928529 1250000041214232137 19 47045001551138840529361
RUNG 5000000305731142009 1250000076432785505 11 1077865
RUNG 5000000406322032409 1250000101580508104 7 770444
RUNG 5000000218946484481 1250000054736621122 7 1028
RUNG 5000000291114220121 1250000072778555032 7 146
RUNG 5000000409003231361 1250000102250807841 3 197
RUNG 5000000219371229521 1250000054842807381 3 2909
RUNG 5000000447773403521 1250000111943350881 3 67103
RUNG 5000000151199767169 1250000037799941795 11 42495
RUNG 5000000117820584809 1250000029455146204 7 112378489
RUNG 5000000011708018321 1250000002927004581 3 149
RUNG 5000000331742653241 1250000082935663312 7 1186
RUNG 5000000335975802161 1250000083993950541 3 167099
RUNG 5000000513271842521 1250000128317960632 7 456219098
RUNG 5000000047568285761 1250000011892071442 7 68066
RUNG 5000000137434382081 1250000034358595521 3 2357
RUNG 5000000295382092289 1250000073845523073 3 353
RUNG 5000000126631990841 1250000031657997718 31 1044878212
RUNG 5000000368875111961 1250000092218777992 7 365732
RUNG 5000000438251381369 1250000109562845344 7 62
RUNG 5000000439464353129 1250000109866088286 15 877826
RUNG 5000000211515512561 1250000052878878142 7 68
RUNG 5000000265492755881 1250000066373188971 3 237851
RUNG 5000000290963120801 1250000072740780202 7 68
RUNG 5000000422445992321 1250000105611498082 7 68
RUNG 5000000264359424809 1250000066089856203 3 271217
RUNG 5000000283681207289 1250000070920301823 3 57089
RUNG 5000000157842535169 1250000039460633794 7 566
RUNG 5000000158007940409 1250000039501985103 3 1289
RUNG 5000000348127990529 1250000087031997633 3 1651961
RUNG 5000000457401635009 1250000114350408754 7 8252
RUNG 5000000348483306329 1250000087120826583 3 152213
RUNG 5000000077047182089 1250000019261795523 3 101
RUNG 5000000092523803249 1250000023130950814 7 124
RUNG 5000000333639719489 1250000083409929873 3 189479
RUNG 5000000453805605329 1250000113451401334 7 31
RUNG 5000000466980847409 1250000116745211853 3 21599
RUNG 5000000375809888201 1250000093952472051 3 2399
RUNG 5000000396222120041 1250000099055530011 3 6613043
RUNG 5000000533714716121 1250000133428679034 15 13726349951
RUNG 5000000132200643761 1250000033050160944 15 536
RUNG 5000000372656979881 1250000093164244975 19 18575
RUNG 5000000422901374081 1250000105725343522 7 692
RUNG 5000000447616184201 1250000111904046052 7 40522
RUNG 5000000532403727041 1250000133100931763 11 447
RUNG 5000000301426542281 1250000075356635571 3 11243291
RUNG 5000000377337337241 1250000094334334311 3 5879
RUNG 5000000443313607601 1250000110828401901 3 9193229
RUNG 5000000050702830889 1250000012675707724 7 391453
RUNG 5000000316274217809 1250000079068554456 15 6101
RUNG 5000000139701063641 1250000034925265911 3 3366449
RUNG 5000000276340086161 1250000069085021543 11 2703
RUNG 5000000035187415241 1250000008796853811 3 788213
RUNG 5000000006421198529 1250000001605299635 11 2371
RUNG 5000000100058942729 1250000025014735684 7 454
RUNG 5000000344421701441 1250000086105425361 3 19154813
RUNG 5000000415576585241 1250000103894146312 7 15046
RUNG 5000000153840150449 1250000038460037614 7 59
RUNG 5000000158485791761 1250000039621447944 15 71
RUNG 5000000338875521281 1250000084718880322 7 3764
RUNG 5000000353084040329 1250000088271010083 3 45263
RUNG 5000000328985928281 1250000082246482071 3 2087
RUNG 5000000385125691961 1250000096281422991 3 169823
RUNG 5000000054811428209 1250000013702857053 3 4547
RUNG 5000000169429091369 1250000042357272844 7 38
RUNG 5000000286729995089 1250000071682498773 3 2004953
RUNG 5000000313239758369 1250000078309939594 7 31
RUNG 5000000288392216969 1250000072098054245 11 977115
RUNG 5000000011062764689 1250000002765691174 7 412
RUNG 5000000482933285561 1250000120733321392 7 94
RUNG 5000000039524720441 1250000009881180112 7 34578626
RUNG 5000000391407011201 1250000097851752801 3 106859
RUNG 5000000187158087329 1250000046789521834 7 29804
RUNG 5000000485543014169 1250000121385753544 7 1741
RUNG 5000000507245815289 1250000126811453824 7 929
RUNG 5000000033539504009 1250000008384876003 3 681179
RUNG 5000000187094785889 1250000046773696474 7 244
RUNG 5000000231799125569 1250000057949781393 3 857
RUNG 5000000290683391009 1250000072670847753 3 257
RUNG 5000000383698313009 1250000095924578253 3 401
RUNG 5000000307918208849 1250000076979552214 7 38
RUNG 5000000368560670729 1250000092140167683 3 27189863
RUNG 5000000360800919161 1250000090200229791 3 234893
RUNG 5000000028981672289 1250000007245418073 3 6857
RUNG 5000000053116543049 1250000013279135763 3 21179
RUNG 5000000220453552889 1250000055113388223 3 22409
RUNG 5000000436562646089 1250000109140661524 7 1237
RUNG 5000000150452424209 1250000037613106054 7 3092
RUNG 5000000223849467929 1250000055962366986 15 88406
RUNG 5000000082928287889 1250000020732071974 7 829
RUNG 5000000097600345289 1250000024400086324 7 38
RUNG 5000000189898511249 1250000047474627813 3 257177
RUNG 5000000506784320489 1250000126696080123 3 317
RUNG 5000000123262662281 1250000030815665572 7 987509
RUNG 5000000047072108849 1250000011768027213 3 113
RUNG 5000000092893444409 1250000023223361106 15 2306
RUNG 5000000534315105089 1250000133578776274 7 82
RUNG 5000000490713467801 1250000122678366952 7 41
RUNG 5000000492381814481 1250000123095453622 7 971956
RUNG 5000000132435507929 1250000033108876985 11 117
RUNG 5000000001042487081 1250000000260621771 3 1013
RUNG 5000000136125475121 1250000034031368782 7 13163
RUNG 5000000202438682081 1250000050609670523 11 303
RUNG 5000000023198624921 1250000005799656231 3 797
RUNG 5000000104704609481 1250000026176152371 3 61637591
RUNG 5000000281400288641 1250000070350072161 3 687647
RUNG 5000000045726411881 1250000011431602972 7 61
RUNG 5000000520484375561 1250000130121093892 7 68
RUNG 5000000379875627569 1250000094968906893 3 149
RUNG 5000000404486293649 1250000101121573415 11 16485145
RUNG 5000000184039908161 1250000046009977042 7 1322
RUNG 5000000307626211001 1250000076906552753 11 50607
RUNG 5000000101374045121 1250000025343511281 3 20206343
RUNG 5000000336770206121 1250000084192551532 7 227
RUNG 5000000434377676081 1250000108594419022 7 122
RUNG 5000000192385726529 1250000048096431634 7 94708
RUNG 5000000275986844129 1250000068996711033 3 2129
RUNG 5000000170178541889 1250000042544635473 3 2633
RUNG 5000000185936964569 1250000046484241145 11 2265
RUNG 5000000240059192729 1250000060014798184 7 17902
RUNG 5000000491640562769 1250000122910140697 19 24361061
RUNG 5000000112219321049 1250000028054830263 3 1709
RUNG 5000000272347929689 1250000068086982426 15 352316
RUNG 5000000328406011769 1250000082101502944 7 47
RUNG 5000000247641290609 1250000061910322653 3 773
RUNG 5000000329135022929 1250000082283755734 7 521
RUNG 5000000520296513449 1250000130074128363 3 2591
RUNG 5000000075813835481 1250000018953458872 7 2404
RUNG 5000000428886635561 1250000107221658892 7 2474
RUNG 5000000439535874161 1250000109883968541 3 7003463
RUNG 5000000105435668369 1250000026358917093 3 23021
RUNG 5000000248319251081 1250000062079812771 3 106823
RUNG 5000000318210112121 1250000079552528031 3 137
RUNG 5000000388397068961 1250000097099267241 3 23279
RUNG 5000000063745382609 1250000015936345653 3 2447
RUNG 5000000405002939249 1250000101250734814 7 2205934
RUNG 5000000181507788521 1250000045376947133 11 28177049
RUNG 5000000295635362081 1250000073908840521 3 407717
RUNG 5000000491744715521 1250000122936178881 3 149
RUNG 5000000330764579009 1250000082691144754 7 2617
RUNG 5000000342324567449 1250000085581141863 3 2002883
RUNG 5000000482453436329 1250000120613359085 11 325179
RUNG 5000000293871044081 1250000073467761022 7 269
RUNG 5000000320505371801 1250000080126342952 7 163138
RUNG 5000000341883488561 1250000085470872142 7 41996
RUNG 5000000307881484049 1250000076970371013 3 461
RUNG 5000000383878045001 1250000095969511253 11 48303
RUNG 5000000020443934081 1250000005110983524 15 76006316
RUNG 5000000387347471321 1250000096836867833 11 318796250149673
RUNG 5000000342365414681 1250000085591353671 3 70061
RUNG 5000000262370540249 1250000065592635064 7 31
RUNG 5000000392746626089 1250000098186656525 11 164581
RUNG 5000000518303497529 1250000129575874383 3 196961
RUNG 5000000269039843369 1250000067259960843 3 76379
RUNG 5000000496655831969 1250000124163957994 7 236
RUNG 5000000067135181081 1250000016783795272 7 236
RUNG 5000000276611730329 1250000069152932584 7 3847829
RUNG 5000000366404313209 1250000091601078303 3 86453
RUNG 5000000037041639809 1250000009260409953 3 3041
RUNG 5000000161857250729 1250000040464312685 11 8157
RUNG 5000000221313287369 1250000055328321843 3 101
RUNG 5000000502148922449 1250000125537230613 3 49943
RUNG 5000000032553236489 1250000008138309125 11 615
RUNG 5000000254549531009 1250000063637382753 3 8009
RUNG 5000000359830987289 1250000089957746827 19 909923
RUNG 5000000403600072649 1250000100900018163 3 257
RUNG 5000000528031780049 1250000132007945013 3 53790413
RUNG 5000000151949275001 1250000037987318753 11 1801
RUNG 5000000201515711921 1250000050378927981 3 778319
RUNG 5000000433665029321 1250000108416257331 3 1949327
RUNG 5000000494491276481 1250000123622819122 7 1844
RUNG 5000000503958173921 1250000125989543481 3 268348097
RUNG 5000000257198062169 1250000064299515543 3 101
RUNG 5000000349343075129 1250000087335768783 3 317
RUNG 5000000396845009609 1250000099211252403 3 1031
RUNG 5000000203847725561 1250000050961931391 3 3089
RUNG 5000000480674836121 1250000120168709031 3 317
RUNG 5000000516151197041 1250000129037799263 11 1932270953
RUNG 5000000157605733361 1250000039401433343 11 236331
RUNG 5000000506422922081 1250000126605730525 19 138250625
RUNG 5000000084088210601 1250000021022052651 3 34457
RUNG 5000000237086015561 1250000059271503893 11 14901
RUNG 5000000269419678121 1250000067354919531 3 535013
RUNG 5000000158977987409 1250000039744496854 7 68
RUNG 5000000200639687489 1250000050159921874 7 68
RUNG 5000000337060211729 1250000084265052934 7 68
RUNG 5000000376077470009 1250000094019367503 3 101
RUNG 5000000395180754209 1250000098795188554 7 68
RUNG 5000000482016463169 1250000120504115793 3 414179
RUNG 5000000312710926961 1250000078177731744 15 281
RUNG 5000000002645532329 1250000000661383087 19 4875133
RUNG 5000000192420477689 1250000048105119423 3 179057
RUNG 5000000009192312881 1250000002298078223 11 857
RUNG 5000000052638756281 1250000013159689071 3 5879
RUNG 5000000173817493961 1250000043454373491 3 12227
RUNG 5000000156206944121 1250000039051736031 3 233
RUNG 5000000534337617041 1250000133584404262 7 41
RUNG 5000000402811863089 1250000100702965773 3 1637
RUNG 5000000451208211089 1250000112802052773 3 3821
RUNG 5000000508499685329 1250000127124921333 3 461
RUNG 5000000047768496521 1250000011942124135 19 51652893055459675
RUNG 5000000140961076001 1250000035240269002 7 23800741
RUNG 5000000216788147321 1250000054197036836 23 1666666738929382448
RUNG 5000000003709443041 1250000000927360762 7 155251
RUNG 5000000202050746201 1250000050512686552 7 124
RUNG 5000000466090602281 1250000116522650571 3 641
RUNG 5000000308200069649 1250000077050017415 11 9335
RUNG 5000000421602719009 1250000105400679754 7 3749254
RUNG 5000000461232589289 1250000115308147326 15 2516
RUNG 5000000061125482009 1250000015281370503 3 314287031
RUNG 5000000057321163049 1250000014330290764 7 19
RUNG 5000000093220226249 1250000023305056563 3 687809
RUNG 5000000143442158009 1250000035860539504 7 236
RUNG 5000000187029502001 1250000046757375504 15 746
RUNG 5000000205783597361 1250000051445899343 11 52816903582221099
RUNG 5000000331126054601 1250000082781513653 11 6499133879279967
RUNG 5000000437990091881 1250000109497522973 11 1773
RUNG 5000000263273151761 1250000065818287943 11 153
RUNG 5000000062828548649 1250000015707137163 3 92459
RUNG 5000000146864620769 1250000036716155193 3 628811
RUNG 5000000359238822809 1250000089809705704 7 178
RUNG 5000000088917652121 1250000022229413031 3 293
RUNG 5000000390198191681 1250000097549547922 7 314
RUNG 5000000371037730529 1250000092759432633 3 653951
RUNG 5000000411245499521 1250000102811374881 3 101
RUNG 5000000425729691281 1250000106432422822 7 3461
RUNG 5000000466051813121 1250000116512953289 35 451
RUNG 5000000089934593129 1250000022483648284 7 19
RUNG 5000000263552918009 1250000065888229503 3 42071
RUNG 5000000278059571009 1250000069514892754 7 271
RUNG 5000000422278646009 1250000105569661504 7 628
RUNG 5000000428807047889 1250000107201761974 7 1076
RUNG 5000000006895037489 1250000001723759374 7 2388196
RUNG 5000000079109740049 1250000019777435013 3 6917
RUNG 5000000145966130321 1250000036491532582 7 85077446
RUNG 5000000492183802121 1250000123045950531 3 941
RUNG 5000000172116494609 1250000043029123653 3 87443
RUNG 5000000343255782929 1250000085813945734 7 19
RUNG 5000000394374170249 1250000098593542563 3 173
RUNG 5000000341460830729 1250000085365207683 3 3701
RUNG 5000000446133759089 1250000111533439773 3 566963
RUNG 5000000186647652761 1250000046661913192 7 86368966
RUNG 5000000500523495041 1250000125130873762 7 1132
RUNG 5000000526602387881 1250000131650596971 3 1721
RUNG 5000000309827592161 1250000077456898042 7 964
RUNG 5000000085566675401 1250000021391668853 11 209786737
RUNG 5000000514717717721 1250000128679429431 3 55209989
RUNG 5000000043978489001 1250000010994622251 3 1787
RUNG 5000000167826172961 1250000041956543241 3 95327
RUNG 5000000203220852281 1250000050805213071 3 4701293
RUNG 5000000408956382449 1250000102239095613 3 5087
RUNG 5000000423009701729 1250000105752425435 11 854443
RUNG 5000000512383666409 1250000128095916604 7 409
RUNG 5000000439380737561 1250000109845184391 3 137
RUNG 5000000057578477249 1250000014394619315 11 85
RUNG 5000000079514071361 1250000019878517841 3 66533
RUNG 5000000103655068241 1250000025913767063 11 117
RUNG 5000000366404355041 1250000091601088761 3 4741259
RUNG 5000000449682830321 1250000112420707582 7 3023
RUNG 5000000530098365521 1250000132524591382 7 8529212
RUNG 5000000358885564481 1250000089721391121 3 5231
RUNG 5000000530927434481 1250000132731858621 3 11159
RUNG 5000000007050241481 1250000001762560372 7 103
RUNG 5000000106716087761 1250000026679021941 3 199559
RUNG 5000000457650872129 1250000114412718034 7 3782546
RUNG 5000000291925031969 1250000072981257994 7 706
RUNG 5000000132600990449 1250000033150247614 7 538
RUNG 5000000159086249249 1250000039771562313 3 2027
RUNG 5000000416814159689 1250000104203539923 3 617
RUNG 5000000515038327241 1250000128759581812 7 1021
RUNG 5000000070008384281 1250000017502096073 11 257267639
RUNG 5000000244768209521 1250000061192052381 3 101
RUNG 5000000427193852921 1250000106798463231 3 3767
RUNG 5000000207729689009 1250000051932422255 11 41577
RUNG 5000000009725322809 1250000002431330703 3 2963
RUNG 5000000182153138369 1250000045538284594 7 26876
RUNG 5000000354123536969 1250000088530884243 3 5987
RUNG 5000000279811659641 1250000069952914914 15 132596
RUNG 5000000231421438601 1250000057855359651 3 7473101
RUNG 5000000286131774281 1250000071532943571 3 281
RUNG 5000000004411936001 1250000001102984001 3 2309
RUNG 5000000521472800321 1250000130368200081 3 21752747
RUNG 5000000312410787401 1250000078102696851 3 138581
RUNG 5000000477013505681 1250000119253376423 11 2537541
RUNG 5000000420883956401 1250000105220989101 3 19889
RUNG 5000000472012553921 1250000118003138481 3 10331
RUNG 5000000109191056369 1250000027297764094 7 61
RUNG 5000000192673735649 1250000048168433914 7 8258
RUNG 5000000377259857369 1250000094314964345 11 865
RUNG 5000000164638568681 1250000041159642171 3 1973
RUNG 5000000466609319609 1250000116652329905 11 2595
RUNG 5000000155906808809 1250000038976702203 3 557
RUNG 5000000269581049489 1250000067395262374 7 546292
RUNG 5000000130885693649 1250000032721423414 7 76
RUNG 5000000429997586729 1250000107499396683 3 8951
RUNG 5000000268453845041 1250000067113461261 3 7919
RUNG 5000000312016684361 1250000078004171093 11 3387
RUNG 5000000398499120401 1250000099624780103 11 5729818890179
RUNG 5000000468012204041 1250000117003051011 3 653
RUNG 5000000201395293649 1250000050348823413 3 9749
RUNG 5000000280401821249 1250000070100455313 3 79229
RUNG 5000000342377735249 1250000085594433814 7 538
RUNG 5000000504211447289 1250000126052861823 3 21557
RUNG 5000000006725579249 1250000001681394813 3 6569
RUNG 5000000061989308489 1250000015497327123 3 142169
RUNG 5000000287093587889 1250000071773396973 3 42407
RUNG 5000000403855393049 1250000100963848263 3 6701
RUNG 5000000105004882121 1250000026251220531 3 203279
RUNG 5000000191293324361 1250000047823331094 15 866
RUNG 5000000029782256321 1250000007445564084 15 6581
RUNG 5000000193915305401 1250000048478826352 7 10468
RUNG 5000000414800730161 1250000103700182543 11 20107
RUNG 5000000461496058841 1250000115374014711 3 113
RUNG 5000000297877604009 1250000074469401004 7 32413
RUNG 5000000360672376049 1250000090168094014 7 27496892
RUNG 5000000501928451009 1250000125482112753 3 3257
RUNG 5000000032551263041 1250000008137815761 3 60521
RUNG 5000000082630252001 1250000020657563003 11 101
RUNG 5000000264406526681 1250000066101631675 19 5105
RUNG 5000000048569025809 1250000012142256453 3 149
RUNG 5000000111588422249 1250000027897105564 7 61
RUNG 5000000170109204569 1250000042527301144 7 68
RUNG 5000000004266968801 1250000001066742201 3 671933
RUNG 5000000011699994401 1250000002924998601 3 670409
RUNG 5000000234323195201 1250000058580798801 3 699401
RUNG 5000000299901267761 1250000074975316942 7 1756
RUNG 5000000471696050921 1250000117924012731 3 257
RUNG 5000000530508844961 1250000132627211241 3 32939957
RUNG 5000000130297594601 1250000032574398651 3 1217
RUNG 5000000184244207321 1250000046061051831 3 149
RUNG 5000000319602870761 1250000079900717691 3 101
RUNG 5000000389975653241 1250000097493913312 7 39581
RUNG 5000000503541665801 1250000125885416451 3 233
RUNG 5000000061895384561 1250000015473846142 7 68
RUNG 5000000133276934801 1250000033319233702 7 68
RUNG 5000000477295329521 1250000119323832381 3 1459517
RUNG 5000000021416026169 1250000005354006544 7 178
RUNG 5000000081711343361 1250000020427835843 11 359
RUNG 5000000205281309881 1250000051320327473 11 1077831
RUNG 5000000333980880881 1250000083495220222 7 538
RUNG 5000000373208469281 1250000093302117324 15 356
RUNG 5000000413979839921 1250000103494959982 7 356
RUNG 5000000362585779721 1250000090646444931 3 8510531
RUNG 5000000239556953849 1250000059889238464 7 58532
RUNG 5000000269826112769 1250000067456528194 7 404
RUNG 5000000291575880809 1250000072893970204 7 124
RUNG 5000000426899829569 1250000106724957393 3 2876789
RUNG 5000000026619149561 1250000006654787394 15 16706
RUNG 5000000182247102761 1250000045561775692 7 236
RUNG 5000000196927328321 1250000049231832081 3 1331489
RUNG 5000000339906885569 1250000084976721394 7 311
RUNG 5000000442901257481 1250000110725314373 11 1377
RUNG 5000000043960155809 1250000010990038953 3 336689027
RUNG 5000000237672154289 1250000059418038573 3 1109
RUNG 5000000284173489169 1250000071043372294 7 68
RUNG 5000000057288551561 1250000014322137891 3 31848137
RUNG 5000000059232573641 1250000014808143412 7 324812
RUNG 5000000060092272481 1250000015023068123 11 1174181301
RUNG 5000000323307144401 1250000080826786102 7 194
RUNG 5000000385568944529 1250000096392236137 19 48373
RUNG 5000000420851311649 1250000105212827915 11 95
RUNG 5000000425354009849 1250000106338502463 3 7451
RUNG 5000000230915046569 1250000057728761643 3 5009
RUNG 5000000519355238609 1250000129838809653 3 8423
RUNG 5000000029712847721 1250000007428211931 3 21767
RUNG 5000000186964222001 1250000046741055502 7 356
RUNG 5000000272427680081 1250000068106920022 7 97
RUNG 5000000323646127361 1250000080911531841 3 181583147
RUNG 5000000179808913889 1250000044952228475 11 1905
RUNG 5000000196469918249 1250000049117479563 3 8390939
RUNG 5000000219990135089 1250000054997533775 11 117
RUNG 5000000345438778409 1250000086359694603 3 24977
RUNG 5000000509171587649 1250000127292896915 11 117
RUNG 5000000517145753849 1250000129286438464 7 3373
RUNG 5000000003286809161 1250000000821702291 3 3329
RUNG 5000000139672618721 1250000034918154682 7 388
RUNG 5000000199626913121 1250000049906728281 3 1721
RUNG 5000000013155992849 1250000003288998215 11 909
RUNG 5000000383845472009 1250000095961368004 7 552716
RUNG 5000000369994315841 1250000092498578961 3 48497
RUNG 5000000372493772801 1250000093123443201 3 458957
RUNG 5000000180721713281 1250000045180428322 7 62
RUNG 5000000104655723521 1250000026163930882 7 5821357
RUNG 5000000070864046609 1250000017716011654 7 94
RUNG 5000000196831368089 1250000049207842024 7 2467
RUNG 5000000292388629889 1250000073097157475 11 153
RUNG 5000000505289678249 1250000126322419564 7 164
RUNG 5000000379275390329 1250000094818847583 3 269
RUNG 5000000148247155529 1250000037061788884 7 349
RUNG 5000000219116153729 1250000054779038434 7 1049
RUNG 5000000187264416161 1250000046816104044 15 25796
RUNG 5000000438490471241 1250000109622617811 3 261593
RUNG 5000000509829138641 1250000127457284662 7 62
RUNG 5000000130287416489 1250000032571854125 11 8741
RUNG 5000000166217110289 1250000041554277580 31 111485213
RUNG 5000000195065010041 1250000048766252512 7 158084
RUNG 5000000195771555881 1250000048942888972 7 30908
RUNG 5000000099795676889 1250000024948919225 11 107
RUNG 5000000115545931409 1250000028886482854 7 59
RUNG 5000000350703173729 1250000087675793436 15 6686
RUNG 5000000411948037409 1250000102987009354 7 5498
RUNG 5000000532510079009 1250000133127519754 7 563
RUNG 5000000049281733721 1250000012320433431 3 32201483
RUNG 5000000081092633369 1250000020273158343 3 389
RUNG 5000000161910450449 1250000040477612615 11 43202535
RUNG 5000000283883541689 1250000070970885423 3 2531
RUNG 5000000446521818329 1250000111630454585 11 74799
RUNG 5000000238662567329 1250000059665641833 3 541271
RUNG 5000000470777170049 1250000117694292516 15 53845646
RUNG 5000000091439652209 1250000022859913053 3 7103
RUNG 5000000133699670009 1250000033424917503 3 14779253
RUNG 5000000265345907441 1250000066336476861 3 12473
RUNG 5000000508387466201 1250000127096866554 15 4916
RUNG 5000000280052680841 1250000070013170212 7 103
RUNG 5000000202112098481 1250000050528024622 7 47983708
RUNG 5000000527866487441 1250000131966621861 3 401
RUNG 5000000185518483601 1250000046379620904 15 17096
RUNG 5000000051805704761 1250000012951426192 7 31
RUNG 5000000150103384241 1250000037525846061 3 83417
RUNG 5000000166895079161 1250000041723769793 11 838111
RUNG 5000000231354113801 1250000057838528451 3 6833
RUNG 5000000352969848041 1250000088242462011 3 31511
RUNG 5000000121657770329 1250000030414442583 3 257
RUNG 5000000368340286409 1250000092085071603 3 4172807
RUNG 5000000530137241729 1250000132534310433 3 5639
RUNG 5000000171932796209 1250000042983199056 15 7736
RUNG 5000000529796222129 1250000132449055534 7 10468
RUNG 5000000182741314529 1250000045685328635 11 153
RUNG 5000000198144422249 1250000049536105563 3 173
RUNG 5000000256840820009 1250000064210205005 11 153
RUNG 5000000327824172449 1250000081956043114 7 188
RUNG 5000000411174119129 1250000102793529783 3 521
RUNG 5000000503257870889 1250000125814467723 3 389
RUNG 5000000413667450689 1250000103416862674 7 271
RUNG 5000000506913123209 1250000126728280804 7 131
RUNG 5000000403555270961 1250000100888817741 3 2153
RUNG 5000000435647971601 1250000108911992902 7 2539
RUNG 5000000029255466041 1250000007313866514 15 58556
RUNG 5000000161363201801 1250000040340800451 3 24551
RUNG 5000000303123660641 1250000075780915161 3 149
RUNG 5000000445572286961 1250000111393071749 35 251
RUNG 5000000141069408521 1250000035267352131 3 797729
RUNG 5000000064680777209 1250000016170194303 3 180779
RUNG 5000000139599141161 1250000034899785291 3 1523
RUNG 5000000066837172049 1250000016709293015 11 249
RUNG 5000000084772409369 1250000021193102343 3 197
RUNG 5000000093773721689 1250000023443430424 7 412
RUNG 5000000442550069609 1250000110637517403 3 1721
RUNG 5000000514634081609 1250000128658520404 7 2582
RUNG 5000000280965487001 1250000070241371751 3 113
RUNG 5000000446883279041 1250000111720819762 7 124
RUNG 5000000360014897561 1250000090003724392 7 1322
RUNG 5000000118984749761 1250000029746187442 7 5906
RUNG 5000000154791921161 1250000038697980291 3 59093
RUNG 5000000227055632681 1250000056763908171 3 84947
RUNG 5000000309897111401 1250000077474277851 3 721613
RUNG 5000000413998268849 1250000103499567213 3 164771
RUNG 5000000427267444769 1250000106816861193 3 152081
RUNG 5000000493846116929 1250000123461529234 7 1714
RUNG 5000000278059666889 1250000069514916723 3 84857
RUNG 5000000268272169241 1250000067068042312 7 25882
RUNG 5000000005784264209 1250000001446066054 7 19
RUNG 5000000343511133689 1250000085877783424 7 82
RUNG 5000000386667607049 1250000096666901763 3 137
RUNG 5000000186682462361 1250000046670615594 15 146
RUNG 5000000279817864721 1250000069954466182 7 84467
RUNG 5000000436417829441 1250000109104457361 3 239711
RUNG 5000000045744947489 1250000011436236875 11 18289
RUNG 5000000081004852169 1250000020251213046 15 41
RUNG 5000000314640774689 1250000078660193674 7 38510911
RUNG 5000000342216482849 1250000085554120715 11 95
RUNG 5000000091560157121 1250000022890039285 19 395
RUNG 5000000134244919241 1250000033561229811 3 449
RUNG 5000000007254536729 1250000001813634183 3 19211
RUNG 5000000061268536769 1250000015317134193 3 1361
RUNG 5000000145635419369 1250000036408854845 11 8923
RUNG 5000000247802764961 1250000061950691244 15 55256
RUNG 5000000250925045081 1250000062731261272 7 1994
RUNG 5000000090659619809 1250000022664904953 3 269
RUNG 5000000360157848809 1250000090039462203 3 1487
RUNG 5000000384300887729 1250000096075221933 3 104088011
RUNG 5000000481540790489 1250000120385197623 3 1194251
RUNG 5000000188054719961 1250000047013679991 3 102359981
RUNG 5000000020486959721 1250000005121739931 3 6299
RUNG 5000000112556417201 1250000028139104302 7 1889
RUNG 5000000443150440961 1250000110787610241 3 251261
RUNG 5000000004038327929 1250000001009581983 3 257
RUNG 5000000093743103089 1250000023435775774 7 283
RUNG 5000000495775854209 1250000123943963554 7 1848052
RUNG 5000000047523571721 1250000011880892931 3 11159
RUNG 5000000036972351401 1250000009243087852 7 15172
RUNG 5000000095738179841 1250000023934544962 7 23602
RUNG 5000000147240470681 1250000036810117671 3 1065011
RUNG 5000000016021022609 1250000004005255655 11 2481
RUNG 5000000102664779809 1250000025666194954 7 39103994
RUNG 5000000171722488529 1250000042930622133 3 757481
RUNG 5000000221656492649 1250000055414123163 3 983699
RUNG 5000000405823996169 1250000101455999046 15 2906
RUNG 5000000306940252961 1250000076735063241 3 64403
RUNG 5000000348162914441 1250000087040728613 11 321
RUNG 5000000352924951721 1250000088231237932 7 83156
RUNG 5000000367662354401 1250000091915588602 7 262
RUNG 5000000384637836449 1250000096159459113 3 2027
RUNG 5000000021048530801 1250000005262132703 11 79
RUNG 5000000139029433841 1250000034757358462 7 62
RUNG 5000000249185239601 1250000062296309901 3 821
RUNG 5000000324179158601 1250000081044789651 3 6353
RUNG 5000000365440618841 1250000091360154711 3 1667
RUNG 5000000376379827121 1250000094094956783 11 306099
RUNG 5000000403050911561 1250000100762727893 11 981
RUNG 5000000012596527409 1250000003149131854 7 219675266
RUNG 5000000101956197809 1250000025489049453 3 2879
RUNG 5000000268897051889 1250000067224262977 19 25119065715979
RUNG 5000000508048524449 1250000127012131113 3 253221209
RUNG 5000000072281272601 1250000018070318152 7 232172
RUNG 5000000102758719601 1250000025689679902 7 31
RUNG 5000000145590508601 1250000036397627153 11 1482388409
RUNG 5000000329233207841 1250000082308301962 7 25084
RUNG 5000000440301807329 1250000110075451834 7 59
RUNG 5000000023319283889 1250000005829820974 7 73
RUNG 5000000236214206129 1250000059053551534 7 38
RUNG 5000000452537713529 1250000113134428385 11 915
RUNG 5000000531319616729 1250000132829904185 11 57
RUNG 5000000053721175721 1250000013430293932 7 1076
RUNG 5000000407645506481 1250000101911376621 3 797
RUNG 5000000458804734601 1250000114701183655 19 13250001215832546743
RUNG 5000000010636174769 1250000002659043695 11 258513
RUNG 5000000077257729769 1250000019314432443 3 12437
RUNG 5000000189855815369 1250000047463953844 7 11156
RUNG 5000000225046290689 1250000056261572674 7 65542783
RUNG 5000000017801693921 1250000004450423481 3 69557
RUNG 5000000067762244561 1250000016940561143 11 96219
RUNG 5000000248354136041 1250000062088534013 11 9231
RUNG 5000000375360855881 1250000093840213973 11 2477
RUNG 5000000438523195121 1250000109630798781 3 376283
RUNG 5000000468504426401 1250000117126106601 3 14009
RUNG 5000000299970781361 1250000074992695342 7 724
RUNG 5000000178058952641 1250000044514738165 19 48235
RUNG 5000000235558714961 1250000058889678741 3 58439
RUNG 5000000235701660641 1250000058925415161 3 1373
RUNG 5000000444451241681 1250000111112810422 7 1109
RUNG 5000000129738164489 1250000032434541123 3 149
RUNG 5000000164542694249 1250000041135673565 11 2955
RUNG 5000000197964762929 1250000049491190734 7 47
RUNG 5000000152882646209 1250000038220661554 7 153644354
RUNG 5000000503376349769 1250000125844087446 15 573789362333756
RUNG 5000000514436038409 1250000128609009603 3 509
RUNG 5000000196623143321 1250000049155785832 7 68
RUNG 5000000396085526441 1250000099021381612 7 68
RUNG 5000000513980663801 1250000128495165952 7 68
RUNG 5000000183603097961 1250000045900774492 7 23434
RUNG 5000000087237188489 1250000021809297123 3 2927
RUNG 5000000254402666969 1250000063600666744 7 126964
RUNG 5000000353190436049 1250000088297609014 7 19
RUNG 5000000140369028089 1250000035092257023 3 66593
RUNG 5000000333094721249 1250000083273680314 7 19
RUNG 5000000350070199769 1250000087517549943 3 4188221
RUNG 5000000223020599801 1250000055755149953 11 315531
RUNG 5000000117534940961 1250000029383735243 11 376990059
RUNG 5000000487154391161 1250000121788597791 3 137
RUNG 5000000038058745721 1250000009514686435 19 175475
RUNG 5000000104324985761 1250000026081246445 19 887
RUNG 5000000357595122881 1250000089398780721 3 35543
RUNG 5000000146462481521 1250000036615620381 3 285569
RUNG 5000000090512627729 1250000022628156933 3 9009893
RUNG 5000000353843895929 1250000088460973983 3 89
RUNG 5000000413926838849 1250000103481709714 7 17068607
RUNG 5000000086916595601 1250000021729148901 3 317
RUNG 5000000046165645481 1250000011541411375 19 3605
RUNG 5000000428990968361 1250000107247742091 3 4954067
RUNG 5000000293248401809 1250000073312100453 3 288989
RUNG 5000000426926466329 1250000106731616583 3 701
RUNG 5000000479631518729 1250000119907879683 3 3356267
RUNG 5000000200478524921 1250000050119631232 7 10729
RUNG 5000000229499997401 1250000057374999353 11 1077
RUNG 5000000145657919249 1250000036414479813 3 113
RUNG 5000000218746614929 1250000054686653734 7 45689194
RUNG 5000000313601414969 1250000078400353743 3 291359
RUNG 5000000495055048289 1250000123763762075 11 1041
RUNG 5000000064100885561 1250000016025221391 3 120689
RUNG 5000000362183590481 1250000090545897622 7 122
RUNG 5000000524380785641 1250000131095196412 7 7129
RUNG 5000000342051119729 1250000085512779937 19 9943717
RUNG 5000000288470033009 1250000072117508254 7 22986137
RUNG 5000000336978693209 1250000084244673304 7 412684
RUNG 5000000343127275649 1250000085781818914 7 22795562
RUNG 5000000499410723041 1250000124852680761 3 173
RUNG 5000000088952515529 1250000022238128883 3 5261
RUNG 5000000358495669409 1250000089623917355 11 151355
RUNG 5000000214503262049 1250000053625815514 7 94
RUNG 5000000352410391409 1250000088102597855 11 1635
RUNG 5000000363110681009 1250000090777670254 7 31
RUNG 5000000378468863849 1250000094617215963 3 2777
RUNG 5000000061244077289 1250000015311019326 15 86
RUNG 5000000400275810329 1250000100068952585 11 909
RUNG 5000000491044489529 1250000122761122386 15 40096436
RUNG 5000000194456558201 1250000048614139552 7 61
RUNG 5000000423261014081 1250000105815253523 11 1434289
RUNG 5000000482639453201 1250000120659863305 19 140439050735534022987294225937
RUNG 5000000063096209609 1250000015774052403 3 146051
RUNG 5000000279736233209 1250000069934058304 7 11756
RUNG 5000000400112449169 1250000100028112293 3 51713
RUNG 5000000268584653201 1250000067146163302 7 118334
RUNG 5000000476666488049 1250000119166622013 3 5927
RUNG 5000000389381531249 1250000097345382820 31 133019347114
RUNG 5000000011332540601 1250000002833135151 3 1553
RUNG 5000000290414063321 1250000072603515835 19 206326379
RUNG 5000000312917344121 1250000078229336033 11 14760987
RUNG 5000000495447131561 1250000123861782892 7 4948
RUNG 5000000500211210881 1250000125052802721 3 11896649
RUNG 5000000424690446569 1250000106172611644 7 202348
RUNG 5000000197801426801 1250000049450356702 7 2579
RUNG 5000000364389007961 1250000091097251992 7 232333
RUNG 5000000380441484401 1250000095110371104 15 241361
RUNG 5000000433820410001 1250000108455102502 7 59
RUNG 5000000455684532281 1250000113921133075 19 3455757125
RUNG 5000000281992696289 1250000070498174074 7 908
RUNG 5000000305770210049 1250000076442552514 7 19997
RUNG 5000000028595952881 1250000007148988222 7 533800676
RUNG 5000000327305564081 1250000081826391022 7 6002
RUNG 5000000465851851961 1250000116462962992 7 89491
RUNG 5000000521434138721 1250000130358534682 7 626
RUNG 5000000534490942481 1250000133622735622 7 1186
RUNG 5000000419732379161 1250000104933094791 3 269
RUNG 5000000277569640121 1250000069392410031 3 4703
RUNG 5000000019531340321 1250000004882835083 11 235179181
RUNG 5000000025469597129 1250000006367399283 3 7883
RUNG 5000000464738947649 1250000116184736913 3 137
RUNG 5000000524293002209 1250000131073250554 7 412
RUNG 5000000014730508841 1250000003682627217 27 111250000327753822313
RUNG 5000000393145027169 1250000098286256796 15 41
RUNG 5000000410042908169 1250000102510727044 7 3622
RUNG 5000000306239889161 1250000076559972292 7 113132
RUNG 5000000354278880161 1250000088569720045 19 1332425
RUNG 5000000446603592641 1250000111650898161 3 677
RUNG 5000000101976671201 1250000025494167802 7 94
RUNG 5000000396667547681 1250000099166886921 3 7387661
RUNG 5000000252319825481 1250000063079956371 3 164249
RUNG 5000000286346338961 1250000071586584742 7 111467
RUNG 5000000074121207929 1250000018530301984 7 2404
RUNG 5000000287189703569 1250000071797425893 3 1877
RUNG 5000000070261753649 1250000017565438413 3 112097
RUNG 5000000155149356449 1250000038787339113 3 150074567
RUNG 5000000405299256449 1250000101324814115 11 104646615
RUNG 5000000446385101249 1250000111596275313 3 233
RUNG 5000000035173380449 1250000008793345114 7 482
RUNG 5000000053619127769 1250000013404781943 3 39863
RUNG 5000000070200492569 1250000017550123143 3 38603657
RUNG 5000000397572177209 1250000099393044303 3 23027
RUNG 5000000401000762369 1250000100250190593 3 2273
RUNG 5000000384531710009 1250000096132927506 15 86
RUNG 5000000436599645929 1250000109149911484 7 157
RUNG 5000000459421484969 1250000114855371243 3 809
RUNG 5000000473321651249 1250000118330412813 3 493877
RUNG 5000000037015301081 1250000009253825274 15 14156
RUNG 5000000012847759481 1250000003211939874 15 1807346
RUNG 5000000130894007801 1250000032723501951 3 793889
RUNG 5000000246120198881 1250000061530049721 3 701279
RUNG 5000000277643170361 1250000069410792591 3 48647
RUNG 5000000062702124089 1250000015675531023 3 22193
RUNG 5000000353206818569 1250000088301704644 7 1741
RUNG 5000000077798926841 1250000019449731712 7 227
RUNG 5000000434147159081 1250000108536789771 3 41981
RUNG 5000000305288311241 1250000076322077811 3 999863
RUNG 5000000341757103601 1250000085439275901 3 101
RUNG 5000000097000232801 1250000024250058204 15 3716
RUNG 5000000141684152081 1250000035421038023 11 909
RUNG 5000000483233720441 1250000120808430111 3 421997
RUNG 5000000007769214449 1250000001942303613 3 3329
RUNG 5000000353897036849 1250000088474259213 3 607991
RUNG 5000000357280697129 1250000089320174284 7 73
RUNG 5000000053508869081 1250000013377217272 7 68
RUNG 5000000096693931001 1250000024173482751 3 9371
RUNG 5000000188348854361 1250000047087213592 7 68
RUNG 5000000173102983889 1250000043275745975 11 13917
RUNG 5000000457426423289 1250000114356605823 3 272231
RUNG 5000000090034838849 1250000022508709713 3 197
RUNG 5000000445764332969 1250000111441083244 7 1084
RUNG 5000000025179649169 1250000006294912295 11 2969
RUNG 5000000477128026049 1250000119282006518 23 2259
RUNG 5000000483395046809 1250000120848761703 3 269
RUNG 5000000006519487841 1250000001629871963 11 1733
RUNG 5000000232771393721 1250000058192848431 3 15797
RUNG 5000000356512891601 1250000089128222901 3 2843
RUNG 5000000528272960081 1250000132068240024 15 48311
RUNG 5000000209173581089 1250000052293395274 7 351047276
RUNG 5000000039206423969 1250000009801605994 7 38
RUNG 5000000184673185409 1250000046168296354 7 1949
RUNG 5000000061444240889 1250000015361060224 7 61
RUNG 5000000163940354609 1250000040985088654 7 29209
RUNG 5000000204768902369 1250000051192225594 7 362
RUNG 5000000416791873529 1250000104197968383 3 149
RUNG 5000000443563017929 1250000110890754484 7 292
RUNG 5000000240094153529 1250000060023538383 3 2393
RUNG 5000000249334384529 1250000062333596138 23 106
RUNG 5000000496662185249 1250000124165546313 3 89
RUNG 5000000294739144601 1250000073684786153 11 928128973
RUNG 5000000123338475641 1250000030834618912 7 7516
RUNG 5000000384809445401 1250000096202361352 7 47
RUNG 5000000060349710329 1250000015087427584 7 1055036
RUNG 5000000508867460009 1250000127216865003 3 557
RUNG 5000000098897299721 1250000024724324932 7 6949
RUNG 5000000116661005681 1250000029165251421 3 257
RUNG 5000000147299773841 1250000036824943461 3 449
RUNG 5000000420222503921 1250000105055625982 7 4534
RUNG 5000000283146485369 1250000070786621344 7 38
RUNG 5000000351473143769 1250000087868285944 7 346
RUNG 5000000457589794409 1250000114397448603 3 187793
RUNG 5000000505669626209 1250000126417406555 11 255
RUNG 5000000164099637761 1250000041024909443 11 946705080947
RUNG 5000000276975441329 1250000069243860333 3 193943
RUNG 5000000367131507329 1250000091782876833 3 173
RUNG 5000000534897345569 1250000133724336393 3 752207
RUNG 5000000018671675921 1250000004667918982 7 124
RUNG 5000000048932666801 1250000012233166702 7 73387
RUNG 5000000167548644281 1250000041887161074 15 36116
RUNG 5000000190209162161 1250000047552290542 7 13119518
RUNG 5000000039004268489 1250000009751067123 3 6140231
RUNG 5000000195828856409 1250000048957214105 11 183
RUNG 5000000245507605529 1250000061376901385 11 30866337
RUNG 5000000371483095169 1250000092870773793 3 269
RUNG 5000000527882938769 1250000131970734693 3 124493
RUNG 5000000188320276049 1250000047080069014 7 124
RUNG 5000000007883580569 1250000001970895145 11 2615
RUNG 5000000445907286689 1250000111476821673 3 255419
RUNG 5000000115023295001 1250000028755823751 3 1637
RUNG 5000000257104354121 1250000064276088532 7 1193
RUNG 5000000359694401681 1250000089923600421 3 401
RUNG 5000000450091428401 1250000112522857101 3 125621
RUNG 5000000457806255521 1250000114451563881 3 1187
RUNG 5000000000548575961 1250000000137143992 7 68
RUNG 5000000418788998561 1250000104697249642 7 68
RUNG 5000000429340219601 1250000107335054902 7 794
RUNG 5000000456141994601 1250000114035498651 3 2633
RUNG 5000000180131701889 1250000045032925474 7 18826
RUNG 5000000430095776249 1250000107523944063 3 11117
RUNG 5000000176713327361 1250000044178331841 3 51203
RUNG 5000000179535427361 1250000044883856842 7 236
RUNG 5000000255652470041 1250000063913117511 3 36335459
RUNG 5000000041630342681 1250000010407585675 19 9418729895428525
RUNG 5000000219126502769 1250000054781625695 11 1205
RUNG 5000000028630717889 1250000007157679476 15 356
RUNG 5000000131300405009 1250000032825101253 3 73529
RUNG 5000000220684580609 1250000055171145154 7 68
RUNG 5000000278292571841 1250000069573142961 3 1709
RUNG 5000000301236933281 1250000075309233323 11 976831521
RUNG 5000000418149849401 1250000104537462353 11 28386341847
RUNG 5000000133801907441 1250000033450476861 3 9851
RUNG 5000000187532063921 1250000046883015982 7 221854
RUNG 5000000396563448761 1250000099140862191 3 63443
RUNG 5000000415141928849 1250000103785482215 11 706977
RUNG 5000000462447828041 1250000115611957011 3 225527
RUNG 5000000152037329321 1250000038009332332 7 173
RUNG 5000000158320686401 1250000039580171602 7 131
RUNG 5000000078660706289 1250000019665176575 11 255
RUNG 5000000420004028609 1250000105001007155 11 123
RUNG 5000000040778822489 1250000010194705623 3 1467611
RUNG 5000000179962226849 1250000044990556713 3 1787
RUNG 5000000185557416449 1250000046389354113 3 89
RUNG 5000000319104790409 1250000079776197603 3 256079
RUNG 5000000040778823089 1250000010194705774 7 1966
RUNG 5000000124473874529 1250000031118468633 3 197
RUNG 5000000232289505041 1250000058072376264 15 5419646
RUNG 5000000491352909641 1250000122838227411 3 1361
RUNG 5000000519531021449 1250000129882755363 3 14489
RUNG 5000000011236635161 1250000002809158792 7 292
RUNG 5000000308294236001 1250000077073559002 7 19573118
RUNG 5000000318279811601 1250000079569952901 3 773
RUNG 5000000074660355881 1250000018665088973 11 123
RUNG 5000000373947865001 1250000093486966254 15 10061
RUNG 5000000400349400209 1250000100087350054 7 68
RUNG 5000000059583976001 1250000014895994003 11 78333
RUNG 5000000196594649801 1250000049148662452 7 28050686
RUNG 5000000268705208321 1250000067176302081 3 1289
RUNG 5000000347966991929 1250000086991747985 11 275679
RUNG 5000000106601948561 1250000026650487142 7 82
RUNG 5000000432742283081 1250000108185570772 7 124
RUNG 5000000177540378761 1250000044385094693 11 44127
RUNG 5000000141580054769 1250000035395013693 3 73571
RUNG 5000000212007973649 1250000053001993414 7 150148
RUNG 5000000423555149489 1250000105888787376 15 13065476
RUNG 5000000147269179649 1250000036817294915 11 3405
RUNG 5000000194838501449 1250000048709625365 11 5385
RUNG 5000000359559658049 1250000089889914514 7 1637
RUNG 5000000255877120649 1250000063969280163 3 980300567
RUNG 5000000167818230689 1250000041954557673 3 401
RUNG 5000000318853635209 1250000079713408803 3 11939
RUNG 5000000115684951001 1250000028921237751 3 3666809
RUNG 5000000304095813641 1250000076023953411 3 3137
RUNG 5000000396353138801 1250000099088284701 3 168083
RUNG 5000000464414332001 1250000116103583001 3 1187
RUNG 5000000088248102809 1250000022062025703 3 1068941
RUNG 5000000101605086449 1250000025401271614 7 11959
RUNG 5000000391098971129 1250000097774742783 3 951023
RUNG 5000000428231426489 1250000107057856623 3 2441
RUNG 5000000163899559361 1250000040974889844 15 77306
RUNG 5000000212924857001 1250000053231214254 15 2081
RUNG 5000000105254214449 1250000026313553614 7 163292
RUNG 5000000108223340609 1250000027055835153 3 87887
RUNG 5000000446887506449 1250000111721876614 7 31
RUNG 5000000127659480329 1250000031914870083 3 1013
RUNG 5000000401584853681 1250000100396213421 3 269
RUNG 5000000261047576849 1250000065261894213 3 29263967
RUNG 5000000290359019009 1250000072589754753 3 843299
RUNG 5000000096342757529 1250000024085689383 3 32325311
RUNG 5000000281653803449 1250000070413450863 3 113
RUNG 5000000316221456569 1250000079055364143 3 6917
RUNG 5000000030417541241 1250000007604385312 7 47
RUNG 5000000036482400041 1250000009120600013 11 8278145755765563
RUNG 5000000269618022761 1250000067404505692 7 103
RUNG 5000000055597938161 1250000013899484541 3 280451
RUNG 5000000250808794169 1250000062702198543 3 7541
RUNG 5000000107261550689 1250000026815387676 15 86
RUNG 5000000203016890369 1250000050754222593 3 52733
RUNG 5000000345920891609 1250000086480222903 3 2381
RUNG 5000000363037270889 1250000090759317723 3 63507131
RUNG 5000000217662401561 1250000054415600391 3 2411
RUNG 5000000331265170841 1250000082816292712 7 5906
RUNG 5000000476533854401 1250000119133463602 7 1069
RUNG 5000000050737883921 1250000012684470981 3 34164839
RUNG 5000000152566251281 1250000038141562825 19 65
RUNG 5000000154826789561 1250000038706697392 7 124
RUNG 5000000276179100641 1250000069044775161 3 276929
RUNG 5000000210094603001 1250000052523650753 11 747
RUNG 5000000462705161201 1250000115676290302 7 89
RUNG 5000000023096833049 1250000005774208264 7 68
RUNG 5000000140593772609 1250000035148443153 3 6653
RUNG 5000000478187909489 1250000119546977373 3 195131
RUNG 5000000066710726009 1250000016677681503 3 115757
RUNG 5000000090686317721 1250000022671579433 11 2493
RUNG 5000000093310342121 1250000023327585531 3 474659
RUNG 5000000368581418201 1250000092145354551 3 2210291
RUNG 5000000294189901289 1250000073547475326 15 2027996
RUNG 5000000119589355241 1250000029897338813 11 549
RUNG 5000000050300896601 1250000012575224152 7 97
RUNG 5000000091695089441 1250000022923772364 15 446
RUNG 5000000158253341201 1250000039563335301 3 7607
RUNG 5000000258717625121 1250000064679406282 7 1028
RUNG 5000000323632034681 1250000080908008671 3 320484617
RUNG 5000000534872904521 1250000133718226132 7 692
RUNG 5000000017107536809 1250000004276884204 7 1114207
RUNG 5000000100016402849 1250000025004100715 11 915
RUNG 5000000279423911129 1250000069855977783 3 449
RUNG 5000000286187148089 1250000071546787023 3 32633
RUNG 5000000434081895089 1250000108520473774 7 38953
RUNG 5000000447228548609 1250000111807137153 3 5003
RUNG 5000000099820367849 1250000024955091965 11 170301
RUNG 5000000147898157609 1250000036974539403 3 1637
RUNG 5000000360511278329 1250000090127819583 3 113
RUNG 5000000007183223849 1250000001795805963 3 488051
RUNG 5000000156074486369 1250000039018621594 7 188
RUNG 5000000177468939449 1250000044367234864 7 356
RUNG 5000000267085906889 1250000066771476725 11 95
RUNG 5000000437953603889 1250000109488400973 3 11909
RUNG 5000000130448926961 1250000032612231742 7 8539774
RUNG 5000000404114959601 1250000101028739903 11 473285419
RUNG 5000000014855170361 1250000003713792591 3 7949
RUNG 5000000167732494961 1250000041933123742 7 47
RUNG 5000000236469603401 1250000059117400851 3 4027421
RUNG 5000000249301782761 1250000062325445691 3 5087
RUNG 5000000278088420641 1250000069522105161 3 8117
RUNG 5000000387854196761 1250000096963549192 7 173
RUNG 5000000180438069041 1250000045109517261 3 269519
RUNG 5000000458410764689 1250000114602691174 7 14684
RUNG 5000000172098379361 1250000043024594843 11 1398245769
RUNG 5000000186386533241 1250000046596633311 3 316439
RUNG 5000000314673612161 1250000078668403041 3 5927
RUNG 5000000092963204081 1250000023240801021 3 4899647
RUNG 5000000216667945241 1250000054166986313 11 26421947
RUNG 5000000372922804001 1250000093230701002 7 1645003
RUNG 5000000202653428561 1250000050663357141 3 14411
RUNG 5000000482384320001 1250000120596080002 7 10179622
RUNG 5000000121584442241 1250000030396110561 3 281381
RUNG 5000000413418505049 1250000103354626268 23 2684364
RUNG 5000000510066216209 1250000127516554053 3 34613
RUNG 5000000527539952489 1250000131884988123 3 2381
RUNG 5000000161594133089 1250000040398533274 7 31116812
RUNG 5000000137837040449 1250000034459260113 3 89
RUNG 5000000235728353969 1250000058932088496 15 12456536
RUNG 5000000470752863689 1250000117688215923 3 2351
RUNG 5000000087811147409 1250000021952786855 11 327
RUNG 5000000102758880209 1250000025689720054 7 95126
RUNG 5000000155737565969 1250000038934391494 7 38
RUNG 5000000169429444169 1250000042357361043 3 23021
RUNG 5000000124698559481 1250000031174639874 15 146
RUNG 5000000131198372801 1250000032799593201 3 3623
RUNG 5000000280346932961 1250000070086733241 3 69149
RUNG 5000000416336586761 1250000104084146695 19 174035
RUNG 5000000531720014921 1250000132930003731 3 149
RUNG 5000000179421148841 1250000044855287211 3 149
RUNG 5000000244384567601 1250000061096141902 7 5204
RUNG 5000000113408122601 1250000028352030651 3 101
RUNG 5000000193353988601 1250000048338497151 3 120929
RUNG 5000000105133777241 1250000026283444312 7 18121
RUNG 5000000011881979129 1250000002970494783 3 33521
RUNG 5000000064801445729 1250000016200361435 11 1579
RUNG 5000000157769400809 1250000039442350203 3 2493833
RUNG 5000000009407027249 1250000002351756815 11 549
RUNG 5000000272724001169 1250000068181000294 7 76
RUNG 5000000531503562209 1250000132875890553 3 101
RUNG 5000000249495799409 1250000062373949855 11 49705
RUNG 5000000285933961169 1250000071483490294 7 866
RUNG 5000000483623853569 1250000120905963395 11 5441
RUNG 5000000028894218329 1250000007223554583 3 26951
RUNG 5000000226087895009 1250000056521973754 7 16561
RUNG 5000000385889777321 1250000096472444331 3 1013
RUNG 5000000175230890561 1250000043807722643 11 79
RUNG 5000000483762714329 1250000120940678589 27 40274514964097
RUNG 5000000203464136081 1250000050866034023 11 28269
RUNG 5000000414172033481 1250000103543008373 11 7589
RUNG 5000000318526964921 1250000079631741231 3 1210169
RUNG 5000000331818603281 1250000082954650822 7 206933
RUNG 5000000324575487449 1250000081143871863 3 149
RUNG 5000000189935624129 1250000047483906034 7 4924
RUNG 5000000517713674729 1250000129428418683 3 137
RUNG 5000000252360787361 1250000063090196843 11 212476638295121
RUNG 5000000484436591321 1250000121109147831 3 12953
RUNG 5000000062963621489 1250000015740905373 3 977
RUNG 5000000078995677529 1250000019748919384 7 38
RUNG 5000000419683505009 1250000104920876254 7 7507
RUNG 5000000009421333361 1250000002355333342 7 326539
RUNG 5000000170644475441 1250000042661118864 15 3399356
RUNG 5000000492715024241 1250000123178756066 23 2599819
RUNG 5000000023141800769 1250000005785450193 3 320818079
RUNG 5000000333823892489 1250000083455973124 7 68
RUNG 5000000390157649969 1250000097539412494 7 68
RUNG 5000000500321623889 1250000125080405974 7 68
RUNG 5000000459921904889 1250000114980476223 3 197
RUNG 5000000344422080761 1250000086105520193 11 299496969
RUNG 5000000231805617809 1250000057951404454 7 124
RUNG 5000000446577174809 1250000111644293703 3 276827
RUNG 5000000110351205689 1250000027587801423 3 1616897
RUNG 5000000326976935009 1250000081744233755 11 117
RUNG 5000000354289220009 1250000088572305005 11 117
RUNG 5000000253720792961 1250000063430198241 3 101
RUNG 5000000162392599961 1250000040598149991 3 3328007
RUNG 5000000124104350369 1250000031026087593 3 461
RUNG 5000000356384358329 1250000089096089583 3 787433
RUNG 5000000472703040809 1250000118175760205 11 2493
RUNG 5000000212861620121 1250000053215405031 3 1093529
RUNG 5000000240153484721 1250000060038371184 15 18315746
RUNG 5000000318053226641 1250000079513306662 7 47
RUNG 5000000198226321289 1250000049556580324 7 19
RUNG 5000000244888977329 1250000061222244334 7 292
RUNG 5000000276199576649 1250000069049894164 7 191434
RUNG 5000000276897954329 1250000069224488583 3 2543
RUNG 5000000530860343009 1250000132715085753 3 438131
RUNG 5000000252352635209 1250000063088158804 7 89
RUNG 5000000415511631401 1250000103877907851 3 317
RUNG 5000000435883022441 1250000108970755611 3 197
RUNG 5000000482633486201 1250000120658371551 3 89
RUNG 5000000319878814721 1250000079969703681 3 449
RUNG 5000000493051976129 1250000123262994034 7 1277
RUNG 5000000529945512809 1250000132486378204 7 122
RUNG 5000000175680164561 1250000043920041144 15 251
RUNG 5000000216355559321 1250000054088889832 7 17657
RUNG 5000000083038936361 1250000020759734092 7 124
RUNG 5000000145850044721 1250000036462511184 15 356
RUNG 5000000284478014201 1250000071119503552 7 2833
RUNG 5000000295098665609 1250000073774666404 7 9572
RUNG 5000000000091273769 1250000000022818443 3 617
RUNG 5000000107714949929 1250000026928737484 7 26876
RUNG 5000000216090096809 1250000054022524203 3 11579
RUNG 5000000384631910249 1250000096157977563 3 297833
RUNG 5000000403710689969 1250000100927672493 3 68117771
RUNG 5000000410226839609 1250000102556709903 3 509
RUNG 5000000293275125161 1250000073318781292 7 35132
RUNG 5000000027775210649 1250000006943802663 3 913457
RUNG 5000000356274101369 1250000089068525343 3 6568691
RUNG 5000000136242251009 1250000034060562753 3 313575797
RUNG 5000000080843750921 1250000020210937733 11 36654911
RUNG 5000000105470753681 1250000026367688422 7 11588
RUNG 5000000121265933081 1250000030316483271 3 4481
RUNG 5000000181691938721 1250000045422984682 7 59
RUNG 5000000198773603321 1250000049693400831 3 941
RUNG 5000000072399918401 1250000018099979601 3 1022531
RUNG 5000000129766948121 1250000032441737031 3 408491
RUNG 5000000292921860209 1250000073230465056 15 2381
RUNG 5000000434282079209 1250000108570519804 7 878
RUNG 5000000513844041689 1250000128461010434 47 903832341620398
RUNG 5000000318396309521 1250000079599077381 3 29153
RUNG 5000000253969948049 1250000063492487013 3 25439
RUNG 5000000255679136009 1250000063919784005 11 206439
RUNG 5000000358941014729 1250000089735253684 7 131
RUNG 5000000439031865569 1250000109757966396 15 296
RUNG 5000000094012874729 1250000023503218683 3 256019
RUNG 5000000242062816769 1250000060515704195 11 197
RUNG 5000000308100348329 1250000077025087084 7 211994
RUNG 5000000220364100449 1250000055091025114 7 57958
RUNG 5000000172915260041 1250000043228815012 7 3109732
RUNG 5000000432599444801 1250000108149861201 3 71993
RUNG 5000000210033424649 1250000052508356163 3 4421
RUNG 5000000272734262849 1250000068183565714 7 346
RUNG 5000000399669511721 1250000099917377933 11 2043
RUNG 5000000244215133361 1250000061053783341 3 474170531
RUNG 5000000397119004481 1250000099279751123 11 138888899919972347
RUNG 5000000038957442521 1250000009739360633 11 153
RUNG 5000000077797043321 1250000019449260831 3 54803849
RUNG 5000000199398483281 1250000049849620823 11 153
RUNG 5000000380139443681 1250000095034860922 7 4952443
RUNG 5000000428562338201 1250000107140584552 7 94324
RUNG 5000000477708115049 1250000119427028764 7 97
RUNG 5000000296644513241 1250000074161128312 7 31
RUNG 5000000348816593201 1250000087204148302 7 5386
RUNG 5000000133050564041 1250000033262641015 19 19694620089293439724205
RUNG 5000000230272089641 1250000057568022415 19 47902955
RUNG 5000000325817099201 1250000081454274801 3 42529463
RUNG 5000000106308010049 1250000026577002513 3 67181
RUNG 5000000118429559489 1250000029607389875 11 3879
RUNG 5000000225763265969 1250000056440816493 3 1016051
RUNG 5000000325761964769 1250000081440491193 3 3041
RUNG 5000000065062886321 1250000016265721582 7 59
RUNG 5000000111899115761 1250000027974778942 7 164
RUNG 5000000263169354881 1250000065792338721 3 557
RUNG 5000000351895992881 1250000087973998221 3 137867
RUNG 5000000065087392481 1250000016271848123 11 1091
RUNG 5000000178504336769 1250000044626084194 7 404
RUNG 5000000389957579561 1250000097489394896 23 7793
RUNG 5000000371450571881 1250000092862642972 7 41
RUNG 5000000422979409241 1250000105744852312 7 202
RUNG 5000000071150211689 1250000017787552925 11 85
RUNG 5000000211803884849 1250000052950971213 3 9623
RUNG 5000000133230270401 1250000033307567602 7 30092
RUNG 5000000450828751601 1250000112707187902 7 1546033
RUNG 5000000451657820249 1250000112914455065 11 61
RUNG 5000000094507068281 1250000023626767072 7 82
RUNG 5000000513903285521 1250000128475821385 19 13
RUNG 5000000254962403441 1250000063740600861 3 53309
RUNG 5000000005790640841 1250000001447660213 11 3231
RUNG 5000000293526329249 1250000073381582313 3 113
RUNG 5000000293873477201 1250000073468369301 3 953
RUNG 5000000451212659201 1250000112803164801 3 89
RUNG 5000000203711285249 1250000050927821316 15 9236
RUNG 5000000416918639609 1250000104229659903 3 1174721
RUNG 5000000436305769049 1250000109076442264 7 68
RUNG 5000000134243129129 1250000033560782284 7 13292
RUNG 5000000000015756761 1250000000003939194 15 281
RUNG 5000000116550895481 1250000029137723872 7 47204
RUNG 5000000440886066641 1250000110221516663 11 1624079831383521
RUNG 5000000468282075281 1250000117070518821 3 82307
RUNG 5000000513831819521 1250000128457954881 3 918371
RUNG 5000000185453411681 1250000046363352921 3 233
RUNG 5000000262726247321 1250000065681561831 3 8297
RUNG 5000000386026664561 1250000096506666142 7 94
RUNG 5000000292811623961 1250000073202905991 3 1697
RUNG 5000000092115849209 1250000023028962303 3 3299
RUNG 5000000137773821569 1250000034443455394 7 8893
RUNG 5000000195775925729 1250000048943981433 3 5903
RUNG 5000000393915066929 1250000098478766733 3 12641
RUNG 5000000237723513929 1250000059430878483 3 557
RUNG 5000000321100007129 1250000080275001787 19 155000009954100220999
RUNG 5000000074076470681 1250000018519117671 3 11213
RUNG 5000000203809314929 1250000050952328733 3 1889
RUNG 5000000365502127049 1250000091375531764 7 5381
RUNG 5000000361946936921 1250000090486734233 11 963
RUNG 5000000369514737161 1250000092378684291 3 8117
RUNG 5000000406101967841 1250000101525491962 7 2371
RUNG 5000000444420848441 1250000111105212116 23 7666
RUNG 5000000276350748761 1250000069087687191 3 281
RUNG 5000000396312430721 1250000099078107681 3 1721
RUNG 5000000482833665521 1250000120708416381 3 17117
RUNG 5000000038606242289 1250000009651560574 7 31
RUNG 5000000179141478281 1250000044785369575 19 563
RUNG 5000000518636754401 1250000129659188602 7 1244
RUNG 5000000178055115689 1250000044513778923 3 389
RUNG 5000000234482807009 1250000058620701753 3 2718971
RUNG 5000000192972218009 1250000048243054503 3 1035473
RUNG 5000000236624907089 1250000059156226774 7 76
RUNG 5000000016105008209 1250000004026252053 3 1487
RUNG 5000000205647161009 1250000051411790258 23 842040324
RUNG 5000000235687611449 1250000058921902863 3 28697
RUNG 5000000179760225641 1250000044940056412 7 1407964
RUNG 5000000051076991321 1250000012769247832 7 13828
RUNG 5000000059506532609 1250000014876633153 3 78737
RUNG 5000000197540268761 1250000049385067194 15 10798763320361
RUNG 5000000346213033001 1250000086553258254 15 182276
RUNG 5000000318433120961 1250000079608280241 3 2927
RUNG 5000000078595523369 1250000019648880844 7 73
RUNG 5000000162345709889 1250000040586427473 3 52253
RUNG 5000000383578281761 1250000095894570443 11 549
RUNG 5000000499057686329 1250000124764421584 7 1407724
RUNG 5000000360613500761 1250000090153375193 11 2463
RUNG 5000000141516904001 1250000035379226002 7 73661699
RUNG 5000000220227335801 1250000055056833951 3 56597
RUNG 5000000349762101161 1250000087440525294 15 596
RUNG 5000000377384776241 1250000094346194062 7 146
RUNG 5000000451960077041 1250000112990019261 3 35897
RUNG 5000000402557004329 1250000100639251084 7 30596
RUNG 5000000526194358169 1250000131548589546 15 2412206
RUNG 5000000011959677761 1250000002989919441 3 90197
RUNG 5000000058597829321 1250000014649457331 3 5507
RUNG 5000000083939545721 1250000020984886431 3 13676723
RUNG 5000000124014580721 1250000031003645183 11 61
RUNG 5000000269671252169 1250000067417813043 3 4871
RUNG 5000000368244607961 1250000092061151995 19 22007045495111105109235304880175775
RUNG 5000000125542029521 1250000031385507381 3 29837
RUNG 5000000407570215961 1250000101892553991 3 6569
RUNG 5000000507133960241 1250000126783490063 11 7191
RUNG 5000000279097312241 1250000069774328061 3 113
RUNG 5000000415856815769 1250000103964203943 3 1433
RUNG 5000000078646582601 1250000019661645653 11 328261
RUNG 5000000327205733441 1250000081801433361 3 3701
RUNG 5000000163054306601 1250000040763576652 7 1042
RUNG 5000000287459467481 1250000071864866872 7 20173
RUNG 5000000039067764329 1250000009766941084 7 59
RUNG 5000000254125206929 1250000063531301733 3 7673
RUNG 5000000078113612009 1250000019528403005 11 45935
RUNG 5000000351156822449 1250000087789205615 11 4377
RUNG 5000000528164933729 1250000132041233434 7 9859
RUNG 5000000434796740129 1250000108699185034 7 124
RUNG 5000000185659693481 1250000046414923373 11 303
RUNG 5000000457598160281 1250000114399540072 7 292
RUNG 5000000429675309809 1250000107418827455 11 206487
RUNG 5000000055012020881 1250000013753005222 7 1552652
RUNG 5000000331485859001 1250000082871464754 15 21901226
RUNG 5000000452876969201 1250000113219242302 7 1186
RUNG 5000000489161977961 1250000122290494491 3 89
RUNG 5000000405395455769 1250000101348863943 3 47129
RUNG 5000000490636331489 1250000122659082876 15 536
RUNG 5000000002106850241 1250000000526712561 3 193181
RUNG 5000000478361629241 1250000119590407313 11 398270207381
RUNG 5000000260118605681 1250000065029651422 7 40718
RUNG 5000000503115239561 1250000125778809892 7 149057
RUNG 5000000405160625489 1250000101290156373 3 269
RUNG 5000000180497428121 1250000045124357033 11 117
RUNG 5000000051473174609 1250000012868293653 3 173
RUNG 5000000144825033209 1250000036206258303 3 883973
RUNG 5000000436162880009 1250000109040720003 3 23957
RUNG 5000000481924996409 1250000120481249103 3 1619
RUNG 5000000505600408169 1250000126400102043 3 14327
RUNG 5000000000187340201 1250000000046835051 3 3739349
RUNG 5000000024273202001 1250000006068300501 3 47737373
RUNG 5000000424406855921 1250000106101713982 7 1354
RUNG 5000000492674295161 1250000123168573791 3 2441
RUNG 5000000043443875201 1250000010860968801 3 499277
RUNG 5000000084934043921 1250000021233510982 7 1412823023
RUNG 5000000411439903769 1250000102859975946 15 566
RUNG 5000000183562534361 1250000045890633591 3 133403
RUNG 5000000467983991681 1250000116995997922 7 5906
RUNG 5000000488951658401 1250000122237914603 11 168113241
RUNG 5000000105583153841 1250000026395788463 11 673
RUNG 5000000145274285321 1250000036318571331 3 488639
RUNG 5000000318214652921 1250000079553663235 19 128317
RUNG 5000000527011200881 1250000131752800221 3 17477129
RUNG 5000000108360328289 1250000027090082074 7 68
RUNG 5000000510791277209 1250000127697819304 7 68
RUNG 5000000177058638761 1250000044264659691 3 293
RUNG 5000000280575772481 1250000070143943121 3 9539
RUNG 5000000529165553921 1250000132291388484 15 4586
RUNG 5000000201769365521 1250000050442341388 31 1822
RUNG 5000000231875161241 1250000057968790311 3 88572059
RUNG 5000000291137205929 1250000072784301483 3 3023
RUNG 5000000024391648721 1250000006097912183 11 1377
RUNG 5000000083700658481 1250000020925164622 7 14143
RUNG 5000000210419450681 1250000052604862672 7 35878
RUNG 5000000007495810409 1250000001873952605 11 7443
RUNG 5000000129311664569 1250000032327916144 7 173
RUNG 5000000167751025529 1250000041937756384 7 2042
RUNG 5000000274596684449 1250000068649171113 3 389
RUNG 5000000307555210049 1250000076888802514 7 19
RUNG 5000000411374565689 1250000102843641423 3 5297
RUNG 5000000442362522689 1250000110590630673 3 76600367
RUNG 5000000325843720409 1250000081460930105 11 25383
RUNG 5000000167242557929 1250000041810639484 7 122
RUNG 5000000065916534449 1250000016479133615 11 1515
RUNG 5000000092618249489 1250000023154562375 11 85706805
RUNG 5000000437392199009 1250000109348049753 3 2399
RUNG 5000000119079004601 1250000029769751151 3 27896777
RUNG 5000000231740393489 1250000057935098373 3 18257
RUNG 5000000308958094049 1250000077239523514 7 19
RUNG 5000000502367870609 1250000125591967654 7 4436
RUNG 5000000299450355929 1250000074862588985 11 117
RUNG 5000000411887120369 1250000102971780094 7 188
RUNG 5000000141212679521 1250000035303169881 3 149
RUNG 5000000196576468001 1250000049144117001 3 89
RUNG 5000000019652081921 1250000004913020482 7 124
RUNG 5000000099324314561 1250000024831078641 3 15209297
RUNG 5000000113232649001 1250000028308162252 7 866
RUNG 5000000233470006241 1250000058367501563 11 1723
RUNG 5000000435325661921 1250000108831415481 3 846164819
RUNG 5000000133054733249 1250000033263683314 7 10522217
RUNG 5000000370639961129 1250000092659990283 3 2393
RUNG 5000000511838858969 1250000127959714743 3 173
RUNG 5000000182274024281 1250000045568506071 3 386297
RUNG 5000000282838368161 1250000070709592043 11 20936037406437
RUNG 5000000025375924409 1250000006343981103 3 56489
RUNG 5000000261339772529 1250000065334943138 23 7404
RUNG 5000000355512531209 1250000088878132805 11 110937
RUNG 5000000374795514929 1250000093698878736 15 311
RUNG 5000000305353905329 1250000076338476333 3 11489
RUNG 5000000324981993809 1250000081245498453 3 653
RUNG 5000000520627804169 1250000130156951043 3 1571
RUNG 5000000331745230529 1250000082936307634 7 8390966
RUNG 5000000427184054681 1250000106796013671 3 353
RUNG 5000000359876374889 1250000089969093723 3 4552931
RUNG 5000000534346230449 1250000133586557614 7 8986
RUNG 5000000243331026761 1250000060832756691 3 2435603
RUNG 5000000260659778609 1250000065164944653 3 6500177
RUNG 5000000380617376369 1250000095154344095 11 909
RUNG 5000000242052711809 1250000060513177953 3 302172503
RUNG 5000000498287891009 1250000124571972755 11 19
RUNG 5000000453665233241 1250000113416308313 11 378171
RUNG 5000000242020040009 1250000060505010003 3 34877
RUNG 5000000289160533721 1250000072290133432 7 4919
RUNG 5000000337583428241 1250000084395857061 3 2927
RUNG 5000000089538872321 1250000022384718083 11 99992002430583
RUNG 5000000391862894321 1250000097965723581 3 2999
RUNG 5000000072338769521 1250000018084692381 3 3677
RUNG 5000000504420142841 1250000126105035711 3 1361
RUNG 5000000280079588081 1250000070019897021 3 31307
RUNG 5000000068493615329 1250000017123403836 15 3176
RUNG 5000000282225773969 1250000070556443493 3 953
RUNG 5000000287437060049 1250000071859265014 7 38
RUNG 5000000523997183849 1250000130999295967 19 298400532967
RUNG 5000000301800770081 1250000075450192522 7 458
RUNG 5000000044707935089 1250000011176983773 3 2351
RUNG 5000000076902738209 1250000019225684553 3 161904359
RUNG 5000000437290125569 1250000109322531393 3 353
RUNG 5000000161565718409 1250000040391429603 3 797
RUNG 5000000242354946929 1250000060588736733 3 1493
RUNG 5000000351687810569 1250000087921952646 15 32141
RUNG 5000000081244118129 1250000020311029533 3 7307
RUNG 5000000154720803521 1250000038680200882 7 927002
RUNG 5000000212300205401 1250000053075051353 11 3669
RUNG 5000000094980923561 1250000023745230892 7 262
RUNG 5000000416449070561 1250000104112267641 3 12149
RUNG 5000000174728712521 1250000043682178134 15 9281
RUNG 5000000018259440401 1250000004564860101 3 557
RUNG 5000000108150041201 1250000027037510301 3 12491
RUNG 5000000241983300761 1250000060495825192 7 164
RUNG 5000000039662064089 1250000009915516025 11 2602893
RUNG 5000000062048950961 1250000015512237741 3 23549
RUNG 5000000181028411561 1250000045257102891 3 8403779
RUNG 5000000217031618801 1250000054257904701 3 5091689
RUNG 5000000338016362681 1250000084504090672 7 115268
RUNG 5000000361399762889 1250000090349940725 11 321
RUNG 5000000518328494849 1250000129582123714 7 3142
RUNG 5000000129509784809 1250000032377446203 3 27239
RUNG 5000000254921671409 1250000063730417855 11 171
RUNG 5000000371434347689 1250000092858586923 3 6262679
RUNG 5000000069635130569 1250000017408782644 7 62
RUNG 5000000219445311089 1250000054861327774 7 720257
RUNG 5000000031016070161 1250000007754017541 3 1553
RUNG 5000000119495621321 1250000029873905331 3 297707
RUNG 5000000455707297121 1250000113926824281 3 61991
RUNG 5000000216161711489 1250000054040427873 3 2207
RUNG 5000000123340787009 1250000030835196753 3 55697
RUNG 5000000296272986449 1250000074068246614 7 13843532
RUNG 5000000125184749441 1250000031296187364 15 24071
RUNG 5000000326223587441 1250000081555896861 3 321897773
RUNG 5000000440718728201 1250000110179682051 3 1733
RUNG 5000000124206612641 1250000031051653163 11 79631
RUNG 5000000370964684201 1250000092741171051 3 1688903
RUNG 5000000469431853001 1250000117357963256 23 954
RUNG 5000000248199282881 1250000062049820721 3 2777
RUNG 5000000286887772721 1250000071721943181 3 521
RUNG 5000000321590200481 1250000080397550121 3 461
RUNG 5000000008808892649 1250000002202223163 3 2033657
RUNG 5000000214675113209 1250000053668778303 3 1901
RUNG 5000000410808971681 1250000102702242922 7 2442004
RUNG 5000000048357082001 1250000012089270501 3 173
RUNG 5000000387927913601 1250000096981978401 3 18543737
RUNG 5000000503376687041 1250000125844171761 3 9177353
RUNG 5000000132233875409 1250000033058468854 7 14458
RUNG 5000000462936127289 1250000115734031823 3 264080393
RUNG 5000000048661348361 1250000012165337092 7 11548
RUNG 5000000123573585761 1250000030893396444 15 13619486
RUNG 5000000479740076441 1250000119935019111 3 8237
RUNG 5000000176832031361 1250000044208007841 3 809
RUNG 5000000228211799801 1250000057052949952 7 94
RUNG 5000000437788408361 1250000109447102093 11 569
RUNG 5000000510883230161 1250000127720807542 7 194
RUNG 5000000031757344769 1250000007939336193 3 5929439
RUNG 5000000119309809769 1250000029827452444 7 98257
RUNG 5000000420414733889 1250000105103683473 3 2716907
RUNG 5000000132184872929 1250000033046218236 15 1655141
RUNG 5000000177755037569 1250000044438759393 3 101
RUNG 5000000219994634969 1250000054998658744 7 76
RUNG 5000000283869646169 1250000070967411546 15 703466
RUNG 5000000413132820209 1250000103283205054 7 1574
RUNG 5000000466393307489 1250000116598326875 11 19015
RUNG 5000000474373599809 1250000118593399954 7 54319
RUNG 5000000392620529921 1250000098155132481 3 381006173
RUNG 5000000273087679721 1250000068271919931 3 2099
RUNG 5000000508001919281 1250000127000479822 7 124
RUNG 5000000092042455889 1250000023010613974 7 227
RUNG 5000000376470040841 1250000094117510213 11 4125412851872971
RUNG 5000000156597468929 1250000039149367235 11 1245
RUNG 5000000232467423089 1250000058116855775 11 7005935
RUNG 5000000434047401689 1250000108511850423 3 26423
RUNG 5000000350993551121 1250000087748387782 7 3442
RUNG 5000000283310136329 1250000070827534085 11 9555185
RUNG 5000000301970297849 1250000075492574464 7 339484
RUNG 5000000492349687049 1250000123087421766 15 146
RUNG 5000000510376816169 1250000127594204043 3 7149827
RUNG 5000000163385211329 1250000040846302834 7 395926
RUNG 5000000182570177129 1250000045642544283 3 2633
RUNG 5000000207111413849 1250000051777853463 3 40256477
RUNG 5000000249524584649 1250000062381146163 3 569
RUNG 5000000241732160921 1250000060433040232 7 19148
RUNG 5000000462066234881 1250000115516558722 7 122
RUNG 5000000085099526081 1250000021274881521 3 2063
RUNG 5000000102779508401 1250000025694877103 11 3207
RUNG 5000000533200699601 1250000133300174905 19 68750007331509619775
RUNG 5000000113957638001 1250000028489409502 7 5683
RUNG 5000000418656552521 1250000104664138131 3 7019
RUNG 5000000226380108401 1250000056595027101 3 707153
RUNG 5000000130151015609 1250000032537753903 3 5483
RUNG 5000000153023905649 1250000038255976413 3 1026449
RUNG 5000000239210247209 1250000059802561806 15 67567570800138476
RUNG 5000000469344071129 1250000117336017783 3 137
RUNG 5000000133122185489 1250000033280546374 7 1571
RUNG 5000000139920136649 1250000034980034163 3 16193
RUNG 5000000330454720889 1250000082613680223 3 7691
RUNG 5000000366127117649 1250000091531779418 23 5277
RUNG 5000000487622371529 1250000121905592883 3 797
RUNG 5000000038839156961 1250000009709789241 3 14207
RUNG 5000000108064312961 1250000027016078241 3 1052561
RUNG 5000000282309544121 1250000070577386032 7 292
RUNG 5000000506531663921 1250000126632915981 3 13763
RUNG 5000000135476659769 1250000033869164943 3 101
RUNG 5000000138496836929 1250000034624209234 7 8006
RUNG 5000000333503488769 1250000083375872193 3 17351
RUNG 5000000346394887289 1250000086598721823 3 342989
RUNG 5000000384342116609 1250000096085529155 11 233
RUNG 5000000321761761241 1250000080440440311 3 23981
RUNG 5000000491459369321 1250000122864842332 7 41
RUNG 5000000015178044881 1250000003794511222 7 262
RUNG 5000000065193730601 1250000016298432653 11 447
RUNG 5000000164596153721 1250000041149038431 3 3581
RUNG 5000000446846922521 1250000111711730632 7 388
RUNG 5000000180181006361 1250000045045251591 3 4871
RUNG 5000000252538651721 1250000063134662931 3 654293
RUNG 5000000443867589521 1250000110966897382 7 25084
RUNG 5000000093712865081 1250000023428216275 19 52205
RUNG 5000000196697026361 1250000049174256591 3 809
RUNG 5000000337166916929 1250000084291729233 3 100769
RUNG 5000000481183829969 1250000120295957495 11 43755
RUNG 5000000046453934729 1250000011613483683 3 7517
RUNG 5000000108723902489 1250000027180975626 15 228647516
RUNG 5000000198069278609 1250000049517319654 7 59
RUNG 5000000219527034929 1250000054881758733 3 1193
RUNG 5000000330595632569 1250000082648908143 3 2207
RUNG 5000000298155785441 1250000074538946362 7 68
RUNG 5000000340832379401 1250000085208094852 7 68
RUNG 5000000162623548889 1250000040655887224 7 118
RUNG 5000000463373158049 1250000115843289513 3 117911
RUNG 5000000517840490969 1250000129460122747 19 70217
RUNG 5000000132797513561 1250000033199378391 3 2657
RUNG 5000000134069704481 1250000033517426121 3 759911
RUNG 5000000221279106761 1250000055319776691 3 1503377
RUNG 5000000371103581561 1250000092775895391 3 149
RUNG 5000000512441338121 1250000128110334532 7 7234
RUNG 5000000395626440689 1250000098906610174 7 368738
RUNG 5000000245077042529 1250000061269260634 7 412
RUNG 5000000313156614089 1250000078289153526 15 6679886
RUNG 5000000266105971289 1250000066526492823 3 101
RUNG 5000000495149345849 1250000123787336464 7 412
RUNG 5000000260237149049 1250000065059287263 3 5399
RUNG 5000000461365836809 1250000115341459204 7 1412
RUNG 5000000037660916201 1250000009415229051 3 22247
RUNG 5000000051340542161 1250000012835135541 3 5600873
RUNG 5000000101100972881 1250000025275243221 3 5078237
RUNG 5000000056764200569 1250000014191050146 15 5509121
RUNG 5000000287504511041 1250000071876127762 7 105724
RUNG 5000000306599627081 1250000076649906771 3 5231
RUNG 5000000341424577241 1250000085356144314 15 49197854051
RUNG 5000000261697210169 1250000065424302548 23 2034
RUNG 5000000218577493721 1250000054644373432 7 14591
RUNG 5000000299538254609 1250000074884563654 7 21878
RUNG 5000000423057170129 1250000105764292535 11 255
RUNG 5000000187189298729 1250000046797324683 3 1511
RUNG 5000000040062359201 1250000010015589802 7 53648279
RUNG 5000000385252884881 1250000096313221224 15 71
RUNG 5000000510670897601 1250000127667724402 7 181
RUNG 5000000342711066281 1250000085677766572 7 124
RUNG 5000000345688360769 1250000086422090193 3 10253
RUNG 5000000485519091809 1250000121379772954 7 9014
RUNG 5000000032157624209 1250000008039406055 11 41
RUNG 5000000303581496929 1250000075895374234 7 228913
RUNG 5000000348669740129 1250000087167435035 11 19
RUNG 5000000467434786529 1250000116858696633 3 2027
RUNG 5000000076608753329 1250000019152188333 3 9431
RUNG 5000000003728346761 1250000000932086693 11 503
RUNG 5000000173607696401 1250000043401924101 3 1292609
RUNG 5000000378832716401 1250000094708179101 3 389783
RUNG 5000000177732618041 1250000044433154511 3 2909
RUNG 5000000293020070321 1250000073255017582 7 126626
RUNG 5000000368693988641 1250000092173497161 3 24371
RUNG 5000000521109812201 1250000130277453054 15 39248771381
RUNG 5000000094701230609 1250000023675307654 7 31565047
RUNG 5000000229867942289 1250000057466985575 11 41
RUNG 5000000335343392369 1250000083835848094 7 15616996
RUNG 5000000430281916049 1250000107570479013 3 490499
RUNG 5000000529757852609 1250000132439463154 7 73
RUNG 5000000053278450529 1250000013319612633 3 2837
RUNG 5000000221428192289 1250000055357048075 11 30357
RUNG 5000000480066852569 1250000120016713143 3 1553
RUNG 5000000519222969569 1250000129805742393 3 3701
RUNG 5000000226216777721 1250000056554194432 7 482
RUNG 5000000274494687401 1250000068623671851 3 149
RUNG 5000000305378500601 1250000076344625153 11 281
RUNG 5000000227776897121 1250000056944224281 3 809
RUNG 5000000276293725481 1250000069073431373 11 1737
RUNG 5000000445123466561 1250000111280866643 11 411993
RUNG 5000000153926521241 1250000038481630311 3 6919973
RUNG 5000000458231322569 1250000114557830644 7 73
RUNG 5000000066014659721 1250000016503664931 3 269
RUNG 5000000391283043161 1250000097820760792 7 22636
RUNG 5000000222212341889 1250000055553085473 3 14633
RUNG 5000000258623957129 1250000064655989283 3 536111
RUNG 5000000360885236249 1250000090221309063 3 1601
RUNG 5000000522543332849 1250000130635833214 7 188506
RUNG 5000000084928036241 1250000021232009063 11 1041919
RUNG 5000000108728012441 1250000027182003111 3 2777
RUNG 5000000139856873369 1250000034964218346 15 86
RUNG 5000000152264308409 1250000038066077104 7 50258423
RUNG 5000000425389200449 1250000106347300115 11 2008731
RUNG 5000000521209885409 1250000130302471354 7 719
RUNG 5000000170209756121 1250000042552439031 3 6959
RUNG 5000000110970176321 1250000027742544081 3 1451
RUNG 5000000243192266321 1250000060798066581 3 389
RUNG 5000000243874307681 1250000060968576921 3 7649
RUNG 5000000033045930641 1250000008261482663 11 831
RUNG 5000000145437770201 1250000036359442552 7 103
RUNG 5000000079939337489 1250000019984834373 3 70067
RUNG 5000000500056394849 1250000125014098714 7 14524
RUNG 5000000035412655529 1250000008853163884 7 110582
RUNG 5000000305209022369 1250000076302255594 7 31
RUNG 5000000331594221209 1250000082898555304 7 25798
RUNG 5000000175190294849 1250000043797573714 7 53695612
RUNG 5000000190977306089 1250000047744326525 11 545
RUNG 5000000318220904441 1250000079555226112 7 626
RUNG 5000000476450415881 1250000119112603973 11 4975599
RUNG 5000000074981268809 1250000018745317203 3 1901
RUNG 5000000189807220049 1250000047451805014 7 5958116
RUNG 5000000240537620081 1250000060134405023 11 4941
RUNG 5000000420100323401 1250000105025080851 3 127289
RUNG 5000000040589233289 1250000010147308324 7 68
RUNG 5000000341175479249 1250000085293869814 7 68
RUNG 5000000025173878321 1250000006293469581 3 11399
RUNG 5000000170207727281 1250000042551931821 3 677
RUNG 5000000322501028441 1250000080625257114 15 1348436
RUNG 5000000344187493241 1250000086046873312 7 6082
RUNG 5000000258967038329 1250000064741759584 7 44866
RUNG 5000000441123132449 1250000110280783113 3 113
RUNG 5000000199290462809 1250000049822615703 3 2243
RUNG 5000000027675379841 1250000006918844961 3 5861
RUNG 5000000190901763161 1250000047725440791 3 11209529
RUNG 5000000285017344721 1250000071254336182 7 356
RUNG 5000000461851882601 1250000115462970651 3 3119
RUNG 5000000334005885209 1250000083501471303 3 6551
RUNG 5000000038726901569 1250000009681725393 3 2999
RUNG 5000000073290470609 1250000018322617654 7 164
RUNG 5000000013568969081 1250000003392242271 3 30102773
RUNG 5000000467902448681 1250000116975612171 3 82013
RUNG 5000000175390429049 1250000043847607266 15 86
RUNG 5000000397192729769 1250000099298182444 7 141545962
RUNG 5000000016852570409 1250000004213142604 7 7996238
RUNG 5000000226255604249 1250000056563901063 3 131249
RUNG 5000000259992147089 1250000064998036774 7 124
RUNG 5000000282401494049 1250000070600373513 3 257
RUNG 5000000519337354001 1250000129834338501 3 353777
RUNG 5000000521967501521 1250000130491875381 3 233
RUNG 5000000255115757609 1250000063778939403 3 34715339
RUNG 5000000312035580569 1250000078008895146 15 1031
RUNG 5000000505661813369 1250000126415453343 3 1656383
RUNG 5000000464694407561 1250000116173601891 3 449
RUNG 5000000273539044601 1250000068384761152 7 382276
RUNG 5000000334759404209 1250000083689851053 3 2203787
RUNG 5000000460926845609 1250000115231711403 3 233
RUNG 5000000054832478081 1250000013708119522 7 586
RUNG 5000000117604787681 1250000029401196921 3 941
RUNG 5000000477306049601 1250000119326512401 3 23376401
RUNG 5000000397631775761 1250000099407943943 11 453
RUNG 5000000232475666321 1250000058118916581 3 6311
RUNG 5000000347399635481 1250000086849908872 7 908
RUNG 5000000061873435529 1250000015468358883 3 438527
RUNG 5000000294866115449 1250000073716528863 3 284237
RUNG 5000000298719444929 1250000074679861238 23 963
RUNG 5000000019531737089 1250000004882934274 7 2386
RUNG 5000000091897550609 1250000022974387657 19 1421
RUNG 5000000178398365009 1250000044599591257 19 21809179
RUNG 5000000229616812289 1250000057404203073 3 221159
RUNG 5000000422430316241 1250000105607579064 15 8276
RUNG 5000000417427320449 1250000104356830114 7 1382
RUNG 5000000245454880121 1250000061363720031 3 12251
RUNG 5000000271682841881 1250000067920710472 7 14474
RUNG 5000000346172377121 1250000086543094284 15 296
RUNG 5000000415814109281 1250000103953527321 3 101
RUNG 5000000157906499729 1250000039476624933 3 90947
RUNG 5000000180538429361 1250000045134607341 3 1451
RUNG 5000000278164277681 1250000069541069421 3 293
RUNG 5000000296334349601 1250000074083587403 11 522279
RUNG 5000000191357158961 1250000047839289741 3 1851821
RUNG 5000000266937143441 1250000066734285861 3 5471
RUNG 5000000383065916201 1250000095766479053 11 1425987
RUNG 5000000403590461201 1250000100897615301 3 953
RUNG 5000000139309644569 1250000034827411144 7 32822
RUNG 5000000027998045009 1250000006999511253 3 7757
RUNG 5000000280608603209 1250000070152150803 3 149
RUNG 5000000087570478769 1250000021892619695 11 53517265
RUNG 5000000099528665009 1250000024882166253 3 95429
RUNG 5000000151131015809 1250000037782753953 3 23321
RUNG 5000000361585700249 1250000090396425065 11 13023
RUNG 5000000511171256369 1250000127792814096 15 248516
RUNG 5000000042182056409 1250000010545514104 7 4492
RUNG 5000000121582697729 1250000030395674433 3 269
RUNG 5000000143583636689 1250000035895909174 7 733
RUNG 5000000219492389609 1250000054873097403 3 1031
RUNG 5000000387413422889 1250000096853355725 11 1865
RUNG 5000000041165121521 1250000010291280381 3 33911
RUNG 5000000156681282281 1250000039170320571 3 16139
RUNG 5000000343952686601 1250000085988171657 27 8846440722619809930149
RUNG 5000000522833349401 1250000130708337352 7 3041
RUNG 5000000065667560801 1250000016416890201 3 115631
RUNG 5000000308533504121 1250000077133376032 7 68
RUNG 5000000445629943601 1250000111407485901 3 14017103
RUNG 5000000050905654001 1250000012726413501 3 50333
RUNG 5000000460587886961 1250000115146971742 7 73
RUNG 5000000283896292481 1250000070974073122 7 188
RUNG 5000000191320409321 1250000047830102331 3 198179
RUNG 5000000247987019321 1250000061996754832 7 101
RUNG 5000000329723755409 1250000082430938854 7 31
RUNG 5000000059882464121 1250000014970616031 3 74561
RUNG 5000000235669435481 1250000058917358872 7 706
RUNG 5000000369137169881 1250000092284292473 11 1305081
RUNG 5000000313567135529 1250000078391783883 3 797
RUNG 5000000478018742849 1250000119504685713 3 31607
RUNG 5000000082487847641 1250000020621961911 3 225524687
RUNG 5000000224544402281 1250000056136100572 7 645937
RUNG 5000000075285574241 1250000018821393562 7 47
RUNG 5000000227152089041 1250000056788022261 3 449
RUNG 5000000283457258081 1250000070864314523 11 137917
RUNG 5000000338045071361 1250000084511267843 11 1451
RUNG 5000000002317359449 1250000000579339863 3 35537
RUNG 5000000105754853609 1250000026438713403 3 3533
RUNG 5000000218538764849 1250000054634691213 3 101
RUNG 5000000226898876609 1250000056724719153 3 22602731
RUNG 5000000322266228689 1250000080566557174 7 13792978
RUNG 5000000189819514961 1250000047454878742 7 30803
RUNG 5000000361342706801 1250000090335676701 3 2927
RUNG 5000000017975723489 1250000004493930873 3 12050309
RUNG 5000000109003740569 1250000027250935143 3 2399
RUNG 5000000475264034969 1250000118816008743 3 13191749
RUNG 5000000104870652281 1250000026217663074 15 2036
RUNG 5000000041967653321 1250000010491913331 3 2819
RUNG 5000000126022103801 1250000031505525951 3 4007
RUNG 5000000212490245561 1250000053122561391 3 1229
RUNG 5000000143013920801 1250000035753480203 11 10889
RUNG 5000000179846196281 1250000044961549073 11 84897
RUNG 5000000199349720321 1250000049837430081 3 3803
RUNG 5000000510556616321 1250000127639154083 11 3413827
RUNG 5000000126165049121 1250000031541262282 7 262
RUNG 5000000182223131201 1250000045555782801 3 1130501
RUNG 5000000207711874481 1250000051927968623 11 571476809
RUNG 5000000279295586681 1250000069823896671 3 197
RUNG 5000000419579650601 1250000104894912652 7 94
RUNG 5000000256171526369 1250000064042881595 11 57
RUNG 5000000525851496929 1250000131462874237 19 367188004487
RUNG 5000000440261434001 1250000110065358501 3 101
RUNG 5000000160996127849 1250000040249031963 3 99623
RUNG 5000000425875262369 1250000106468815594 7 356
RUNG 5000000008968292441 1250000002242073112 7 68
RUNG 5000000156366823721 1250000039091705931 3 3339989
RUNG 5000000263931280721 1250000065982820181 3 78497
RUNG 5000000349192576841 1250000087298144211 3 9161
RUNG 5000000402834926129 1250000100708731538 23 44871
RUNG 5000000129064751561 1250000032266187891 3 109913
RUNG 5000000468613120721 1250000117153280185 19 673
RUNG 5000000023958911129 1250000005989727785 11 117
RUNG 5000000216067908209 1250000054016977054 7 388
RUNG 5000000505747618529 1250000126436904633 3 89
RUNG 5000000117092272769 1250000029273068193 3 236207
RUNG 5000000424049683529 1250000106012420886 15 86
RUNG 5000000437220841529 1250000109305210383 3 47933
RUNG 5000000513666654521 1250000128416663634 15 3716
RUNG 5000000384430027601 1250000096107506902 7 154281833
RUNG 5000000251946557729 1250000062986639434 7 647
RUNG 5000000446712248849 1250000111678062213 3 16943
RUNG 5000000216466113329 1250000054116528333 3 7247
RUNG 5000000158539564721 1250000039634891181 3 318203
RUNG 5000000203258198681 1250000050814549672 7 31
RUNG 5000000213198852689 1250000053299713174 7 14132
RUNG 5000000245242544369 1250000061310636093 3 653
RUNG 5000000491171547689 1250000122792886924 7 403388
RUNG 5000000115891562681 1250000028972890672 7 458
RUNG 5000000321204390401 1250000080301097602 7 71186
RUNG 5000000389943540881 1250000097485885221 3 149
RUNG 5000000533864478041 1250000133466119511 3 2897
RUNG 5000000107711151929 1250000026927787983 3 20116367
RUNG 5000000426845247209 1250000106711311804 7 340849
RUNG 5000000064123808969 1250000016030952244 7 2084
RUNG 5000000160563232049 1250000040140808013 3 50674913
RUNG 5000000218718489209 1250000054679622303 3 3659
RUNG 5000000037093326281 1250000009273331572 7 8252
RUNG 5000000142687214681 1250000035671803675 19 7385
RUNG 5000000317747219801 1250000079436804952 7 91139
RUNG 5000000156681314849 1250000039170328713 3 101
RUNG 5000000350617937729 1250000087654484434 7 329201
RUNG 5000000091182882809 1250000022795720704 7 244
RUNG 5000000524569117841 1250000131142279462 7 31
RUNG 5000000402792063761 1250000100698015941 3 173
RUNG 5000000098515851641 1250000024628962912 7 2302
RUNG 5000000117545622401 1250000029386405601 3 6911
RUNG 5000000468807133001 1250000117201783251 3 62939
RUNG 5000000294825325409 1250000073706331353 3 3283289
RUNG 5000000432605848289 1250000108151462073 3 111227
RUNG 5000000106520650001 1250000026630162501 3 665392613
RUNG 5000000204509981609 1250000051127495403 3 72024107
RUNG 5000000387603372089 1250000096900843023 3 269
RUNG 5000000193438041089 1250000048359510273 3 38237
RUNG 5000000448339768481 1250000112084942124 15 13436
RUNG 5000000487763392841 1250000121940848212 7 188
RUNG 5000000175537519601 1250000043884379902 7 24073012
RUNG 5000000288443953241 1250000072110988311 3 1697
RUNG 5000000349100709401 1250000087275177352 7 124
RUNG 5000000064860994769 1250000016215248693 3 101
RUNG 5000000186519611849 1250000046629902964 7 958
RUNG 5000000014338883849 1250000003584720963 3 101
RUNG 5000000520623903089 1250000130155975774 7 124
RUNG 5000000526194589841 1250000131548647462 7 1273628
RUNG 5000000046613328689 1250000011653332174 7 1928716
RUNG 5000000340358740649 1250000085089685163 3 281
RUNG 5000000532467737729 1250000133116934435 11 1605
RUNG 5000000410243477081 1250000102560869271 3 1601
RUNG 5000000471610863161 1250000117902715791 3 5297
RUNG 5000000006944662721 1250000001736165682 7 628
RUNG 5000000384293234321 1250000096073308582 7 887
RUNG 5000000433714686401 1250000108428671601 3 1619
RUNG 5000000031040736089 1250000007760184023 3 40853
RUNG 5000000081033959369 1250000020258489846 15 841756886
RUNG 5000000181898483129 1250000045474620784 7 157
RUNG 5000000325884765569 1250000081471191394 7 283
RUNG 5000000026625845921 1250000006656461482 7 118361
RUNG 5000000300012119081 1250000075003029771 3 37517
RUNG 5000000354017950961 1250000088504487741 3 73709
RUNG 5000000469626003521 1250000117406500881 3 509
RUNG 5000000320354922089 1250000080088730525 11 46881
RUNG 5000000329470588649 1250000082367647165 11 1165
RUNG 5000000350693510369 1250000087673377594 7 239004223
RUNG 5000000086786388161 1250000021696597043 11 233829
RUNG 5000000231920297081 1250000057980074274 15 28541
RUNG 5000000391987644521 1250000097996911131 3 11393
RUNG 5000000399590159441 1250000099897539861 3 1571
RUNG 5000000445131735521 1250000111282933883 11 12729
RUNG 5000000305695118441 1250000076423779613 11 80361
RUNG 5000000308741842121 1250000077185460531 3 84347
RUNG 5000000064187132489 1250000016046783125 11 38145
RUNG 5000000103639345289 1250000025909836327 19 817860623
RUNG 5000000127392354569 1250000031848088643 3 4397
RUNG 5000000181906654409 1250000045476663603 3 51659
RUNG 5000000205780144049 1250000051445036014 7 1588
RUNG 5000000238138309889 1250000059534577474 7 3527
RUNG 5000000351663481649 1250000087915870413 3 401
RUNG 5000000512431248809 1250000128107812204 7 314
RUNG 5000000154680135641 1250000038670033912 7 4492
RUNG 5000000442117686041 1250000110529421513 11 3304131
RUNG 5000000480501911921 1250000120125477984 15 3716
RUNG 5000000200916006449 1250000050229001615 11 16041827
RUNG 5000000321757807529 1250000080439451884 7 1126
RUNG 5000000462926074769 1250000115731518694 7 118
RUNG 5000000250698901361 1250000062674725342 7 1639844
RUNG 5000000347550816521 1250000086887704131 3 5351
RUNG 5000000409598201921 1250000102399550481 3 1049
RUNG 5000000434492711561 1250000108623177892 7 1669
RUNG 5000000485466114041 1250000121366528514 15 11246
RUNG 5000000133132533281 1250000033283133322 7 6772
RUNG 5000000188038904801 1250000047009726201 3 51255623
RUNG 5000000244619749121 1250000061154937281 3 197
RUNG 5000000120406540841 1250000030101635212 7 73
RUNG 5000000091082847041 1250000022770711766 23 2169
RUNG 5000000226488477401 1250000056622119351 3 33191
RUNG 5000000291284448641 1250000072821112162 7 433
RUNG 5000000467663611601 1250000116915902902 7 188
RUNG 5000000071462927129 1250000017865731783 3 1217
RUNG 5000000370448213729 1250000092612053433 3 257
RUNG 5000000011263590089 1250000002815897525 11 2595
RUNG 5000000027898047929 1250000006974511983 3 23099
RUNG 5000000216304826489 1250000054076206623 3 16091
RUNG 5000000333981465569 1250000083495366393 3 10091
RUNG 5000000422136332369 1250000105534083093 3 147209
RUNG 5000000278533954409 1250000069633488604 7 9323
RUNG 5000000486056269409 1250000121514067354 7 202
RUNG 5000000489593082689 1250000122398270674 7 9428
RUNG 5000000501391989809 1250000125347997453 3 113
RUNG 5000000239500360361 1250000059875090092 7 2287
RUNG 5000000346227580961 1250000086556895242 7 242338
RUNG 5000000413527093241 1250000103381773311 3 349133
RUNG 5000000252742990049 1250000063185747515 11 57
RUNG 5000000088785557969 1250000022196389494 7 82
RUNG 5000000497679563489 1250000124419890873 3 177499037
RUNG 5000000010079211281 1250000002519802825 19 285925
RUNG 5000000114014963201 1250000028503740801 3 569
RUNG 5000000227848483001 1250000056962120751 3 757607
RUNG 5000000240788890481 1250000060197222622 7 157
RUNG 5000000050250223001 1250000012562555751 3 113
RUNG 5000000208698232721 1250000052174558182 7 98507
RUNG 5000000380348031041 1250000095087007762 7 542
RUNG 5000000483009550001 1250000120752387501 3 592217
RUNG 5000000529664037881 1250000132416009471 3 4390619
RUNG 5000000038786211209 1250000009696552803 3 80819
RUNG 5000000222306388049 1250000055576597013 3 101
RUNG 5000000309938492609 1250000077484623153 3 21773
RUNG 5000000079067492489 1250000019766873125 11 85
RUNG 5000000381452775689 1250000095363193924 7 38
RUNG 5000000517436303369 1250000129359075844 7 514
RUNG 5000000092532707441 1250000023133176861 3 197
RUNG 5000000343944588161 1250000085986147041 3 269
RUNG 5000000501375664409 1250000125343916103 3 89
RUNG 5000000186672797849 1250000046668199463 3 2957
RUNG 5000000114019058009 1250000028504764503 3 9497
RUNG 5000000348222667649 1250000087055666914 7 383
RUNG 5000000168190295249 1250000042047573813 3 293
RUNG 5000000232251132089 1250000058062783023 3 521
RUNG 5000000532022604089 1250000133005651023 3 3413
RUNG 5000000095877576689 1250000023969394174 7 31
RUNG 5000000458564301089 1250000114641075277 19 5827
RUNG 5000000415677377321 1250000103919344331 3 3191
RUNG 5000000389723049881 1250000097430762472 7 62
RUNG 5000000528622610681 1250000132155652673 11 954153
RUNG 5000000093737520881 1250000023434380221 3 982343
RUNG 5000000214979561801 1250000053744890451 3 88379
RUNG 5000000003861216041 1250000000965304011 3 13460309
RUNG 5000000105679372481 1250000026419843121 3 89
RUNG 5000000503417713481 1250000125854428371 3 8861
RUNG 5000000337414157321 1250000084353539331 3 561461
RUNG 5000000376016881481 1250000094004220372 7 553796
RUNG 5000000009472744721 1250000002368186185 19 1608235
RUNG 5000000277222987481 1250000069305746871 3 22367
RUNG 5000000423302360921 1250000105825590234 15 1286
RUNG 5000000134886674009 1250000033721668505 11 68427
RUNG 5000000394389117209 1250000098597279304 7 19
RUNG 5000000170420212721 1250000042605053183 11 7317
RUNG 5000000100698842009 1250000025174710505 11 7809315
RUNG 5000000220740163409 1250000055185040857 19 11682243506402251
RUNG 5000000229502557049 1250000057375639264 7 36671
RUNG 5000000342792894209 1250000085698223555 11 19
RUNG 5000000053019250889 1250000013254812724 7 131
RUNG 5000000326907866009 1250000081726966503 3 253613
RUNG 5000000501369553409 1250000125342388355 11 117
RUNG 5000000219798784841 1250000054949696212 7 997
RUNG 5000000339321428081 1250000084830357021 3 23819
RUNG 5000000065251075361 1250000016312768841 3 13859
RUNG 5000000366319242761 1250000091579810691 3 18251543
RUNG 5000000489352152761 1250000122338038192 7 5836
RUNG 5000000003775461689 1250000000943865424 7 1627
RUNG 5000000177205918889 1250000044301479723 3 797
RUNG 5000000055790305721 1250000013947576431 3 2273
RUNG 5000000105848874281 1250000026462218573 11 15551
RUNG 5000000394462639721 1250000098615659933 11 41577
RUNG 5000000120733305689 1250000030183326423 3 287612249
RUNG 5000000203080610729 1250000050770152684 7 68
RUNG 5000000518181677009 1250000129545419254 7 68
RUNG 5000000034340719769 1250000008585179943 3 113
RUNG 5000000104613442289 1250000026153360574 7 10174
RUNG 5000000228881786489 1250000057220446623 3 773
RUNG 5000000280002215849 1250000070000553964 7 1844
RUNG 5000000378385661009 1250000094596415254 7 1642126
RUNG 5000000449064749489 1250000112266187375 11 1451
RUNG 5000000261981213161 1250000065495303292 7 236
RUNG 5000000302217569321 1250000075554392334 15 131
RUNG 5000000498441277001 1250000124610319251 3 3449
RUNG 5000000041614466849 1250000010403616715 11 545219187
RUNG 5000000285358487369 1250000071339621844 7 2372
RUNG 5000000217213571249 1250000054303392813 3 4589657
RUNG 5000000277649787089 1250000069412446773 3 40169
RUNG 5000000314637257609 1250000078659314404 7 82
RUNG 5000000465989178521 1250000116497294632 7 115363
RUNG 5000000063070184561 1250000015767546141 3 5807
RUNG 5000000468449839241 1250000117112459815 19 15250001428772009743
RUNG 5000000032651957369 1250000008162989343 3 113
RUNG 5000000063100815809 1250000015775203955 11 149
RUNG 5000000196731914609 1250000049182978653 3 47848847
RUNG 5000000263471907929 1250000065867976984 7 163516
RUNG 5000000058908509561 1250000014727127393 11 123741
RUNG 5000000328167820361 1250000082041955094 15 65010467831
RUNG 5000000359037339041 1250000089759334761 3 101
RUNG 5000000466759033649 1250000116689758413 3 1280549
RUNG 5000000386386382129 1250000096596595536 15 206
RUNG 5000000224758918289 1250000056189729573 3 1289423
RUNG 5000000415998006329 1250000103999501587 19 3170501518784440228718488579
RUNG 5000000124866408281 1250000031216602071 3 5439047
RUNG 5000000213303076601 1250000053325769152 7 31
RUNG 5000000293159092841 1250000073289773215 19 6956070571
RUNG 5000000391199475281 1250000097799868821 3 12473
RUNG 5000000030948905921 1250000007737226482 7 1433
RUNG 5000000101850576761 1250000025462644193 11 132777
RUNG 5000000128578838321 1250000032144709585 19 29211769
RUNG 5000000197995946081 1250000049498986521 3 3257
RUNG 5000000317385856721 1250000079346464182 7 47
RUNG 5000000215187883721 1250000053796970932 7 73
RUNG 5000000519445717601 1250000129861429401 3 7841
RUNG 5000000061164975161 1250000015291243791 3 269987
RUNG 5000000359643835841 1250000089910958961 3 281
RUNG 5000000491406466841 1250000122851616716 23 10456
RUNG 5000000400390703009 1250000100097675753 3 22769
RUNG 5000000486019566329 1250000121504891584 7 1876124
RUNG 5000000000544977401 1250000000136244352 7 68
RUNG 5000000240002755961 1250000060000688991 3 1710413
RUNG 5000000250796980361 1250000062699245091 3 89
RUNG 5000000110951955209 1250000027737988803 3 10908803
RUNG 5000000380176550849 1250000095044137715 11 1349037
RUNG 5000000039803198369 1250000009950799593 3 257
RUNG 5000000184038609689 1250000046009652423 3 370632593
RUNG 5000000194867547809 1250000048716886953 3 4721
RUNG 5000000331910894249 1250000082977723564 7 118
RUNG 5000000073786828289 1250000018446707073 3 5393
RUNG 5000000359774530289 1250000089943632574 7 1249
RUNG 5000000430296382289 1250000107574095573 3 2819
RUNG 5000000490542688409 1250000122635672105 11 1341
RUNG 5000000322076431169 1250000080519107794 7 103
RUNG 5000000069608817641 1250000017402204411 3 3677
RUNG 5000000375404307641 1250000093851076913 11 26127
RUNG 5000000502513129961 1250000125628282491 3 14657
RUNG 5000000064140235361 1250000016035058842 7 579764
RUNG 5000000526059893561 1250000131514973391 3 21144269
RUNG 5000000287898811001 1250000071974702753 11 6651
RUNG 5000000191892300641 1250000047973075161 3 1733
RUNG 5000000297657720401 1250000074414430102 7 458
RUNG 5000000068373386129 1250000017093346534 7 2866
RUNG 5000000151794804641 1250000037948701161 3 317
RUNG 5000000528912625721 1250000132228156431 3 233
RUNG 5000000048816770201 1250000012204192553 11 5654079
RUNG 5000000181806667241 1250000045451666811 3 1440209
RUNG 5000000006487323161 1250000001621830795 19 97
RUNG 5000000037371136121 1250000009342784035 19 144392725
RUNG 5000000297361626881 1250000074340406723 11 92523
RUNG 5000000327132528041 1250000081783132011 3 1637
RUNG 5000000044816415521 1250000011204103883 11 13437
RUNG 5000000116792199401 1250000029198049851 3 203911607
RUNG 5000000232263435281 1250000058065858822 7 197573
RUNG 5000000047803920329 1250000011950980084 7 10156
RUNG 5000000302713815569 1250000075678453893 3 233
RUNG 5000000450465619769 1250000112616404944 7 1116716
RUNG 5000000004561682201 1250000001140420551 3 173
RUNG 5000000034575586121 1250000008643896532 7 94
RUNG 5000000329746342001 1250000082436585503 11 1503
RUNG 5000000194277410921 1250000048569352732 7 283
RUNG 5000000325556078441 1250000081389019612 7 5197
RUNG 5000000256226779049 1250000064056694765 11 1129
RUNG 5000000331232950481 1250000082808237621 3 1193
RUNG 5000000434986961849 1250000108746740464 7 164
RUNG 5000000513460517009 1250000128365129256 15 352361
RUNG 5000000395353008809 1250000098838252206 15 641
RUNG 5000000497203840361 1250000124300960091 3 125777
RUNG 5000000291735818009 1250000072933954503 3 49409
RUNG 5000000476256594449 1250000119064148619 27 43094877230020372901
RUNG 5000000015882762641 1250000003970690664 15 16363016
RUNG 5000000183142174961 1250000045785543741 3 387017
RUNG 5000000072659643041 1250000018164910762 7 199
RUNG 5000000288537985889 1250000072134496473 3 42557
RUNG 5000000351163268609 1250000087790817154 7 31
RUNG 5000000129879647201 1250000032469911801 3 389
RUNG 5000000144800833481 1250000036200208372 7 82
RUNG 5000000403900994801 1250000100975248702 7 2098
RUNG 5000000481318815281 1250000120329703821 3 317
RUNG 5000000026554465409 1250000006638616353 3 31151
RUNG 5000000102499975049 1250000025624993765 11 24845
RUNG 5000000441268284929 1250000110317071234 7 5857
RUNG 5000000039374392649 1250000009843598168 23 72396
RUNG 5000000182570405609 1250000045642601405 11 5165
RUNG 5000000509860408649 1250000127465102170 31 716
RUNG 5000000012507273929 1250000003126818484 7 61
RUNG 5000000457723044929 1250000114430761234 7 210901
RUNG 5000000046427600561 1250000011606900142 7 94
RUNG 5000000508496327681 1250000127124081921 3 8414543
RUNG 5000000006125902649 1250000001531475663 3 96419
RUNG 5000000044044543409 1250000011011135855 11 6674223
RUNG 5000000069911064089 1250000017477766023 3 5207513
RUNG 5000000097057943849 1250000024264485963 3 488069
RUNG 5000000168796851521 1250000042199212882 7 62
RUNG 5000000027408044129 1250000006852011034 7 76
RUNG 5000000342647969129 1250000085661992283 3 1823
RUNG 5000000082202104841 1250000020550526212 7 89
RUNG 5000000239723028401 1250000059930757101 3 2423
RUNG 5000000468780697241 1250000117195174311 3 623957
RUNG 5000000247407226961 1250000061851806744 15 131
RUNG 5000000278734162601 1250000069683540653 11 3321
RUNG 5000000023777301761 1250000005944325443 11 166266979
RUNG 5000000364369153361 1250000091092288342 7 194
RUNG 5000000415205739329 1250000103801434833 3 134334407
RUNG 5000000430355634089 1250000107588908524 7 229
RUNG 5000000519680589809 1250000129920147453 3 13757
RUNG 5000000049897036529 1250000012474259133 3 113
RUNG 5000000131586805409 1250000032896701353 3 89
RUNG 5000000188770051529 1250000047192512884 7 68
RUNG 5000000457520894081 1250000114380223521 3 3805253
RUNG 5000000014626923881 1250000003656730973 11 281
RUNG 5000000050962983641 1250000012740745911 3 3089
RUNG 5000000183746634641 1250000045936658663 11 323373
RUNG 5000000262659228401 1250000065664807101 3 108947
RUNG 5000000359984898041 1250000089996224511 3 3329
RUNG 5000000397135731761 1250000099283932942 7 39217
RUNG 5000000162964796081 1250000040741199021 3 10391
RUNG 5000000475788987761 1250000118947246941 3 3490703
RUNG 5000000076615094321 1250000019153773582 7 68
RUNG 5000000086674183361 1250000021668545842 7 68
RUNG 5000000105320050769 1250000026330012693 3 1721
RUNG 5000000452573036849 1250000113143259213 3 2837
RUNG 5000000140633048849 1250000035158262213 3 55691
RUNG 5000000428140028609 1250000107035007156 15 536
RUNG 5000000509182470089 1250000127295617525 11 1515
RUNG 5000000412038543641 1250000103009635912 7 119258
RUNG 5000000487714504001 1250000121928626003 11 117
RUNG 5000000094344087281 1250000023586021823 11 118359
RUNG 5000000258818157041 1250000064704539261 3 6459491
RUNG 5000000299791689641 1250000074947922411 3 137
RUNG 5000000303624598721 1250000075906149681 3 101136863
RUNG 5000000315840082001 1250000078960020501 3 11717
RUNG 5000000512419104641 1250000128104776163 11 4311
RUNG 5000000067756727489 1250000016939181873 3 200159
RUNG 5000000369737686769 1250000092434421695 11 1047
RUNG 5000000108111522089 1250000027027880523 3 100803821
RUNG 5000000052382209169 1250000013095552295 11 615
RUNG 5000000180350729849 1250000045087682465 11 10911
RUNG 5000000387864876689 1250000096966219174 7 19
RUNG 5000000126971805881 1250000031742951471 3 100497491
RUNG 5000000332731840361 1250000083182960091 3 20441
RUNG 5000000516104990321 1250000129026247581 3 11519
RUNG 5000000078150714641 1250000019537678662 7 47078
RUNG 5000000199400923721 1250000049850230934 15 6746
RUNG 5000000213505294001 1250000053376323502 7 794
RUNG 5000000242044845041 1250000060511211262 7 164
RUNG 5000000343793575121 1250000085948393782 7 124
RUNG 5000000374560991801 1250000093640247953 11 569
RUNG 5000000321927411089 1250000080481852777 19 67
RUNG 5000000347820478841 1250000086955119712 7 124
RUNG 5000000365408570201 1250000091352142552 7 61
RUNG 5000000106520782721 1250000026630195681 3 60054473
RUNG 5000000110167866161 1250000027541966541 3 6971
RUNG 5000000506787169241 1250000126696792311 3 188801
RUNG 5000000247290852521 1250000061822713132 7 346
RUNG 5000000450085844921 1250000112521461231 3 1537961
RUNG 5000000187256919329 1250000046814229834 7 916
RUNG 5000000108675136601 1250000027168784152 7 68
RUNG 5000000226562105801 1250000056640526452 7 68
RUNG 5000000020771441009 1250000005192860254 7 181
RUNG 5000000090049690049 1250000022512422517 19 72051251297638546302397
RUNG 5000000172382700809 1250000043095675203 3 677
RUNG 5000000437845859609 1250000109461464903 3 149
RUNG 5000000296526481481 1250000074131620371 3 12560777
RUNG 5000000444594801881 1250000111148700471 3 1054043
RUNG 5000000014228747609 1250000003557186903 3 47850311
RUNG 5000000043080730769 1250000010770182695 11 9836845
RUNG 5000000214881640049 1250000053720410013 3 453797
RUNG 5000000240482695529 1250000060120673883 3 1997
RUNG 5000000252036557849 1250000063009139466 15 3438789719419916
RUNG 5000000091011494969 1250000022752873745 11 1711497
RUNG 5000000122203655969 1250000030550913993 3 1877
RUNG 5000000485360049569 1250000121340012394 7 1202
RUNG 5000000495443643089 1250000123860910777 19 5029
RUNG 5000000442076970521 1250000110519242633 11 34767
RUNG 5000000233535677969 1250000058383919495 11 1641
RUNG 5000000403580432849 1250000100895108213 3 197
RUNG 5000000493844726969 1250000123461181743 3 25355069
RUNG 5000000515853834089 1250000128963458524 7 3118
RUNG 5000000259477754441 1250000064869438612 7 78517
RUNG 5000000322154088161 1250000080538522043 11 1504211889938053
RUNG 5000000312384969329 1250000078096242333 3 2207
RUNG 5000000026195106521 1250000006548776631 3 89
RUNG 5000000104691124121 1250000026172781031 3 3761
RUNG 5000000272019965801 1250000068004991452 7 124
RUNG 5000000417654174521 1250000104413543631 3 201289799
RUNG 5000000470826854081 1250000117706713523 11 33717
RUNG 5000000021571929641 1250000005392982413 11 3251133
RUNG 5000000121000899281 1250000030250224821 3 10337
RUNG 5000000299855014721 1250000074963753681 3 269
RUNG 5000000175690814681 1250000043922703673 11 46296297923063099
RUNG 5000000186644317241 1250000046661079311 3 1697
RUNG 5000000214401766961 1250000053600441741 3 1721
RUNG 5000000216327410849 1250000054081852713 3 257
RUNG 5000000138186709049 1250000034546677263 3 46271
RUNG 5000000150306216449 1250000037576554113 3 269
RUNG 5000000038547411041 1250000009636852761 3 2129
RUNG 5000000023303583281 1250000005825895824 15 71267786
RUNG 5000000417415261241 1250000104353815312 7 227
RUNG 5000000116816763809 1250000029204190953 3 1409
RUNG 5000000422702103569 1250000105675525893 3 357977
RUNG 5000000040679302481 1250000010169825622 7 16299601
RUNG 5000000095230359041 1250000023807589763 11 153
RUNG 5000000144706946201 1250000036176736551 3 1709
RUNG 5000000030070905161 1250000007517726292 7 68
RUNG 5000000315693082361 1250000078923270591 3 137
RUNG 5000000410870524721 1250000102717631181 3 4283
RUNG 5000000388171208729 1250000097042802183 3 43221929
RUNG 5000000396590539649 1250000099147634914 7 124
RUNG 5000000004739400761 1250000001184850192 7 181
RUNG 5000000488249547881 1250000122062386975 19 10351925
RUNG 5000000396308739761 1250000099077184941 3 2207
RUNG 5000000479748536201 1250000119937134051 3 5639
RUNG 5000000251007385649 1250000062751846413 3 797
RUNG 5000000486515860841 1250000121628965212 7 34564
RUNG 5000000021410620769 1250000005352655194 7 62191
RUNG 5000000025433439569 1250000006358359893 3 194813
RUNG 5000000350036117969 1250000087509029495 11 2757
RUNG 5000000404064412289 1250000101016103073 3 904811
RUNG 5000000466436482049 1250000116609120515 11 33447
RUNG 5000000179950523801 1250000044987630951 3 533399
RUNG 5000000021324857201 1250000005331214303 11 4649
RUNG 5000000388393799441 1250000097098449863 11 101097
RUNG 5000000301819472681 1250000075454868171 3 2364611
RUNG 5000000165164115329 1250000041291028835 11 4245
RUNG 5000000496942522289 1250000124235630574 7 103
RUNG 5000000534509932169 1250000133627483044 7 82
RUNG 5000000148466354441 1250000037116588612 7 1039
RUNG 5000000144827440769 1250000036206860197 19 1389919
RUNG 5000000251005352609 1250000062751338153 3 3968501
RUNG 5000000460700398169 1250000115175099545 11 2108269143
RUNG 5000000073927813529 1250000018481953383 3 389
RUNG 5000000076314958289 1250000019078739574 7 95086
RUNG 5000000489021452489 1250000122255363123 3 2583173
RUNG 5000000534881586809 1250000133720396703 3 3389
RUNG 5000000166136130929 1250000041534032737 19 65000002159769702077
RUNG 5000000253321028729 1250000063330257184 7 934
RUNG 5000000399431032769 1250000099857758193 3 1061
RUNG 5000000403564121729 1250000100891030437 19 407564428070111
RUNG 5000000113625073649 1250000028406268413 3 48593
RUNG 5000000252108058289 1250000063027014574 7 236
RUNG 5000000311635566329 1250000077908891584 7 3274
RUNG 5000000325674591449 1250000081418647863 3 401
RUNG 5000000359605128089 1250000089901282024 7 146
RUNG 5000000083482522889 1250000020870630725 11 19
RUNG 5000000479734258769 1250000119933564693 3 881
RUNG 5000000482125487609 1250000120531371905 11 107577
RUNG 5000000004631192201 1250000001157798052 7 73
RUNG 5000000072496349561 1250000018124087392 7 563
RUNG 5000000085777777721 1250000021444444431 3 19541
RUNG 5000000109643099201 1250000027410774801 3 39749
RUNG 5000000047458899401 1250000011864724851 3 40116443
RUNG 5000000065140923761 1250000016285230943 11 44673
RUNG 5000000144700844201 1250000036175211051 3 1619
RUNG 5000000481531258121 1250000120382814531 3 101
RUNG 5000000509141680961 1250000127285420241 3 5290871
RUNG 5000000527865145721 1250000131966286432 7 62
RUNG 5000000291051810521 1250000072762952631 3 4919
RUNG 5000000013493651321 1250000003373412832 7 21292
RUNG 5000000101642392001 1250000025410598002 7 1468
RUNG 5000000043989477641 1250000010997369411 3 2777
RUNG 5000000116684059601 1250000029171014901 3 13259
RUNG 5000000300528920801 1250000075132230201 3 293
RUNG 5000000498024819401 1250000124506204852 7 14244026
RUNG 5000000062637387161 1250000015659346793 11 153
RUNG 5000000211199881889 1250000052799970474 7 271
RUNG 5000000410027190569 1250000102506797643 3 269
RUNG 5000000474708807569 1250000118677201893 3 1234799
RUNG 5000000217689485369 1250000054422371344 7 792893
RUNG 5000000369594799409 1250000092398699854 7 7441607
RUNG 5000000510481265129 1250000127620316285 11 1135
RUNG 5000000288842327729 1250000072210581933 3 101
RUNG 5000000091969252049 1250000022992313016 15 71
RUNG 5000000308027294249 1250000077006823565 11 1385
RUNG 5000000529917402689 1250000132479350673 3 202403
RUNG 5000000347455003361 1250000086863750843 11 2969
RUNG 5000000003424357409 1250000000856089354 7 36637
RUNG 5000000047115845249 1250000011778961313 3 521
RUNG 5000000086882532209 1250000021720633053 3 26261
RUNG 5000000182582736809 1250000045645684204 7 1637
RUNG 5000000284298791249 1250000071074697813 3 3389
RUNG 5000000066792944249 1250000016698236064 7 19
RUNG 5000000144237311249 1250000036059327815 11 171
RUNG 5000000331902829289 1250000082975707324 7 162099866
RUNG 5000000479274814049 1250000119818703513 3 4253
RUNG 5000000215863907081 1250000053965976772 7 31880764
RUNG 5000000317316538361 1250000079329134591 3 113
RUNG 5000000174181788161 1250000043545447042 7 3946
RUNG 5000000399049190921 1250000099762297731 3 263166053
RUNG 5000000082418637209 1250000020604659303 3 149
RUNG 5000000095493819329 1250000023873454834 7 1477028633
RUNG 5000000142771129409 1250000035692782353 3 43787
RUNG 5000000332958566849 1250000083239641713 3 2213
RUNG 5000000430568078849 1250000107642019713 3 137
RUNG 5000000059449772129 1250000014862443036 15 1129256
RUNG 5000000383546024609 1250000095886506153 3 32561
RUNG 5000000511151062169 1250000127787765545 11 519
RUNG 5000000118368753089 1250000029592188273 3 79187
RUNG 5000000391005597569 1250000097751399394 7 233866
RUNG 5000000509923796969 1250000127480949243 3 761
RUNG 5000000151290522281 1250000037822630572 7 69172
RUNG 5000000150637074881 1250000037659268727 27 11999
RUNG 5000000239351460641 1250000059837865161 3 113
RUNG 5000000398093524121 1250000099523381032 7 1507684
RUNG 5000000460073522201 1250000115018380551 3 3023
RUNG 5000000258158650889 1250000064539662729 27 282609192737850833343081948893
RUNG 5000000314749705409 1250000078687426353 3 7327361
RUNG 5000000353971167689 1250000088492791924 7 199
RUNG 5000000456499954049 1250000114124988513 3 18131
RUNG 5000000251456675921 1250000062864168981 3 5003
RUNG 5000000257494988201 1250000064373747051 3 449
RUNG 5000000306309954401 1250000076577488601 3 5303
RUNG 5000000330146687321 1250000082536671831 3 279557
RUNG 5000000206844229409 1250000051711057354 7 74609
RUNG 5000000319820092409 1250000079955023104 7 31
RUNG 5000000010022204489 1250000002505551125 11 541
RUNG 5000000245159026409 1250000061289756604 7 103
RUNG 5000000469242285809 1250000117310571453 3 2207
RUNG 5000000523043914361 1250000130760978591 3 1387259
RUNG 5000000065290018721 1250000016322504681 3 197
RUNG 5000000177881978201 1250000044470494554 15 16891892492844521
RUNG 5000000265316004881 1250000066329001222 7 1756
RUNG 5000000332509332089 1250000083127333024 7 16204
RUNG 5000000280131008681 1250000070032752171 3 4973
RUNG 5000000471270036761 1250000117817509191 3 143132783
RUNG 5000000050891599121 1250000012722899781 3 101
RUNG 5000000404593347521 1250000101148336882 7 33617
RUNG 5000000219408908921 1250000054852227231 3 89
RUNG 5000000019129711649 1250000004782427913 3 1823
RUNG 5000000062414833529 1250000015603708383 3 1229
RUNG 5000000125809965329 1250000031452491336 15 86
RUNG 5000000412265295761 1250000103066323943 11 5241601
RUNG 5000000486985583249 1250000121746395813 3 401
RUNG 5000000493781493209 1250000123445373303 3 8501
RUNG 5000000050303498969 1250000012575874744 7 1244
RUNG 5000000371101856849 1250000092775464213 3 2249867
RUNG 5000000108550648601 1250000027137662152 7 61
RUNG 5000000494404318001 1250000123601079501 3 2333
RUNG 5000000496166598521 1250000124041649634 15 10046
RUNG 5000000010457174969 1250000002614293743 3 1301
RUNG 5000000217424055281 1250000054356013821 3 256589
RUNG 5000000318625515641 1250000079656378914 15 3085399101671
RUNG 5000000057944816369 1250000014486204093 3 1181
RUNG 5000000201279688049 1250000050319922015 11 255
RUNG 5000000202645812809 1250000050661453203 3 2543
RUNG 5000000280171861409 1250000070042965353 3 19979
RUNG 5000000293208244769 1250000073302061193 3 1049
RUNG 5000000447696739241 1250000111924184812 7 1412
RUNG 5000000450529048721 1250000112632262183 11 109
RUNG 5000000138960712601 1250000034740178151 3 2503859
RUNG 5000000161704954121 1250000040426238531 3 500177
RUNG 5000000222418887401 1250000055604721853 11 1680291
RUNG 5000000263717104361 1250000065929276091 3 235211
RUNG 5000000295942537601 1250000073985634403 11 1349059
RUNG 5000000507800105369 1250000126950026344 7 40627
RUNG 5000000118848665561 1250000029712166391 3 23292743
RUNG 5000000137012611361 1250000034253152841 3 28319
RUNG 5000000397944482561 1250000099486120641 3 293
RUNG 5000000170416302041 1250000042604075512 7 122
RUNG 5000000120798814289 1250000030199703574 7 411421
RUNG 5000000445354525769 1250000111338631443 3 11117
RUNG 5000000301296773081 1250000075324193271 3 128903
RUNG 5000000479319780089 1250000119829945023 3 30813803
RUNG 5000000237893476841 1250000059473369212 7 1522
RUNG 5000000160749290321 1250000040187322581 3 16550987
RUNG 5000000157516742249 1250000039379185564 7 206524
RUNG 5000000377097303449 1250000094274325864 7 521
RUNG 5000000384799878329 1250000096199969584 7 49892
RUNG 5000000205077896321 1250000051269474081 3 2417
RUNG 5000000389433267521 1250000097358316881 3 977
RUNG 5000000171453665849 1250000042863416464 7 62
RUNG 5000000129575509601 1250000032393877405 19 112250002908970190969
RUNG 5000000324032852681 1250000081008213173 11 17521681657
RUNG 5000000272636749241 1250000068159187312 7 124
RUNG 5000000264225587009 1250000066056396754 7 112738
RUNG 5000000056740030169 1250000014185007545 11 457
RUNG 5000000225751512809 1250000056437878205 11 18519
RUNG 5000000313659292769 1250000078414823200 31 835
RUNG 5000000322883187449 1250000080720796863 3 24767
RUNG 5000000324821083409 1250000081205270854 7 51827
RUNG 5000000099624912281 1250000024906228072 7 210376421
RUNG 5000000184534977521 1250000046133744382 7 1401508
RUNG 5000000447455797001 1250000111863949256 23 210954
RUNG 5000000347745026849 1250000086936256714 7 14866
RUNG 5000000035002516889 1250000008750629224 7 2141
RUNG 5000000096933506009 1250000024233376503 3 52631
RUNG 5000000344044850489 1250000086011212625 11 2097
RUNG 5000000494040856649 1250000123510214164 7 15888284
RUNG 5000000513658735841 1250000128414683962 7 62786
RUNG 5000000032697055409 1250000008174263857 19 53753
RUNG 5000000233619497129 1250000058404874285 11 745
RUNG 5000000026779224041 1250000006694806012 7 82
RUNG 5000000147731295281 1250000036932823822 7 47
RUNG 5000000173336437889 1250000043334109474 7 157
RUNG 5000000253839780809 1250000063459945206 15 347726
RUNG 5000000530956861049 1250000132739215263 3 18617
RUNG 5000000105465155561 1250000026366288891 3 10193
RUNG 5000000152781264401 1250000038195316107 27 24059
RUNG 5000000127974563009 1250000031993640753 3 4493
RUNG 5000000154261743929 1250000038565435984 7 1319
RUNG 5000000273130934681 1250000068282733671 3 4860227
RUNG 5000000524069062121 1250000131017265531 3 2411
RUNG 5000000026515806041 1250000006628951513 11 117
RUNG 5000000077546385641 1250000019386596411 3 8747
RUNG 5000000090603189401 1250000022650797353 11 117
RUNG 5000000118720038161 1250000029680009542 7 622
RUNG 5000000369098646641 1250000092274661661 3 163367
RUNG 5000000393012977081 1250000098253244271 3 3797
RUNG 5000000334859762681 1250000083714940675 19 16576625
RUNG 5000000405461253641 1250000101365313411 3 353
RUNG 5000000481214811521 1250000120303702881 3 61643
RUNG 5000000532304611121 1250000133076152781 3 1770029
RUNG 5000000204841038401 1250000051210259601 3 19181
RUNG 5000000237822026441 1250000059455506612 7 458
RUNG 5000000513236045321 1250000128309011331 3 24473
RUNG 5000000477200166881 1250000119300041722 7 7132
RUNG 5000000440000326049 1250000110000081514 7 306011
RUNG 5000000494871982889 1250000123717995723 3 8422307
RUNG 5000000015164114321 1250000003791028581 3 2543
RUNG 5000000129712348121 1250000032428087032 7 9068
RUNG 5000000490177333001 1250000122544333254 15 18782396
RUNG 5000000212229142649 1250000053057285663 3 141773
RUNG 5000000255375405809 1250000063843851454 7 94
RUNG 5000000486217817609 1250000121554454405 11 16189
RUNG 5000000173777529761 1250000043444382441 3 1511
RUNG 5000000262052876921 1250000065513219231 3 1366997
RUNG 5000000374867418761 1250000093716854693 11 39657
RUNG 5000000477855664121 1250000119463916031 3 137
RUNG 5000000534101613881 1250000133525403471 3 41519
RUNG 5000000151296711521 1250000037824177882 7 188
RUNG 5000000303246949961 1250000075811737491 3 3170753
RUNG 5000000517416105161 1250000129354026294 15 2441
RUNG 5000000385189931489 1250000096297482875 11 123
RUNG 5000000513260554169 1250000128315138543 3 4973
RUNG 5000000098236345409 1250000024559086353 3 1361
RUNG 5000000495811323521 1250000123952830883 11 32229
RUNG 5000000030316053569 1250000007579013394 7 146
RUNG 5000000197542795481 1250000049385698872 7 3950497
RUNG 5000000410417297321 1250000102604324331 3 1061
RUNG 5000000426185930201 1250000106546482552 7 13522
RUNG 5000000068585928641 1250000017146482162 7 73
RUNG 5000000092024465441 1250000023006116361 3 557
RUNG 5000000186184972049 1250000046546243013 3 509
RUNG 5000000205627234889 1250000051406808723 3 5273
RUNG 5000000271766868449 1250000067941717113 3 113
RUNG 5000000511161345089 1250000127790336273 3 214847363
RUNG 5000000152879304329 1250000038219826084 7 7796
RUNG 5000000438144125129 1250000109536031283 3 1816271
RUNG 5000000197822564321 1250000049455641084 15 296
RUNG 5000000222149386841 1250000055537346711 3 135209
RUNG 5000000376770613601 1250000094192653402 7 3338
RUNG 5000000196868931809 1250000049217232954 7 234562
RUNG 5000000293773940009 1250000073443485004 7 300446
RUNG 5000000430476265769 1250000107619066444 7 6614
RUNG 5000000506313547289 1250000126578386826 15 964000586
RUNG 5000000377632355489 1250000094408088873 3 1265393
RUNG 5000000116232857849 1250000029058214465 11 171
RUNG 5000000141956435729 1250000035489108934 7 2116196
RUNG 5000000184906663049 1250000046226665763 3 39191
RUNG 5000000250331582609 1250000062582895653 3 2275613
RUNG 5000000278491314209 1250000069622828555 11 496360651
RUNG 5000000306495850769 1250000076623962693 3 6569
RUNG 5000000221577620081 1250000055394405021 3 38793701
RUNG 5000000118536281849 1250000029634070464 7 458
RUNG 5000000288591246929 1250000072147811734 7 2558
RUNG 5000000397599426209 1250000099399856553 3 1103
RUNG 5000000024921000401 1250000006230250102 7 698
RUNG 5000000089324899961 1250000022331224991 3 10739
RUNG 5000000120792736721 1250000030198184181 3 2310311
RUNG 5000000298000968569 1250000074500242143 3 7907
RUNG 5000000318298846169 1250000079574711544 7 10862
RUNG 5000000519674620961 1250000129918655241 3 16687247
RUNG 5000000057342471281 1250000014335617822 7 184631
RUNG 5000000467410649801 1250000116852662453 11 72650619
RUNG 5000000495576507521 1250000123894126883 11 459
RUNG 5000000177416466401 1250000044354116601 3 89627
RUNG 5000000147410731961 1250000036852682992 7 1811
RUNG 5000000256990683569 1250000064247670893 3 761
RUNG 5000000004478144681 1250000001119536171 3 113
RUNG 5000000059674485881 1250000014918621471 3 773
RUNG 5000000013983842729 1250000003495960684 7 14725954
RUNG 5000000322758669089 1250000080689667273 3 101
RUNG 5000000192872673041 1250000048218168262 7 647
RUNG 5000000196256333321 1250000049064083331 3 977
RUNG 5000000392290131281 1250000098072532821 3 312737
RUNG 5000000432681682481 1250000108170420621 3 20747
RUNG 5000000313710393209 1250000078427598303 3 364979
RUNG 5000000103813187201 1250000025953296801 3 1322543
RUNG 5000000281297093801 1250000070324273451 3 198533
RUNG 5000000191580067361 1250000047895016841 3 149
RUNG 5000000337355176841 1250000084338794212 7 1721
RUNG 5000000381691949321 1250000095422987332 7 62
RUNG 5000000429379709441 1250000107344927362 7 68992454
RUNG 5000000046003036649 1250000011500759163 3 36383
RUNG 5000000433181988809 1250000108295497206 15 244325846
RUNG 5000000501375914609 1250000125343978654 7 54311
RUNG 5000000307874248121 1250000076968562031 3 1482449
RUNG 5000000115834681169 1250000028958670293 3 89
RUNG 5000000038794638329 1250000009698659584 7 122
RUNG 5000000217805990849 1250000054451497713 3 89477
RUNG 5000000248459055449 1250000062114763866 15 184280636
RUNG 5000000370742536769 1250000092685634193 3 8747
RUNG 5000000036148157681 1250000009037039421 3 86861
RUNG 5000000105783763721 1250000026445940932 7 283
RUNG 5000000151456030361 1250000037864007591 3 2657
RUNG 5000000321488533001 1250000080372133252 7 33386
RUNG 5000000490553110961 1250000122638277741 3 509
RUNG 5000000077793525809 1250000019448381454 7 31
RUNG 5000000128387108849 1250000032096777213 3 1734167
RUNG 5000000288372774689 1250000072093193673 3 101
RUNG 5000000371336775809 1250000092834193953 3 257
RUNG 5000000326491537481 1250000081622884375 19 153924085
RUNG 5000000171510912929 1250000042877728234 7 31
RUNG 5000000441442054409 1250000110360513604 7 66587
RUNG 5000000316877615921 1250000079219403983 11 501
RUNG 5000000500197672841 1250000125049418214 15 3866926001
RUNG 5000000049396923041 1250000012349230762 7 1028
RUNG 5000000366864713681 1250000091716178422 7 41
RUNG 5000000495347828441 1250000123836957115 19 749
RUNG 5000000164449541729 1250000041112385434 7 76
RUNG 5000000176103464009 1250000044025866003 3 2401967
RUNG 5000000384060733529 1250000096015183384 7 504076
RUNG 5000000070286993489 1250000017571748374 7 37586
RUNG 5000000182985139049 1250000045746284763 3 1901
RUNG 5000000245845257041 1250000061461314261 3 2357
RUNG 5000000224575371929 1250000056143842983 3 2003
RUNG 5000000236431456169 1250000059107864043 3 137
RUNG 5000000264609566129 1250000066152391535 11 33195
RUNG 5000000280539520169 1250000070134880043 3 6951233
RUNG 5000000448356409409 1250000112089102354 7 38
RUNG 5000000107895248681 1250000026973812172 7 68
RUNG 5000000126925019441 1250000031731254862 7 47
RUNG 5000000452315926649 1250000113078981664 7 230233
RUNG 5000000040197540281 1250000010049385073 11 467433
RUNG 5000000227029906001 1250000056757476502 7 334081907
RUNG 5000000236817403721 1250000059204350932 7 964
RUNG 5000000249549523121 1250000062387380782 7 150988
RUNG 5000000486019797161 1250000121504949291 3 29763521
RUNG 5000000198743568041 1250000049685892011 3 3527
RUNG 5000000285264802841 1250000071316200716 23 333
RUNG 5000000297355721681 1250000074338930425 19 287
RUNG 5000000464353753769 1250000116088438443 3 7349
RUNG 5000000163257000521 1250000040814250131 3 2074571
RUNG 5000000305184906641 1250000076296226661 3 101
RUNG 5000000402610635041 1250000100652658761 3 10457
RUNG 5000000458783071361 1250000114695767841 3 95783
RUNG 5000000146804285561 1250000036701071391 3 3167
RUNG 5000000337647218201 1250000084411804551 3 158725451
RUNG 5000000514918754921 1250000128729688732 7 8075962
RUNG 5000000376368383369 1250000094092095844 7 5262701
RUNG 5000000098898034169 1250000024724508544 7 314
RUNG 5000000366229658729 1250000091557414687 19 1381
RUNG 5000000423766178009 1250000105941544503 3 196769
RUNG 5000000425961371009 1250000106490342753 3 113
RUNG 5000000236374293929 1250000059093573485 11 7642403
RUNG 5000000246237347129 1250000061559336787 19 2597
RUNG 5000000299902158329 1250000074975539583 3 4084721
RUNG 5000000367085274329 1250000091771318583 3 13907
RUNG 5000000428401609409 1250000107100402353 3 47034593
RUNG 5000000157328968289 1250000039332242074 7 49103
RUNG 5000000210358705049 1250000052589676265 11 61
RUNG 5000000208712821601 1250000052178205405 19 2765
RUNG 5000000273026871401 1250000068256717851 3 296753
RUNG 5000000300114532001 1250000075028633002 7 566
RUNG 5000000446841232121 1250000111710308031 3 60443
RUNG 5000000073760525681 1250000018440131424 15 424331
RUNG 5000000251085155369 1250000062771288845 11 5235
RUNG 5000000460469811281 1250000115117452821 3 8123
RUNG 5000000048739413041 1250000012184853261 3 19753607
RUNG 5000000245389907081 1250000061347476771 3 65951
RUNG 5000000349484938121 1250000087371234531 3 3167
RUNG 5000000207544781321 1250000051886195333 11 963
RUNG 5000000517258946081 1250000129314736522 7 56212259
RUNG 5000000521726929721 1250000130431732431 3 8111
RUNG 5000000527536533521 1250000131884133382 7 398
RUNG 5000000238175381849 1250000059543845463 3 3677
RUNG 5000000271889462849 1250000067972365717 19 3799392303867373
RUNG 5000000339766872449 1250000084941718114 7 188
RUNG 5000000373384976969 1250000093346244245 11 615
RUNG 5000000398014021409 1250000099503505356 15 789116
RUNG 5000000019987493921 1250000004996873483 11 50607
RUNG 5000000439275483041 1250000109818870761 3 569
RUNG 5000000507565384721 1250000126891346181 3 105449
RUNG 5000000154915288121 1250000038728822032 7 346
RUNG 5000000420153821681 1250000105038455422 7 31
RUNG 5000000140375964161 1250000035093991041 3 233
RUNG 5000000301284632081 1250000075321158021 3 173
RUNG 5000000428689549721 1250000107172387432 7 95476
RUNG 5000000130325044289 1250000032581261080 31 1225546
RUNG 5000000510724424921 1250000127681106231 3 149
RUNG 5000000132070989809 1250000033017747453 3 293
RUNG 5000000393844181489 1250000098461045375 11 2109879
RUNG 5000000395163339329 1250000098790834833 3 2591
RUNG 5000000508122866009 1250000127030716504 7 2399
RUNG 5000000081193564841 1250000020298391211 3 37997
RUNG 5000000198218793161 1250000049554698295 19 1085
RUNG 5000000009223907249 1250000002305976813 3 10694129
RUNG 5000000222617087249 1250000055654271818 23 214524286
RUNG 5000000517530546641 1250000129382636661 3 60413
RUNG 5000000026995784441 1250000006748946111 3 1431347
RUNG 5000000482415629321 1250000120603907331 3 33629
RUNG 5000000038159617649 1250000009539904414 7 458
RUNG 5000000322717891649 1250000080679472913 3 2861
RUNG 5000000505588699769 1250000126397174943 3 98277917
RUNG 5000000345741893801 1250000086435473453 11 3011
RUNG 5000000167690300369 1250000041922575093 3 197
RUNG 5000000185398871249 1250000046349717813 3 151245161
RUNG 5000000517602022529 1250000129400505633 3 68279
RUNG 5000000244244343641 1250000061061085912 7 1294
RUNG 5000000498653939249 1250000124663484813 3 22037
RUNG 5000000163304006249 1250000040826001565 11 2014569
RUNG 5000000307806924809 1250000076951731203 3 1113587
RUNG 5000000364014075809 1250000091003518954 7 1172
RUNG 5000000028086246569 1250000007021561644 7 229
RUNG 5000000511335012569 1250000127833753144 7 47
RUNG 5000000007520862569 1250000001880215644 7 47
RUNG 5000000386284567889 1250000096571141975 11 453
RUNG 5000000079204635521 1250000019801158882 7 1264856116
RUNG 5000000085453277921 1250000021363319483 11 82116190336347
RUNG 5000000515186301641 1250000128796575411 3 17327
RUNG 5000000068034679481 1250000017008669872 7 829
RUNG 5000000356952708881 1250000089238177222 7 514
RUNG 5000000327116463761 1250000081779115945 19 62503607
RUNG 5000000393680841641 1250000098420210413 11 18729
RUNG 5000000072182064401 1250000018045516101 3 5807
RUNG 5000000157480117241 1250000039370029311 3 89
RUNG 5000000245671740761 1250000061417935195 19 468415
RUNG 5000000322238030561 1250000080559507644 15 114010646
RUNG 5000000101856991169 1250000025464247795 11 205
RUNG 5000000446244997481 1250000111561249371 3 7847459
RUNG 5000000458505405641 1250000114626351412 7 68
RUNG 5000000030344752889 1250000007586188224 7 12836
RUNG 5000000086625417329 1250000021656354334 7 27844
RUNG 5000000034077602129 1250000008519400535 11 985563
RUNG 5000000110396805089 1250000027599201274 7 538
RUNG 5000000470649417809 1250000117662354456 15 44636
RUNG 5000000401007686369 1250000100251921593 3 67714991
RUNG 5000000499095035729 1250000124773758935 11 1385
RUNG 5000000190218110009 1250000047554527503 3 190547327
RUNG 5000000376256122169 1250000094064030543 3 137
RUNG 5000000412853563049 1250000103213390763 3 9839
RUNG 5000000356817944921 1250000089204486232 7 188
RUNG 5000000078193840721 1250000019548460184 15 12356
RUNG 5000000354112243841 1250000088528060964 15 626
RUNG 5000000491412887321 1250000122853221831 3 521
RUNG 5000000241650975089 1250000060412743773 3 3671
RUNG 5000000048196273961 1250000012049068492 7 249212
RUNG 5000000135072823721 1250000033768205932 7 362
RUNG 5000000252890363561 1250000063222590896 23 106
RUNG 5000000277982951081 1250000069495737773 11 1839
RUNG 5000000260856362129 1250000065214090535 11 255
RUNG 5000000292789783649 1250000073197445915 11 255
RUNG 5000000294010923569 1250000073502730893 3 2000093
RUNG 5000000011992947641 1250000002998236918 31 917933
RUNG 5000000468832010321 1250000117208002581 3 8501
RUNG 5000000513172866881 1250000128293216721 3 12917
RUNG 5000000301607312849 1250000075401828214 7 68
RUNG 5000000059372360849 1250000014843090213 3 5501
RUNG 5000000110570387729 1250000027642596933 3 3203
RUNG 5000000336571122689 1250000084142780673 3 2407049
RUNG 5000000350403901649 1250000087600975414 7 398
RUNG 5000000137033185001 1250000034258296251 3 2087
RUNG 5000000260776724921 1250000065194181231 3 645713
RUNG 5000000206511554729 1250000051627888684 7 356
RUNG 5000000451070349209 1250000112767587303 3 6753059
RUNG 5000000024919065401 1250000006229766351 3 137
RUNG 5000000034057195049 1250000008514298764 7 82
RUNG 5000000067003468409 1250000016750867105 11 347
RUNG 5000000083392881449 1250000020848220363 3 41981
RUNG 5000000094229987729 1250000023557496934 7 19
RUNG 5000000329432154929 1250000082358038733 3 37889
RUNG 5000000008676680921 1250000002169170231 3 9677
RUNG 5000000076713369641 1250000019178342411 3 3467
RUNG 5000000023998107209 1250000005999526803 3 175949
RUNG 5000000168378503369 1250000042094625843 3 2216237
RUNG 5000000222135206369 1250000055533801596 15 101
RUNG 5000000288274839929 1250000072068709984 7 94
RUNG 5000000080029643441 1250000020007410862 7 147724
RUNG 5000000146075343161 1250000036518835792 7 925466
RUNG 5000000260827780961 1250000065206945244 15 23336
RUNG 5000000329127892841 1250000082281973211 3 56099
RUNG 5000000411585469481 1250000102896367371 3 1049
RUNG 5000000058063421009 1250000014515855257 19 71
RUNG 5000000061871825609 1250000015467956405 11 57
RUNG 5000000433843705889 1250000108460926473 3 18899
RUNG 5000000103419171761 1250000025854792942 7 1223
RUNG 5000000375002323601 1250000093750580902 7 2923457
RUNG 5000000421687442081 1250000105421860521 3 173
RUNG 5000000223323678329 1250000055830919586 15 2186
RUNG 5000000478635855449 1250000119658963863 3 113
RUNG 5000000019832352929 1250000004958088233 3 701
RUNG 5000000064796031689 1250000016199007925 11 223255
RUNG 5000000214792037849 1250000053698009464 7 62
RUNG 5000000348022896329 1250000087005724084 7 68
RUNG 5000000188186302049 1250000047046575516 15 8846
RUNG 5000000247440176729 1250000061860044185 11 5394395
RUNG 5000000497594160809 1250000124398540203 3 317
RUNG 5000000000110334041 1250000000027583511 3 70271
RUNG 5000000183926606681 1250000045981651671 3 55259
RUNG 5000000235845473681 1250000058961368424 15 536
RUNG 5000000275324233001 1250000068831058252 7 76737839
RUNG 5000000422383785641 1250000105595946411 3 317
RUNG 5000000428812127561 1250000107203031892 7 94
RUNG 5000000152558832521 1250000038139708132 7 33172
RUNG 5000000211873968401 1250000052968492102 7 41
RUNG 5000000285471132041 1250000071367783011 3 281
RUNG 5000000438201429761 1250000109550357441 3 113
RUNG 5000000288577075961 1250000072144268994 15 16621361
RUNG 5000000299289617801 1250000074822404451 3 3779
RUNG 5000000509162321441 1250000127290580362 7 41
RUNG 5000000172658634641 1250000043164658661 3 113
RUNG 5000000361285954049 1250000090321488514 7 31
RUNG 5000000376999451849 1250000094249862963 3 113
RUNG 5000000526811674409 1250000131702918604 7 122
RUNG 5000000528655636529 1250000132163909136 15 296
RUNG 5000000169199420009 1250000042299855003 3 41458103
RUNG 5000000216862675649 1250000054215668913 3 2819
RUNG 5000000256033088849 1250000064008272213 3 2633
RUNG 5000000366793338449 1250000091698334613 3 1480937
RUNG 5000000290884587041 1250000072721146761 3 755969
RUNG 5000000013743002921 1250000003435750731 3 37313
RUNG 5000000140231044601 1250000035057761151 3 3677
RUNG 5000000046538166401 1250000011634541602 7 94321
RUNG 5000000385716926321 1250000096429231584 15 296
RUNG 5000000107421590441 1250000026855397612 7 6796
RUNG 5000000127899167561 1250000031974791891 3 2081
RUNG 5000000431189074481 1250000107797268621 3 68669
RUNG 5000000213052237121 1250000053263059281 3 303497
RUNG 5000000237901822169 1250000059475455544 7 19465046
RUNG 5000000348578350889 1250000087144587724 7 582214
RUNG 5000000360142423409 1250000090035605857 19 24505001765058017127509
RUNG 5000000437866549889 1250000109466637473 3 6359777
RUNG 5000000187655389361 1250000046913847345 19 4592903585455
RUNG 5000000504575913281 1250000126143978321 3 12250181
RUNG 5000000144503000729 1250000036125750183 3 317
RUNG 5000000300075818129 1250000075018954538 23 548350988049
RUNG 5000000530001353969 1250000132500338493 3 69677
RUNG 5000000154265994089 1250000038566498524 7 2092
RUNG 5000000323618497409 1250000080904624353 3 2267
RUNG 5000000416833539329 1250000104208384834 7 8791628
RUNG 5000000480089812409 1250000120022453105 11 3007593
RUNG 5000000421677258449 1250000105419314614 7 38
RUNG 5000000310729141481 1250000077682285373 11 127307620440158083
RUNG 5000000286081719689 1250000071520429924 7 10862
RUNG 5000000476371259129 1250000119092814783 3 902591
RUNG 5000000109357452809 1250000027339363203 3 281
RUNG 5000000143081743409 1250000035770435853 3 12114101
RUNG 5000000270878732729 1250000067719683184 7 719
RUNG 5000000304053714689 1250000076013428673 3 233
RUNG 5000000334949779889 1250000083737444973 3 593
RUNG 5000000459440706449 1250000114860176614 7 97
RUNG 5000000361710718841 1250000090427679712 7 922
RUNG 5000000177336969401 1250000044334242351 3 557
RUNG 5000000269463604001 1250000067365901002 7 293
RUNG 5000000380258568281 1250000095064642071 3 881
RUNG 5000000370861100609 1250000092715275153 3 501287
RUNG 5000000009062664761 1250000002265666194 15 3957431
RUNG 5000000030636817361 1250000007659204346 23 2274
RUNG 5000000357346881041 1250000089336720262 7 47
RUNG 5000000071277497729 1250000017819374435 11 127
RUNG 5000000078024397889 1250000019506099473 3 3539
RUNG 5000000305362669049 1250000076340667266 15 146
RUNG 5000000279641134121 1250000069910283531 3 1229
RUNG 5000000462497647961 1250000115624411992 7 31
RUNG 5000000269059284161 1250000067264821043 11 4608913671
RUNG 5000000453598438961 1250000113399609743 11 11250001020596487687
RUNG 5000000186624172409 1250000046656043103 3 3041
RUNG 5000000351173797649 1250000087793449413 3 2693
RUNG 5000000239782559489 1250000059945639873 3 94961
RUNG 5000000304696970609 1250000076174242653 3 303647
RUNG 5000000493552997969 1250000123388249494 7 1916
RUNG 5000000520855072769 1250000130213768196 15 39471206
RUNG 5000000038615076881 1250000009653769225 19 182991457908125
RUNG 5000000427501174481 1250000106875293621 3 233
RUNG 5000000236298843689 1250000059074710924 7 178
RUNG 5000000342680959529 1250000085670239884 7 15277
RUNG 5000000373413661529 1250000093353415384 7 1354
RUNG 5000000409747679249 1250000102436919813 3 45533
RUNG 5000000448378991969 1250000112094747994 7 94
RUNG 5000000463675913609 1250000115918978405 11 42677
RUNG 5000000191602672481 1250000047900668121 3 1756229
RUNG 5000000371784113921 1250000092946028483 11 1553
RUNG 5000000358815118409 1250000089703779604 7 164
RUNG 5000000440202664649 1250000110050666163 3 3137
RUNG 5000000085486022681 1250000021371505673 11 22549
RUNG 5000000130596728321 1250000032649182083 11 10713
RUNG 5000000381675756521 1250000095418939131 3 12203
RUNG 5000000465913990601 1250000116478497651 3 557
RUNG 5000000201004226009 1250000050251056504 7 24314
RUNG 5000000226113149849 1250000056528287467 19 69277
RUNG 5000000266351548361 1250000066587887093 11 1302324363
RUNG 5000000270053766881 1250000067513441721 3 3389
RUNG 5000000388496171081 1250000097124042771 3 20753
RUNG 5000000406255792961 1250000101563948242 7 4671442
RUNG 5000000019217741729 1250000004804435434 7 160124
RUNG 5000000245034693089 1250000061258673273 3 3821
RUNG 5000000378992517089 1250000094748129274 7 293
RUNG 5000000225412731449 1250000056353182863 3 9623
RUNG 5000000215708958329 1250000053927239583 3 1523
RUNG 5000000267386864609 1250000066846716154 7 638882
RUNG 5000000514814725289 1250000128703681323 3 972533
RUNG 5000000050654950961 1250000012663737741 3 509
RUNG 5000000144676598681 1250000036169149673 11 279099
RUNG 5000000163792135121 1250000040948033781 3 40163
RUNG 5000000262994438321 1250000065748609583 11 35031
RUNG 5000000534818550881 1250000133704637723 11 13977
RUNG 5000000020391919481 1250000005097979871 3 1383359
RUNG 5000000071103940841 1250000017775985211 3 641
RUNG 5000000489732351041 1250000122433087762 7 6074
RUNG 5000000004176080201 1250000001044020052 7 42374
RUNG 5000000221647215929 1250000055411803984 7 1528222
RUNG 5000000095602297361 1250000023900574344 15 94025966
RUNG 5000000018288621329 1250000004572155334 7 663778
RUNG 5000000275371247129 1250000068842811784 7 2558
RUNG 5000000267051976481 1250000066762994121 3 149
RUNG 5000000013804302809 1250000003451075703 3 173779517
RUNG 5000000063950679089 1250000015987669773 3 362626853
RUNG 5000000239506899929 1250000059876724984 7 131
RUNG 5000000430143586169 1250000107535896544 7 236
RUNG 5000000505151799449 1250000126287949864 7 103
RUNG 5000000435657094841 1250000108914273713 11 138888900990474857
RUNG 5000000475828105721 1250000118957026431 3 2687
RUNG 5000000023071083209 1250000005767770809 27 2196836565496961
RUNG 5000000372735718529 1250000093183929633 3 1750607
RUNG 5000000302961255089 1250000075740313773 3 101
RUNG 5000000474958200209 1250000118739550055 11 125272087
RUNG 5000000523477070609 1250000130869267653 3 2954423
RUNG 5000000120941978681 1250000030235494671 3 4019
RUNG 5000000320792350241 1250000080198087561 3 157253
RUNG 5000000327343214561 1250000081835803642 7 14962
RUNG 5000000369448037321 1250000092362009334 15 185393996
RUNG 5000000155350354001 1250000038837588501 3 3413
RUNG 5000000231393881561 1250000057848470391 3 5760827
RUNG 5000000061522703441 1250000015380675861 3 13499
RUNG 5000000286694371841 1250000071673592961 3 1637
RUNG 5000000497814761321 1250000124453690331 3 308608163
RUNG 5000000108175151249 1250000027043787813 3 2621
RUNG 5000000270180394889 1250000067545098724 7 241
RUNG 5000000457445673089 1250000114361418273 3 773
RUNG 5000000468319536089 1250000117079884023 3 293
RUNG 5000000033162854729 1250000008290713686 15 169661
RUNG 5000000078402208889 1250000019600552228 23 12592
RUNG 5000000323937098489 1250000080984274624 7 244
RUNG 5000000044698338761 1250000011174584694 15 72686996
RUNG 5000000517326454721 1250000129331613681 3 17957
RUNG 5000000009246482969 1250000002311620744 7 19
RUNG 5000000391630725209 1250000097907681303 3 205461449
RUNG 5000000405353234009 1250000101338308503 3 773
RUNG 5000000475897550369 1250000118974387595 11 178317
RUNG 5000000002364811889 1250000000591202974 7 31
RUNG 5000000035692946729 1250000008923236685 11 2631
RUNG 5000000368841562529 1250000092210390634 7 8603108
RUNG 5000000303673940321 1250000075918485082 7 3323
RUNG 5000000465789453881 1250000116447363472 7 51826
RUNG 5000000427948411601 1250000106987102902 7 7468
RUNG 5000000362607216521 1250000090651804132 7 35797
RUNG 5000000104570958881 1250000026142739721 3 4547
RUNG 5000000456949465361 1250000114237366342 7 441748
RUNG 5000000212443764641 1250000053110941161 3 249538391
RUNG 5000000101418049961 1250000025354512491 3 6203
RUNG 5000000255875913521 1250000063968978381 3 2399
RUNG 5000000410977019681 1250000102744254923 11 7441653
RUNG 5000000274601420729 1250000068650355183 3 137
RUNG 5000000004739710961 1250000001184927741 3 56813
RUNG 5000000013361203841 1250000003340300964 15 89288261
RUNG 5000000073962824921 1250000018490706233 11 1251
RUNG 5000000213715958441 1250000053428989612 7 73
RUNG 5000000277033492721 1250000069258373182 7 134921
RUNG 5000000339466823681 1250000084866705922 7 4126
RUNG 5000000427009079969 1250000106752269994 7 313
RUNG 5000000054379662929 1250000013594915733 3 6990677
RUNG 5000000116378039369 1250000029094509847 19 196493
RUNG 5000000160755652649 1250000040188913164 7 62
RUNG 5000000364099953809 1250000091024988453 3 195341
RUNG 5000000399031090049 1250000099757772513 3 761
RUNG 5000000457660100489 1250000114415025123 3 2747543
RUNG 5000000486273164969 1250000121568291243 3 74938883
RUNG 5000000088005937169 1250000022001484294 7 1636
RUNG 5000000131150158289 1250000032787539575 11 12242535
RUNG 5000000378308469689 1250000094577117424 7 796
RUNG 5000000248424519209 1250000062106129808 23 2724
RUNG 5000000392619089729 1250000098154772433 3 257
RUNG 5000000094597646441 1250000023649411614 15 105956
RUNG 5000000299389753961 1250000074847438491 3 482789
RUNG 5000000436978325081 1250000109244581272 7 916
RUNG 5000000445285344041 1250000111321336011 3 389
RUNG 5000000529590965441 1250000132397741361 3 30593
RUNG 5000000247873170401 1250000061968292604 15 11006
RUNG 5000000058588315169 1250000014647078793 3 19185323
RUNG 5000000070470945929 1250000017617736485 11 95
RUNG 5000000384859340249 1250000096214835063 3 593
RUNG 5000000093887020121 1250000023471755031 3 5717
RUNG 5000000325268531489 1250000081317132874 7 647
RUNG 5000000388490089889 1250000097122522474 7 409
RUNG 5000000399864252689 1250000099966063175 11 79014135
RUNG 5000000476187539729 1250000119046884940 31 272
RUNG 5000000187986266681 1250000046996566672 7 698
RUNG 5000000323099885489 1250000080774971375 11 2615
RUNG 5000000449645105249 1250000112411276313 3 821
RUNG 5000000336507921809 1250000084126980453 3 2549
RUNG 5000000351817095689 1250000087954273924 7 345679
RUNG 5000000061755524081 1250000015438881023 11 2554393
RUNG 5000000255749324081 1250000063937331022 7 206
RUNG 5000000284995420961 1250000071248855241 3 47591
RUNG 5000000287562265241 1250000071890566312 7 24524
RUNG 5000000376740194081 1250000094185048521 3 215927
RUNG 5000000021860191121 1250000005465047782 7 34042361
RUNG 5000000319162836761 1250000079790709192 7 333539
RUNG 5000000479605919561 1250000119901479895 19 65
RUNG 5000000531806588081 1250000132951647021 3 451097
RUNG 5000000241446879881 1250000060361719971 3 701
RUNG 5000000457072009601 1250000114268002403 11 5506608432898689
RUNG 5000000462916328081 1250000115729082021 3 66221
RUNG 5000000060232166609 1250000015058041654 7 46798
RUNG 5000000218684260409 1250000054671065105 11 227
RUNG 5000000172952775761 1250000043238193941 3 3137
RUNG 5000000260088664601 1250000065022166152 7 82
RUNG 5000000021862236329 1250000005465559083 3 4205951
RUNG 5000000354610612289 1250000088652653074 7 9532
RUNG 5000000476301902009 1250000119075475504 7 19
RUNG 5000000290643710801 1250000072660927701 3 761
RUNG 5000000479003522441 1250000119750880611 3 233
RUNG 5000000190755284009 1250000047688821004 7 796
RUNG 5000000018662364641 1250000004665591161 3 85374911
RUNG 5000000177124668641 1250000044281167161 3 2861
RUNG 5000000230472963641 1250000057618240912 7 1322
RUNG 5000000396243728801 1250000099060932202 7 4116643
RUNG 5000000496644709481 1250000124161177371 3 2081
RUNG 5000000508978631081 1250000127244657773 11 2727
RUNG 5000000430713368081 1250000107678342021 3 216825971
RUNG 5000000046554593441 1250000011638648361 3 89
RUNG 5000000062539682561 1250000015634920641 3 4517
RUNG 5000000192358291481 1250000048089572871 3 9467
RUNG 5000000382474257521 1250000095618564385 19 909635
RUNG 5000000493179372041 1250000123294843012 7 94
RUNG 5000000530107623401 1250000132526905851 3 6173
RUNG 5000000065482262801 1250000016370565703 11 4363
RUNG 5000000220515982049 1250000055128995514 7 38
RUNG 5000000453406559969 1250000113351639993 3 219731
RUNG 5000000509472810209 1250000127368202556 15 4376
RUNG 5000000195968619689 1250000048992154923 3 552677
RUNG 5000000118963291649 1250000029740822914 7 59
RUNG 5000000342340005209 1250000085585001303 3 102317
RUNG 5000000462789734609 1250000115697433656 15 6008396
RUNG 5000000147770350529 1250000036942587638 23 1926
RUNG 5000000340869737009 1250000085217434254 7 412
RUNG 5000000403725770249 1250000100931442563 3 2417
RUNG 5000000398404214561 1250000099601053643 11 43683543
RUNG 5000000092139057041 1250000023034764262 7 124
RUNG 5000000274131787961 1250000068532946993 11 369
RUNG 5000000084056663009 1250000021014165753 3 39341
RUNG 5000000309710251169 1250000077427562794 7 412
RUNG 5000000509623925129 1250000127405981283 3 3437363
RUNG 5000000443731381001 1250000110932845252 7 20180191
RUNG 5000000112663604129 1250000028165901034 7 1361
RUNG 5000000367528574489 1250000091882143623 3 653
RUNG 5000000025072341041 1250000006268085265 19 1475
RUNG 5000000195521419841 1250000048880354961 3 521
RUNG 5000000467376163001 1250000116844040751 3 113
RUNG 5000000220281156689 1250000055070289176 15 221269151
RUNG 5000000503081234249 1250000125770308564 7 458
RUNG 5000000271225970921 1250000067806492731 3 16459169
RUNG 5000000435136437641 1250000108784109413 11 1341
RUNG 5000000483130503761 1250000120782625945 19 145
RUNG 5000000060587503409 1250000015146875853 3 2664899
RUNG 5000000136204244609 1250000034051061155 11 241
RUNG 5000000136218538889 1250000034054634725 11 549
RUNG 5000000327735344369 1250000081933836094 7 44760817
RUNG 5000000340369450529 1250000085092362633 3 281207
RUNG 5000000220869270761 1250000055217317691 3 89
RUNG 5000000368280054281 1250000092070013572 7 1046
RUNG 5000000405006143681 1250000101251535924 15 206
RUNG 5000000266870307449 1250000066717576864 7 47326
RUNG 5000000259796681129 1250000064949170283 3 197
RUNG 5000000034835345849 1250000008708836464 7 523
RUNG 5000000063089011289 1250000015772252824 7 19
RUNG 5000000294778869689 1250000073694717423 3 2170229
RUNG 5000000463208370929 1250000115802092736 15 606296
RUNG 5000000172762896401 1250000043190724101 3 520528439
RUNG 5000000222441645521 1250000055610411382 7 146
RUNG 5000000394422254321 1250000098605563581 3 111653
RUNG 5000000075886477601 1250000018971619402 7 146
RUNG 5000000533864998601 1250000133466249652 7 1889
RUNG 5000000033267061001 1250000008316765252 7 94
RUNG 5000000315280953161 1250000078820238291 3 4421
RUNG 5000000098430600041 1250000024607650012 7 62
RUNG 5000000165043986881 1250000041260996721 3 509
RUNG 5000000390101299361 1250000097525324842 7 1084
RUNG 5000000064563369881 1250000016140842472 7 9602
RUNG 5000000070038079121 1250000017509519781 3 11243
RUNG 5000000114952748921 1250000028738187232 7 47
RUNG 5000000135126062081 1250000033781515522 7 20578
RUNG 5000000528073777241 1250000132018444312 7 41102
RUNG 5000000118895930009 1250000029723982503 3 32987
RUNG 5000000302771421809 1250000075692855453 3 2087
RUNG 5000000384824673089 1250000096206168276 15 71
RUNG 5000000526011318689 1250000131502829674 7 124
RUNG 5000000204296086721 1250000051074021683 11 981
RUNG 5000000297899116241 1250000074474779062 7 122
RUNG 5000000307341509201 1250000076835377301 3 9029
RUNG 5000000485268538649 1250000121317134664 7 132198251
RUNG 5000000529096843169 1250000132274210793 3 11807
RUNG 5000000228465673601 1250000057116418403 11 1964379345913701
RUNG 5000000294452154161 1250000073613038542 7 202
RUNG 5000000494514897041 1250000123628724262 7 14636
RUNG 5000000084761192729 1250000021190298183 3 16883
RUNG 5000000434252254649 1250000108563063664 7 20384306
RUNG 5000000504843535409 1250000126210883853 3 3041
RUNG 5000000270545992721 1250000067636498181 3 96041237
RUNG 5000000447623533361 1250000111905883341 3 36587
RUNG 5000000483902416001 1250000120975604001 3 317
RUNG 5000000141977113289 1250000035494278326 15 41
RUNG 5000000159755113529 1250000039938778384 7 985046
RUNG 5000000178823683049 1250000044705920765 11 937
RUNG 5000000206724075569 1250000051681018893 3 243533
RUNG 5000000365927640089 1250000091481910024 7 76
RUNG 5000000279220579889 1250000069805144975 11 171
RUNG 5000000256772435489 1250000064193108873 3 149
RUNG 5000000283815171209 1250000070953792806 15 22676
RUNG 5000000322775252369 1250000080693813093 3 20021
RUNG 5000000455391456089 1250000113847864026 15 491
RUNG 5000000469379430089 1250000117344857523 3 136234271
RUNG 5000000230052342761 1250000057513085692 7 1916
RUNG 5000000069976827689 1250000017494206923 3 8491451
RUNG 5000000477790594049 1250000119447648514 7 4861
RUNG 5000000293539367561 1250000073384841891 3 701
RUNG 5000000366877192121 1250000091719298031 3 4877
RUNG 5000000147792847289 1250000036948211825 11 1939307
RUNG 5000000323508347249 1250000080877086814 7 19
RUNG 5000000334437345329 1250000083609336334 7 624356
RUNG 5000000284491090649 1250000071122772664 7 68
RUNG 5000000087256573961 1250000021814143491 3 501593
RUNG 5000000035603172329 1250000008900793083 3 4409
RUNG 5000000384352978481 1250000096088244622 7 68
RUNG 5000000055690725089 1250000013922681274 7 73
RUNG 5000000303051199601 1250000075762799902 7 3764
RUNG 5000000365764290041 1250000091441072511 3 257
RUNG 5000000345519506441 1250000086379876611 3 176537
RUNG 5000000368237201441 1250000092059300363 11 183
RUNG 5000000073991490569 1250000018497872644 7 3274
RUNG 5000000218273868809 1250000054568467204 7 19
RUNG 5000000460218852089 1250000115054713024 7 194
RUNG 5000000016581578849 1250000004145394714 7 103
RUNG 5000000022662773969 1250000005665693493 3 293
RUNG 5000000039268643249 1250000009817160813 3 396881
RUNG 5000000427435942769 1250000106858985693 3 22515791
RUNG 5000000058081958609 1250000014520489658 23 134
RUNG 5000000417015413489 1250000104253853375 11 4113
RUNG 5000000206918086241 1250000051729521562 7 188863
RUNG 5000000345905454761 1250000086476363693 11 15241
RUNG 5000000188568315401 1250000047142078851 3 245849
RUNG 5000000330328776161 1250000082582194044 15 596
RUNG 5000000347716747409 1250000086929186854 7 68
RUNG 5000000058020701561 1250000014505175392 7 398
RUNG 5000000041653751369 1250000010413437844 7 2894
RUNG 5000000187947539009 1250000046986884755 11 7782067
RUNG 5000000172215664001 1250000043053916004 15 146
RUNG 5000000395567873081 1250000098891968272 7 3428
RUNG 5000000486550965281 1250000121637741323 11 843477
RUNG 5000000127919734001 1250000031979933502 7 194
RUNG 5000000287431647689 1250000071857911927 19 3080950292833
RUNG 5000000249417031769 1250000062354257943 3 1097
RUNG 5000000260595158729 1250000065148789683 3 861646481
RUNG 5000000359170555649 1250000089792638913 3 2699
RUNG 5000000469796037161 1250000117449009293 11 183031
RUNG 5000000535290386201 1250000133822596551 3 2087
RUNG 5000000042952500401 1250000010738125103 11 4707
RUNG 5000000069958479401 1250000017489619852 7 51292
RUNG 5000000204667774121 1250000051166943531 3 3533
RUNG 5000000460000371641 1250000115000092913 11 58326676627
RUNG 5000000220299590801 1250000055074897701 3 28547
RUNG 5000000301158248681 1250000075289562172 7 21278
RUNG 5000000393860738561 1250000098465184641 3 2900039
RUNG 5000000414473090321 1250000103618272582 7 140663
RUNG 5000000449657439521 1250000112414359881 3 389
RUNG 5000000451074615281 1250000112768653822 7 523
RUNG 5000000311503224329 1250000077875806083 3 797
RUNG 5000000368057522129 1250000092014380534 7 68
RUNG 5000000415577834969 1250000103894458743 3 848213
RUNG 5000000076292889641 1250000019073222412 7 103
RUNG 5000000432371573729 1250000108092893434 7 2309
RUNG 5000000156706387121 1250000039176596781 3 29243
RUNG 5000000511030957721 1250000127757739432 7 1252
RUNG 5000000190451098361 1250000047612774593 11 459
RUNG 5000000210295643081 1250000052573910772 7 488221996
RUNG 5000000327645555761 1250000081911388942 7 252038
RUNG 5000000016791933521 1250000004197983383 11 2169
RUNG 5000000066007139561 1250000016501784891 3 78059
RUNG 5000000144311205401 1250000036077801351 3 8627
RUNG 5000000353699944961 1250000088424986242 7 164
RUNG 5000000117970932281 1250000029492733072 7 122
RUNG 5000000476385709601 1250000119096427401 3 250378031
RUNG 5000000186491586329 1250000046622896584 7 47309
RUNG 5000000386525740649 1250000096631435165 11 285
RUNG 5000000116898863729 1250000029224715936 15 626
RUNG 5000000452087477489 1250000113021869373 3 7703
RUNG 5000000019023889289 1250000004755972323 3 22891157
RUNG 5000000082733495249 1250000020683373813 3 6353
RUNG 5000000122232674969 1250000030558168743 3 449
RUNG 5000000284137858409 1250000071034464603 3 1092209
RUNG 5000000441276920489 1250000110319230124 7 38
RUNG 5000000483404206361 1250000120851051592 7 57578
RUNG 5000000008499217121 1250000002124804281 3 1187
RUNG 5000000103215158441 1250000025803789611 3 149
RUNG 5000000238494182321 1250000059623545583 11 447
RUNG 5000000336046517201 1250000084011629303 11 1503
RUNG 5000000016734766289 1250000004183691574 7 25583
RUNG 5000000084965448809 1250000021241362204 7 4772
RUNG 5000000038286456641 1250000009571614162 7 1214
RUNG 5000000065276099321 1250000016319024832 7 346
RUNG 5000000229574553641 1250000057393638411 3 10278347
RUNG 5000000093599195801 1250000023399798952 7 3965678
RUNG 5000000202976984321 1250000050744246081 3 6653
RUNG 5000000184535322521 1250000046133830631 3 5477
RUNG 5000000440905276361 1250000110226319092 7 8252
RUNG 5000000469679662001 1250000117419915501 3 17880587
RUNG 5000000017716991849 1250000004429247965 11 415
RUNG 5000000228057322049 1250000057014330513 3 20249
RUNG 5000000211763885561 1250000052940971391 3 2357
RUNG 5000000295162841201 1250000073790710303 11 3637897
RUNG 5000000524287897361 1250000131071974341 3 78137
RUNG 5000000277058114969 1250000069264528744 7 577
RUNG 5000000116537438321 1250000029134359582 7 404
RUNG 5000000016548951569 1250000004137237894 7 47
RUNG 5000000157002504809 1250000039250626205 11 535421763
RUNG 5000000062884881401 1250000015721220353 11 10029971604063380057573058697
RUNG 5000000079382522561 1250000019845630641 3 21694271
RUNG 5000000089198608841 1250000022299652212 7 101
RUNG 5000000362409266561 1250000090602316643 11 1518833645932341
RUNG 5000000042856553849 1250000010714138464 7 524
RUNG 5000000053199487361 1250000013299871844 15 191
RUNG 5000000039879261041 1250000009969815265 19 1309370614699175
RUNG 5000000226807602641 1250000056701900661 3 6359
RUNG 5000000310757909081 1250000077689477272 7 97
RUNG 5000000285299798249 1250000071324949563 3 297263
RUNG 5000000340200043649 1250000085050010920 31 315919484
RUNG 5000000497463670169 1250000124365917543 3 33911
RUNG 5000000377559165521 1250000094389791382 7 223198
RUNG 5000000339730375841 1250000084932593962 7 3274
RUNG 5000000498437724641 1250000124609431163 11 27511909
RUNG 5000000522985087481 1250000130746271871 3 183941687
RUNG 5000000330886302569 1250000082721575647 19 3091
RUNG 5000000436627217849 1250000109156804463 3 2099
RUNG 5000000099762090329 1250000024940522587 19 16399
RUNG 5000000031510987721 1250000007877746933 11 1847
RUNG 5000000200240668841 1250000050060167211 3 39443
RUNG 5000000122489996009 1250000030622499003 3 183377
RUNG 5000000224087612969 1250000056021903243 3 173
RUNG 5000000404093438969 1250000101023359744 7 234673
RUNG 5000000090858797369 1250000022714699345 11 183
RUNG 5000000320408598569 1250000080102149645 11 10405
RUNG 5000000348119081369 1250000087029770343 3 334787
RUNG 5000000392619217049 1250000098154804263 3 13553
RUNG 5000000407413796849 1250000101853449213 3 34313
RUNG 5000000263529617921 1250000065882404485 19 127825
RUNG 5000000456008225441 1250000114002056362 7 1949
RUNG 5000000074685845321 1250000018671461331 3 2294627
RUNG 5000000418542918881 1250000104635729723 11 214419
RUNG 5000000131297320601 1250000032824330152 7 78788
RUNG 5000000363432343721 1250000090858085932 7 1214
RUNG 5000000001219373921 1250000000304843483 11 38321
RUNG 5000000245049161801 1250000061262290454 15 2351
RUNG 5000000347259389921 1250000086814847483 11 21999
RUNG 5000000329458928249 1250000082364732065 11 13103
RUNG 5000000467594766089 1250000116898691523 3 353
RUNG 5000000066917933009 1250000016729483254 7 2799103
RUNG 5000000063473011601 1250000015868252901 3 4019
RUNG 5000000200122244321 1250000050030561082 7 227
RUNG 5000000236409295121 1250000059102323782 7 10594
RUNG 5000000387273168281 1250000096818292071 3 14747
RUNG 5000000134515586729 1250000033628896685 11 16232785
RUNG 5000000039236042681 1250000009809010671 3 7727
RUNG 5000000303502565201 1250000075875641301 3 10259
RUNG 5000000526991591081 1250000131747897771 3 113
RUNG 5000000085465786769 1250000021366446694 7 59
RUNG 5000000317059669289 1250000079264917324 7 787
RUNG 5000000116923413281 1250000029230853322 7 271
RUNG 5000000216703613801 1250000054175903455 19 143853436851325
RUNG 5000000385543565081 1250000096385891271 3 10105247
RUNG 5000000152420195129 1250000038105048783 3 2789
RUNG 5000000284462585609 1250000071115646403 3 4049
RUNG 5000000388179839249 1250000097044959814 7 178
RUNG 5000000041717122961 1250000010429280742 7 26626
RUNG 5000000144137681201 1250000036034420303 11 5865337587
RUNG 5000000195566458601 1250000048891614653 11 545137395940521
RUNG 5000000310849827761 1250000077712456941 3 4721
RUNG 5000000402553760081 1250000100638440023 11 412029
RUNG 5000000296847561041 1250000074211890263 11 10357
RUNG 5000000368715116801 1250000092178779202 7 173
RUNG 5000000522011059601 1250000130502764901 3 7286297
RUNG 5000000382043512169 1250000095510878043 3 13648181
RUNG 5000000204622909649 1250000051155727413 3 821
RUNG 5000000329407889969 1250000082351972493 3 876509441
RUNG 5000000475127864369 1250000118781966097 19 1697166107
RUNG 5000000303104374481 1250000075776093621 3 245741
RUNG 5000000100321635161 1250000025080408791 3 2697209
RUNG 5000000205719487721 1250000051429871932 7 11368724
RUNG 5000000369101066081 1250000092275266521 3 1061
RUNG 5000000507602429081 1250000126900607271 3 89
RUNG 5000000101524397369 1250000025381099343 3 701
RUNG 5000000499009525409 1250000124752381354 7 627142
RUNG 5000000521953886849 1250000130488471713 3 706523
RUNG 5000000287695142321 1250000071923785583 11 153
RUNG 5000000304041672521 1250000076010418133 11 153
RUNG 5000000458056413401 1250000114514103352 7 73
RUNG 5000000215694855809 1250000053923713953 3 2449787
RUNG 5000000330886332641 1250000082721583161 3 7283
RUNG 5000000140080158929 1250000035020039733 3 11927
RUNG 5000000248061192089 1250000062015298023 3 3519521
RUNG 5000000141750551081 1250000035437637773 11 4441
RUNG 5000000145389466361 1250000036347366591 3 2927
RUNG 5000000270278590721 1250000067569647682 7 2971
RUNG 5000000336254861081 1250000084063715273 11 161631
RUNG 5000000314768517041 1250000078692129261 3 881
RUNG 5000000395778286721 1250000098944571682 7 12410548
RUNG 5000000487316813801 1250000121829203451 3 34361
RUNG 5000000038619366089 1250000009654841523 3 551297
RUNG 5000000072686719409 1250000018171679853 3 197
RUNG 5000000462802125089 1250000115700531275 11 6060865
RUNG 5000000036493604321 1250000009123401081 3 98411
RUNG 5000000117472742561 1250000029368185642 7 44558
RUNG 5000000416458029161 1250000104114507291 3 1097
RUNG 5000000263762447969 1250000065940611995 11 237485
RUNG 5000000299518568369 1250000074879642093 3 1031
RUNG 5000000311182700849 1250000077795675213 3 64169741
RUNG 5000000424405650689 1250000106101412673 3 297953
RUNG 5000000030898417169 1250000007724604294 7 62
RUNG 5000000297756288449 1250000074439072113 3 48497
RUNG 5000000320414764289 1250000080103691075 11 3651
RUNG 5000000333134633369 1250000083283658343 3 2657
RUNG 5000000081988219169 1250000020497054795 11 1635
RUNG 5000000108032397329 1250000027008099334 7 9742
RUNG 5000000462138469649 1250000115534617413 3 635711
RUNG 5000000479314068089 1250000119828517023 3 293
RUNG 5000000387040406729 1250000096760101685 11 303
RUNG 5000000506806054649 1250000126701513663 3 50867
RUNG 5000000230377143161 1250000057594285792 7 8546
RUNG 5000000075400601489 1250000018850150374 7 9650716
RUNG 5000000350001888449 1250000087500472116 15 281
RUNG 5000000169387535321 1250000042346883833 11 153
RUNG 5000000201112668761 1250000050278167193 11 153
RUNG 5000000405502494401 1250000101375623602 7 1252
RUNG 5000000063152447081 1250000015788111772 7 1601
RUNG 5000000243772927121 1250000060943231783 11 271629
RUNG 5000000427254305201 1250000106813576302 7 69298
RUNG 5000000268169179529 1250000067042294884 7 31
RUNG 5000000497259521009 1250000124314880256 15 86
RUNG 5000000018441982241 1250000004610495561 3 449
RUNG 5000000133547692961 1250000033386923241 3 837321707
RUNG 5000000147556087361 1250000036889021842 7 47732
RUNG 5000000411659246681 1250000102914811673 11 303811
RUNG 5000000278687730761 1250000069671932692 7 101
RUNG 5000000279657699761 1250000069914424941 3 881003
RUNG 5000000218570075489 1250000054642518877 19 18656717233470431
RUNG 5000000230724297569 1250000057681074395 11 94435855
RUNG 5000000021962465081 1250000005490616271 3 173
RUNG 5000000348094631489 1250000087023657873 3 7349
RUNG 5000000372094727609 1250000093023681903 3 532439
RUNG 5000000327527204729 1250000081881801184 7 177302
RUNG 5000000267154296881 1250000066788574221 3 8537
RUNG 5000000225696801329 1250000056424200333 3 13151
RUNG 5000000531925203809 1250000132981300954 7 38
RUNG 5000000166134579761 1250000041533644943 11 460809
RUNG 5000000469181483921 1250000117295370982 7 362
RUNG 5000000334084201889 1250000083521050473 3 566387
RUNG 5000000480455587721 1250000120113896931 3 1181
RUNG 5000000248784107921 1250000062196026981 3 46049
RUNG 5000000258379653881 1250000064594913473 11 105489
RUNG 5000000480032885681 1250000120008221421 3 415901
RUNG 5000000154064083529 1250000038516020884 7 164
RUNG 5000000346575362489 1250000086643840624 7 314114
RUNG 5000000193346807489 1250000048336701876 15 5816
RUNG 5000000304633903409 1250000076158475859 27 15827
RUNG 5000000340030624889 1250000085007656224 7 76
RUNG 5000000153625046441 1250000038406261612 7 157
RUNG 5000000243411503201 1250000060852875804 15 15896
RUNG 5000000317259837761 1250000079314959441 3 1373
RUNG 5000000203328303209 1250000050832075805 11 3361
RUNG 5000000390266855009 1250000097566713754 7 1411247
RUNG 5000000204212507321 1250000051053126831 3 593
RUNG 5000000024125000129 1250000006031250034 7 6548
RUNG 5000000116749892489 1250000029187473124 7 59
RUNG 5000000373959126449 1250000093489781614 7 145291478
RUNG 5000000350414405561 1250000087603601391 3 9305561
RUNG 5000000168993447521 1250000042248361882 7 229
RUNG 5000000187994629721 1250000046998657433 11 142206041
RUNG 5000000435183571721 1250000108795892931 3 12975257
RUNG 5000000483667727561 1250000120916931892 7 146
RUNG 5000000100276763201 1250000025069190801 3 3761
RUNG 5000000139459428401 1250000034864857103 11 13197
RUNG 5000000147304946081 1250000036826236522 7 1151
RUNG 5000000205543926881 1250000051385981721 3 513257
RUNG 5000000259566095081 1250000064891523771 3 521
RUNG 5000000279986495081 1250000069996623774 15 12675604211
RUNG 5000000339128057561 1250000084782014393 11 263130271
RUNG 5000000032713831601 1250000008178457901 3 28979
RUNG 5000000150131131601 1250000037532782901 3 8618339
RUNG 5000000446022727601 1250000111505681901 3 187877
RUNG 5000000515946261281 1250000128986565323 11 2939
RUNG 5000000492785444969 1250000123196361244 7 122
RUNG 5000000524675983649 1250000131168995914 7 264323
RUNG 5000000002042392649 1250000000510598165 11 4367057
RUNG 5000000163106255609 1250000040776563904 7 48172
RUNG 5000000418273447889 1250000104568361975 11 57
RUNG 5000000001037710601 1250000000259427651 3 72797
RUNG 5000000309367372241 1250000077341843061 3 21107
RUNG 5000000360622576241 1250000090155644061 3 68729
RUNG 5000000082952103329 1250000020738025835 11 85
RUNG 5000000153228909929 1250000038307227484 7 7244
RUNG 5000000028813539689 1250000007203384923 3 157133
RUNG 5000000302367260369 1250000075591815093 3 7370921
RUNG 5000000005638428569 1250000001409607143 3 34949
RUNG 5000000008544251489 1250000002136062875 11 615
RUNG 5000000245815005209 1250000061453751304 7 9148
RUNG 5000000140825561369 1250000035206390343 3 2339
RUNG 5000000444180813569 1250000111045203395 11 61
RUNG 5000000513777620849 1250000128444405213 3 17093
RUNG 5000000130337644721 1250000032584411182 7 412
RUNG 5000000133296560681 1250000033324140172 7 52163362
RUNG 5000000499252591121 1250000124813147782 7 356
RUNG 5000000232821506441 1250000058205376611 3 121853
RUNG 5000000240519997241 1250000060129999312 7 9181658
RUNG 5000000237963364001 1250000059490841002 7 1844
RUNG 5000000264828442241 1250000066207110561 3 821
RUNG 5000000397097499161 1250000099274374791 3 31547
RUNG 5000000200250969761 1250000050062742442 7 3148
RUNG 5000000144780997409 1250000036195249354 7 647
RUNG 5000000229464396641 1250000057366099161 3 3209
RUNG 5000000066652548161 1250000016663137041 3 113
RUNG 5000000143418957881 1250000035854739472 7 4079
RUNG 5000000207465500441 1250000051866375111 3 557
RUNG 5000000472179232601 1250000118044808151 3 4937
RUNG 5000000027427005329 1250000006856751333 3 23629937
RUNG 5000000218077985849 1250000054519496464 7 439
RUNG 5000000252327080729 1250000063081770186 15 312041
RUNG 5000000438514161809 1250000109628540455 11 5693
RUNG 5000000291074790401 1250000072768697601 3 17681
RUNG 5000000338703331361 1250000084675832842 7 68
RUNG 5000000500896442441 1250000125224110611 3 557
RUNG 5000000015434106281 1250000003858526574 15 70076
RUNG 5000000219068377121 1250000054767094281 3 89
RUNG 5000000522241887761 1250000130560471942 7 25588
RUNG 5000000090717996809 1250000022679499203 3 149
RUNG 5000000108932993609 1250000027233248403 3 557
RUNG 5000000042419667041 1250000010604916762 7 4227452
RUNG 5000000090295294841 1250000022573823712 7 124
RUNG 5000000251397956561 1250000062849489142 7 796
RUNG 5000000332575172681 1250000083143793171 3 401
RUNG 5000000058419051449 1250000014604762863 3 21059
RUNG 5000000495603479129 1250000123900869784 7 19
RUNG 5000000293437435841 1250000073359358961 3 75407
RUNG 5000000343238707361 1250000085809676842 7 62
RUNG 5000000366918203201 1250000091729550802 7 25801
RUNG 5000000384763590761 1250000096190897691 3 1853309
RUNG 5000000461585135561 1250000115396283892 7 33508
RUNG 5000000188793096881 1250000047198274221 3 137429879
RUNG 5000000196038254801 1250000049009563702 7 486212
RUNG 5000000340196069321 1250000085049017332 7 362
RUNG 5000000532880922209 1250000133220230555 11 124491615
RUNG 5000000189522108401 1250000047380527101 3 16823
RUNG 5000000215958358241 1250000053989589561 3 677
RUNG 5000000501076151201 1250000125269037802 7 237802
RUNG 5000000229339846481 1250000057334961621 3 37361
RUNG 5000000525108920081 1250000131277230021 3 449
RUNG 5000000358764343241 1250000089691085811 3 149
RUNG 5000000021790986809 1250000005447746705 11 13789
RUNG 5000000290084412209 1250000072521103054 7 524
RUNG 5000000087438491249 1250000021859622813 3 35327
RUNG 5000000104399675489 1250000026099918873 3 257
RUNG 5000000260987386769 1250000065246846693 3 33317
RUNG 5000000399813434129 1250000099953358534 7 41
RUNG 5000000215237523521 1250000053809380882 7 829
RUNG 5000000439045107521 1250000109761276884 15 821378696
RUNG 5000000108475588841 1250000027118897211 3 18839
RUNG 5000000189195388001 1250000047298847001 3 557
RUNG 5000000292677807041 1250000073169451761 3 149
RUNG 5000000457160046209 1250000114290011554 7 2362
RUNG 5000000465951028409 1250000116487757103 3 81045737
RUNG 5000000283980760529 1250000070995190134 7 62
RUNG 5000000096186595889 1250000024046648974 7 164
RUNG 5000000253972984649 1250000063493246166 15 2231
RUNG 5000000332389362689 1250000083097340674 7 37838
RUNG 5000000382913516369 1250000095728379093 3 298157
RUNG 5000000392482515809 1250000098120628953 3 34217
RUNG 5000000423962604449 1250000105990651113 3 197
RUNG 5000000471401237201 1250000117850309303 11 235377
RUNG 5000000231318595409 1250000057829648854 7 31
RUNG 5000000018115325441 1250000004528831362 7 82
RUNG 5000000101843049521 1250000025460762381 3 64319
RUNG 5000000472898053841 1250000118224513461 3 2609
RUNG 5000000142504151009 1250000035626037754 7 68
RUNG 5000000389670630569 1250000097417657643 3 401
RUNG 5000000456514767929 1250000114128691983 3 3533
RUNG 5000000080530279841 1250000020132569965 19 2344697
RUNG 5000000520577647601 1250000130144411902 7 14293
RUNG 5000000002048557529 1250000000512139385 11 41
RUNG 5000000082172081009 1250000020543020255 11 41
RUNG 5000000298773305849 1250000074693326463 3 105660173
RUNG 5000000429988670129 1250000107497167533 3 150587
RUNG 5000000308895698681 1250000077223924671 3 593
RUNG 5000000427926213161 1250000106981553292 7 9026
RUNG 5000000000592586609 1250000000148146654 7 3166628
RUNG 5000000009506091209 1250000002376522805 11 909
RUNG 5000000388075804049 1250000097018951014 7 19
RUNG 5000000425361412409 1250000106340353104 7 19
RUNG 5000000013912815209 1250000003478203803 3 4457
RUNG 5000000043753146041 1250000010938286511 3 2297
RUNG 5000000099651949001 1250000024912987252 7 20662
RUNG 5000000293390494001 1250000073347623501 3 977
RUNG 5000000073916120561 1250000018479030142 7 17092
RUNG 5000000417785446361 1250000104446361591 3 293
RUNG 5000000407995906769 1250000101998976693 3 89
RUNG 5000000461329907489 1250000115332476873 3 4787
RUNG 5000000059354333609 1250000014838583404 7 1561174
RUNG 5000000072370296569 1250000018092574143 3 2727311
RUNG 5000000091063131449 1250000022765782864 7 509
RUNG 5000000127415527529 1250000031853881888 23 258
RUNG 5000000020040981881 1250000005010245471 3 257
RUNG 5000000020688308561 1250000005172077141 3 311381339
RUNG 5000000021954373361 1250000005488593341 3 9887
RUNG 5000000071075645561 1250000017768911391 3 606521
RUNG 5000000079617498881 1250000019904374721 3 509
RUNG 5000000132455283881 1250000033113820973 11 5433
RUNG 5000000141138037961 1250000035284509491 3 7502189
RUNG 5000000175548454001 1250000043887113503 11 35793
RUNG 5000000421532592401 1250000105383148101 3 4036397
RUNG 5000000091057008041 1250000022764252011 3 154001
RUNG 5000000100448350001 1250000025112087501 3 2399
RUNG 5000000142197857801 1250000035549464453 11 15237603
RUNG 5000000386697433121 1250000096674358281 3 5103071
RUNG 5000000167637593561 1250000041909398392 7 118
RUNG 5000000454017367241 1250000113504341812 7 7464148
RUNG 5000000090166681601 1250000022541670401 3 17903
RUNG 5000000384618639401 1250000096154659854 15 146
RUNG 5000000421073137769 1250000105268284444 7 77167
RUNG 5000000505103083769 1250000126275770943 3 45293
RUNG 5000000006349108121 1250000001587277032 7 206
RUNG 5000000065752051721 1250000016438012932 7 31
RUNG 5000000340788293201 1250000085197073301 3 25127
RUNG 5000000403507509761 1250000100876877441 3 101
RUNG 5000000141485189681 1250000035371297425 19 75818125
RUNG 5000000111951166841 1250000027987791713 11 219054747
RUNG 5000000442024471361 1250000110506117844 15 19196
RUNG 5000000120456265409 1250000030114066354 7 118
RUNG 5000000463643549849 1250000115910887464 7 2113
RUNG 5000000312234452849 1250000078058613215 11 194471
RUNG 5000000339124035569 1250000084781008893 3 389
RUNG 5000000493988265929 1250000123497066483 3 1997
RUNG 5000000520314245609 1250000130078561403 3 132911
RUNG 5000000511265967089 1250000127816491773 3 50787299
RUNG 5000000215915514209 1250000053978878553 3 3347
RUNG 5000000012271033361 1250000003067758343 11 11439009
RUNG 5000000311877100121 1250000077969275033 11 461
RUNG 5000000236188888121 1250000059047222031 3 503963
RUNG 5000000158738395409 1250000039684598853 3 143711
RUNG 5000000161180675249 1250000040295168815 11 57
RUNG 5000000185293083569 1250000046323270894 7 647
RUNG 5000000205791081089 1250000051447770274 7 13436
RUNG 5000000372341905529 1250000093085476385 11 11365
RUNG 5000000058572249641 1250000014643062411 3 1378337
RUNG 5000000292771775201 1250000073192943804 15 2126
RUNG 5000000125130501929 1250000031282625486 15 41
RUNG 5000000183085639169 1250000045771409795 11 681
RUNG 5000000040177554281 1250000010044388573 11 1207
RUNG 5000000497953913321 1250000124488478333 11 459
RUNG 5000000332634439721 1250000083158609931 3 149
RUNG 5000000333155159921 1250000083288789983 11 866241
RUNG 5000000410905832921 1250000102726458231 3 54581
RUNG 5000000510747294641 1250000127686823661 3 98429
RUNG 5000000371302509329 1250000092825627334 7 68
RUNG 5000000415563726329 1250000103890931583 3 7001
RUNG 5000000087820391921 1250000021955097982 7 11214292
RUNG 5000000137315357441 1250000034328839362 7 38162
RUNG 5000000137533855721 1250000034383463931 3 1481
RUNG 5000000286365899081 1250000071591474771 3 3399563
RUNG 5000000443954209961 1250000110988552492 7 168631006
RUNG 5000000265120515209 1250000066280128803 3 2963
RUNG 5000000507537209729 1250000126884302434 7 97
RUNG 5000000158483145209 1250000039620786304 7 601
RUNG 5000000451875284249 1250000112968821065 11 747
RUNG 5000000510097928729 1250000127524482184 7 62
RUNG 5000000013394161889 1250000003348540477 19 288299
RUNG 5000000311656566329 1250000077914141584 7 397
RUNG 5000000372384793889 1250000093096198473 3 2657
RUNG 5000000399964586129 1250000099991146533 3 1889
RUNG 5000000426678553409 1250000106669638355 11 748655
RUNG 5000000008207381321 1250000002051845332 7 934
RUNG 5000000203397816761 1250000050849454191 3 1667
RUNG 5000000493302151481 1250000123325537872 7 4290961
RUNG 5000000229885118441 1250000057471279613 11 220588245436108167
RUNG 5000000022489410689 1250000005622352673 3 27509
RUNG 5000000363771471809 1250000090942867954 7 293
RUNG 5000000386276794649 1250000096569198665 11 317235
RUNG 5000000397955221409 1250000099488805353 3 101
RUNG 5000000040655398601 1250000010163849651 3 101
RUNG 5000000098406332009 1250000024601583003 3 413571707
RUNG 5000000353671542209 1250000088417885557 19 155000010963817808479
RUNG 5000000534475805849 1250000133618951464 7 29179
RUNG 5000000353706257561 1250000088426564393 11 27587527975809
RUNG 5000000403254316121 1250000100813579031 3 274403
RUNG 5000000405543443609 1250000101385860903 3 1161047
RUNG 5000000448289466929 1250000112072366733 3 1721
RUNG 5000000071910865121 1250000017977716282 7 62
RUNG 5000000214614746441 1250000053653686612 7 11486
RUNG 5000000290607223001 1250000072651805752 7 309735964
RUNG 5000000484239581921 1250000121059895482 7 8644
RUNG 5000000193132488041 1250000048283122011 3 8371763
RUNG 5000000256911523361 1250000064227880843 11 3626871
RUNG 5000000139688217689 1250000034922054423 3 2779787
RUNG 5000000323959865249 1250000080989966313 3 18671
RUNG 5000000361229137289 1250000090307284323 3 89
RUNG 5000000396568681529 1250000099142170383 3 602639
RUNG 5000000469273473689 1250000117318368424 7 38
RUNG 5000000181521451121 1250000045380362781 3 389
RUNG 5000000133960299449 1250000033490074865 11 4703
RUNG 5000000530822605289 1250000132705651324 7 454
RUNG 5000000001881154001 1250000000470288503 11 5337
RUNG 5000000195413452961 1250000048853363242 7 101
RUNG 5000000383752844201 1250000095938211052 7 31
RUNG 5000000279694571561 1250000069923642891 3 27449
RUNG 5000000154301063921 1250000038575265982 7 81766
RUNG 5000000387203894081 1250000096800973521 3 389
RUNG 5000000527598228161 1250000131899557045 19 253057
RUNG 5000000056462844449 1250000014115711115 11 9561
RUNG 5000000091986172289 1250000022996543074 7 244
RUNG 5000000124830343649 1250000031207585913 3 2039
RUNG 5000000434064629009 1250000108516157253 3 996679763
RUNG 5000000442865821409 1250000110716455353 3 26309
RUNG 5000000360708426761 1250000090177106691 3 28783121
RUNG 5000000375778682849 1250000093944670713 3 89
RUNG 5000000163269707369 1250000040817426843 3 11026487
RUNG 5000000479851252649 1250000119962813163 3 99497
RUNG 5000000524118595769 1250000131029648944 7 68239
RUNG 5000000319673636369 1250000079918409093 3 21773
RUNG 5000000369887399969 1250000092471849995 11 23965
RUNG 5000000408588142049 1250000102147035515 11 6189
RUNG 5000000205742099009 1250000051435524754 7 3188
RUNG 5000000271452904169 1250000067863226043 3 15647
RUNG 5000000404892050009 1250000101223012503 3 797
RUNG 5000000350140875641 1250000087535218912 7 202
RUNG 5000000036748996889 1250000009187249224 7 7796
RUNG 5000000183528790049 1250000045882197514 7 796
RUNG 5000000214424855249 1250000053606213814 7 124
RUNG 5000000273115126889 1250000068278781725 11 2103
RUNG 5000000477978705809 1250000119494676454 7 733
RUNG 5000000303047350241 1250000075761837561 3 5333
RUNG 5000000072386685809 1250000018096671454 7 692
RUNG 5000000090973335449 1250000022743333866 15 1646
RUNG 5000000224604433049 1250000056151108263 3 569
RUNG 5000000240624236849 1250000060156059213 3 31769
RUNG 5000000321131663849 1250000080282915964 7 19
RUNG 5000000364077807089 1250000091019451773 3 75767
RUNG 5000000406834040609 1250000101708510153 3 26016311
RUNG 5000000457899334889 1250000114474833725 11 19
RUNG 5000000086609496329 1250000021652374085 11 5235
RUNG 5000000185744412209 1250000046436103054 7 178
RUNG 5000000209993637521 1250000052498409382 7 6599
RUNG 5000000528803048441 1250000132200762113 11 549
RUNG 5000000056722199369 1250000014180549843 3 137
RUNG 5000000078661877129 1250000019665469284 7 628
RUNG 5000000164680770089 1250000041170192524 7 607
RUNG 5000000124048259009 1250000031012064760 31 13344010
RUNG 5000000174982862729 1250000043745715683 3 797
RUNG 5000000297182622449 1250000074295655614 7 661
RUNG 5000000177372052241 1250000044343013061 3 357239
RUNG 5000000326647218281 1250000081661804571 3 41801
RUNG 5000000376125847481 1250000094031461871 3 62405261
RUNG 5000000233148334241 1250000058287083562 7 75172
RUNG 5000000134695460129 1250000033673865033 3 7013
RUNG 5000000200661520289 1250000050165380073 3 1068719
RUNG 5000000267595507409 1250000066898876853 3 257085923
RUNG 5000000331972860449 1250000082993215113 3 12653
RUNG 5000000055897221281 1250000013974305321 3 5669
RUNG 5000000060696015281 1250000015174003824 15 81071
RUNG 5000000102580297721 1250000025645074435 19 27526109225
RUNG 5000000213240487361 1250000053310121841 3 113
RUNG 5000000290799208601 1250000072699802151 3 2333
RUNG 5000000246680934881 1250000061670233721 3 149
RUNG 5000000011868797849 1250000002967199463 3 18803
RUNG 5000000381588308009 1250000095397077004 7 38
RUNG 5000000051388398281 1250000012847099571 3 202364699
RUNG 5000000313523031041 1250000078380757764 15 1466
RUNG 5000000470562033161 1250000117640508292 7 859
RUNG 5000000533134222841 1250000133283555712 7 6824746
RUNG 5000000005052469169 1250000001263117298 23 516
RUNG 5000000016349034449 1250000004087258613 3 65213
RUNG 5000000253037806769 1250000063259451694 7 3391
RUNG 5000000273258086849 1250000068314521713 3 36587
RUNG 5000000351831701969 1250000087957925494 7 38
RUNG 5000000253813782281 1250000063453445572 7 193114
RUNG 5000000471407438561 1250000117851859642 7 124
RUNG 5000000023641160729 1250000005910290184 7 68313524
RUNG 5000000096621628289 1250000024155407075 11 8871661
RUNG 5000000191970602009 1250000047992650504 7 118
RUNG 5000000352044075569 1250000088011018893 3 449
RUNG 5000000355915783409 1250000088978945853 3 5651
RUNG 5000000413166416849 1250000103291604217 19 41111
RUNG 5000000441344527529 1250000110336131884 7 238516
RUNG 5000000503195877089 1250000125798969274 7 968674558
RUNG 5000000249897154121 1250000062474288532 7 59
RUNG 5000000457660429841 1250000114415107461 3 437273
RUNG 5000000339985837169 1250000084996459293 3 664619
RUNG 5000000348109072601 1250000087027268151 3 1606547
RUNG 5000000504949996841 1250000126237499213 11 1737
RUNG 5000000052911770729 1250000013227942683 3 3851
RUNG 5000000157045600529 1250000039261400134 7 145598246
RUNG 5000000187527131609 1250000046881782904 7 6548
RUNG 5000000507588313049 1250000126897078263 3 1010753
RUNG 5000000250354578401 1250000062588644603 11 153
RUNG 5000000112200362369 1250000028050090594 7 118
RUNG 5000000169567392089 1250000042391848023 3 227027
RUNG 5000000032033957129 1250000008008489283 3 540173
RUNG 5000000091130594729 1250000022782648683 3 264839
RUNG 5000000245829419009 1250000061457354753 3 559277
RUNG 5000000281630464289 1250000070407616073 3 20929439
RUNG 5000000425957767409 1250000106489441854 7 1186
RUNG 5000000163041033929 1250000040760258483 3 317
RUNG 5000000260421837449 1250000065105459374 47 861
RUNG 5000000261228443249 1250000065307110813 3 113
RUNG 5000000041700976841 1250000010425244212 7 2411
RUNG 5000000352566853001 1250000088141713251 3 10433
RUNG 5000000509246456081 1250000127311614022 7 157
RUNG 5000000521186263961 1250000130296565991 3 31013
RUNG 5000000196246649441 1250000049061662362 7 1132
RUNG 5000000523418214521 1250000130854553634 15 2081
RUNG 5000000130137647681 1250000032534411921 3 113
RUNG 5000000166059173321 1250000041514793331 3 134753
RUNG 5000000130950380609 1250000032737595153 3 2819
RUNG 5000000149220512489 1250000037305128128 23 17
RUNG 5000000391729098809 1250000097932274703 3 124823
RUNG 5000000188378672129 1250000047094668033 3 113
RUNG 5000000257826410489 1250000064456602623 3 281
RUNG 5000000142367427521 1250000035591856881 3 317
RUNG 5000000234165293681 1250000058541323421 3 5959973
RUNG 5000000285146864321 1250000071286716081 3 10169
RUNG 5000000402937857641 1250000100734464411 3 101
RUNG 5000000441048450161 1250000110262112541 3 641
RUNG 5000000287962839329 1250000071990709835 11 2719
RUNG 5000000327580457369 1250000081895114343 3 5087
RUNG 5000000412378210409 1250000103094552603 3 6857
RUNG 5000000187913091089 1250000046978272773 3 197
RUNG 5000000519050297489 1250000129762574375 11 1245085
RUNG 5000000310178194721 1250000077544548682 7 5164
RUNG 5000000033063158561 1250000008265789644 15 60774206
RUNG 5000000322203770321 1250000080550942582 7 94
RUNG 5000000365966729561 1250000091491682391 3 197
RUNG 5000000454262497121 1250000113565624285 19 144411619783239775
RUNG 5000000026334638081 1250000006583659521 3 593
RUNG 5000000239917727801 1250000059979431952 7 23567
RUNG 5000000298542654161 1250000074635663541 3 431455847
RUNG 5000000413536052681 1250000103384013171 3 881
RUNG 5000000367745348729 1250000091936337183 3 574433
RUNG 5000000527357321249 1250000131839330313 3 7823
RUNG 5000000236499356201 1250000059124839051 3 3467
RUNG 5000000224093965841 1250000056023491462 7 14699
RUNG 5000000094736858201 1250000023684214551 3 4004219
RUNG 5000000033001905089 1250000008250476273 3 1613
RUNG 5000000121748963489 1250000030437240873 3 183316829
RUNG 5000000477701039969 1250000119425259993 3 101
RUNG 5000000452234760449 1250000113058690114 7 61
RUNG 5000000482916411449 1250000120729102865 11 95
RUNG 5000000320225042729 1250000080056260684 7 118
RUNG 5000000048558168809 1250000012139542203 3 5333
RUNG 5000000501695012969 1250000125423753243 3 94427
RUNG 5000000228527239961 1250000057131809996 23 34
RUNG 5000000032201430881 1250000008050357722 7 244
RUNG 5000000010737550121 1250000002684387531 3 461
RUNG 5000000069734127761 1250000017433531943 11 214764717
RUNG 5000000070185418601 1250000017546354653 11 211
RUNG 5000000304078638161 1250000076019659542 7 10784563
RUNG 5000000511472304641 1250000127868076163 11 12756141
RUNG 5000000196973641721 1250000049243410433 11 30213
RUNG 5000000248281938761 1250000062070484691 3 25121
RUNG 5000000056128018841 1250000014032004711 3 1097
RUNG 5000000086129672009 1250000021532418007 19 67
RUNG 5000000265167571049 1250000066291892764 7 124
RUNG 5000000032599636289 1250000008149909079 27 4183637
RUNG 5000000156132846089 1250000039033211524 7 2252
RUNG 5000000180702671369 1250000045175667843 3 3947
RUNG 5000000224130736049 1250000056032684014 7 2462
RUNG 5000000310020980489 1250000077505245125 11 695
RUNG 5000000008871131609 1250000002217782904 7 8812
RUNG 5000000410150369969 1250000102537592493 3 766079
RUNG 5000000234904540889 1250000058726135223 3 116471
RUNG 5000000335444380289 1250000083861095074 7 6971012
RUNG 5000000238347423401 1250000059586855853 11 10775277
RUNG 5000000478899735401 1250000119724933852 7 7628
RUNG 5000000043965636161 1250000010991409041 3 173
RUNG 5000000519566962361 1250000129891740592 7 262
RUNG 5000000332706009401 1250000083176502351 3 198701
RUNG 5000000370569515249 1250000092642378813 3 701
RUNG 5000000503006019449 1250000125751504864 7 89
RUNG 5000000074878039841 1250000018719509961 3 1425029
RUNG 5000000131017805489 1250000032754451375 11 909
RUNG 5000000286312905449 1250000071578226364 7 433
RUNG 5000000412802989169 1250000103200747293 3 336893561
RUNG 5000000420777155369 1250000105194288843 3 72893
RUNG 5000000311548436489 1250000077887109126 15 7418398088350796
RUNG 5000000404032428089 1250000101008107023 3 173
RUNG 5000000070162974881 1250000017540743721 3 2843
RUNG 5000000148195449401 1250000037048862351 3 38504339
RUNG 5000000223738677161 1250000055934669292 7 36109
RUNG 5000000037273882169 1250000009318470543 3 865859
RUNG 5000000457631900249 1250000114407975065 11 12295
RUNG 5000000269725421921 1250000067431355482 7 62404
RUNG 5000000413219572721 1250000103304893181 3 1667
RUNG 5000000518070158561 1250000129517539641 3 1217
RUNG 5000000010570125929 1250000002642531484 7 284854
RUNG 5000000036830760329 1250000009207690085 11 431
RUNG 5000000073317931049 1250000018329482763 3 197
RUNG 5000000125639079929 1250000031409769984 7 262
RUNG 5000000481029595409 1250000120257398855 11 31011
RUNG 5000000524251414049 1250000131062853514 7 311
RUNG 5000000200085732521 1250000050021433134 15 569861
RUNG 5000000387071251241 1250000096767812812 7 739604
RUNG 5000000490819135481 1250000122704783871 3 122501
RUNG 5000000038944273721 1250000009736068432 7 47
RUNG 5000000180016565081 1250000045004141273 11 2393107935553557
RUNG 5000000505121585321 1250000126280396331 3 169754381
RUNG 5000000443055821681 1250000110763955421 3 50147
RUNG 5000000038946316121 1250000009736579031 3 1155701
RUNG 5000000160527335681 1250000040131833923 11 1359
RUNG 5000000418051042121 1250000104512760531 3 2351
RUNG 5000000418614645161 1250000104653661292 7 766
RUNG 5000000081518767361 1250000020379691842 7 118024646
RUNG 5000000324707354129 1250000081176838534 7 301468
RUNG 5000000039411903761 1250000009852975942 7 3566
RUNG 5000000012265024649 1250000003066256163 3 21377
RUNG 5000000152432692289 1250000038108173074 7 19
RUNG 5000000167409016361 1250000041852254091 3 797
RUNG 5000000234620720921 1250000058655180231 3 557
RUNG 5000000325017747641 1250000081254436911 3 866693
RUNG 5000000483424916561 1250000120856229142 7 178
RUNG 5000000479426603561 1250000119856650891 3 30342233
RUNG 5000000038770708841 1250000009692677212 7 242770786
RUNG 5000000232200905801 1250000058050226451 3 9533
RUNG 5000000005987799401 1250000001496949851 3 293
RUNG 5000000338501340761 1250000084625335192 7 68
RUNG 5000000407630520881 1250000101907630221 3 4283
RUNG 5000000030343210649 1250000007585802663 3 173
RUNG 5000000230669376689 1250000057667344173 3 1103
RUNG 5000000263213368169 1250000065803342044 7 18604
RUNG 5000000365486899529 1250000091371724883 3 680075369
RUNG 5000000376434275969 1250000094108568994 7 1447
RUNG 5000000368835846089 1250000092208961523 3 2111
RUNG 5000000302724801641 1250000075681200411 3 4139
RUNG 5000000308828459201 1250000077207114802 7 243333452
RUNG 5000000077473495649 1250000019368373914 7 5093339
RUNG 5000000360232732409 1250000090058183105 11 255
RUNG 5000000090632402249 1250000022658100564 7 5158
RUNG 5000000376413858929 1250000094103464733 3 9587
RUNG 5000000251187799841 1250000062796949964 15 146
RUNG 5000000232903374689 1250000058225843674 7 605146
RUNG 5000000215435764841 1250000053858941211 3 66851
RUNG 5000000262809050801 1250000065702262702 7 27379987
RUNG 5000000447113371001 1250000111778342752 7 1993
RUNG 5000000360126551441 1250000090031637861 3 30426917
RUNG 5000000257369057441 1250000064342264364 15 78296
RUNG 5000000454121653481 1250000113530413372 7 21493
RUNG 5000000204188210321 1250000051047052581 3 4751
RUNG 5000000326679979721 1250000081669994932 7 566
RUNG 5000000078304614881 1250000019576153723 11 281
RUNG 5000000215070243881 1250000053767560972 7 796
RUNG 5000000233125964609 1250000058281491156 15 1151
RUNG 5000000240879590489 1250000060219897624 7 853786
RUNG 5000000135759456689 1250000033939864174 7 1013
RUNG 5000000292318579409 1250000073079644853 3 45893
RUNG 5000000474174493649 1250000118543623413 3 30059
RUNG 5000000477394790729 1250000119348697685 11 24405
RUNG 5000000013968107129 1250000003492026784 7 181
RUNG 5000000398045200601 1250000099511300151 3 69239
RUNG 5000000482330401601 1250000120582600401 3 1181
RUNG 5000000310525408841 1250000077631352211 3 3137
RUNG 5000000095796735929 1250000023949183983 3 1913
RUNG 5000000128804270489 1250000032201067624 7 262
RUNG 5000000446535484289 1250000111633871075 11 285
RUNG 5000000158099377649 1250000039524844413 3 5171
RUNG 5000000339894031481 1250000084973507873 11 587481738325762851
RUNG 5000000124944817721 1250000031236204431 3 9160757
RUNG 5000000404240754641 1250000101060188663 11 1030097877
RUNG 5000000218639739569 1250000054659934894 7 94
RUNG 5000000223365020129 1250000055841255035 11 61
RUNG 5000000025732306841 1250000006433076713 11 2097
RUNG 5000000059193174281 1250000014798293572 7 7838
RUNG 5000000246693287609 1250000061673321903 3 16979
RUNG 5000000031668518969 1250000007917129746 15 41
RUNG 5000000153878486849 1250000038469621713 3 4133
RUNG 5000000265249306529 1250000066312326635 11 149
RUNG 5000000183412512041 1250000045853128012 7 124
RUNG 5000000327519275849 1250000081879818964 7 1762
RUNG 5000000476363571449 1250000119090892864 7 19
RUNG 5000000160780587881 1250000040195146972 7 47858
RUNG 5000000327310991921 1250000081827747983 11 12861
RUNG 5000000347218839881 1250000086804709971 3 89
RUNG 5000000087279401681 1250000021819850421 3 3203
RUNG 5000000307309213361 1250000076827303344 15 1985336
RUNG 5000000004213301201 1250000001053325301 3 3761
RUNG 5000000524580228281 1250000131145057071 3 401
RUNG 5000000028460484401 1250000007115121102 7 30796
RUNG 5000000003304594289 1250000000826148574 7 1244
RUNG 5000000205262350649 1250000051315587665 11 9965
RUNG 5000000007431557801 1250000001857889453 11 1042029
RUNG 5000000395662160849 1250000098915540214 7 412
RUNG 5000000438120256529 1250000109530064133 3 89
RUNG 5000000140635870049 1250000035158967513 3 1277
RUNG 5000000188756542649 1250000047189135663 3 173
RUNG 5000000205190880569 1250000051297720144 7 68
RUNG 5000000054090130961 1250000013522532745 19 57205
RUNG 5000000241663757201 1250000060415939301 3 35172503
RUNG 5000000110626051001 1250000027656512752 7 41
RUNG 5000000170847852641 1250000042711963162 7 244
RUNG 5000000306014564321 1250000076503641081 3 474916979
RUNG 5000000212646370409 1250000053161592604 7 16237997
RUNG 5000000216309790169 1250000054077447543 3 461
RUNG 5000000386074785569 1250000096518696395 11 3357
RUNG 5000000432643507769 1250000108160876945 11 5800335
RUNG 5000000482305920569 1250000120576480145 11 2103
RUNG 5000000011409456089 1250000002852364026 15 206
RUNG 5000000230377405289 1250000057594351324 7 5636468
RUNG 5000000357112535681 1250000089278133921 3 22079
RUNG 5000000187077991481 1250000046769497871 3 87629
RUNG 5000000240456917081 1250000060114229271 3 1187
RUNG 5000000262308787121 1250000065577196781 3 236075327
RUNG 5000000013147235009 1250000003286808755 11 10909
RUNG 5000000303535534049 1250000075883883513 3 76421
RUNG 5000000308473186769 1250000077118296693 3 461
RUNG 5000000147901455761 1250000036975363947 27 2261
RUNG 5000000287485099961 1250000071871274992 7 74122298
RUNG 5000000439102485881 1250000109775621471 3 1674737
RUNG 5000000470474346929 1250000117618586737 19 2211538669632884227
RUNG 5000000173232962921 1250000043308240732 7 412
RUNG 5000000004887185489 1250000001221796373 3 941
RUNG 5000000422321002289 1250000105580250573 3 7853
RUNG 5000000090434367929 1250000022608591983 3 2459
RUNG 5000000052095070961 1250000013023767742 7 292
RUNG 5000000178881250481 1250000044720312622 7 719
RUNG 5000000346836998441 1250000086709249613 11 183
RUNG 5000000029736775361 1250000007434193842 7 40841
RUNG 5000000367173675161 1250000091793418791 3 113
RUNG 5000000026765609009 1250000006691402254 7 262
RUNG 5000000048178440449 1250000012044610113 3 89
RUNG 5000000183714761369 1250000045928690343 3 97151
RUNG 5000000354321077249 1250000088580269314 7 164
RUNG 5000000088157499881 1250000022039374973 11 49539775617
RUNG 5000000321601470641 1250000080400367661 3 197
RUNG 5000000007948211081 1250000001987052771 3 2903
RUNG 5000000266831916161 1250000066707979041 3 96568793
RUNG 5000000531925465361 1250000132981366341 3 2801
RUNG 5000000273115274729 1250000068278818683 3 653
RUNG 5000000139130904881 1250000034782726221 3 4768133
RUNG 5000000213205905881 1250000053301476472 7 82
RUNG 5000000489203948201 1250000122300987056 23 106
RUNG 5000000084694203521 1250000021173550881 3 197
RUNG 5000000163960070201 1250000040990017551 3 7817
RUNG 5000000459821035601 1250000114955258903 11 747
RUNG 5000000519763077929 1250000129940769484 7 937
RUNG 5000000017602980329 1250000004400745084 7 38303
RUNG 5000000428692178849 1250000107173044714 7 778378
RUNG 5000000006004193369 1250000001501048344 7 2082524
RUNG 5000000021368502329 1250000005342125584 7 626797
RUNG 5000000211562065889 1250000052890516477 19 3830497
RUNG 5000000211960264289 1250000052990066075 11 82037
RUNG 5000000197968206929 1250000049492051733 3 63317
RUNG 5000000269343631841 1250000067335907962 7 1003148
RUNG 5000000004499214521 1250000001124803632 7 188
RUNG 5000000209993783801 1250000052498445952 7 734
RUNG 5000000259995175481 1250000064998793871 3 1613
RUNG 5000000017170073969 1250000004292518493 3 17681
RUNG 5000000171868898249 1250000042967224564 7 48814
RUNG 5000000217069453649 1250000054267363414 7 409
RUNG 5000000448830783449 1250000112207695864 7 283769
RUNG 5000000400234315961 1250000100058578992 7 3695411
RUNG 5000000510339070721 1250000127584767682 7 10772
RUNG 5000000456568074161 1250000114142018542 7 10177564
RUNG 5000000336485913761 1250000084121478443 11 351
RUNG 5000000441810252881 1250000110452563221 3 269
RUNG 5000000278077444049 1250000069519361014 7 36382
RUNG 5000000022667249681 1250000005666812421 3 4451
RUNG 5000000297329800361 1250000074332450093 11 132342091203182376996251
RUNG 5000000353291906561 1250000088322976641 3 701
RUNG 5000000519113722721 1250000129778430681 3 173087
RUNG 5000000304082827289 1250000076020706825 11 1083573
RUNG 5000000327433554689 1250000081858388675 11 10700455
RUNG 5000000476157369929 1250000119039342483 3 26788451
RUNG 5000000486522764969 1250000121630691243 3 149
RUNG 5000000255641556281 1250000063910389072 7 94
RUNG 5000000442132901321 1250000110533225332 7 122
RUNG 5000000223900087121 1250000055975021785 19 265
RUNG 5000000246903667721 1250000061725916934 15 386
RUNG 5000000260513864321 1250000065128466082 7 9274
RUNG 5000000475107763841 1250000118776940962 7 59002
RUNG 5000000094720636769 1250000023680159194 7 33162764
RUNG 5000000151956976721 1250000037989244181 3 38903
RUNG 5000000441663233561 1250000110415808392 7 6131
RUNG 5000000085008696329 1250000021252174083 3 2408501
RUNG 5000000325967374289 1250000081491843573 3 129443
RUNG 5000000329283647249 1250000082320911814 7 4339
RUNG 5000000020825338169 1250000005206334543 3 101
RUNG 5000000164762611649 1250000041190652913 3 4451
RUNG 5000000167384591009 1250000041846147753 3 2591
RUNG 5000000212219621249 1250000053054905314 7 109469
RUNG 5000000256885162169 1250000064221290543 3 4511231
RUNG 5000000248359647161 1250000062089911792 7 236
RUNG 5000000462061175201 1250000115515293803 11 83409
RUNG 5000000355395215921 1250000088848803981 3 18844073
RUNG 5000000011327812481 1250000002831953121 3 821
RUNG 5000000147644192681 1250000036911048172 7 626
RUNG 5000000223352825849 1250000055838206463 3 919871
RUNG 5000000508538006129 1250000127134501534 7 5218
RUNG 5000000106080512009 1250000026520128003 3 2927
RUNG 5000000215109111689 1250000053777277924 7 68
RUNG 5000000282275893049 1250000070568973264 7 628
RUNG 5000000411657505409 1250000102914376354 7 194
RUNG 5000000241500438521 1250000060375109632 7 31
RUNG 5000000350151261569 1250000087537815393 3 41849
RUNG 5000000527500393529 1250000131875098384 7 398
RUNG 5000000123272450321 1250000030818112581 3 106972781
RUNG 5000000413117565881 1250000103279391471 3 25097
RUNG 5000000037849834889 1250000009462458724 7 4196
RUNG 5000000158840705561 1250000039710176391 3 4504571
RUNG 5000000289079974721 1250000072269993685 19 265
RUNG 5000000511821613841 1250000127955403463 11 1302143
RUNG 5000000140194840169 1250000035048710044 7 38
RUNG 5000000201139523969 1250000050284880995 11 1723
RUNG 5000000225433673849 1250000056358418464 7 122
RUNG 5000000520630976249 1250000130157744063 3 2144687
RUNG 5000000396689359889 1250000099172339974 7 2092
RUNG 5000000197061572609 1250000049265393158 23 8199
RUNG 5000000397081432649 1250000099270358167 19 581233236557576589292852276733711
RUNG 5000000407003705009 1250000101750926254 7 31
RUNG 5000000473508863729 1250000118377215933 3 89
RUNG 5000000430385063321 1250000107596265832 7 2644
RUNG 5000000178325856089 1250000044581464023 3 1906811
RUNG 5000000048893194361 1250000012223298591 3 49697
RUNG 5000000265898743121 1250000066474685782 7 202
RUNG 5000000503163370769 1250000125790842694 7 1400476684
RUNG 5000000430967046761 1250000107741761692 7 101
RUNG 5000000101716686089 1250000025429171525 11 19
RUNG 5000000373312090721 1250000093328022682 7 796
RUNG 5000000425651620481 1250000106412905121 3 233
RUNG 5000000059113609001 1250000014778402253 11 4243
RUNG 5000000156884442161 1250000039221110546 23 188781
RUNG 5000000217128706241 1250000054282176565 19 659
RUNG 5000000348023471561 1250000087005867893 11 31149
RUNG 5000000347349599321 1250000086837399832 7 97
RUNG 5000000219387206489 1250000054846801624 7 19
RUNG 5000000221815192049 1250000055453798014 7 512636
RUNG 5000000280105223849 1250000070026305965 11 1245
RUNG 5000000333806791769 1250000083451697943 3 445199
RUNG 5000000434293538129 1250000108573384533 3 3929
RUNG 5000000491756543729 1250000122939135933 3 1879817
RUNG 5000000052960946609 1250000013240236654 7 566
RUNG 5000000394810694849 1250000098702673713 3 78839
RUNG 5000000131914386041 1250000032978596511 3 49139
RUNG 5000000253101291881 1250000063275322973 11 1227
RUNG 5000000404747266361 1250000101186816592 7 433
RUNG 5000000530555310281 1250000132638827574 15 19382835881
RUNG 5000000465132433121 1250000116283108281 3 8039
RUNG 5000000473470082441 1250000118367520612 7 754582
RUNG 5000000513710522681 1250000128427630672 7 3748
RUNG 5000000346054955201 1250000086513738802 7 12158
RUNG 5000000352299513521 1250000088074878382 7 412
RUNG 5000000029589806609 1250000007397451654 7 229666
RUNG 5000000269872569641 1250000067468142411 3 6429707
RUNG 5000000366916436561 1250000091729109142 7 13963
RUNG 5000000461050396481 1250000115262599121 3 281
RUNG 5000000099880908329 1250000024970227083 3 23417
RUNG 5000000428030610209 1250000107007652556 15 36569996
RUNG 5000000175268941361 1250000043817235341 3 3329
RUNG 5000000415171884641 1250000103792971162 7 61
RUNG 5000000480459987521 1250000120114996881 3 27539
RUNG 5000000299331039809 1250000074832759953 3 113
RUNG 5000000011064422081 1250000002766105523 11 2179557
RUNG 5000000149132872601 1250000037283218152 7 184978
RUNG 5000000202015582481 1250000050503895621 3 16784501
RUNG 5000000286190513321 1250000071547628333 11 8553
RUNG 5000000293750146721 1250000073437536683 11 366267501
RUNG 5000000237685939649 1250000059421484915 11 5147
RUNG 5000000359048460929 1250000089762115234 7 524
RUNG 5000000365621787689 1250000091405446925 11 615
RUNG 5000000395819475209 1250000098954868804 7 76
RUNG 5000000207314679449 1250000051828669864 7 19
RUNG 5000000278957610809 1250000069739402703 3 18269
RUNG 5000000330843805169 1250000082710951293 3 348239
RUNG 5000000339524517209 1250000084881129303 3 6389
RUNG 5000000057710746001 1250000014427686502 7 388
RUNG 5000000383459008841 1250000095864752211 3 1581743
RUNG 5000000482130381641 1250000120532595413 11 6930129
RUNG 5000000339865539089 1250000084966384773 3 5351
RUNG 5000000125853622289 1250000031463405573 3 3011
RUNG 5000000222048000569 1250000055512000145 11 1796615
RUNG 5000000316629167249 1250000079157291814 7 47
RUNG 5000000344768478449 1250000086192119614 7 13732
RUNG 5000000516646985249 1250000129161746314 7 8356
RUNG 5000000389058286049 1250000097264571514 7 157678
RUNG 5000000485595727481 1250000121398931872 7 4787
RUNG 5000000084581955041 1250000021145488761 3 53861
RUNG 5000000429807195401 1250000107451798855 19 16319604510109
RUNG 5000000252210978401 1250000063052744603 11 153
RUNG 5000000393942848681 1250000098485712173 11 153
RUNG 5000000444965260121 1250000111241315031 3 16608923
RUNG 5000000120244143569 1250000030061035893 3 23187701
RUNG 5000000300776815889 1250000075194203973 3 773
RUNG 5000000185313750761 1250000046328437691 3 461
RUNG 5000000225435752681 1250000056358938171 3 69899
RUNG 5000000393170960321 1250000098292740081 3 89
RUNG 5000000532176707201 1250000133044176802 7 5443973
RUNG 5000000159671855321 1250000039917963835 19 75115
RUNG 5000000384141060281 1250000096035265072 7 94
RUNG 5000000443057998361 1250000110764499591 3 231323
RUNG 5000000469051125521 1250000117262781383 11 2672844156655983
RUNG 5000000221180143001 1250000055295035752 7 619
RUNG 5000000033504415241 1250000008376103814 15 30492221
RUNG 5000000193008159641 1250000048252039912 7 4436
RUNG 5000000097075165121 1250000024268791282 7 244
RUNG 5000000117926435561 1250000029481608891 3 126257
RUNG 5000000419415263201 1250000104853815802 7 41
RUNG 5000000517378048121 1250000129344512035 19 4487
RUNG 5000000318816204881 1250000079704051221 3 2879
RUNG 5000000447981361601 1250000111995340402 7 17506
RUNG 5000000149071631729 1250000037267907935 11 61
RUNG 5000000187253696249 1250000046813424064 7 62
RUNG 5000000259641972209 1250000064910493053 3 9629
RUNG 5000000105345431201 1250000026336357802 7 509
RUNG 5000000248300483441 1250000062075120861 3 60443
RUNG 5000000273928085441 1250000068482021363 11 117
RUNG 5000000057929262929 1250000014482315735 11 9819
RUNG 5000000395592830489 1250000098898207626 15 41
RUNG 5000000004356345041 1250000001089086261 3 173
RUNG 5000000126321268121 1250000031580317033 11 643128753259332603
RUNG 5000000213054875081 1250000053263718772 7 94
RUNG 5000000319759633241 1250000079939908312 7 388
RUNG 5000000003833584649 1250000000958396164 7 1174484
RUNG 5000000112445608169 1250000028111402043 3 308801
RUNG 5000000059034010241 1250000014758502562 7 363942388
RUNG 5000000068631598241 1250000017157899561 3 2351
RUNG 5000000378053752289 1250000094513438073 3 1013
RUNG 5000000046242676049 1250000011560669014 7 6788
RUNG 5000000201010929689 1250000050252732424 7 362
RUNG 5000000347029041929 1250000086757260484 7 82
RUNG 5000000482128366289 1250000120532091574 7 229
RUNG 5000000462189888401 1250000115547472101 3 43541
RUNG 5000000512959086881 1250000128239771721 3 2399
RUNG 5000000234945552281 1250000058736388072 7 176839708
RUNG 5000000357555760001 1250000089388940002 7 42962
RUNG 5000000413907896849 1250000103476974213 3 7103
RUNG 5000000249842236409 1250000062460559106 15 71
RUNG 5000000058791016889 1250000014697754223 3 958871
RUNG 5000000134138208809 1250000033534552206 15 127586
RUNG 5000000456621249689 1250000114155312423 3 113
RUNG 5000000076281092801 1250000019070273201 3 90977
RUNG 5000000156810982241 1250000039202745561 3 7241771
RUNG 5000000368691010601 1250000092172752652 7 62
RUNG 5000000233961297041 1250000058490324263 11 23679
RUNG 5000000426827890961 1250000106706972741 3 89
RUNG 5000000483474080561 1250000120868520141 3 3257
RUNG 5000000186583927121 1250000046645981782 7 85427
RUNG 5000000468158780681 1250000117039695172 7 41
RUNG 5000000178634265809 1250000044658566454 7 41597
RUNG 5000000036061076201 1250000009015269052 7 1783
RUNG 5000000187425249161 1250000046856312291 3 733951223
RUNG 5000000414679796681 1250000103669949172 7 3547276
RUNG 5000000492097617161 1250000123024404292 7 4919
RUNG 5000000530994395081 1250000132748598772 7 415427
RUNG 5000000331940420249 1250000082985105064 7 3436
RUNG 5000000485011739561 1250000121252934891 3 46225859
RUNG 5000000009142907609 1250000002285726907 19 113
RUNG 5000000130948551569 1250000032737137893 3 49529
RUNG 5000000309065490569 1250000077266372644 7 124
RUNG 5000000131408010689 1250000032852002676 15 296
RUNG 5000000477401058809 1250000119350264703 3 883868207
RUNG 5000000021278752361 1250000005319688091 3 1913687
RUNG 5000000509669375681 1250000127417343923 11 17379
RUNG 5000000049089296729 1250000012272324183 3 5189
RUNG 5000000043720773809 1250000010930193453 3 115211
RUNG 5000000493404529649 1250000123351132413 3 119039
RUNG 5000000361795052849 1250000090448763216 15 41
RUNG 5000000505350464849 1250000126337616214 7 164
RUNG 5000000019150951721 1250000004787737932 7 878
RUNG 5000000253054381481 1250000063263595373 11 79
RUNG 5000000312259247201 1250000078064811801 3 509
RUNG 5000000328025838041 1250000082006459512 7 31
RUNG 5000000008358771329 1250000002089692835 11 3935
RUNG 5000000230171282249 1250000057542820563 3 76673
RUNG 5000000101063303561 1250000025265825891 3 6569
RUNG 5000000255114801161 1250000063778700291 3 79053827
RUNG 5000000023994672449 1250000005998668113 3 401
RUNG 5000000051901191089 1250000012975297774 7 626
RUNG 5000000346986181289 1250000086746545325 11 57
RUNG 5000000187529404121 1250000046882351031 3 21377
RUNG 5000000327349924961 1250000081837481241 3 557
RUNG 5000000343992551489 1250000085998137873 3 257
RUNG 5000000417961366409 1250000104490341605 11 153
RUNG 5000000029011966001 1250000007252991508 31 1715512
RUNG 5000000319373719529 1250000079843429885 11 1515
RUNG 5000000515840429969 1250000128960107495 11 19
RUNG 5000000225729850961 1250000056432462743 11 493797
RUNG 5000000008742682241 1250000002185670561 3 11783
RUNG 5000000117179090321 1250000029294772582 7 787
RUNG 5000000120135966089 1250000030033991524 7 283
RUNG 5000000344098745129 1250000086024686284 7 8861506
RUNG 5000000045668893721 1250000011417223431 3 809
RUNG 5000000096084819281 1250000024021204822 7 1153
RUNG 5000000306274038521 1250000076568509632 7 404
RUNG 5000000233683600721 1250000058420900182 7 1532
RUNG 5000000324190897601 1250000081047724401 3 281
RUNG 5000000405976641641 1250000101494160411 3 3083
RUNG 5000000018266759489 1250000004566689874 7 23516
RUNG 5000000108808771049 1250000027202192763 3 641
RUNG 5000000320621412089 1250000080155353026 15 497351
RUNG 5000000389530051889 1250000097382512973 3 101
RUNG 5000000083430298769 1250000020857574694 7 73
RUNG 5000000105568054409 1250000026392013604 7 120914
RUNG 5000000523167276929 1250000130791819233 3 257
RUNG 5000000486243111281 1250000121560777822 7 566
RUNG 5000000089658524129 1250000022414631034 7 178
RUNG 5000000385807417169 1250000096451854295 11 37461
RUNG 5000000457387045289 1250000114346761327 19 216250019781989709571
RUNG 5000000351382708961 1250000087845677243 11 189193293150549
RUNG 5000000376444666121 1250000094111166531 3 87905327
RUNG 5000000376924545521 1250000094231136382 7 82652
RUNG 5000000385819673081 1250000096454918272 7 4478
RUNG 5000000022847063441 1250000005711765862 7 31
RUNG 5000000354698983841 1250000088674745962 7 241511084
RUNG 5000000403254611801 1250000100813652952 7 1172
RUNG 5000000400979781521 1250000100244945382 7 60556
RUNG 5000000194694944441 1250000048673736111 3 7937
RUNG 5000000319257342569 1250000079814335643 3 103967
RUNG 5000000457103210729 1250000114275802683 3 353
RUNG 5000000205252291649 1250000051313072913 3 32159
RUNG 5000000361874717609 1250000090468679406 15 86
RUNG 5000000497997104009 1250000124499276004 7 521
RUNG 5000000111704397809 1250000027926099453 3 319961393
RUNG 5000000506788087529 1250000126697021883 3 1103
RUNG 5000000261220525961 1250000065305131492 7 255652
RUNG 5000000311957051801 1250000077989262952 7 61
RUNG 5000000167143745009 1250000041785936253 3 35801
RUNG 5000000341397144329 1250000085349286084 7 7978
RUNG 5000000358264394729 1250000089566098683 3 16631
RUNG 5000000266131634201 1250000066532908555 19 2054849
RUNG 5000000188950691369 1250000047237672844 7 122
RUNG 5000000170649929201 1250000042662482304 15 926
RUNG 5000000135089846441 1250000033772461612 7 4299532
RUNG 5000000162977986721 1250000040744496681 3 1181
RUNG 5000000239736228281 1250000059934057071 3 12641
RUNG 5000000277683457601 1250000069420864402 7 244
RUNG 5000000139249482761 1250000034812370694 15 68111
RUNG 5000000225019246841 1250000056254811713 11 15003
RUNG 5000000512518058441 1250000128129514611 3 1277
RUNG 5000000128338863209 1250000032084715805 11 965
RUNG 5000000251386067489 1250000062846516874 7 37128692
RUNG 5000000237751366961 1250000059437841741 3 125717
RUNG 5000000283272522641 1250000070818130662 7 103
RUNG 5000000490423186361 1250000122605796591 3 8429
RUNG 5000000519340514801 1250000129835128701 3 472359089
RUNG 5000000402231565361 1250000100557891344 15 926
RUNG 5000000414565486961 1250000103641371741 3 197
RUNG 5000000474380922641 1250000118595230661 3 4799
RUNG 5000000298726684241 1250000074681671062 7 101
RUNG 5000000459619017161 1250000114904754291 3 21191
RUNG 5000000524157691529 1250000131039422885 11 183
RUNG 5000000373624628969 1250000093406157244 7 244
RUNG 5000000519732590969 1250000129933147745 11 369
RUNG 5000000021558556169 1250000005389639044 7 236
RUNG 5000000280883341889 1250000070220835473 3 101
RUNG 5000000515693437409 1250000128923359354 7 124
RUNG 5000000375274599809 1250000093818649953 3 4259
RUNG 5000000468350783009 1250000117087695753 3 120088427
RUNG 5000000468887839529 1250000117221959883 3 109379
RUNG 5000000259468472129 1250000064867118033 3 56807
RUNG 5000000451879691129 1250000112969922784 7 38
RUNG 5000000313039349921 1250000078259837483 11 3753
RUNG 5000000064361761001 1250000016090440251 3 31751
RUNG 5000000438485951441 1250000109621487862 7 73
RUNG 5000000118563630041 1250000029640907511 3 428663
RUNG 5000000371423317121 1250000092855829282 7 47
RUNG 5000000292365740489 1250000073091435124 7 3436
RUNG 5000000426329690609 1250000106582422655 11 61
RUNG 5000000236607840689 1250000059151960175 11 312369
RUNG 5000000090024084401 1250000022506021102 7 388
RUNG 5000000133891187681 1250000033472796921 3 3929
RUNG 5000000229648569401 1250000057412142353 11 1249
RUNG 5000000378321333641 1250000094580333413 11 83
RUNG 5000000521692962041 1250000130423240513 11 43093
RUNG 5000000324237908201 1250000081059477052 7 28916
RUNG 5000000394951711361 1250000098737927841 3 281381
RUNG 5000000130842426329 1250000032710606584 7 183004
RUNG 5000000292233015689 1250000073058253923 3 941
RUNG 5000000270160606649 1250000067540151663 3 1667
RUNG 5000000226130140529 1250000056532535134 7 934
RUNG 5000000530908694609 1250000132727173653 3 89
RUNG 5000000172430614961 1250000043107653742 7 47
RUNG 5000000320292689441 1250000080073172361 3 1061
RUNG 5000000491527953641 1250000122881988412 7 118
RUNG 5000000493049273441 1250000123262318363 11 117
RUNG 5000000065466519401 1250000016366629852 7 61
RUNG 5000000435657743441 1250000108914435862 7 35132
RUNG 5000000486087963281 1250000121521990822 7 692
RUNG 5000000508630042841 1250000127157510712 7 2302
RUNG 5000000106264440209 1250000026566110055 11 285
RUNG 5000000319455458321 1250000079863864581 3 233
RUNG 5000000388517251121 1250000097129312781 3 1877
RUNG 5000000254155106489 1250000063538776623 3 32789
RUNG 5000000426740159129 1250000106685039786 15 86
RUNG 5000000485783703761 1250000121445925941 3 869597
RUNG 5000000021344168369 1250000005336042094 7 75722
RUNG 5000000246354514241 1250000061588628561 3 809
RUNG 5000000447889567961 1250000111972391991 3 5557757
RUNG 5000000022195700369 1250000005548925093 3 107693
RUNG 5000000365681122649 1250000091420280666 15 218411471
RUNG 5000000526056818129 1250000131514204535 11 19
RUNG 5000000216046557929 1250000054011639483 3 10253
RUNG 5000000342989974529 1250000085747493634 7 94
RUNG 5000000343390214369 1250000085847553593 3 4481
RUNG 5000000110658915881 1250000027664728972 7 10182709
RUNG 5000000200870116961 1250000050217529241 3 16061
RUNG 5000000360829236281 1250000090207309071 3 1511
RUNG 5000000030992810321 1250000007748202581 3 509
RUNG 5000000179557346441 1250000044889336611 3 16139
RUNG 5000000199440689921 1250000049860172482 7 708329
RUNG 5000000206939060801 1250000051734765202 7 41
RUNG 5000000311177034641 1250000077794258661 3 101
RUNG 5000000001007495969 1250000000251873996 15 356
RUNG 5000000227414596889 1250000056853649225 11 3715
RUNG 5000000442106514329 1250000110526628583 3 521
RUNG 5000000014815772201 1250000003703943051 3 293
RUNG 5000000026773958441 1250000006693489611 3 192191
RUNG 5000000163488538121 1250000040872134535 19 76750002509549060449
RUNG 5000000529099463801 1250000132274865951 3 27809
RUNG 5000000231802944449 1250000057950736116 15 20456
RUNG 5000000464215685009 1250000116053921253 3 1271927
RUNG 5000000235635854201 1250000058908963552 7 170365051
RUNG 5000000316369947641 1250000079092486912 7 626
RUNG 5000000375468627281 1250000093867156822 7 12242044
RUNG 5000000159486141209 1250000039871535303 3 1511
RUNG 5000000393267048569 1250000098316762144 7 68
RUNG 5000000428069536289 1250000107017384074 7 68
RUNG 5000000095772451361 1250000023943112844 15 125306
RUNG 5000000309318784361 1250000077329696092 7 773
RUNG 5000000394120621481 1250000098530155371 3 257
RUNG 5000000526998206321 1250000131749551582 7 101
RUNG 5000000428686233161 1250000107171558292 7 62
RUNG 5000000433076619161 1250000108269154792 7 1238
RUNG 5000000475173273761 1250000118793318441 3 3851
RUNG 5000000491989473161 1250000122997368291 3 12743
RUNG 5000000104163194729 1250000026040798684 7 388
RUNG 5000000256595354609 1250000064148838653 3 317
RUNG 5000000264234626249 1250000066058656566 15 41
RUNG 5000000325630600889 1250000081407650223 3 3467
RUNG 5000000011035960841 1250000002758990211 3 101
RUNG 5000000068059927841 1250000017014981961 3 1192967
RUNG 5000000162212266121 1250000040553066534 15 987317291
RUNG 5000000176947626761 1250000044236906692 7 18691391
RUNG 5000000275802783161 1250000068950695792 7 761
RUNG 5000000378113071241 1250000094528267812 7 124
RUNG 5000000515742483161 1250000128935620791 3 1985057
RUNG 5000000524045417801 1250000131011354451 3 14717
RUNG 5000000128967856769 1250000032241964194 7 47
RUNG 5000000303419333969 1250000075854833495 11 1165
RUNG 5000000001540478489 1250000000385119623 3 1051469
RUNG 5000000215199124529 1250000053799781135 11 197
RUNG 5000000022324363169 1250000005581090794 7 131
RUNG 5000000157009153409 1250000039252288358 23 2127
RUNG 5000000409570702649 1250000102392675664 7 1249946
RUNG 5000000431257167449 1250000107814291864 7 397
RUNG 5000000161330112689 1250000040332528175 11 545
RUNG 5000000325640819249 1250000081410204814 7 398
RUNG 5000000432643715249 1250000108160928815 11 369
RUNG 5000000030760034609 1250000007690008654 7 362
RUNG 5000000129858193769 1250000032464548443 3 43997
RUNG 5000000183000242729 1250000045750060683 3 288089
RUNG 5000000256907796449 1250000064226949116 15 38156
RUNG 5000000503200283081 1250000125800070771 3 521
RUNG 5000000062552556161 1250000015638139041 3 18754613
RUNG 5000000223007891201 1250000055751972801 3 1373
RUNG 5000000126766546841 1250000031691636711 3 76628597
RUNG 5000000382270675961 1250000095567668991 3 1697
RUNG 5000000294914247401 1250000073728561853 11 153
RUNG 5000000435261615809 1250000108815403955 11 83
RUNG 5000000516624657569 1250000129156164393 3 10889
RUNG 5000000129462043721 1250000032365510932 7 47
RUNG 5000000223587835481 1250000055896958871 3 672379157
RUNG 5000000358866859361 1250000089716714843 11 117
RUNG 5000000194695013561 1250000048673753391 3 140057
RUNG 5000000101896548401 1250000025474137103 11 14769
RUNG 5000000364535565041 1250000091133891261 3 75629231
RUNG 5000000116276595161 1250000029069148791 3 106373
RUNG 5000000223083455321 1250000055770863832 7 164
RUNG 5000000488285232161 1250000122071308042 7 983
RUNG 5000000034985024969 1250000008746256244 7 2341
RUNG 5000000194386667369 1250000048596666846 15 2916566
RUNG 5000000238343620409 1250000059585905103 3 8354363
RUNG 5000000460756492361 1250000115189123092 7 7972
RUNG 5000000003582535169 1250000000895633793 3 1409
RUNG 5000000071474239049 1250000017868559764 7 124
RUNG 5000000165054806921 1250000041263701733 11 417
RUNG 5000000171513779441 1250000042878444863 11 418271589
RUNG 5000000179967825041 1250000044991956263 11 681
RUNG 5000000359416174121 1250000089854043531 3 161078207
RUNG 5000000052303569041 1250000013075892262 7 82
RUNG 5000000203775970409 1250000050943992603 3 18077
RUNG 5000000011711899769 1250000002927974943 3 3209
RUNG 5000000129380370689 1250000032345092673 3 6569
RUNG 5000000060918938321 1250000015229734582 7 101929294
RUNG 5000000420317978849 1250000105079494713 3 101
RUNG 5000000522170849969 1250000130542712494 7 3629867
RUNG 5000000210616808609 1250000052654202154 7 118
RUNG 5000000251508659609 1250000062877164903 3 43013
RUNG 5000000278778061769 1250000069694515444 7 10772
RUNG 5000000388012907489 1250000097003226875 11 2085
RUNG 5000000202081081649 1250000050520270413 3 928223
RUNG 5000000338758902929 1250000084689725733 3 509
RUNG 5000000196506314609 1250000049126578653 3 27449
RUNG 5000000441440844449 1250000110360211114 7 47
RUNG 5000000533212164089 1250000133303041024 7 82
RUNG 5000000263995737641 1250000065998934411 3 19751
RUNG 5000000524102624681 1250000131025656171 3 146271017
RUNG 5000000099948456521 1250000024987114133 11 717
RUNG 5000000354012947201 1250000088503236802 7 3989
RUNG 5000000071155694609 1250000017788923654 7 38
RUNG 5000000388799100689 1250000097199775174 7 241
RUNG 5000000418710902609 1250000104677725653 3 37380137
RUNG 5000000164591278289 1250000041147819573 3 5009
RUNG 5000000016594430849 1250000004148607715 11 503
RUNG 5000000060933245729 1250000015233311433 3 4751
RUNG 5000000189406150289 1250000047351537574 7 5876188
RUNG 5000000292120762289 1250000073030190573 3 1433
RUNG 5000000520222756409 1250000130055689105 11 285
RUNG 5000000055903701521 1250000013975925383 11 200609856198993
RUNG 5000000304562912321 1250000076140728081 3 10487
RUNG 5000000411445327961 1250000102861331993 11 1836029509929
RUNG 5000000484342072049 1250000121085518016 15 1226
RUNG 5000000355074815561 1250000088768703892 7 412
RUNG 5000000371027232041 1250000092756808013 11 648750048140783358747
RUNG 5000000136603083089 1250000034150770774 7 4052
RUNG 5000000201456231449 1250000050364057865 11 695
RUNG 5000000225062213849 1250000056265553464 7 62
RUNG 5000000244626999089 1250000061156749774 7 1154
RUNG 5000000260634550649 1250000065158637664 7 175468
RUNG 5000000281777832809 1250000070444458205 11 409
RUNG 5000000022973770721 1250000005743442681 3 4547
RUNG 5000000104379695321 1250000026094923832 7 1018
RUNG 5000000004930306601 1250000001232576652 7 1132
RUNG 5000000051788999849 1250000012947249964 7 122
RUNG 5000000188681235329 1250000047170308834 7 13142
RUNG 5000000405939997049 1250000101484999264 7 31
RUNG 5000000533581791329 1250000133395447833 3 3791789
RUNG 5000000054355844441 1250000013588961112 7 47
RUNG 5000000277730515961 1250000069432628991 3 18311
RUNG 5000000160974837209 1250000040243709304 7 244
RUNG 5000000208830045329 1250000052207511334 7 15524
RUNG 5000000455347156169 1250000113836789044 7 19
RUNG 5000000031574848169 1250000007893712043 3 7529
RUNG 5000000059887732769 1250000014971933195 11 85
RUNG 5000000401972315609 1250000100493078903 3 2063
RUNG 5000000428465742569 1250000107116435643 3 317
RUNG 5000000133258233401 1250000033314558351 3 821
RUNG 5000000177302994161 1250000044325748541 3 3557
RUNG 5000000320695042961 1250000080173760741 3 83261807
RUNG 5000000296480534489 1250000074120133624 7 115727
RUNG 5000000389368850009 1250000097342212503 3 21323
RUNG 5000000462267635969 1250000115566908994 7 458
RUNG 5000000394161518201 1250000098540379552 7 82
RUNG 5000000297395369249 1250000074348842315 11 255
RUNG 5000000209989931441 1250000052497482862 7 399292
RUNG 5000000522373042481 1250000130593260624 15 465281
RUNG 5000000067394278769 1250000016848569694 7 858028
RUNG 5000000081668138369 1250000020417034594 7 164
RUNG 5000000275676232649 1250000068919058163 3 1187
RUNG 5000000371952292529 1250000092988073133 3 1944923
RUNG 5000000467991475769 1250000116997868945 11 6841
RUNG 5000000482820770249 1250000120705192564 7 199
RUNG 5000000248972476721 1250000062243119181 3 137
RUNG 5000000314713912481 1250000078678478121 3 902507
RUNG 5000000096566864489 1250000024141716124 7 198390506
RUNG 5000000171009432689 1250000042752358173 3 2999
RUNG 5000000197435472329 1250000049358868086 15 596
RUNG 5000000456788846609 1250000114197211655 11 30357
RUNG 5000000315199921529 1250000078799980383 3 52168169
RUNG 5000000079197275681 1250000019799318925 19 271739134738982375
RUNG 5000000162030586241 1250000040507646561 3 239429
RUNG 5000000441687964241 1250000110421991061 3 298709
RUNG 5000000217641462401 1250000054410365603 11 1839
RUNG 5000000492128395121 1250000123032098781 3 2082503
RUNG 5000000012197944601 1250000003049486151 3 509
RUNG 5000000077835236321 1250000019458809081 3 194717
RUNG 5000000104277612281 1250000026069403071 3 18114407
RUNG 5000000320000759921 1250000080000189983 11 5189
RUNG 5000000457068610841 1250000114267152711 3 377771
RUNG 5000000212168796641 1250000053042199162 7 6334
RUNG 5000000286080434441 1250000071520108613 11 105738651
RUNG 5000000408792744161 1250000102198186041 3 149
RUNG 5000000219646749521 1250000054911687382 7 3253
RUNG 5000000183425044121 1250000045856261031 3 113
RUNG 5000000030613066889 1250000007653266723 3 516539
RUNG 5000000052248480689 1250000013062120174 7 201092
RUNG 5000000067083901289 1250000016770975323 3 1878803
RUNG 5000000411449442809 1250000102862360703 3 207509
RUNG 5000000499228574249 1250000124807143563 3 2591
RUNG 5000000295763793329 1250000073940948334 7 76
RUNG 5000000473821513169 1250000118455378296 15 3896
RUNG 5000000138833019401 1250000034708254852 7 40498
RUNG 5000000359389675721 1250000089847418937 27 10169
RUNG 5000000073806298289 1250000018451574574 7 68
RUNG 5000000316768217489 1250000079192054374 7 68
RUNG 5000000365332013441 1250000091333003364 15 45896
RUNG 5000000504121304081 1250000126030326021 3 93323
RUNG 5000000139329238481 1250000034832309621 3 2801
RUNG 5000000327362323721 1250000081840580933 11 659898455997681
RUNG 5000000308350932641 1250000077087733161 3 396647
RUNG 5000000372323961761 1250000093080990441 3 101
RUNG 5000000405090535601 1250000101272633901 3 1277
RUNG 5000000488236278281 1250000122059069571 3 89
RUNG 5000000498070742921 1250000124517685732 7 1412
RUNG 5000000057853886801 1250000014463471703 11 41
RUNG 5000000260344615241 1250000065086153813 11 6399
RUNG 5000000158412104609 1250000039603026155 11 5025935
RUNG 5000000380014285409 1250000095003571353 3 89
RUNG 5000000156945921521 1250000039236480381 3 61169
RUNG 5000000183610879841 1250000045902719961 3 149
RUNG 5000000021519871481 1250000005379967873 11 17551
RUNG 5000000263305575641 1250000065826393911 3 137
RUNG 5000000289272156281 1250000072318039072 7 82
RUNG 5000000332971812281 1250000083242953071 3 72467
RUNG 5000000509244789689 1250000127311197423 3 52460651
RUNG 5000000141875670089 1250000035468917523 3 2393
RUNG 5000000204407020121 1250000051101755032 7 439
RUNG 5000000169575945881 1250000042393986472 7 94
RUNG 5000000213824910641 1250000053456227663 11 3291
RUNG 5000000061511195129 1250000015377798783 3 173
RUNG 5000000381995078849 1250000095498769713 3 3516713
RUNG 5000000412978951769 1250000103244737943 3 2633
RUNG 5000000421230835409 1250000105307708853 3 427403
RUNG 5000000220200167009 1250000055050041755 11 171
RUNG 5000000249436053689 1250000062359013424 7 159802
RUNG 5000000376820550929 1250000094205137734 7 293404
RUNG 5000000176267718521 1250000044066929631 3 79301
RUNG 5000000517204674881 1250000129301168721 3 167729
RUNG 5000000058691140409 1250000014672785103 3 2129
RUNG 5000000079493401889 1250000019873350474 7 9255431
RUNG 5000000261653580089 1250000065413395023 3 641
RUNG 5000000293711566049 1250000073427891513 3 6659
RUNG 5000000438751541129 1250000109687885284 7 8123
RUNG 5000000383655261209 1250000095913815303 3 9533
RUNG 5000000345589593689 1250000086397398424 7 692
RUNG 5000000382346313689 1250000095586578424 7 62
RUNG 5000000465020345129 1250000116255086283 3 33569
RUNG 5000000285959984369 1250000071489996093 3 281
RUNG 5000000460717767569 1250000115179441901 35 4961
RUNG 5000000028705828721 1250000007176457182 7 3988
RUNG 5000000406397463041 1250000101599365763 11 487427
RUNG 5000000276452248841 1250000069113062214 15 626
RUNG 5000000392009250401 1250000098002312602 7 112129
RUNG 5000000443638147721 1250000110909536931 3 876017
RUNG 5000000162481913681 1250000040620478421 3 89
RUNG 5000000461418191441 1250000115354547862 7 188
RUNG 5000000237839316329 1250000059459829083 3 67493
RUNG 5000000373430773481 1250000093357693371 3 16421
RUNG 5000000166629298769 1250000041657324693 3 389
RUNG 5000000012416480681 1250000003104120171 3 538397
RUNG 5000000357341541161 1250000089335385291 3 4733
RUNG 5000000372642546881 1250000093160636722 7 10204
RUNG 5000000120658896641 1250000030164724161 3 5783
RUNG 5000000381584641721 1250000095396160433 11 430781
RUNG 5000000118506587489 1250000029626646876 15 821
RUNG 5000000123507543449 1250000030876885865 11 461
RUNG 5000000212050397849 1250000053012599463 3 13469
RUNG 5000000230643172049 1250000057660793014 7 19
RUNG 5000000513706672769 1250000128426668196 15 866
RUNG 5000000076060745681 1250000019015186421 3 1096499
RUNG 5000000460499280161 1250000115124820042 7 118
RUNG 5000000079783385609 1250000019945846404 7 76
RUNG 5000000560087533001 1250000140021883253 11 4507
RUNG 5000000576368717921 1250000144092179483 11 2043
RUNG 5000000897779687801 1250000224444921951 3 617
RUNG 5000000755441332001 1250000188860333002 7 68722
RUNG 5000000793286459321 1250000198321614832 7 21724
RUNG 5000000965173134281 1250000241293283571 3 1181
RUNG 5000000810825541049 1250000202706385264 7 31
RUNG 5000000666963823361 1250000166740955842 7 82
RUNG 5000000573822295001 1250000143455573754 15 531701
RUNG 5000000855127599281 1250000213781899823 11 48957
RUNG 5000000965011813721 1250000241252953431 3 66843809
RUNG 5000000788608146689 1250000197152036675 11 322533
RUNG 5000000964821904409 1250000241205476103 3 197
RUNG 5000000884876038721 1250000221219009684 15 2906
RUNG 5000000954640293449 1250000238660073363 3 773
RUNG 5000000774436389929 1250000193609097483 3 342191
RUNG 5000000719360529401 1250000179840132352 7 82
RUNG 5000000910634332121 1250000227658583033 11 220816133
RUNG 5000000772510746809 1250000193127686703 3 89
RUNG 5000000990322901369 1250000247580725344 7 1322
RUNG 5000000747495757721 1250000186873939431 3 1697
RUNG 5000000791624242121 1250000197906060531 3 1922807
RUNG 5000000578098331129 1250000144524582783 3 2129
RUNG 5000000536620415489 1250000134155103874 7 1533188
RUNG 5000000631189329929 1250000157797332486 15 1595405434329716
RUNG 5000000899541974561 1250000224885493642 7 59
RUNG 5000000605290137329 1250000151322534334 7 188522
RUNG 5000000832026006689 1250000208006501675 11 61
RUNG 5000000972751151249 1250000243187787815 11 985
RUNG 5000000823561751921 1250000205890437982 7 31
RUNG 5000000612986588609 1250000153246647157 19 1534908296297
RUNG 5000000951148412609 1250000237787103153 3 28559
RUNG 5000000612300463361 1250000153075115842 7 746476
RUNG 5000000627893480801 1250000156973370201 3 7668707
RUNG 5000000646139108201 1250000161534777051 3 1949
RUNG 5000000998043861401 1250000249510965351 3 54096473
RUNG 5000000681247902521 1250000170311975633 11 48627
RUNG 5000000979508264921 1250000244877066232 7 41
RUNG 5000000747601951001 1250000186900487753 11 1944601
RUNG 5000000817715394401 1250000204428848601 3 66173
RUNG 5000000622655650049 1250000155663912513 3 1181
RUNG 5000000668086955969 1250000167021738995 11 373
RUNG 5000000595886548841 1250000148971637211 3 225983
RUNG 5000000643317012089 1250000160829253023 3 78557957
RUNG 5000000887773706081 1250000221943426522 7 124
RUNG 5000000944113589681 1250000236028397421 3 1571
RUNG 5000000957280663721 1250000239320165932 7 412
RUNG 5000000733950918809 1250000183487729704 7 13564
RUNG 5000000753926155961 1250000188481538992 7 2306
RUNG 5000000660858141689 1250000165214535423 3 13803653
RUNG 5000000856936864529 1250000214234216134 7 76
RUNG 5000000885419239001 1250000221354809751 3 797
RUNG 5000000557398188521 1250000139349547132 7 31
RUNG 5000000981838245881 1250000245459561472 7 68
RUNG 5000000716011605329 1250000179002901336 15 44906
RUNG 5000000875482677089 1250000218870669274 7 346
RUNG 5000000536465238929 1250000134116309735 11 1143
RUNG 5000000614342518409 1250000153585629603 3 113
RUNG 5000000814123463009 1250000203530865753 3 1709
RUNG 5000000933629769929 1250000233407442486 15 206
RUNG 5000000820941835361 1250000205235458841 3 155027
RUNG 5000000776400859961 1250000194100214992 7 2026
RUNG 5000000911110154681 1250000227777538673 11 6129
RUNG 5000000945949399121 1250000236487349783 11 7708923
RUNG 5000000723683555489 1250000180920888873 3 2977679
RUNG 5000000831035640329 1250000207758910083 3 47123
RUNG 5000000971877181481 1250000242969295371 3 257
RUNG 5000000662097673241 1250000165524418312 7 4276
RUNG 5000000675613936001 1250000168903484003 11 98471
RUNG 5000000723595749881 1250000180898937472 7 86869
RUNG 5000000749678726801 1250000187419681701 3 3671
RUNG 5000000583003338641 1250000145750834661 3 7481297
RUNG 5000000672969494921 1250000168242373735 19 19325
RUNG 5000000938859439241 1250000234714859811 3 205559
RUNG 5000000619557896969 1250000154889474245 11 16161
RUNG 5000000708876726809 1250000177219181703 3 11291543
RUNG 5000000740477295809 1250000185119323954 7 766
RUNG 5000000755055419369 1250000188763854844 7 388
RUNG 5000000583011510521 1250000145752877632 7 24083
RUNG 5000000804977174441 1250000201244293614 15 596
RUNG 5000000899725788401 1250000224931447101 3 1375307
RUNG 5000000934305694409 1250000233576423603 3 149
RUNG 5000000560483726009 1250000140120931503 3 3803
RUNG 5000000653913182129 1250000163478295534 7 6298949
RUNG 5000000792016347329 1250000198004086833 3 269
RUNG 5000000834374383049 1250000208593595766 15 4556
RUNG 5000000972477548249 1250000243119387063 3 5399
RUNG 5000000680590392929 1250000170147598234 7 7337641
RUNG 5000000894402191129 1250000223600547783 3 1181
RUNG 5000000927869184689 1250000231967296173 3 42771563
RUNG 5000000707435051081 1250000176858762771 3 6569183
RUNG 5000000739601265161 1250000184900316292 7 68
RUNG 5000000828621956921 1250000207155489231 3 46187
RUNG 5000000629149364609 1250000157287341153 3 1511
RUNG 5000000858874781321 1250000214718695334 15 401
RUNG 5000000994496867921 1250000248624216981 3 1733
RUNG 5000000535364594369 1250000133841148593 3 15647
RUNG 5000000668832328769 1250000167208082193 3 82873403
RUNG 5000000784734438401 1250000196183609601 3 272621
RUNG 5000000771585744401 1250000192896436102 7 61
RUNG 5000000952912770281 1250000238228192571 3 6947
RUNG 5000000685336101041 1250000171334025264 15 101
RUNG 5000000802443011369 1250000200610752847 19 3571
RUNG 5000000536244720161 1250000134061180041 3 1134149
RUNG 5000000544982610281 1250000136245652572 7 356
RUNG 5000000609278281721 1250000152319570431 3 697913
RUNG 5000000684627515681 1250000171156878921 3 13799
RUNG 5000000759253867481 1250000189813466871 3 43019
RUNG 5000000585427255409 1250000146356813854 7 124
RUNG 5000000732207048569 1250000183051762146 15 41
RUNG 5000000551919422009 1250000137979855503 3 797
RUNG 5000000655736735609 1250000163934183903 3 230215511
RUNG 5000000698053930529 1250000174513482634 7 32843
RUNG 5000000752500843049 1250000188125210763 3 1301
RUNG 5000000558739836329 1250000139684959084 7 1279
RUNG 5000000779790666329 1250000194947666584 7 313
RUNG 5000000896431991129 1250000224107997785 11 1341
RUNG 5000000568513039961 1250000142128259991 3 340037
RUNG 5000000583272905081 1250000145818226271 3 233
RUNG 5000000933962644481 1250000233490661121 3 17895797
RUNG 5000000945302092601 1250000236325523153 11 74553
RUNG 5000000987094483241 1250000246773620811 3 5939
RUNG 5000000824911583969 1250000206227895993 3 2837
RUNG 5000000683657551289 1250000170914387824 7 1228972
RUNG 5000000825554826809 1250000206388706704 7 85858
RUNG 5000000912629455769 1250000228157363944 7 1277813
RUNG 5000000553775641241 1250000138443910311 3 1508621
RUNG 5000000555462366281 1250000138865591571 3 149
RUNG 5000000705462456521 1250000176365614131 3 857
RUNG 5000000748553584601 1250000187138396152 7 349
RUNG 5000000774869354081 1250000193717338521 3 23747
RUNG 5000000811615864289 1250000202903966073 3 6449
RUNG 5000000907538651249 1250000226884662813 3 21316619
RUNG 5000000988227819809 1250000247056954954 7 878
RUNG 5000000692711960321 1250000173177990086 23 11652
RUNG 5000000752378327081 1250000188094581771 3 283181
RUNG 5000000789739490921 1250000197434872731 3 7864019
RUNG 5000000903142140281 1250000225785535074 15 5666
RUNG 5000000949130923121 1250000237282730783 11 179451
RUNG 5000000564279897929 1250000141069974486 15 461
RUNG 5000000609525378209 1250000152381344553 3 13613
RUNG 5000000675642549329 1250000168910637333 3 886271
RUNG 5000000738077922329 1250000184519480583 3 1103
RUNG 5000000894585994361 1250000223646498592 7 194
RUNG 5000000987586622081 1250000246896655521 3 557
RUNG 5000000550536969569 1250000137634242395 11 6995
RUNG 5000000610327900769 1250000152581975193 3 6203
RUNG 5000000547678114001 1250000136919528502 7 765139493
RUNG 5000000663639439481 1250000165909859871 3 38153
RUNG 5000000902988989921 1250000225747247482 7 14713
RUNG 5000000664196917289 1250000166049229326 15 23173391
RUNG 5000000755051360969 1250000188762840244 7 13438
RUNG 5000000563379364481 1250000140844841122 7 124
RUNG 5000000834188583161 1250000208547145792 7 236
RUNG 5000000849510009281 1250000212377502321 3 1305287
RUNG 5000000710340899561 1250000177585224892 7 31
RUNG 5000000983827232681 1250000245956808171 3 5393
RUNG 5000000962347016201 1250000240586754053 11 183
RUNG 5000000998113346801 1250000249528336701 3 14843
RUNG 5000000728039262761 1250000182009815691 3 4493
RUNG 5000000879760792721 1250000219940198183 11 153
RUNG 5000000890900121089 1250000222725030274 7 22844
RUNG 5000000973992770729 1250000243498192683 3 1196141
RUNG 5000000980698830929 1250000245174707736 15 4856
RUNG 5000000875815572929 1250000218953893233 3 8493077
RUNG 5000000855928146041 1250000213982036512 7 497221828
RUNG 5000000893213754401 1250000223303438601 3 15287483
RUNG 5000000942884335361 1250000235721083843 11 20968279
RUNG 5000000752752033961 1250000188188008491 3 932003
RUNG 5000000944119770521 1250000236029942636 23 8883738
RUNG 5000000551423226449 1250000137855806614 7 62
RUNG 5000000578188245569 1250000144547061394 7 33151
RUNG 5000000676026466049 1250000169006616513 3 101
RUNG 5000000570126273209 1250000142531568304 7 19
RUNG 5000000603701494889 1250000150925373727 19 3641
RUNG 5000000891488234129 1250000222872058535 11 1503959
RUNG 5000000998952631169 1250000249738157795 11 2033895
RUNG 5000000573626331641 1250000143406582912 7 18287
RUNG 5000000620252230961 1250000155063057742 7 291266
RUNG 5000000591512560481 1250000147878140121 3 34949
RUNG 5000000615512656601 1250000153878164152 7 4059193
RUNG 5000000735145570001 1250000183786392501 3 12119
RUNG 5000000625918892801 1250000156479723201 3 15749
RUNG 5000000766680794081 1250000191670198522 7 69653
RUNG 5000000611154944441 1250000152788736113 11 1486341
RUNG 5000000812834983001 1250000203208745752 7 647
RUNG 5000000544529306369 1250000136132326594 7 101
RUNG 5000000654777004529 1250000163694251135 11 972165
RUNG 5000000993451380569 1250000248362845143 3 1553
RUNG 5000000640427591681 1250000160106897922 7 1874
RUNG 5000000784599699761 1250000196149924941 3 101
RUNG 5000000795979988681 1250000198994997172 7 1762
RUNG 5000000931073186921 1250000232768296733 11 10236310502193
RUNG 5000000983406589169 1250000245851647293 3 11807
RUNG 5000000705023444849 1250000176255861213 3 101
RUNG 5000000874118651129 1250000218529662787 19 2413328169191
RUNG 5000000774430344929 1250000193607586233 3 25643
RUNG 5000000844986911009 1250000211246727753 3 1523
RUNG 5000000748757820521 1250000187189455134 15 88196
RUNG 5000000672538677569 1250000168134669393 3 990179
RUNG 5000000780033705209 1250000195008426308 23 436
RUNG 5000000965120126729 1250000241280031683 3 20441
RUNG 5000000968585468609 1250000242146367153 3 12481559
RUNG 5000000979498130369 1250000244874532594 7 47
RUNG 5000000867449355161 1250000216862338796 23 471
RUNG 5000000933829949441 1250000233457487361 3 881
RUNG 5000000635167306001 1250000158791826501 3 226631
RUNG 5000000701402915441 1250000175350728861 3 27809
RUNG 5000000759503037521 1250000189875759381 3 4571561
RUNG 5000000973764086921 1250000243441021735 19 237835
RUNG 5000000630907613321 1250000157726903332 7 7556
RUNG 5000000740834710601 1250000185208677654 15 28916
RUNG 5000000588619008449 1250000147154752116 15 41
RUNG 5000000639620999489 1250000159905249875 11 433385
RUNG 5000000547147219769 1250000136786804943 3 1097
RUNG 5000000699005566409 1250000174751391604 7 82
RUNG 5000000934618183649 1250000233654545914 7 19
RUNG 5000000607526259449 1250000151881564864 7 7103438
RUNG 5000000732280609169 1250000183070152294 7 62
RUNG 5000000800037538409 1250000200009384603 3 11893979
RUNG 5000000886352528081 1250000221588132021 3 2772629
RUNG 5000000903109508321 1250000225777377081 3 21023
RUNG 5000000859536459401 1250000214884114852 7 244
RUNG 5000000905349626801 1250000226337406702 7 189307
RUNG 5000000915120788201 1250000228780197052 7 28979
RUNG 5000000656857864529 1250000164214466133 3 317
RUNG 5000000744528767849 1250000186132191965 11 149
RUNG 5000000926102880569 1250000231525720145 11 7255
RUNG 5000000576203411249 1250000144050852814 7 62
RUNG 5000000702056379881 1250000175514094971 3 8297
RUNG 5000000546828667769 1250000136707166944 7 38
RUNG 5000000675581333321 1250000168895333336 23 2466
RUNG 5000000675742654481 1250000168935663623 11 197
RUNG 5000000566005467929 1250000141501366983 3 107351
RUNG 5000000568051592009 1250000142012898004 7 32644
RUNG 5000000885764427449 1250000221441106863 3 1031
RUNG 5000000587026228001 1250000146756557002 7 628
RUNG 5000000800983011041 1250000200245752762 7 124
RUNG 5000000633680716049 1250000158420179013 3 106163
RUNG 5000000798847037369 1250000199711759344 7 68
RUNG 5000000556505899289 1250000139126474824 7 818
RUNG 5000000576432125609 1250000144108031407 19 144319
RUNG 5000000850908848129 1250000212727212037 19 16799
RUNG 5000000654011267969 1250000163502816996 15 157991
RUNG 5000000695717892929 1250000173929473233 3 881
RUNG 5000000701831760881 1250000175457940225 19 335
RUNG 5000000535387123289 1250000133846780823 3 9209
RUNG 5000000759956389961 1250000189989097493 11 447
RUNG 5000000538874930681 1250000134718732671 3 12673709
RUNG 5000000803470222001 1250000200867555501 3 25931
RUNG 5000000872873035481 1250000218218258874 15 90326
RUNG 5000000587087497289 1250000146771874324 7 6436
RUNG 5000000628988116049 1250000157247029014 7 250841
RUNG 5000000540173670761 1250000135043417692 7 118
RUNG 5000000792714799601 1250000198178699902 7 31687697
RUNG 5000000801228064361 1250000200307016091 3 197
RUNG 5000000936433574801 1250000234108393701 3 89
RUNG 5000000904210184321 1250000226052546082 7 21850022
RUNG 5000000672495822449 1250000168123955613 3 9600509
RUNG 5000000759211051049 1250000189802762768 23 332
RUNG 5000000545013308129 1250000136253327034 7 47
RUNG 5000000780517697249 1250000195129424314 7 19094
RUNG 5000000869344395209 1250000217336098804 7 14831
RUNG 5000000639247330649 1250000159811832667 19 97072311859271
RUNG 5000000668907961649 1250000167226990417 19 310275463
RUNG 5000000578331235481 1250000144582808873 11 191435387667
RUNG 5000000696220246721 1250000174055061682 7 1522
RUNG 5000000816006313121 1250000204001578283 11 909
RUNG 5000000663345446201 1250000165836361552 7 80492
RUNG 5000000861631614281 1250000215407903573 11 33941
RUNG 5000000920195281001 1250000230048820251 3 449
RUNG 5000000921244889561 1250000230311222391 3 521
RUNG 5000000744555336809 1250000186138834205 11 20785
RUNG 5000000811346381129 1250000202836595283 3 44753
RUNG 5000000923376779609 1250000230844194905 11 171
RUNG 5000000929749986449 1250000232437496614 7 1994
RUNG 5000000942279943889 1250000235569985973 3 34319
RUNG 5000000963253736729 1250000240813434186 15 8621
RUNG 5000000572448122921 1250000143112030736 23 212200114833414
RUNG 5000000818381210321 1250000204595302581 3 285191
RUNG 5000000906397218401 1250000226599304602 7 964
RUNG 5000000839046656249 1250000209761664063 3 1289
RUNG 5000000602790798641 1250000150697699663 11 5921493
RUNG 5000000631487586761 1250000157871896691 3 448193
RUNG 5000000637693346321 1250000159423336582 7 908
RUNG 5000000957082696601 1250000239270674151 3 265537541
RUNG 5000000605941667489 1250000151485416874 7 1889
RUNG 5000000615825141089 1250000153956285273 3 41677079
RUNG 5000000967807491809 1250000241951872954 7 8693
RUNG 5000000593532191129 1250000148383047783 3 76667
RUNG 5000000831001022729 1250000207750255684 7 236
RUNG 5000000938387823449 1250000234596955864 7 8116
RUNG 5000000734341061201 1250000183585265301 3 89
RUNG 5000000898208645081 1250000224552161271 3 8880089
RUNG 5000000933591073001 1250000233397768252 7 928966
RUNG 5000000684390723449 1250000171097680865 11 153
RUNG 5000000700637193689 1250000175159298423 3 22056743
RUNG 5000000669289838081 1250000167322459524 15 7976
RUNG 5000000826927157921 1250000206731789483 11 4661
RUNG 5000000858172411961 1250000214543102992 7 188
RUNG 5000000880738996001 1250000220184749002 7 47662
RUNG 5000000555031574681 1250000138757893672 7 236
RUNG 5000000765384157121 1250000191346039282 7 141356
RUNG 5000000587522474801 1250000146880618703 11 5517
RUNG 5000000590070940721 1250000147517735181 3 2549
RUNG 5000000684498954401 1250000171124738601 3 9767
RUNG 5000000989424535361 1250000247356133842 7 44966
RUNG 5000000626897090369 1250000156724272594 7 20404481
RUNG 5000000905372127209 1250000226343031803 3 87293
RUNG 5000000932180028329 1250000233045007083 3 1013
RUNG 5000000542793634361 1250000135698408591 3 9137
RUNG 5000000708135571961 1250000177033892991 3 58794191
RUNG 5000000811001294921 1250000202750323731 3 39023
RUNG 5000000956858086001 1250000239214521502 7 1361
RUNG 5000000992540692961 1250000248135173241 3 11321
RUNG 5000000917532479849 1250000229383119964 7 5078
RUNG 5000000986814812969 1250000246703703244 7 6008369
RUNG 5000000742225388201 1250000185556347051 3 4157
RUNG 5000000581504592161 1250000145376148043 11 2239
RUNG 5000000704510955641 1250000176127738913 11 2362543497
RUNG 5000000869807967521 1250000217451991883 11 28632159
RUNG 5000000600205595009 1250000150051398753 3 2861
RUNG 5000000698842253129 1250000174710563284 7 178
RUNG 5000000969876096209 1250000242469024053 3 641
RUNG 5000000588757921289 1250000147189480323 3 353
RUNG 5000000883673422169 1250000220918355543 3 941
RUNG 5000000910701863609 1250000227675465906 15 86
RUNG 5000000943439848889 1250000235859962223 3 4373
RUNG 5000000535668966689 1250000133917241673 3 149
RUNG 5000000557841437009 1250000139460359256 15 32411
RUNG 5000000707806812569 1250000176951703143 3 124907
RUNG 5000000939004539329 1250000234751134833 3 137
RUNG 5000000548517482489 1250000137129370623 3 671219
RUNG 5000000856426486121 1250000214106621531 3 58099949
RUNG 5000000783495028529 1250000195873757133 3 149
RUNG 5000000965808359729 1250000241452089935 11 16463985
RUNG 5000000654736240169 1250000163684060043 3 9491
RUNG 5000000772033059809 1250000193008264954 7 68683
RUNG 5000000548860550489 1250000137215137625 11 171
RUNG 5000000825442616249 1250000206360654063 3 3671
RUNG 5000000614632617281 1250000153658154322 7 41
RUNG 5000000812030497961 1250000203007624491 3 257195339
RUNG 5000000942020639129 1250000235505159784 7 19
RUNG 5000000663700798001 1250000165925199502 7 2644
RUNG 5000000749682934241 1250000187420733561 3 509
RUNG 5000000856040545601 1250000214010136401 3 1057361
RUNG 5000000630035728769 1250000157508932194 7 38
RUNG 5000000887536972769 1250000221884243194 7 934
RUNG 5000000959890534049 1250000239972633513 3 21227
RUNG 5000000968620255049 1250000242155063763 3 101747
RUNG 5000000587608265009 1250000146902066254 7 397
RUNG 5000000845027827409 1250000211256956854 7 124
RUNG 5000000969114430049 1250000242278607515 11 19
RUNG 5000000589221477401 1250000147305369351 3 8663
RUNG 5000000947589287201 1250000236897321803 11 2289713
RUNG 5000000954258589841 1250000238564647461 3 293
RUNG 5000000934865336129 1250000233716334033 3 1733
RUNG 5000000992373266609 1250000248093316653 3 257
RUNG 5000000894259371641 1250000223564842911 3 3401927
RUNG 5000000558004818521 1250000139501204632 7 68
RUNG 5000000938193867761 1250000234548466941 3 125687
RUNG 5000000950795296601 1250000237698824151 3 351599
RUNG 5000000552873172289 1250000138218293073 3 208073
RUNG 5000000746785290689 1250000186696322676 15 131
RUNG 5000000671109331001 1250000167777332751 3 1581101
RUNG 5000000769654097321 1250000192413524331 3 233
RUNG 5000000630766789649 1250000157691697413 3 977
RUNG 5000000695397356009 1250000173849339003 3 63299
RUNG 5000000573171052289 1250000143292763075 11 78465
RUNG 5000000753775196009 1250000188443799004 7 144268
RUNG 5000000856314192569 1250000214078548143 3 51713
RUNG 5000000953243705249 1250000238310926316 15 8726
RUNG 5000000947070618449 1250000236767654614 7 1868
RUNG 5000000967656423689 1250000241914105923 3 280949
RUNG 5000000989810515649 1250000247452628914 7 41
RUNG 5000000600185200289 1250000150046300073 3 76403
RUNG 5000000907716424289 1250000226929106074 7 19486
RUNG 5000000931116160649 1250000232779040164 7 19
RUNG 5000000981489203369 1250000245372300843 3 813152357
RUNG 5000000761236813049 1250000190309203264 7 2663
RUNG 5000000803923617209 1250000200980904303 3 89
RUNG 5000000922655990969 1250000230663997743 3 521
RUNG 5000000673749694001 1250000168437423502 7 164
RUNG 5000000759723662081 1250000189930915526 23 51
RUNG 5000000919954373369 1250000229988593343 3 41357
RUNG 5000000939202644281 1250000234800661072 7 8034134
RUNG 5000000906948622961 1250000226737155742 7 638692
RUNG 5000000621432632729 1250000155358158183 3 15731
RUNG 5000000635757543329 1250000158939385834 7 116294
RUNG 5000000674586933929 1250000168646733484 7 368882
RUNG 5000000687153648089 1250000171788412024 7 38
RUNG 5000000568680613721 1250000142170153432 7 124
RUNG 5000000799531193681 1250000199882798422 7 4289
RUNG 5000000693079649321 1250000173269912331 3 1538081
RUNG 5000000920142245081 1250000230035561275 19 2121725
RUNG 5000000806866205009 1250000201716551253 3 101
RUNG 5000000864110712329 1250000216027678084 7 5228
RUNG 5000000985601882129 1250000246400470534 7 124438
RUNG 5000000819886253801 1250000204971563451 3 3677
RUNG 5000000838311580721 1250000209577895181 3 14741
RUNG 5000000647642225369 1250000161910556344 7 150313348
RUNG 5000000696063077849 1250000174015769464 7 269
RUNG 5000000823890697769 1250000205972674443 3 1739879
RUNG 5000000909844245449 1250000227461061365 11 19
RUNG 5000000870904585001 1250000217726146257 27 30527
RUNG 5000000705920005601 1250000176480001401 3 1949
RUNG 5000000926970835601 1250000231742708902 7 96762221
RUNG 5000000842716265369 1250000210679066344 7 28493
RUNG 5000000982632762089 1250000245658190523 3 89
RUNG 5000000596270626241 1250000149067656562 7 82
RUNG 5000000870720802241 1250000217680200562 7 8951
RUNG 5000000549160763969 1250000137290190993 3 33989489
RUNG 5000000563385614609 1250000140846403654 7 12764
RUNG 5000000832896095849 1250000208224023964 7 20505467
RUNG 5000000587732858009 1250000146933214505 11 1905
RUNG 5000000743985674729 1250000185996418684 7 124
RUNG 5000000940824036449 1250000235206009113 3 17207
RUNG 5000000705766854761 1250000176441713692 7 82
RUNG 5000000837390627041 1250000209347656763 11 948408075504246674382859
RUNG 5000000574396296401 1250000143599074101 3 19787057
RUNG 5000000805201951481 1250000201300487872 7 14880326
RUNG 5000000840647681801 1250000210161920451 3 3467
RUNG 5000000890201866481 1250000222550466621 3 13577
RUNG 5000000659118494969 1250000164779623744 7 62
RUNG 5000000946815384449 1250000236703846113 3 101
RUNG 5000000774785767529 1250000193696441883 3 269
RUNG 5000000781902276929 1250000195475569233 3 795983
RUNG 5000000692422127921 1250000173105531982 7 73
RUNG 5000000897330631721 1250000224332657931 3 557
RUNG 5000000850892600921 1250000212723150231 3 14376149
RUNG 5000000615592417481 1250000153898104372 7 227
RUNG 5000000872789398529 1250000218197349634 7 44236
RUNG 5000000540480061601 1250000135120015401 3 8123
RUNG 5000000919388752601 1250000229847188151 3 302903
RUNG 5000000723477481121 1250000180869370282 7 9644
RUNG 5000000728098617641 1250000182024654411 3 191015579
RUNG 5000000739099088969 1250000184774772243 3 35801
RUNG 5000000743687553041 1250000185921888261 3 2693
RUNG 5000000787728229721 1250000196932057435 19 37315
RUNG 5000000990490549481 1250000247622637372 7 111604
RUNG 5000000997413065081 1250000249353266274 15 1556
RUNG 5000000639853904129 1250000159963476034 7 33029279
RUNG 5000000961683492209 1250000240420873053 3 317
RUNG 5000000592801218761 1250000148200304692 7 47
RUNG 5000000862268817161 1250000215567204292 7 394742
RUNG 5000000972136695281 1250000243034173821 3 4139
RUNG 5000000981074704361 1250000245268676091 3 1061
RUNG 5000000553218318881 1250000138304579722 7 4892
RUNG 5000000587310176681 1250000146827544171 3 47279
RUNG 5000000723197728481 1250000180799432121 3 133451
RUNG 5000000995291390321 1250000248822847582 7 94436
RUNG 5000000582586938569 1250000145646734643 3 180137
RUNG 5000000682099631849 1250000170524907965 11 33105
RUNG 5000000800525699609 1250000200131424903 3 2273
RUNG 5000000960460316561 1250000240115079141 3 758819
RUNG 5000000988113622241 1250000247028405562 7 2876
RUNG 5000000715440022601 1250000178860005651 3 374939
RUNG 5000000954534318041 1250000238633579512 7 22076
RUNG 5000000848832201809 1250000212208050453 3 293
RUNG 5000000559099400009 1250000139774850004 7 236
RUNG 5000000742582820129 1250000185645705033 3 96461
RUNG 5000000828946817849 1250000207236704466 15 146
RUNG 5000000953858404841 1250000238464601211 3 137
RUNG 5000000892609458761 1250000223152364692 7 1039
RUNG 5000000957468733841 1250000239367183461 3 4649
RUNG 5000000878117103161 1250000219529275791 3 953
RUNG 5000000692152604609 1250000173038151154 7 62
RUNG 5000000569873208761 1250000142468302191 3 3221
RUNG 5000000618904631201 1250000154726157802 7 72476
RUNG 5000000852068842481 1250000213017210623 11 1107
RUNG 5000000551564280161 1250000137891070041 3 257
RUNG 5000000642263528801 1250000160565882202 7 5939
RUNG 5000000742321447769 1250000185580361948 23 774
RUNG 5000000885913616489 1250000221478404125 11 15303
RUNG 5000000897894265169 1250000224473566294 7 31
RUNG 5000000803525471129 1250000200881367786 15 5381
RUNG 5000000837668379929 1250000209417094983 3 91199
RUNG 5000000882215482529 1250000220553870633 3 89
RUNG 5000000891614992649 1250000222903748163 3 2273
RUNG 5000000899176667609 1250000224794166904 7 1762318
RUNG 5000000580669478729 1250000145167369683 3 35171
RUNG 5000000666790473689 1250000166697618424 7 86874101
RUNG 5000000565815680441 1250000141453920111 3 212123
RUNG 5000000683251358801 1250000170812839701 3 89
RUNG 5000000635420655929 1250000158855163983 3 5821817
RUNG 5000000858825958049 1250000214706489513 3 1511
RUNG 5000000703453261529 1250000175863315383 3 110813
RUNG 5000000588984667841 1250000147246166961 3 47051
RUNG 5000000987302948201 1250000246825737056 23 981
RUNG 5000000543191923361 1250000135797980843 11 227
RUNG 5000000561627460481 1250000140406865121 3 2237
RUNG 5000000885080470481 1250000221270117622 7 244
RUNG 5000000713244846929 1250000178311211733 3 2693
RUNG 5000000920730406361 1250000230182601593 11 17949
RUNG 5000000994270392881 1250000248567598223 11 151
RUNG 5000000705758729969 1250000176439682494 7 724
RUNG 5000000544427361761 1250000136106840442 7 47
RUNG 5000000590187436121 1250000147546859031 3 149
RUNG 5000000813421206881 1250000203355301722 7 5906
RUNG 5000000826498431041 1250000206624607763 11 22189352780318481
RUNG 5000000884345340329 1250000221086335083 3 1697
RUNG 5000000956176139369 1250000239044034843 3 364829363
RUNG 5000000992838925529 1250000248209731383 3 584999
RUNG 5000000782333190209 1250000195583297556 15 29066
RUNG 5000000734437145369 1250000183609286343 3 2027
RUNG 5000000870447219569 1250000217611804893 3 1343957
RUNG 5000000903750849929 1250000225937712483 3 137
RUNG 5000000710518732361 1250000177629683093 11 667827
RUNG 5000000800072396561 1250000200018099141 3 4679
RUNG 5000000994940189681 1250000248735047421 3 93497
RUNG 5000000950438013809 1250000237609503453 3 149
RUNG 5000000684617499089 1250000171154374774 7 31
RUNG 5000000781988092721 1250000195497023186 23 187639332
RUNG 5000000822340846169 1250000205585211544 7 628
RUNG 5000000987237618209 1250000246809404555 11 41
RUNG 5000000549058717409 1250000137264679354 7 3017626
RUNG 5000000629020919729 1250000157255229934 7 5806
RUNG 5000000802518764249 1250000200629691064 7 102161
RUNG 5000000958906355609 1250000239726588904 7 38
RUNG 5000000664711695161 1250000166177923791 3 857
RUNG 5000000828667086761 1250000207166771691 3 2417
RUNG 5000000676118531441 1250000169029632861 3 2399
RUNG 5000000868305126041 1250000217076281512 7 82
RUNG 5000000579021571601 1250000144755392901 3 206303
RUNG 5000000749378758601 1250000187344689653 11 39311747
RUNG 5000000828969309641 1250000207242327413 11 123
RUNG 5000000968554995881 1250000242138748973 11 1461209
RUNG 5000000895517351441 1250000223879337861 3 233
RUNG 5000000623580928289 1250000155895232074 7 41
RUNG 5000000702679350281 1250000175669837571 3 449
RUNG 5000000880667640761 1250000220166910191 3 4432739
RUNG 5000000954170870561 1250000238542717641 3 45599
RUNG 5000000990290474081 1250000247572618521 3 101
RUNG 5000000905445754961 1250000226361438742 7 724
RUNG 5000000917122140521 1250000229280535135 19 13
RUNG 5000000590922588689 1250000147730647174 7 38
RUNG 5000000552362748689 1250000138090687173 3 14009
RUNG 5000000915717220169 1250000228929305043 3 9467
RUNG 5000000688515766649 1250000172128941664 7 3338
RUNG 5000000654427993601 1250000163606998402 7 6236
RUNG 5000000568239611489 1250000142059902877 19 453444217
RUNG 5000000786891044489 1250000196722761124 7 4603913
RUNG 5000000879044226449 1250000219761056613 3 6379691
RUNG 5000000897451175009 1250000224362793754 7 356
RUNG 5000000824799476609 1250000206199869153 3 6599
RUNG 5000000991464655289 1250000247866163824 7 19
RUNG 5000000887102118041 1250000221775529514 15 20066
RUNG 5000000964430088761 1250000241107522191 3 150401
RUNG 5000000670131285809 1250000167532821453 3 5471
RUNG 5000000984335896841 1250000246083974212 7 82
RUNG 5000000611183719241 1250000152795929812 7 62
RUNG 5000000640158225881 1250000160039556472 7 44222
RUNG 5000000649249387961 1250000162312346991 3 569
RUNG 5000000935079852881 1250000233769963222 7 1487
RUNG 5000000768541284521 1250000192135321131 3 7517
RUNG 5000000882913902881 1250000220728475721 3 137
RUNG 5000000817376671649 1250000204344167914 7 279023
RUNG 5000000990241483769 1250000247560370944 7 1662307
RUNG 5000000601914907241 1250000150478726813 11 30279
RUNG 5000000934626529049 1250000233656632264 7 1433
RUNG 5000000611790215441 1250000152947553863 11 787
RUNG 5000000895206989681 1250000223801747422 7 118
RUNG 5000000794732496281 1250000198683124071 3 269
RUNG 5000000560647325489 1250000140161831373 3 89
RUNG 5000000710704592849 1250000177676148216 15 86
RUNG 5000000818473253849 1250000204618313466 15 131
RUNG 5000000973255801769 1250000243313950451 35 1304795253979860773836471
RUNG 5000000819083824241 1250000204770956062 7 62
RUNG 5000000555107272961 1250000138776818243 11 389529491672427
RUNG 5000000915139345361 1250000228784836342 7 6914
RUNG 5000000860945646329 1250000215236411585 11 95
RUNG 5000000764992230209 1250000191248057553 3 31793
RUNG 5000000633049902041 1250000158262475513 11 421315793
RUNG 5000000685785585089 1250000171446396274 7 32884
RUNG 5000000910665240089 1250000227666310024 7 19
RUNG 5000000556359048881 1250000139089762221 3 19961
RUNG 5000000751694469161 1250000187923617291 3 72551
RUNG 5000000667121344889 1250000166780336223 3 13883
RUNG 5000000559191363881 1250000139797840976 23 1658058
RUNG 5000000925994841881 1250000231498710471 3 233
RUNG 5000000809094179249 1250000202273544813 3 4973
RUNG 5000000927567213929 1250000231891803485 11 153
RUNG 5000000939658132769 1250000234914533194 7 38
RUNG 5000000766856624201 1250000191714156054 15 2546
RUNG 5000000796897074641 1250000199224268661 3 4457
RUNG 5000000810521565521 1250000202630391382 7 1447
RUNG 5000000553700323649 1250000138425080915 11 9297
RUNG 5000000575995316369 1250000143998829096 15 11996
RUNG 5000000961097513849 1250000240274378464 7 5158
RUNG 5000000779713311761 1250000194928327942 7 1942
RUNG 5000000671411680169 1250000167852920044 7 42836
RUNG 5000000917881825769 1250000229470456444 7 6373
RUNG 5000000963384603089 1250000240846150775 11 19
RUNG 5000000912572522081 1250000228143130521 3 89213
RUNG 5000000580610332049 1250000145152583013 3 10169
RUNG 5000000692640730529 1250000173160182633 3 5471
RUNG 5000000736601767649 1250000184150441913 3 15383
RUNG 5000000961871452289 1250000240467863073 3 15077
RUNG 5000000868190826401 1250000217047706603 11 11439
RUNG 5000000929164098761 1250000232291024691 3 37113689
RUNG 5000000921602425649 1250000230400606413 3 250949
RUNG 5000000550040998121 1250000137510249534 15 3746
RUNG 5000000932488543601 1250000233122135903 11 635653
RUNG 5000000668038238801 1250000167009559702 7 124
RUNG 5000000757044636281 1250000189261159071 3 756227
RUNG 5000000759701330321 1250000189925332581 3 68925473
RUNG 5000000784865389601 1250000196216347402 7 94
RUNG 5000000956762274761 1250000239190568692 7 346
RUNG 5000000587287811561 1250000146821952891 3 5068559
RUNG 5000000694315212041 1250000173578803011 3 929
RUNG 5000000989314436561 1250000247328609143 11 229749929
RUNG 5000000587365409441 1250000146841352361 3 2879
RUNG 5000000685883629241 1250000171470907312 7 164
RUNG 5000000642333045449 1250000160583261363 3 10067
RUNG 5000000879607883249 1250000219901970813 3 133961441
RUNG 5000000557966163689 1250000139491540923 3 233
RUNG 5000000755212933409 1250000188803233354 7 398
RUNG 5000000700896711689 1250000175224177923 3 89
RUNG 5000000703383916409 1250000175845979108 23 316
RUNG 5000000857741720009 1250000214435430005 11 21846765
RUNG 5000000709554961889 1250000177388740473 3 86120681
RUNG 5000000864897028769 1250000216224257193 3 5813
RUNG 5000000912031396049 1250000228007849013 3 27809
RUNG 5000000822990286961 1250000205747571741 3 134339
RUNG 5000000672261188801 1250000168065297203 11 1429
RUNG 5000000738008750681 1250000184502187671 3 2207
RUNG 5000000779425405961 1250000194856351492 7 4845767
RUNG 5000000829631001401 1250000207407750351 3 401
RUNG 5000000583158816281 1250000145789704073 11 2567619
RUNG 5000000688679191241 1250000172169797812 7 59
RUNG 5000000546293869169 1250000136573467293 3 941
RUNG 5000000716591837609 1250000179147959404 7 7132
RUNG 5000000734915062529 1250000183728765638 23 6967
RUNG 5000000956484570689 1250000239121142675 11 95
RUNG 5000000587200015721 1250000146800003931 3 1388411
RUNG 5000000781365347081 1250000195341336773 11 1773
RUNG 5000000721521324401 1250000180380331103 11 743
RUNG 5000000722621983961 1250000180655495991 3 36164099
RUNG 5000000861235659161 1250000215308914791 3 257
RUNG 5000000989583999281 1250000247395999821 3 101
RUNG 5000000660321385889 1250000165080346473 3 17579
RUNG 5000000808042559489 1250000202010639875 11 29361
RUNG 5000000577616724689 1250000144404181173 3 9371
RUNG 5000000711507161369 1250000177876790343 3 4721
RUNG 5000000954665116409 1250000238666279105 11 50835069
RUNG 5000000905231412161 1250000226307853041 3 4793
RUNG 5000000788177596601 1250000197044399156 23 1528
RUNG 5000000706506208001 1250000176626552001 3 171878459
RUNG 5000000729914113169 1250000182478528294 7 1076
RUNG 5000000739640349689 1250000184910087425 11 1346385
RUNG 5000000817464536129 1250000204366134033 3 578741
RUNG 5000000828336357089 1250000207084089275 11 170149965
RUNG 5000000972359396249 1250000243089849063 3 411527
RUNG 5000000997296788729 1250000249324197184 7 404
RUNG 5000000746552655281 1250000186638163822 7 94
RUNG 5000000934861415921 1250000233715353982 7 101
RUNG 5000000703831137449 1250000175957784364 7 178
RUNG 5000000731555914529 1250000182888978634 7 4714
RUNG 5000000839289860849 1250000209822465213 3 49037999
RUNG 5000000877974266609 1250000219493566655 11 7713
RUNG 5000000893912389121 1250000223478097284 15 1286
RUNG 5000000964579225361 1250000241144806343 11 71873
RUNG 5000000898102656209 1250000224525664053 3 101
RUNG 5000000938081717681 1250000234520429426 23 10364
RUNG 5000000635643343961 1250000158910835993 11 190752351428481
RUNG 5000000714357859841 1250000178589464962 7 761
RUNG 5000000756327907961 1250000189081976991 3 389
RUNG 5000000787391422121 1250000196847855533 11 239
RUNG 5000000908945895161 1250000227236473792 7 922
RUNG 5000000940332049961 1250000235083012492 7 492308
RUNG 5000000546197909849 1250000136549477464 7 62
RUNG 5000000827901411929 1250000206975352983 3 14897
RUNG 5000000839575754609 1250000209893938653 3 7823
RUNG 5000000862542578489 1250000215635644624 7 118
RUNG 5000000905862415049 1250000226465603763 3 17891
RUNG 5000000855489374081 1250000213872343523 11 79
RUNG 5000000886487541281 1250000221621885321 3 2688761
RUNG 5000000588476309441 1250000147119077361 3 2969
RUNG 5000000643029408041 1250000160757352012 7 493573
RUNG 5000000577678002521 1250000144419500631 3 20201
RUNG 5000000756597464489 1250000189149366125 11 15285
RUNG 5000000999594098369 1250000249898524594 7 101
RUNG 5000000685703962241 1250000171425990561 3 4397
RUNG 5000000903160801841 1250000225790200463 11 167
RUNG 5000000812253265289 1250000203063316323 3 108803
RUNG 5000000700786469921 1250000175196617484 15 3236
RUNG 5000000733461151961 1250000183365287992 7 10601
RUNG 5000000850898872361 1250000212724718091 3 4937
RUNG 5000000547308787409 1250000136827196853 3 2819
RUNG 5000000753759031409 1250000188439757853 3 101
RUNG 5000000845499720449 1250000211374930114 7 8405183
RUNG 5000000851489026289 1250000212872256573 3 14747
RUNG 5000000951199797449 1250000237799949363 3 3002177
RUNG 5000000628608530561 1250000157152132643 11 519
RUNG 5000000997666419761 1250000249416604942 7 51411926
RUNG 5000000597246880481 1250000149311720122 7 30187
RUNG 5000000617173108121 1250000154293277032 7 3188036
RUNG 5000000583330382081 1250000145832595523 11 168415893
RUNG 5000000847210959041 1250000211802739764 15 5006
RUNG 5000000739758815729 1250000184939703939 27 366863
RUNG 5000000884802874889 1250000221200718725 11 447
RUNG 5000000960399195689 1250000240099798923 3 1361
RUNG 5000000556014015161 1250000139003503791 3 101
RUNG 5000000568004874041 1250000142001218512 7 68
RUNG 5000000554429393801 1250000138607348453 11 1211137993
RUNG 5000000658740881249 1250000164685220314 7 362
RUNG 5000000935768111729 1250000233942027936 15 206
RUNG 5000000543520817129 1250000135880204283 3 889247
RUNG 5000000920771370809 1250000230192842705 11 3739
RUNG 5000000960466590521 1250000240116647632 7 79372
RUNG 5000000618326874521 1250000154581718633 11 328569
RUNG 5000000743036299361 1250000185759074841 3 5879
RUNG 5000000761061386441 1250000190265346611 3 19697
RUNG 5000000784873614881 1250000196218403721 3 389
RUNG 5000000826913092529 1250000206728273139 27 179
RUNG 5000000756117608081 1250000189029402021 3 137
RUNG 5000000561815460161 1250000140453865041 3 977
RUNG 5000000588564142121 1250000147141035532 7 398
RUNG 5000000913232165801 1250000228308041451 3 898523
RUNG 5000000729440398049 1250000182360099513 3 233
RUNG 5000000787920339569 1250000196980084893 3 302866709
RUNG 5000000803548071689 1250000200887017923 3 9587
RUNG 5000000606188990249 1250000151547247563 3 3299
RUNG 5000000896481312569 1250000224120328143 3 498374573
RUNG 5000000638087698049 1250000159521924516 15 21236
RUNG 5000000800932219889 1250000200233054973 3 569
RUNG 5000000746458763369 1250000186614690845 11 95777629
RUNG 5000000808332575369 1250000202083143843 3 100931
RUNG 5000000827152016009 1250000206788004003 3 124541
RUNG 5000000928192155209 1250000232048038803 3 469419497
RUNG 5000000979059371609 1250000244764842903 3 24923
RUNG 5000000808373417009 1250000202093354254 7 30554
RUNG 5000000968344788641 1250000242086197164 15 566
RUNG 5000000685117927889 1250000171279481974 7 104732
RUNG 5000000926748437009 1250000231687109253 3 18587
RUNG 5000000683857990409 1250000170964497604 7 31
RUNG 5000000615925446041 1250000153981361511 3 281
RUNG 5000000831603668801 1250000207900917202 7 61
RUNG 5000000637289269049 1250000159322317263 3 6323
RUNG 5000000862177092209 1250000215544273056 15 30596
RUNG 5000000593777481161 1250000148444370292 7 14445493
RUNG 5000000640628004881 1250000160157001222 7 1098667268
RUNG 5000000834403306601 1250000208600826652 7 97
RUNG 5000000870469817081 1250000217617454272 7 2281
RUNG 5000000561664361009 1250000140416090254 7 19
RUNG 5000000792392420201 1250000198098105053 11 89445406181
RUNG 5000000680470253441 1250000170117563361 3 701
RUNG 5000000699081406001 1250000174770351502 7 17692
RUNG 5000000907816693601 1250000226954173404 15 8156
RUNG 5000000940875279161 1250000235218819791 3 944873
RUNG 5000000870453490001 1250000217613372504 15 228296
RUNG 5000000982818783041 1250000245704695763 11 5791327407
RUNG 5000000853598492681 1250000213399623171 3 149
RUNG 5000000870620938121 1250000217655234532 7 433
RUNG 5000000994060214921 1250000248515053731 3 9419
RUNG 5000000832626743441 1250000208156685862 7 404
RUNG 5000000937414030529 1250000234353507635 11 171
RUNG 5000000721970642441 1250000180492660611 3 19869323
RUNG 5000000782641693481 1250000195660423375 19 889
RUNG 5000000981268882241 1250000245317220561 3 462454037
RUNG 5000000959492568929 1250000239873142234 7 388
RUNG 5000000981595609889 1250000245398902473 3 4397
RUNG 5000000952202486441 1250000238050621611 3 773
RUNG 5000000738123182201 1250000184530795551 3 569
RUNG 5000000843821214641 1250000210955303665 19 1595
RUNG 5000000613203428561 1250000153300857141 3 2989487
RUNG 5000000820352050241 1250000205088012561 3 9431
RUNG 5000000911449496681 1250000227862374171 3 293
RUNG 5000000610448717561 1250000152612179391 3 1613
RUNG 5000000660405184121 1250000165101296031 3 288735983
RUNG 5000000699140640881 1250000174785160223 11 138888908309462247
RUNG 5000000939155896361 1250000234788974091 3 140171
RUNG 5000000542205783689 1250000135551445924 7 236
RUNG 5000000908735628569 1250000227183907143 3 123911
RUNG 5000000926560595729 1250000231640148933 3 99191
RUNG 5000000708260394929 1250000177065098734 7 4219
RUNG 5000000774050840009 1250000193512710005 11 1119
RUNG 5000000788494188929 1250000197123547234 7 785879
RUNG 5000000922398919889 1250000230599729975 11 8005
RUNG 5000000841099181681 1250000210274795422 7 194
RUNG 5000000911375988281 1250000227843997071 3 557
RUNG 5000000800754599201 1250000200188649803 11 146033
RUNG 5000000638500226969 1250000159625056745 11 8087
RUNG 5000000906321941129 1250000226580485284 7 1073756
RUNG 5000000987605344361 1250000246901336093 11 4647429
RUNG 5000000634038372881 1250000158509593221 3 241973
RUNG 5000000731253771161 1250000182813442793 11 659727
RUNG 5000000843363809201 1250000210840952301 3 293
RUNG 5000000965236842041 1250000241309210512 7 2042
RUNG 5000000645853621409 1250000161463405354 7 404
RUNG 5000000941340893489 1250000235335223373 3 137
RUNG 5000000996714892169 1250000249178723046 15 101
RUNG 5000000686663791169 1250000171665947793 3 78167
RUNG 5000000843533303969 1250000210883325993 3 641
RUNG 5000000586675302881 1250000146668825722 7 68
RUNG 5000000585462331289 1250000146365582824 7 124
RUNG 5000000930638562809 1250000232659640704 7 958
RUNG 5000000981326079689 1250000245331519923 3 143177
RUNG 5000000599429885921 1250000149857471481 3 13691
RUNG 5000000631988171681 1250000157997042923 11 1803247
RUNG 5000000809782468961 1250000202445617242 7 41
RUNG 5000000834546288041 1250000208636572011 3 5862113
RUNG 5000000967499428361 1250000241874857099 35 41
RUNG 5000000705446478209 1250000176361619555 11 5205
RUNG 5000000832784008769 1250000208196002196 15 776
RUNG 5000000764692186289 1250000191173046573 3 889631
RUNG 5000000774005930729 1250000193501482683 3 1331699
RUNG 5000000790491320441 1250000197622830112 7 18346
RUNG 5000000667550302649 1250000166887575665 11 238311
RUNG 5000000806139473369 1250000201534868345 11 7355
RUNG 5000000856114318289 1250000214028579574 7 3364364
RUNG 5000000984603559169 1250000246150889794 7 31
RUNG 5000000556110054401 1250000139027513602 7 388
RUNG 5000000705519995081 1250000176379998773 11 2055693
RUNG 5000000956264128721 1250000239066032181 3 100811
RUNG 5000000569612023361 1250000142403005841 3 14948939
RUNG 5000000759425767481 1250000189856441872 7 39989
RUNG 5000000825071227361 1250000206267806841 3 61283
RUNG 5000000851272642601 1250000212818160651 3 9137
RUNG 5000000978263026121 1250000244565756533 11 5710581
RUNG 5000000711396987521 1250000177849246885 19 22540476881575
RUNG 5000000826911106241 1250000206727776561 3 226337
RUNG 5000000794071019489 1250000198517754875 11 255
RUNG 5000000645874050881 1250000161468512721 3 25931
RUNG 5000000758813158001 1250000189703289501 3 749970971
RUNG 5000000889215790361 1250000222303947592 7 23203
RUNG 5000000572628119081 1250000143157029773 11 41
RUNG 5000000965485984481 1250000241371496122 7 41
RUNG 5000000967464721241 1250000241866180311 3 854927
RUNG 5000000886103721689 1250000221525930424 7 96284
RUNG 5000000996649557089 1250000249162389274 7 349
RUNG 5000000962859922889 1250000240714980724 7 156932
RUNG 5000000573144758801 1250000143286189702 7 31
RUNG 5000000975732944801 1250000243933236202 7 206
RUNG 5000000765408952241 1250000191352238062 7 68
RUNG 5000000536502394721 1250000134125598682 7 94
RUNG 5000000600175245809 1250000150043811453 3 6374297
RUNG 5000000736728502649 1250000184182125663 3 5261
RUNG 5000000892777115369 1250000223194278843 3 3089
RUNG 5000000620695706201 1250000155173926561 43 852348760809830068939501931
RUNG 5000000879485477441 1250000219871369363 11 15976297
RUNG 5000000901214825081 1250000225303706273 11 1779741
RUNG 5000000910424425481 1250000227606106371 3 2243
RUNG 5000000740649220289 1250000185162305073 3 89
RUNG 5000000627969453401 1250000156992363351 3 593
RUNG 5000000921288079001 1250000230322019751 3 6917
RUNG 5000000908539624289 1250000227134906073 3 17891
RUNG 5000000999434909441 1250000249858727362 7 82
RUNG 5000000809523150209 1250000202380787553 3 51797
RUNG 5000000894484266449 1250000223621066614 7 5956
RUNG 5000000829829196689 1250000207457299174 7 19
RUNG 5000000809721229601 1250000202430307403 11 300999
RUNG 5000000577941523001 1250000144485380751 3 444798209
RUNG 5000000794634639641 1250000198658659914 15 42250556
RUNG 5000000538683304361 1250000134670826092 7 101
RUNG 5000000654832497521 1250000163708124381 3 173
RUNG 5000000600334534841 1250000150083633713 11 8403
RUNG 5000000915358003601 1250000228839500901 3 7643
RUNG 5000000909076690001 1250000227269172502 7 433
RUNG 5000000598892856209 1250000149723214053 3 821
RUNG 5000000560206408961 1250000140051602242 7 68
RUNG 5000000832332743441 1250000208083185861 3 4751
RUNG 5000000998658943481 1250000249664735872 7 68
RUNG 5000000916295303801 1250000229073825956 23 120654
RUNG 5000000943819960961 1250000235954990244 15 3176
RUNG 5000000965218498121 1250000241304624531 3 26393
RUNG 5000000672873925889 1250000168218481475 11 255
RUNG 5000000680215059689 1250000170053764923 3 521
RUNG 5000000994319610449 1250000248579902613 3 149
RUNG 5000000880443208049 1250000220110802013 3 52883
RUNG 5000000913944916289 1250000228486229075 11 39969
RUNG 5000000581890835249 1250000145472708813 3 11680187
RUNG 5000000587161340489 1250000146790335124 7 586
RUNG 5000000605553994769 1250000151388498693 3 5657
RUNG 5000000767777736449 1250000191944434113 3 1373
RUNG 5000000655361396441 1250000163840349111 3 5036987
RUNG 5000000865838544281 1250000216459636075 19 331
RUNG 5000000582480989849 1250000145620247464 7 68
RUNG 5000000872348567849 1250000218087141964 7 19
RUNG 5000000967127812409 1250000241781953104 7 68
RUNG 5000000554972669801 1250000138743167453 11 801429
RUNG 5000000575354272049 1250000143838568014 7 202
RUNG 5000000644769337769 1250000161192334443 3 658139
RUNG 5000000868644309089 1250000217161077275 11 48671433
RUNG 5000000958581876809 1250000239645469206 15 46667546
RUNG 5000000967115561969 1250000241778890497 19 14607682291239121
RUNG 5000000541466618801 1250000135366654704 15 362996
RUNG 5000000609397121441 1250000152349280363 11 59571
RUNG 5000000573873796481 1250000143468449121 3 137
RUNG 5000000776777017001 1250000194194254252 7 2439839
RUNG 5000000573054938609 1250000143263734655 11 117
RUNG 5000000655618699889 1250000163904674975 11 117
RUNG 5000000580639076489 1250000145159769125 11 95
RUNG 5000000710300448329 1250000177575112083 3 2207
RUNG 5000000925076089529 1250000231269022384 7 76
RUNG 5000000682753330409 1250000170688332603 3 6633191
RUNG 5000000717557860169 1250000179389465044 7 144735211
RUNG 5000000730477847249 1250000182619461813 3 20117
RUNG 5000000844883138249 1250000211220784567 19 1543572089412562129528457009533
RUNG 5000000693833440409 1250000173458360108 23 206
RUNG 5000000710322913409 1250000177580728353 3 22229
RUNG 5000000823652050841 1250000205913012711 3 9887
RUNG 5000000586199556809 1250000146549889205 11 193
RUNG 5000000849588002129 1250000212397000533 3 113
RUNG 5000000892932343169 1250000223233085794 7 31
RUNG 5000000935796804809 1250000233949201203 3 389
RUNG 5000000778404530441 1250000194601132611 3 89
RUNG 5000000863796517121 1250000215949129281 3 809
RUNG 5000000993772363121 1250000248443090781 3 8387
RUNG 5000000922762465481 1250000230690616371 3 45606761
RUNG 5000000631590024449 1250000157897506115 11 95
RUNG 5000000643331754449 1250000160832938614 7 388
RUNG 5000000645627007409 1250000161406751855 11 5793
RUNG 5000000738243731609 1250000184560932906 15 66476
RUNG 5000000561744089729 1250000140436022433 3 3180131
RUNG 5000000561964630049 1250000140491157513 3 36671
RUNG 5000000562081026329 1250000140520256583 3 281
RUNG 5000000579197405681 1250000144799351421 3 101
RUNG 5000000689038738769 1250000172259684693 3 3209
RUNG 5000000605098644161 1250000151274661043 11 158044911
RUNG 5000000815175551201 1250000203793887804 15 1016
RUNG 5000000946703347601 1250000236675836905 19 749
RUNG 5000000973862479601 1250000243465619902 7 101828
RUNG 5000000881641911209 1250000220410477805 11 18919
RUNG 5000000658020153809 1250000164505038453 3 509
RUNG 5000000916487282729 1250000229121820684 7 62
RUNG 5000000943995606641 1250000235998901661 3 149
RUNG 5000000755874715361 1250000188968678843 11 6113
RUNG 5000000607594023329 1250000151898505833 3 653363
RUNG 5000000939850267961 1250000234962566991 3 293
RUNG 5000000922758393281 1250000230689598321 3 2423
RUNG 5000000929977004681 1250000232494251173 11 117
RUNG 5000000817715857241 1250000204428964311 3 163169
RUNG 5000000819047267321 1250000204761816832 7 9473294
RUNG 5000000861656473961 1250000215414118491 3 593
RUNG 5000000901617154721 1250000225404288681 3 593
RUNG 5000000792737624249 1250000198184406063 3 267719
RUNG 5000000631391960489 1250000157847990123 3 149
RUNG 5000000666478291769 1250000166619572943 3 3629099
RUNG 5000000596928454049 1250000149232113514 7 538
RUNG 5000000735484952129 1250000183871238035 11 1385
RUNG 5000000730196068601 1250000182549017153 11 1107
RUNG 5000000730463575841 1250000182615893962 7 1774
RUNG 5000000657938486201 1250000164484621552 7 68
RUNG 5000000796682852249 1250000199170713065 11 171
RUNG 5000000767900299529 1250000191975074884 7 38
RUNG 5000000809488486169 1250000202372121544 7 164
RUNG 5000000849859617809 1250000212464904453 3 773
RUNG 5000000835822635449 1250000208955658863 3 549221
RUNG 5000000892873148969 1250000223218287244 7 128299177
RUNG 5000000920806214129 1250000230201553534 7 97
RUNG 5000000737247239081 1250000184311809772 7 11933
RUNG 5000000838895906201 1250000209723976551 3 1697
RUNG 5000000913103639801 1250000228275909954 15 57206
RUNG 5000000965545269041 1250000241386317262 7 17571881
RUNG 5000000982053120401 1250000245513280103 11 3151356837
RUNG 5000000985943206601 1250000246485801651 3 2393
RUNG 5000000707455919201 1250000176863979803 11 1973837202453
RUNG 5000000983735764889 1250000245933941224 7 29566
RUNG 5000000990621523769 1250000247655380943 3 257
RUNG 5000000590181564881 1250000147545391224 15 135943046
RUNG 5000000622866457121 1250000155716614281 3 173
RUNG 5000000716302039361 1250000179075509842 7 941
RUNG 5000000825824813561 1250000206456203393 11 211
RUNG 5000000576091491881 1250000144022872972 7 12816949
RUNG 5000000598784685209 1250000149696171306 15 1046
RUNG 5000000644944999409 1250000161236249857 19 211
RUNG 5000000869589819809 1250000217397454954 7 2932
RUNG 5000000916483226369 1250000229120806596 15 84776
RUNG 5000000861678957689 1250000215419739426 15 191
RUNG 5000000549240712409 1250000137310178103 3 27143
RUNG 5000000841307567489 1250000210326891873 3 8154779
RUNG 5000000924424721609 1250000231106180403 3 8259401
RUNG 5000000542640839849 1250000135660209963 3 2551607
RUNG 5000000621028629329 1250000155257157334 7 37021
RUNG 5000000703949747609 1250000175987436904 7 124
RUNG 5000000921239139929 1250000230309784983 3 701
RUNG 5000000945035032049 1250000236258758013 3 5717
RUNG 5000000746034152849 1250000186508538213 3 230273
RUNG 5000000548213570561 1250000137053392643 11 11250001233480533787
RUNG 5000000662437120001 1250000165609280002 7 94
RUNG 5000000797487435401 1250000199371858854 15 2434886
RUNG 5000000607808466761 1250000151952116692 7 283
RUNG 5000000871070305601 1250000217767576402 7 3214039
RUNG 5000000873198111281 1250000218299527822 7 388
RUNG 5000000593267101601 1250000148316775401 3 101
RUNG 5000000750400037561 1250000187600009392 7 311
RUNG 5000000933401536241 1250000233350384061 3 1913
RUNG 5000000735050023481 1250000183762505871 3 5189
RUNG 5000000786476758841 1250000196619189712 7 121036
RUNG 5000000833745900761 1250000208436475191 3 127031
RUNG 5000000919278788201 1250000229819697052 7 1882
RUNG 5000000683080106201 1250000170770026551 3 37199
RUNG 5000000976758130841 1250000244189532712 7 313
RUNG 5000000593742898769 1250000148435724694 7 31
RUNG 5000000766722065729 1250000191680516433 3 430649
RUNG 5000000772029327689 1250000193007331923 3 2843
RUNG 5000000869446887929 1250000217361721983 3 353
RUNG 5000000744329058329 1250000186082264583 3 1049
RUNG 5000000853825285169 1250000213456321293 3 113
RUNG 5000000648896361089 1250000162224090273 3 2213
RUNG 5000000978753208409 1250000244688302104 7 76
RUNG 5000000688526231441 1250000172131557862 7 122
RUNG 5000000799602997241 1250000199900749311 3 113
RUNG 5000000694605386201 1250000173651346551 3 3119
RUNG 5000000714017018441 1250000178504254612 7 31
RUNG 5000000754371812921 1250000188592953233 11 776943423357
RUNG 5000000710745670529 1250000177686417633 3 113
RUNG 5000000841442356649 1250000210360589166 15 606566
RUNG 5000000961722597041 1250000240430649263 11 15872427
RUNG 5000000764957749721 1250000191239437433 11 127877
RUNG 5000000602870826809 1250000150717706707 19 1457
RUNG 5000000587447299121 1250000146861824782 7 650908
RUNG 5000000742252309481 1250000185563077371 3 81047
RUNG 5000000988512123281 1250000247128030821 3 257
RUNG 5000000953554442609 1250000238388610654 7 206
RUNG 5000000986396571929 1250000246599142984 7 164
RUNG 5000000810011283521 1250000202502820883 11 211
RUNG 5000000920887929401 1250000230221982352 7 106564
RUNG 5000000817636261529 1250000204409065384 7 68
RUNG 5000000536690356649 1250000134172589164 7 311
RUNG 5000000684382943009 1250000171095735753 3 66935621
RUNG 5000000910881936689 1250000227720484174 7 48856933
RUNG 5000000584190252281 1250000146047563072 7 724
RUNG 5000000877306715921 1250000219326678983 11 93187
RUNG 5000000777285558641 1250000194321389661 3 6117863
RUNG 5000000798042895241 1250000199510723812 7 524
RUNG 5000000985638983921 1250000246409745981 3 14621
RUNG 5000000736097612249 1250000184024403065 11 2955
RUNG 5000000542489758961 1250000135622439742 7 3988
RUNG 5000000809267990681 1250000202316997672 7 72469
RUNG 5000000750383725529 1250000187595931385 11 11721
RUNG 5000000943178848049 1250000235794712015 11 60429
RUNG 5000000766011459209 1250000191502864804 7 1153
RUNG 5000000842095827569 1250000210523956893 3 89
RUNG 5000000968214260009 1250000242053565003 3 137
RUNG 5000000537447964409 1250000134361991104 7 94
RUNG 5000000571017059969 1250000142754264993 3 1109
RUNG 5000000648044850809 1250000162011212703 3 71861
RUNG 5000000649572296729 1250000162393074185 11 25255
RUNG 5000000785694684449 1250000196423671113 3 185951
RUNG 5000000798792329201 1250000199698082302 7 5554
RUNG 5000000628508656241 1250000157127164063 11 153
RUNG 5000000665882072321 1250000166470518082 7 17926
RUNG 5000000884394646601 1250000221098661651 3 569
RUNG 5000000835210072409 1250000208802518104 7 94
RUNG 5000000565254429641 1250000141313607412 7 164
RUNG 5000000968683936121 1250000242170984033 11 1949
RUNG 5000000535354880441 1250000133838720112 7 303553
RUNG 5000000721946285441 1250000180486571361 3 5711
RUNG 5000000787077151241 1250000196769287812 7 61052
RUNG 5000000852328497401 1250000213082124354 15 3108417127331
RUNG 5000000627148663889 1250000156787165973 3 21599
RUNG 5000000731909399969 1250000182977349993 3 132689
RUNG 5000000977715880889 1250000244428970224 7 12211
RUNG 5000000886406063129 1250000221601515783 3 13577
RUNG 5000000990480674201 1250000247620168553 11 22921
RUNG 5000000588398914289 1250000147099728575 11 1635
RUNG 5000000836112660569 1250000209028165146 15 386
RUNG 5000000935123012729 1250000233780753186 15 71
RUNG 5000000979825310369 1250000244956327594 7 114812
RUNG 5000000681865128809 1250000170466282204 7 76
RUNG 5000000894053505209 1250000223513376304 7 41
RUNG 5000000804628492601 1250000201157123152 7 13151
RUNG 5000000965183887601 1250000241295971902 7 11750324
RUNG 5000000973505200601 1250000243376300152 7 47
RUNG 5000000980850418481 1250000245212604621 3 113
RUNG 5000000581396764241 1250000145349191062 7 7444
RUNG 5000000626674919009 1250000156668729754 7 6814
RUNG 5000000720792542609 1250000180198135655 11 85
RUNG 5000000802713061289 1250000200678265324 7 1319
RUNG 5000000544674761201 1250000136168690302 7 33172
RUNG 5000000728540042801 1250000182135010702 7 856036
RUNG 5000000922925914481 1250000230731478621 3 15329
RUNG 5000000622449938921 1250000155612484733 11 696305083869
RUNG 5000000627689813561 1250000156922453395 19 5086825
RUNG 5000000922225495001 1250000230556373753 11 1033
RUNG 5000000636319474769 1250000159079868693 3 5523689
RUNG 5000000848585448689 1250000212146362173 3 24029477
RUNG 5000000599166599321 1250000149791649831 3 233
RUNG 5000000836723238641 1250000209180809662 7 137996
RUNG 5000000965285993489 1250000241321498373 3 10391
RUNG 5000000674646524849 1250000168661631215 11 57
RUNG 5000000696741397649 1250000174185349417 19 2101250292805572369977
RUNG 5000000648185774009 1250000162046443504 7 1042
RUNG 5000000746889819449 1250000186722454864 7 66142
RUNG 5000000970954700489 1250000242738675123 3 248981
RUNG 5000000973966709489 1250000243491677373 3 162011
RUNG 5000000837225586721 1250000209306396682 7 1214
RUNG 5000000671859149009 1250000167964787254 7 31
RUNG 5000000766897733081 1250000191724433271 3 4397
RUNG 5000000923268988121 1250000230817247031 3 2903
RUNG 5000000578515459721 1250000144628864931 3 21323
RUNG 5000000766136052881 1250000191534013221 3 11261
RUNG 5000000717964329401 1250000179491082351 3 269
RUNG 5000000793507557161 1250000198376889292 7 4323934
RUNG 5000000796960646801 1250000199240161705 19 295
RUNG 5000000686913070841 1250000171728267711 3 173
RUNG 5000000822857799761 1250000205714449941 3 1511
RUNG 5000000649768363409 1250000162442090853 3 54317399
RUNG 5000000701338041569 1250000175334510394 7 97
RUNG 5000000778388294849 1250000194597073714 7 61291
RUNG 5000000565007368001 1250000141251842003 11 1281309
RUNG 5000000734702935361 1250000183675733842 7 1935638
RUNG 5000000626207309321 1250000156551827332 7 94111
RUNG 5000000798118488761 1250000199529622192 7 13492
RUNG 5000000802327133849 1250000200581783467 19 3224257
RUNG 5000000922368455249 1250000230592113813 3 20693
RUNG 5000000948629089649 1250000237157272415 11 13773855
RUNG 5000000549173393201 1250000137293348302 7 8039
RUNG 5000000818710423289 1250000204677605824 7 19
RUNG 5000000760734867281 1250000190183716821 3 1017713
RUNG 5000000626711698841 1250000156677924711 3 149
RUNG 5000000604729138649 1250000151182284663 3 12479
RUNG 5000000736069067369 1250000184017266844 7 781364
RUNG 5000000810154278569 1250000202538569645 11 61
RUNG 5000000935756074889 1250000233939018723 3 317
RUNG 5000000968810576369 1250000242202644094 7 17566
RUNG 5000000986000469089 1250000246500117274 7 673732
RUNG 5000000567962210561 1250000141990552642 7 118
RUNG 5000000696549469361 1250000174137367341 3 1103
RUNG 5000000805194165521 1250000201298541382 7 41
RUNG 5000000593930833481 1250000148482708373 11 41
RUNG 5000000643342076681 1250000160835519172 7 4373
RUNG 5000000782306982761 1250000195576745692 7 23854
RUNG 5000000673019044169 1250000168254761046 15 32036
RUNG 5000000781722959489 1250000195430739873 3 1031
RUNG 5000000771688376609 1250000192922094153 3 5087
RUNG 5000000819351632249 1250000204837908063 3 1553
RUNG 5000000837832094249 1250000209458023563 3 79451
RUNG 5000000924686181569 1250000231171545393 3 125507
RUNG 5000000907171605449 1250000226792901363 3 593
RUNG 5000000645896672441 1250000161474168115 19 865
RUNG 5000000836635460681 1250000209158865172 7 12134
RUNG 5000000646515413081 1250000161628853271 3 53549
RUNG 5000000934945394921 1250000233736348731 3 38273
RUNG 5000000626887325921 1250000156721831482 7 68
RUNG 5000000695896025681 1250000173974006422 7 68
RUNG 5000000688003541609 1250000172000885405 11 73641
RUNG 5000000820772898329 1250000205193224585 11 1437
RUNG 5000000776550482609 1250000194137620654 7 107798029
RUNG 5000000807368950289 1250000201842237574 7 21388
RUNG 5000000826337459849 1250000206584364964 7 30467
RUNG 5000000995498011721 1250000248874502931 3 123191
RUNG 5000000536377991369 1250000134094497844 7 19
RUNG 5000000672518756129 1250000168129689035 11 915
RUNG 5000000845448914369 1250000211362228594 7 3764
RUNG 5000000542479607921 1250000135619901983 11 303
RUNG 5000000564960426281 1250000141240106571 3 94438013
RUNG 5000000578972904761 1250000144743226191 3 5813
RUNG 5000000582481129481 1250000145620282372 7 1354
RUNG 5000000695066964161 1250000173766741042 7 265711
RUNG 5000000600069222521 1250000150017305631 3 26460683
RUNG 5000000612588969761 1250000153147242441 3 165587
RUNG 5000000925995142841 1250000231498785712 7 661
RUNG 5000000961788019961 1250000240447004992 7 101
RUNG 5000000705842811761 1250000176460702941 3 85470443
RUNG 5000000770369233721 1250000192592308431 3 757259
RUNG 5000000964693844201 1250000241173461052 7 19673701
RUNG 5000000664164775481 1250000166041193871 3 1092453179
RUNG 5000000571433698601 1250000142858424652 7 103
RUNG 5000000584843775281 1250000146210943821 3 73920719
RUNG 5000000950528214401 1250000237632053601 3 2557127
RUNG 5000000687254126009 1250000171813531504 7 236
RUNG 5000000562522238849 1250000140630559713 3 19511027
RUNG 5000000580743361769 1250000145185840444 7 1532
RUNG 5000000955876319969 1250000238969079993 3 1373
RUNG 5000000553253420009 1250000138313355004 7 82
RUNG 5000000837446168849 1250000209361542213 3 1613
RUNG 5000000853741648049 1250000213435412014 7 13291
RUNG 5000000875654779289 1250000218913694823 3 569
RUNG 5000000916125970049 1250000229031492513 3 2267
RUNG 5000000567598753649 1250000141899688413 3 293
RUNG 5000000785339439881 1250000196334859972 7 7516871
RUNG 5000000852295889441 1250000213073972365 19 157319
RUNG 5000000887958076361 1250000221989519092 7 479
RUNG 5000000779658485561 1250000194914621391 3 169823
RUNG 5000000674170783649 1250000168542695914 7 157
RUNG 5000000817352502329 1250000204338125583 3 16879427
RUNG 5000000735515707601 1250000183878926901 3 229133
RUNG 5000000812796711401 1250000203199177853 11 1913
RUNG 5000000931602598601 1250000232900649653 11 97916268243806589268449
RUNG 5000000957485455601 1250000239371363901 3 60443
RUNG 5000000593549003249 1250000148387250813 3 72923
RUNG 5000000949772671049 1250000237443167763 3 11657
RUNG 5000000979096365449 1250000244774091363 3 1667
RUNG 5000000597743353721 1250000149435838432 7 10729
RUNG 5000000662235061001 1250000165558765252 7 6823
RUNG 5000000982004231561 1250000245501057893 11 1839
RUNG 5000000615304898681 1250000153826224671 3 74471
RUNG 5000000639292742561 1250000159823185641 3 1109
RUNG 5000000771314712641 1250000192828678161 3 2153
RUNG 5000000940046435801 1250000235011608951 3 61553
RUNG 5000000550527306809 1250000137631826704 7 144311
RUNG 5000000897351465041 1250000224337866261 3 2027
RUNG 5000000974593670369 1250000243648417594 7 5228
RUNG 5000000882252622481 1250000220563155621 3 71987
RUNG 5000000554066165561 1250000138516541391 3 79283
RUNG 5000000937316232929 1250000234329058233 3 671633
RUNG 5000000699812687321 1250000174953171831 3 47543
RUNG 5000000788090077361 1250000197022519342 7 346
RUNG 5000000813725847521 1250000203431461881 3 2381
RUNG 5000000879183439721 1250000219795859932 7 157
RUNG 5000000584443554881 1250000146110888722 7 356
RUNG 5000000585368599001 1250000146342149751 3 10190321
RUNG 5000000945165836801 1250000236291459206 23 1147
RUNG 5000000800413789769 1250000200103447443 3 170363
RUNG 5000000760665483329 1250000190166370834 7 19
RUNG 5000000935903147441 1250000233975786861 3 419568221
RUNG 5000000653713639961 1250000163428409991 3 7317119
RUNG 5000000694440085721 1250000173610021431 3 269
RUNG 5000000817417865009 1250000204354466255 11 369
RUNG 5000000615313082201 1250000153828270551 3 1433
RUNG 5000000686774272001 1250000171693568005 19 36258725
RUNG 5000000814595765801 1250000203648941453 11 45099
RUNG 5000000861542265881 1250000215385566471 3 2033639
RUNG 5000000612907559921 1250000153226889981 3 27191
RUNG 5000000692336789801 1250000173084197452 7 164
RUNG 5000000959888954681 1250000239972238671 3 2897
RUNG 5000000886732872329 1250000221683218083 3 1097
RUNG 5000000646105005041 1250000161526251261 3 1031
RUNG 5000000947883802361 1250000236970950592 7 1117826
RUNG 5000000948882359921 1250000237220589983 11 1373794589
RUNG 5000000751063820441 1250000187765955111 3 8333987
RUNG 5000000794228461961 1250000198557115491 3 2063
RUNG 5000000611482220369 1250000152870555094 7 2866
RUNG 5000000644710295249 1250000161177573815 11 541041
RUNG 5000000840870699689 1250000210217674926 15 9431
RUNG 5000000981973621649 1250000245493405414 7 32014
RUNG 5000000549146907929 1250000137286726983 3 17573147
RUNG 5000000611976394649 1250000152994098663 3 15919247
RUNG 5000000617001855089 1250000154250463774 7 41
RUNG 5000000645821165609 1250000161455291403 3 449
RUNG 5000000884750055809 1250000221187513954 7 41
RUNG 5000000906469194641 1250000226617298662 7 29846
RUNG 5000000614435014241 1250000153608753562 7 458
RUNG 5000000912076639121 1250000228019159782 7 41
RUNG 5000000973991291921 1250000243497822982 7 13397
RUNG 5000000621604618529 1250000155401154635 11 285
RUNG 5000000976070089889 1250000244017522473 3 2865623
RUNG 5000000661426440881 1250000165356610223 11 53524822080545576852792403
RUNG 5000000551922046841 1250000137980511712 7 111068
RUNG 5000000677824023041 1250000169456005761 3 332923247
RUNG 5000000918668346761 1250000229667086692 7 118
RUNG 5000000545224155689 1250000136306038924 7 68
RUNG 5000000569436623969 1250000142359155994 7 68
RUNG 5000000688248638081 1250000172062159521 3 9431
RUNG 5000000627638849561 1250000156909712393 11 30201
RUNG 5000000946090903769 1250000236522725944 7 202
RUNG 5000000981738796049 1250000245434699013 3 14591
RUNG 5000000804485641529 1250000201121410383 3 89
RUNG 5000000674089137161 1250000168522284293 11 220588265033344287
RUNG 5000000690125277281 1250000172531319323 11 12223
RUNG 5000000851566918289 1250000212891729574 7 2644
RUNG 5000000926632308809 1250000231658077205 11 303
RUNG 5000000955798766129 1250000238949691535 11 5121
RUNG 5000000633438250001 1250000158359562504 15 206
RUNG 5000000824011633001 1250000206002908251 3 870228413
RUNG 5000000693557949689 1250000173389487423 3 89
RUNG 5000000816848156849 1250000204212039215 11 117
RUNG 5000000850690885769 1250000212672721444 7 146
RUNG 5000000853764155969 1250000213441038993 3 242483
RUNG 5000000825328752161 1250000206332188041 3 250709
RUNG 5000000869165226401 1250000217291306602 7 173
RUNG 5000000615002719481 1250000153750679872 7 89
RUNG 5000000693408887321 1250000173352221831 3 6263
RUNG 5000000782351981849 1250000195587995463 3 18587
RUNG 5000000868430093969 1250000217107523493 3 929
RUNG 5000000643309479161 1250000160827369791 3 109661
RUNG 5000000692083604561 1250000173020901141 3 20051
RUNG 5000000718589283761 1250000179647320942 7 23014918
RUNG 5000000868928352641 1250000217232088162 7 95714
RUNG 5000000973495094921 1250000243373773731 3 2828543
RUNG 5000000986172080729 1250000246543020185 11 62295
RUNG 5000000646270439681 1250000161567609922 7 10224119
RUNG 5000000736191671081 1250000184047917772 7 8669
RUNG 5000000539692288601 1250000134923072151 3 1097
RUNG 5000000734335457321 1250000183583864331 3 122069
RUNG 5000000738372570401 1250000184593142605 19 180500075
RUNG 5000000853010653961 1250000213252663492 7 1084
RUNG 5000000552314138849 1250000138078534714 7 93337
RUNG 5000000555575276969 1250000138893819246 15 20486
RUNG 5000000652141307201 1250000163035326803 11 39343
RUNG 5000000801561458729 1250000200390364684 7 122869
RUNG 5000000802194491129 1250000200548622786 15 2262956
RUNG 5000000611418947369 1250000152854736843 3 20297
RUNG 5000000732260748449 1250000183065187114 7 62233
RUNG 5000000782096734649 1250000195524183663 3 1709
RUNG 5000000820858737929 1250000205214684487 19 1003
RUNG 5000000908372404169 1250000227093101044 7 178
RUNG 5000000963248145089 1250000240812036274 7 388
RUNG 5000000975412577369 1250000243853144344 7 101
RUNG 5000000575238084329 1250000143809521086 15 596
RUNG 5000000897384188609 1250000224346047155 11 10645
RUNG 5000000582162642809 1250000145540660703 3 197
RUNG 5000000627677672369 1250000156919418093 3 102359
RUNG 5000000648042937289 1250000162010734324 7 99904969
RUNG 5000000889740833729 1250000222435208433 3 929
RUNG 5000000546345261521 1250000136586315382 7 439
RUNG 5000000879158983289 1250000219789745824 7 1354
RUNG 5000000951461493881 1250000237865373471 3 10913663
RUNG 5000000773579389601 1250000193394847404 15 71096
RUNG 5000000847915771721 1250000211978942931 3 26339
RUNG 5000000914161594961 1250000228540398743 11 9489
RUNG 5000000662457704201 1250000165614426051 3 167249
RUNG 5000000721476744281 1250000180369186074 15 7796
RUNG 5000000666870554489 1250000166717638624 7 9278
RUNG 5000000681397627049 1250000170349406764 7 31
RUNG 5000000836010685649 1250000209002671416 15 7736
RUNG 5000000685087595009 1250000171271898755 11 2221
RUNG 5000000915603285881 1250000228900821471 3 1039951313
RUNG 5000000542959575521 1250000135739893882 7 1354
RUNG 5000000713132978921 1250000178283244731 3 6449
RUNG 5000000881182660721 1250000220295665182 7 269
RUNG 5000000807242435201 1250000201810608802 7 323956
RUNG 5000000829280130881 1250000207320032721 3 89
RUNG 5000000999962002841 1250000249990500712 7 163673
RUNG 5000000961863664409 1250000240465916104 7 2153542
RUNG 5000000630851024801 1250000157712756201 3 2309
RUNG 5000000730073748569 1250000182518437147 19 349095943
RUNG 5000000910894348769 1250000227723587195 11 1205
RUNG 5000000570255530849 1250000142563882714 7 15161
RUNG 5000000596324214209 1250000149081053554 7 19
RUNG 5000000714787038689 1250000178696759673 3 113
RUNG 5000000597349320809 1250000149337330204 7 404
RUNG 5000000720237245969 1250000180059311493 3 1833179
RUNG 5000000840519529289 1250000210129882323 3 9579203
RUNG 5000000991940879369 1250000247985219844 7 33974
RUNG 5000000726089734121 1250000181522433532 7 908
RUNG 5000000965443368641 1250000241360842161 3 6388061
RUNG 5000000969721442441 1250000242430360611 3 591749
RUNG 5000000663002950721 1250000165750737681 3 10343
RUNG 5000000998111924921 1250000249527981233 11 138888916614220137
RUNG 5000000545983849961 1250000136495962491 3 89
RUNG 5000000618114828881 1250000154528707222 7 181
RUNG 5000000711532032761 1250000177883008191 3 2050571
RUNG 5000000922382872961 1250000230595718244 15 10916
RUNG 5000000712087468481 1250000178021867121 3 1518749
RUNG 5000000879816550001 1250000219954137503 11 153
RUNG 5000000564746115041 1250000141186528761 3 269
RUNG 5000000650178942521 1250000162544735632 7 92762
RUNG 5000000640507841201 1250000160126960301 3 7817
RUNG 5000000731682885161 1250000182920721291 3 1433
RUNG 5000000869457281921 1250000217364320481 3 2777
RUNG 5000000982059451601 1250000245514862901 3 241795679
RUNG 5000000901098692129 1250000225274673034 7 100124
RUNG 5000000568975182401 1250000142243795601 3 269
RUNG 5000000839631248081 1250000209907812022 7 1762
RUNG 5000000755011152881 1250000188752788230 39 365
RUNG 5000000551527996169 1250000137881999046 15 1466
RUNG 5000000567911283281 1250000141977820823 11 1127141697004347
RUNG 5000000891421476329 1250000222855369083 3 376709
RUNG 5000000543551795609 1250000135887948906 15 21721646
RUNG 5000000578197046249 1250000144549261563 3 56591
RUNG 5000000737833523249 1250000184458380815 11 54885
RUNG 5000000766440461609 1250000191610115403 3 197
RUNG 5000000755452244441 1250000188863061111 3 108293
RUNG 5000000777420510761 1250000194355127691 3 137
RUNG 5000000811269367121 1250000202817341781 3 197
RUNG 5000000643125752489 1250000160781438123 3 141629
RUNG 5000000994611887489 1250000248652971874 7 19
RUNG 5000000668191793609 1250000167047948404 7 188
RUNG 5000000692404261889 1250000173101065474 7 11717
RUNG 5000000857203016009 1250000214300754004 7 84713
RUNG 5000000581586836081 1250000145396709024 15 641
RUNG 5000000608392696481 1250000152098174122 7 1594
RUNG 5000000604116667361 1250000151029166842 7 22073036
RUNG 5000000903269401481 1250000225817350372 7 346
RUNG 5000000975394254281 1250000243848563572 7 59209
RUNG 5000000704413505729 1250000176103376433 3 1721
RUNG 5000000545459070761 1250000136364767691 3 101
RUNG 5000000670097025881 1250000167524256471 3 485207
RUNG 5000000671477445089 1250000167869361276 15 296
RUNG 5000000942307084169 1250000235576771043 3 2927
RUNG 5000000985279773929 1250000246319943483 3 269
RUNG 5000000629715691961 1250000157428922994 15 108941969446481
RUNG 5000000731762556881 1250000182940639222 7 724
RUNG 5000000758456103761 1250000189614025946 23 1124
RUNG 5000000567270109241 1250000141817527315 19 1205
RUNG 5000000824928590321 1250000206232147581 3 2411
RUNG 5000000832798613489 1250000208199653374 7 236
RUNG 5000000887169970529 1250000221792492633 3 4001
RUNG 5000000940759226249 1250000235189806564 7 61
RUNG 5000000582383248649 1250000145595812163 3 797
RUNG 5000000602928213089 1250000150732053273 3 10337
RUNG 5000000929221700609 1250000232305425154 7 12043
RUNG 5000000991528425089 1250000247882106277 19 20581153857470819400131881635991
RUNG 5000000578697366761 1250000144674341692 7 68
RUNG 5000000630273171041 1250000157568292761 3 4787
RUNG 5000000931968245009 1250000232992061254 7 62
RUNG 5000000687621823601 1250000171905455901 3 687179
RUNG 5000000960940710209 1250000240235177553 3 89
RUNG 5000000957228282329 1250000239307070585 11 2235
RUNG 5000000712195735409 1250000178048933855 11 285
RUNG 5000000756381396929 1250000189095349233 3 16189133
RUNG 5000000788016680609 1250000197004170154 7 214913
RUNG 5000000818657490809 1250000204664372703 3 9533
RUNG 5000000898364438849 1250000224591109713 3 2273
RUNG 5000000631222725209 1250000157805681305 11 1613
RUNG 5000000646482890129 1250000161620722537 19 3758747
RUNG 5000000687558524729 1250000171889631187 19 149132153
RUNG 5000000712953334169 1250000178238333544 7 5414
RUNG 5000000713455676009 1250000178363919003 3 21599
RUNG 5000000739481475809 1250000184870368954 7 353
RUNG 5000000671442745721 1250000167860686434 15 3701
RUNG 5000000679484299241 1250000169871074811 3 8387
RUNG 5000000697203080321 1250000174300770081 3 149
RUNG 5000000812858100449 1250000203214525115 11 226365
RUNG 5000000945982772129 1250000236495693033 3 89
RUNG 5000000556222681601 1250000139055670402 7 73
RUNG 5000000756608066801 1250000189152016702 7 206
RUNG 5000000895748588321 1250000223937147082 7 13331
RUNG 5000000888662710529 1250000222165677633 3 13259
RUNG 5000000749134201721 1250000187283550432 7 47
RUNG 5000000972039204041 1250000243009801011 3 32573
RUNG 5000000735213615569 1250000183803403893 3 444113
RUNG 5000000613105750121 1250000153276437534 15 596
RUNG 5000000758443863041 1250000189610965762 7 41
RUNG 5000000938447647001 1250000234611911752 7 55474
RUNG 5000000955735557641 1250000238933889415 19 6265
RUNG 5000000726833084561 1250000181708271142 7 8258
RUNG 5000000615948270689 1250000153987067673 3 636653
RUNG 5000000654256942049 1250000163564235514 7 97
RUNG 5000000898054055609 1250000224513513904 7 41
RUNG 5000000953428054289 1250000238357013575 11 102495
RUNG 5000000801453313769 1250000200363328443 3 6491
RUNG 5000000538793878601 1250000134698469651 3 7373711
RUNG 5000000635225133521 1250000158806283383 11 37017
RUNG 5000000888789324401 1250000222197331103 11 61475420763803169
RUNG 5000000689210547329 1250000172302636833 3 7853
RUNG 5000000983031514769 1250000245757878693 3 4259
RUNG 5000000666592913921 1250000166648228481 3 178859
RUNG 5000000718934483201 1250000179733620802 7 1341983
RUNG 5000000543221025521 1250000135805256383 11 61
RUNG 5000000697103033801 1250000174275758451 3 173
RUNG 5000000937273484321 1250000234318371081 3 27737
RUNG 5000000752027785001 1250000188006946252 7 124
RUNG 5000000957789861521 1250000239447465383 11 369
RUNG 5000000623454821609 1250000155863705407 19 68897646386188487
RUNG 5000000746301905969 1250000186575476493 3 7841
RUNG 5000000634916793521 1250000158729198382 7 236
RUNG 5000000637062977561 1250000159265744391 3 2957
RUNG 5000000630936858089 1250000157734214523 3 24989
RUNG 5000000675394110929 1250000168848527734 7 31804
RUNG 5000000881558469329 1250000220389617334 7 409
RUNG 5000000717231427961 1250000179307856992 7 1672982
RUNG 5000000777592088321 1250000194398022082 7 292465078
RUNG 5000000960289323041 1250000240072330761 3 148439
RUNG 5000000859825042289 1250000214956260573 3 16691
RUNG 5000000977963182409 1250000244490795604 7 62494
RUNG 5000000563712906161 1250000140928226544 15 146
RUNG 5000000678130450001 1250000169532612501 3 15959
RUNG 5000000871219626281 1250000217804906573 11 681
RUNG 5000000875254697321 1250000218813674331 3 4451
RUNG 5000000540882900809 1250000135220725203 3 48711623
RUNG 5000000998205926969 1250000249551481745 11 5928005
RUNG 5000000577880582849 1250000144470145713 3 564907043
RUNG 5000000922703543201 1250000230675885802 7 59
RUNG 5000000903922902329 1250000225980725583 3 2423
RUNG 5000000935682750449 1250000233920687615 11 151
RUNG 5000000889900215761 1250000222475053941 3 1061
RUNG 5000000748525702529 1250000187131425634 7 68
RUNG 5000000986358017249 1250000246589504314 7 47
RUNG 5000000629495195921 1250000157373798981 3 13103
RUNG 5000000769087008689 1250000192271752174 7 388
RUNG 5000000823668695849 1250000205917173964 7 28486
RUNG 5000000864860726729 1250000216215181685 11 8879119
RUNG 5000000951136916729 1250000237784229184 7 8053
RUNG 5000000987530153609 1250000246882538404 7 3772387
RUNG 5000000552551130569 1250000138137782643 3 477503501
RUNG 5000000839741594129 1250000209935398533 3 797
RUNG 5000000924053341649 1250000231013335414 7 1322
RUNG 5000000622864695449 1250000155716173863 3 2736221
RUNG 5000000874125465209 1250000218531366303 3 353
RUNG 5000000781057450529 1250000195264362635 11 163182095
RUNG 5000000551399422409 1250000137849855607 19 4011499641383951
RUNG 5000000782045798369 1250000195511449594 7 3701
RUNG 5000000920159173769 1250000230039793443 3 549749
RUNG 5000000567129258161 1250000141782314542 7 116122
RUNG 5000000703249602521 1250000175812400633 11 815121
RUNG 5000000780079315481 1250000195019828871 3 101
RUNG 5000000674902004489 1250000168725501124 7 857
RUNG 5000000736737017729 1250000184184254433 3 1196309
RUNG 5000000535714516721 1250000133928629184 15 55631
RUNG 5000000867045716921 1250000216761429232 7 74714
RUNG 5000000964220274401 1250000241055068602 7 1438
RUNG 5000000574027272641 1250000143506818161 3 257
RUNG 5000000813597363401 1250000203399340851 3 197
RUNG 5000000826211044481 1250000206552761121 3 2039
RUNG 5000000685904518529 1250000171476129634 7 563
RUNG 5000000886588041569 1250000221647010394 7 94
RUNG 5000000661142742641 1250000165285685662 7 124
RUNG 5000000676786811081 1250000169196702771 3 13163069
RUNG 5000000611165858201 1250000152791464552 7 61
RUNG 5000000745487165321 1250000186371791334 15 7255775741
RUNG 5000000814669438481 1250000203667359622 7 467
RUNG 5000000570163738049 1250000142540934513 3 2927
RUNG 5000000785811330209 1250000196452832554 7 229
RUNG 5000000969072167969 1250000242268041994 7 292
RUNG 5000000901556206001 1250000225389051501 3 401
RUNG 5000000634326683561 1250000158581670891 3 149
RUNG 5000000858654987761 1250000214663746942 7 1084
RUNG 5000000650709970721 1250000162677492682 7 364388
RUNG 5000000733890428249 1250000183472607066 15 243596
RUNG 5000000902393442929 1250000225598360734 7 857
RUNG 5000000829531414001 1250000207382853501 3 516821
RUNG 5000000968171635721 1250000242042908931 3 1806971
RUNG 5000000624994562009 1250000156248640505 11 10357005
RUNG 5000000745860867569 1250000186465216893 3 134999
RUNG 5000000637391788001 1250000159347947002 7 103
RUNG 5000000715920479201 1250000178980119801 3 5279
RUNG 5000000621267841289 1250000155316960325 11 41
RUNG 5000000674013735329 1250000168503433833 3 257
RUNG 5000000722787860729 1250000180696965183 3 198599
RUNG 5000000972992895809 1250000243248223954 7 141072686
RUNG 5000000752483207249 1250000188120801813 3 320057
RUNG 5000000872281525889 1250000218070381475 11 285
RUNG 5000000740625081689 1250000185156270423 3 1055771
RUNG 5000000841324200209 1250000210331050054 7 313
RUNG 5000000989486455481 1250000247371613871 3 55103
RUNG 5000000829935745001 1250000207483936252 7 31
RUNG 5000000583978153601 1250000145994538401 3 224153
RUNG 5000000756475398521 1250000189118849632 7 68
RUNG 5000000799852412201 1250000199963103052 7 68
RUNG 5000000983891267201 1250000245972816801 3 995381
RUNG 5000000673756442561 1250000168439110642 7 73
RUNG 5000000715299704321 1250000178824926081 3 113
RUNG 5000000743767783961 1250000185941945991 3 353
RUNG 5000000774665891201 1250000193666472802 7 282922
RUNG 5000000822831489521 1250000205707872381 3 28202159
RUNG 5000000631561771889 1250000157890442976 15 86
RUNG 5000000800734575689 1250000200183643923 3 401
RUNG 5000000677131936961 1250000169282984242 7 188
RUNG 5000000771439470449 1250000192859867613 3 5717
RUNG 5000000766589626001 1250000191647406503 11 1251251443090497
RUNG 5000000909001497281 1250000227250374321 3 557
RUNG 5000000890394428921 1250000222598607232 7 24394516
RUNG 5000000951212506241 1250000237803126561 3 13391237
RUNG 5000000685461421049 1250000171365355265 11 5517
RUNG 5000000977985693089 1250000244496423273 3 55469
RUNG 5000000658927154609 1250000164731788653 3 2087
RUNG 5000000791367742889 1250000197841935723 3 101
RUNG 5000000954375627929 1250000238593906984 7 11946646
RUNG 5000000998377505849 1250000249594376464 7 19
RUNG 5000000656658450041 1250000164164612512 7 31
RUNG 5000000629084786081 1250000157271196521 3 149
RUNG 5000000743935241801 1250000185983810454 15 7345706
RUNG 5000000798888580241 1250000199722145062 7 4200187
RUNG 5000000950616236321 1250000237654059082 7 47
RUNG 5000000999106518161 1250000249776629541 3 2657
RUNG 5000000550507087241 1250000137626771811 3 11909
RUNG 5000000945286512281 1250000236321628072 7 5078
RUNG 5000000581121351569 1250000145280337894 7 6452
RUNG 5000000680376747809 1250000170094186956 15 15956
RUNG 5000000682386115169 1250000170596528793 3 196499
RUNG 5000000827440384529 1250000206860096134 7 236
RUNG 5000000553421080601 1250000138355270152 7 188
RUNG 5000000570717159401 1250000142679289852 7 2477
RUNG 5000000702355225961 1250000175588806493 11 2529
RUNG 5000000573104304329 1250000143276076084 7 76
RUNG 5000000798357652649 1250000199589413164 7 19508
RUNG 5000000943001473049 1250000235750368264 7 1109
RUNG 5000000807391640801 1250000201847910202 7 5194951
RUNG 5000000918835973801 1250000229708993453 11 3196523853
RUNG 5000000799813630769 1250000199953407693 3 3821
RUNG 5000000963815989289 1250000240953997323 3 37053197
RUNG 5000000582765200489 1250000145691300123 3 27011
RUNG 5000000760416554369 1250000190104138593 3 3089
RUNG 5000000862475671529 1250000215618917883 3 3863
RUNG 5000000785323319801 1250000196330829951 3 2477
RUNG 5000000796131837521 1250000199032959381 3 6659
RUNG 5000000646384960841 1250000161596240211 3 2309
RUNG 5000000789519712601 1250000197379928153 11 11203477
RUNG 5000000931682453321 1250000232920613331 3 7331
RUNG 5000000586563400289 1250000146640850073 3 1823
RUNG 5000000893561652449 1250000223390413113 3 2069
RUNG 5000000756673501121 1250000189168375282 7 2887
RUNG 5000000707803403129 1250000176950850783 3 401
RUNG 5000000765834095849 1250000191458523963 3 173
RUNG 5000000896792163089 1250000224198040773 3 48299
RUNG 5000000914057611289 1250000228514402823 3 32933
RUNG 5000000992241196769 1250000248060299194 7 97
RUNG 5000000665218701041 1250000166304675263 11 153
RUNG 5000000696470081201 1250000174117520302 7 38524
RUNG 5000000931627323521 1250000232906830883 11 153
RUNG 5000000571139877689 1250000142784969426 15 146
RUNG 5000000883126832969 1250000220781708245 11 38277
RUNG 5000000997476988889 1250000249369247224 7 404
RUNG 5000000617140913609 1250000154285228404 7 61
RUNG 5000000667240322969 1250000166810080743 3 389
RUNG 5000000668839240289 1250000167209810073 3 1194797
RUNG 5000000906941104289 1250000226735276073 3 2273
RUNG 5000000554564640641 1250000138641160163 11 234900371
RUNG 5000000621300549881 1250000155325137472 7 2351
RUNG 5000000747708952001 1250000186927238003 11 1351096353
RUNG 5000000938247620321 1250000234561905083 11 55431
RUNG 5000000939411583121 1250000234852895784 15 1511
RUNG 5000000694327984409 1250000173581996103 3 59009
RUNG 5000000749418139529 1250000187354534884 7 124
RUNG 5000000951859859009 1250000237964964755 11 109
RUNG 5000000954984180209 1250000238746045055 11 285
RUNG 5000000985966012049 1250000246491503014 7 3436
RUNG 5000000616910166641 1250000154227541661 3 447509
RUNG 5000000655169828081 1250000163792457021 3 13463
RUNG 5000000887960347361 1250000221990086841 3 966820793
RUNG 5000000909640686041 1250000227410171511 3 941
RUNG 5000000982180072961 1250000245545018244 15 2696
RUNG 5000000802997189201 1250000200749297301 3 23099
RUNG 5000000732785728121 1250000183196432033 11 3110379
RUNG 5000000973129752041 1250000243282438015 19 88583391912865
RUNG 5000000981904398089 1250000245476099524 7 9614986
RUNG 5000000547023392681 1250000136755848171 3 1094129
RUNG 5000000933924627401 1250000233481156851 3 17387
RUNG 5000000786215706209 1250000196553926554 7 68
RUNG 5000000871411657721 1250000217852914431 3 5393
RUNG 5000000880353750881 1250000220088437721 3 874103
RUNG 5000000717219259481 1250000179304814872 7 97
RUNG 5000000741764580281 1250000185441145072 7 62
RUNG 5000000875346668921 1250000218836667231 3 310127
RUNG 5000000778023043241 1250000194505760811 3 726689
RUNG 5000000762101258489 1250000190525314624 7 1252
RUNG 5000000897576318209 1250000224394079554 7 188
RUNG 5000000550725614729 1250000137681403689 27 6287
RUNG 5000000988841212649 1250000247210303163 3 901367
RUNG 5000000635929735361 1250000158982433841 3 389117
RUNG 5000000577272137369 1250000144318034344 7 566
RUNG 5000000808143137729 1250000202035784435 11 285
RUNG 5000000812249680169 1250000203062420043 3 377681
RUNG 5000000794920928801 1250000198730232202 7 31
RUNG 5000000949015309241 1250000237253827312 7 206
RUNG 5000000536653921241 1250000134163480311 3 401
RUNG 5000000633897909929 1250000158474477484 7 622
RUNG 5000000724858539689 1250000181214634923 3 1553
RUNG 5000000785874694889 1250000196468673723 3 89
RUNG 5000000980301407369 1250000245075351844 7 188
RUNG 5000000562937021009 1250000140734255253 3 4073
RUNG 5000000703349733449 1250000175837433363 3 101
RUNG 5000000833019273449 1250000208254818365 11 6429249
RUNG 5000000881409495641 1250000220352373911 3 15083
RUNG 5000000923845128881 1250000230961282221 3 207430313
RUNG 5000000832159575089 1250000208039893773 3 1619
RUNG 5000000932668783889 1250000233167195975 11 1251
RUNG 5000000588325705169 1250000147081426293 3 3441653
RUNG 5000000685077560369 1250000171269390096 15 911
RUNG 5000000812196593681 1250000203049148423 11 22497
RUNG 5000000710123182481 1250000177530795621 3 378083891
RUNG 5000000848524486289 1250000212131121575 11 41
RUNG 5000000847321725281 1250000211830431322 7 494618
RUNG 5000000731350193321 1250000182837548331 3 4001
RUNG 5000000574650170681 1250000143662542673 11 8513
RUNG 5000000963493385441 1250000240873346361 3 1409
RUNG 5000000544007319041 1250000136001829761 3 668961977
RUNG 5000000996607106681 1250000249151776671 3 137
RUNG 5000000562438772489 1250000140609693128 23 1262
RUNG 5000000606381431249 1250000151595357813 3 101
RUNG 5000000850725811529 1250000212681452885 11 918777
RUNG 5000000594378321401 1250000148594580353 11 141237
RUNG 5000000650152559921 1250000162538139981 3 1362719
RUNG 5000000780612369401 1250000195153092354 15 16901
RUNG 5000000859365684041 1250000214841421014 15 549356
RUNG 5000000735658901561 1250000183914725391 3 149
RUNG 5000000940465303529 1250000235116325884 7 42838
RUNG 5000000665825218769 1250000166456304693 3 389
RUNG 5000000815329093841 1250000203832273462 7 47
RUNG 5000000968959931489 1250000242239982875 11 3489
RUNG 5000000992606754689 1250000248151688675 11 407343
RUNG 5000000984648926369 1250000246162231593 3 149
RUNG 5000000703310950481 1250000175827737622 7 107362
RUNG 5000000806146042841 1250000201536510711 3 187393733
RUNG 5000000858236441201 1250000214559110302 7 2194
RUNG 5000000566433010121 1250000141608252531 3 148367
RUNG 5000000692351323409 1250000173087830853 3 6459029
RUNG 5000000608243779961 1250000152060944991 3 28211129
RUNG 5000000741578781761 1250000185394695441 3 1061
RUNG 5000000664720480409 1250000166180120105 11 85
RUNG 5000000694127898449 1250000173531974615 11 85
RUNG 5000000713049441089 1250000178262360275 11 85
RUNG 5000000579504112361 1250000144876028092 7 12316
RUNG 5000000625251934481 1250000156312983622 7 94
RUNG 5000000821532819281 1250000205383204821 3 389
RUNG 5000000697830121481 1250000174457530373 11 357099
RUNG 5000000723437303081 1250000180859325771 3 33287
RUNG 5000000761942009321 1250000190485502332 7 11212
RUNG 5000000649368429329 1250000162342107333 3 14701451
RUNG 5000000683817646049 1250000170954411519 27 33983507669
RUNG 5000000858671405129 1250000214667851287 19 32562907608139
RUNG 5000000939746519249 1250000234936629813 3 5867
RUNG 5000000991399921049 1250000247849980264 7 31
RUNG 5000000568332117209 1250000142083029305 11 116695
RUNG 5000000619797651329 1250000154949412834 7 1636
RUNG 5000000764378167409 1250000191094541855 11 3615
RUNG 5000000867211217729 1250000216802804433 3 4721
RUNG 5000000894386686049 1250000223596671513 3 269
RUNG 5000000906304031489 1250000226576007873 3 73043
RUNG 5000000939027722489 1250000234756930624 7 124
RUNG 5000000880858171169 1250000220214542796 15 1016
RUNG 5000000934218718409 1250000233554679604 7 97
RUNG 5000000905127818489 1250000226281954624 7 283
RUNG 5000000929174881529 1250000232293720385 11 1605
RUNG 5000000837632270681 1250000209408067673 11 4297479
RUNG 5000000612048112841 1250000153012028211 3 2549
RUNG 5000000843162115961 1250000210790528991 3 513593
RUNG 5000000615384806441 1250000153846201611 3 267241361
RUNG 5000000564223536881 1250000141055884222 7 16708
RUNG 5000000811876021961 1250000202969005493 11 2077833
RUNG 5000000725015809529 1250000181253952384 7 622
RUNG 5000000730204633169 1250000182551158293 3 4149137
RUNG 5000000710831801921 1250000177707950481 3 10889
RUNG 5000000777218522321 1250000194304630582 7 439
RUNG 5000000789423795401 1250000197355948852 7 121056458
RUNG 5000000959456298041 1250000239864074511 3 11717
RUNG 5000000717823748081 1250000179455937023 11 13323
RUNG 5000000949280813921 1250000237320203482 7 61417492
RUNG 5000000568695609569 1250000142173902394 7 740682836
RUNG 5000000807416211689 1250000201854052924 7 82
RUNG 5000000994814222489 1250000248703555623 3 21011
RUNG 5000000598090776041 1250000149522694015 19 145
RUNG 5000000662435457449 1250000165608864364 7 89
RUNG 5000000699821126609 1250000174955281653 3 3719
RUNG 5000000865822642289 1250000216455660574 7 124
RUNG 5000000873272004209 1250000218318001057 19 15822787573645583
RUNG 5000000549604580249 1250000137401145065 11 117
RUNG 5000000770040757121 1250000192510189284 15 47470271
RUNG 5000000648243285161 1250000162060821292 7 5381
RUNG 5000000628249671641 1250000157062417911 3 193463
RUNG 5000000763230561449 1250000190807640364 7 1151
RUNG 5000000979715390009 1250000244928847503 3 353
RUNG 5000000990713817449 1250000247678454364 7 94
RUNG 5000000611627470409 1250000152906867608 23 158
RUNG 5000000749189495009 1250000187297373753 3 149
RUNG 5000000857340017489 1250000214335004374 7 41
RUNG 5000000596747125649 1250000149186781416 15 17348456
RUNG 5000000804963734249 1250000201240933563 3 45044621
RUNG 5000000843535827809 1250000210883956953 3 600983
RUNG 5000000903259371689 1250000225814842925 11 3529415
RUNG 5000000723519013601 1250000180879753402 7 157
RUNG 5000000962678654321 1250000240669663581 3 269
RUNG 5000000705751224209 1250000176437806053 3 113
RUNG 5000000944653569761 1250000236163392443 11 123
RUNG 5000000602119738601 1250000150529934651 3 137
RUNG 5000000648273926681 1250000162068481671 3 17957
RUNG 5000000668271624401 1250000167067906103 11 2439
RUNG 5000000770377708481 1250000192594427122 7 14026
RUNG 5000000900241242809 1250000225060310703 3 9397163
RUNG 5000000714436024049 1250000178609006014 7 5036
RUNG 5000000900400523081 1250000225100130771 3 5171
RUNG 5000000609242377649 1250000152310594413 3 1068591929
RUNG 5000000875851120049 1250000218962780015 11 747
RUNG 5000000632213288321 1250000158053322081 3 1973
RUNG 5000000643871298881 1250000160967824723 11 167001
RUNG 5000000895181077601 1250000223795269401 3 113
RUNG 5000000775932068201 1250000193983017052 7 7292
RUNG 5000000841943053241 1250000210485763311 3 5417
RUNG 5000000664250859569 1250000166062714893 3 73361
RUNG 5000000690301163849 1250000172575290964 7 969869
RUNG 5000000822800971289 1250000205700242824 7 19
RUNG 5000000721329962321 1250000180332490582 7 61
RUNG 5000000536943961481 1250000134235990371 3 3083
RUNG 5000000695896355081 1250000173974088771 3 1229
RUNG 5000000799223579081 1250000199805894774 15 851
RUNG 5000000818292148601 1250000204573037151 3 113
RUNG 5000000636897735569 1250000159224433897 19 4287189781
RUNG 5000000682061534249 1250000170515383566 15 360236
RUNG 5000000757253531129 1250000189313382783 3 173
RUNG 5000000872526689129 1250000218131672284 7 9127
RUNG 5000000913504305809 1250000228376076453 3 2063
RUNG 5000000537148166489 1250000134287041623 3 119489
RUNG 5000000820948843649 1250000205237210914 7 524
RUNG 5000000991326451049 1250000247831612764 7 62
RUNG 5000000548726533529 1250000137181633384 7 22419988
RUNG 5000000718426183649 1250000179606545913 3 58967
RUNG 5000000942968902049 1250000235742225514 7 8502371
RUNG 5000000944725056449 1250000236181264116 15 6589736
RUNG 5000000767941570169 1250000191985392544 7 19417
RUNG 5000000864227840249 1250000216056960066 15 11188076
RUNG 5000000994509992249 1250000248627498065 11 2105245
RUNG 5000000833464508369 1250000208366127093 3 173
RUNG 5000000891129675929 1250000222782418984 7 173
RUNG 5000000998661460289 1250000249665365076 15 26636
RUNG 5000000774794659001 1250000193698664752 7 2446
RUNG 5000000799744303721 1250000199936075931 3 3461
RUNG 5000000665296390601 1250000166324097651 3 690293
RUNG 5000000552912719561 1250000138228179892 7 3461
RUNG 5000000772548415841 1250000193137103963 11 87441903
RUNG 5000000918070312361 1250000229517578091 3 2273
RUNG 5000000973093080161 1250000243273270042 7 94
RUNG 5000000704093109521 1250000176023277381 3 10223
RUNG 5000000869114446241 1250000217278611561 3 157259
RUNG 5000000894564390761 1250000223641097691 3 233
RUNG 5000000991616426849 1250000247904106714 7 122
RUNG 5000000538798142081 1250000134699535521 3 9757817
RUNG 5000000591301032521 1250000147825258132 7 61
RUNG 5000000598417541921 1250000149604385482 7 1132
RUNG 5000000663969067961 1250000165992266991 3 617
RUNG 5000000601309070681 1250000150327267671 3 353
RUNG 5000000859757821241 1250000214939455311 3 4733
RUNG 5000000770428783001 1250000192607195754 15 181315886
RUNG 5000000929895770681 1250000232473942672 7 12164
RUNG 5000000564648328409 1250000141162082104 7 19172
RUNG 5000000690197032601 1250000172549258151 3 2741
RUNG 5000000586873895201 1250000146718473802 7 25882
RUNG 5000000751511328161 1250000187877832042 7 12967
RUNG 5000000911023241561 1250000227755810394 15 6746
RUNG 5000000572144662529 1250000143036165633 3 1127969
RUNG 5000000690217457369 1250000172554364344 7 38
RUNG 5000000898072624889 1250000224518156223 3 16844801
RUNG 5000000968833394969 1250000242208348744 7 245921882
RUNG 5000000811055175689 1250000202763793923 3 48809
RUNG 5000000658465780361 1250000164616445092 7 244
RUNG 5000000752117818841 1250000188029454712 7 4073
RUNG 5000000612630151241 1250000153157537811 3 32531
RUNG 5000000704458648001 1250000176114662001 3 101
RUNG 5000000986184612521 1250000246546153132 7 383
RUNG 5000000994160821289 1250000248540205324 7 724
RUNG 5000000912767151041 1250000228191787762 7 62
RUNG 5000000722765539481 1250000180691384871 3 257
RUNG 5000000772852696601 1250000193213174151 3 26711
RUNG 5000000949854683081 1250000237463670771 3 401
RUNG 5000000979427506361 1250000244856876593 11 13117217803
RUNG 5000000641996732849 1250000160499183213 3 1371947
RUNG 5000000668673943529 1250000167168485883 3 257
RUNG 5000000808384194209 1250000202096048553 3 317
RUNG 5000000819501059969 1250000204875264993 3 92033
RUNG 5000000946530242249 1250000236632560563 3 281867
RUNG 5000000921341680409 1250000230335420103 3 269
RUNG 5000000696854097281 1250000174213524322 7 46868
RUNG 5000000787010163281 1250000196752540821 3 14369
RUNG 5000000739984027649 1250000184996006913 3 192149
RUNG 5000000856613100209 1250000214153275057 19 141691
RUNG 5000000943955235089 1250000235988808774 7 38
RUNG 5000000597996902801 1250000149499225703 11 407323927573
RUNG 5000000633885755801 1250000158471438952 7 62
RUNG 5000000983599403681 1250000245899850925 19 31250006147496273125
RUNG 5000000835312586009 1250000208828146505 11 39855
RUNG 5000000906191794409 1250000226547948608 23 78794887
RUNG 5000000937976147009 1250000234494036753 3 89
RUNG 5000000562855441529 1250000140713860388 23 26608
RUNG 5000000681105893849 1250000170276473465 11 3495
RUNG 5000000596677751009 1250000149169437754 7 76
RUNG 5000000831255053969 1250000207813763493 3 115781
RUNG 5000000890854033409 1250000222713508353 3 809
RUNG 5000000902581469129 1250000225645367283 3 677
RUNG 5000000934369905809 1250000233592476453 3 172127
RUNG 5000000621911240009 1250000155477810003 3 2543
RUNG 5000000663744471449 1250000165936117864 7 68
RUNG 5000000676331606009 1250000169082901503 3 4751
RUNG 5000000794751547649 1250000198687886914 7 68
RUNG 5000000842535283649 1250000210633820914 7 68
RUNG 5000000651835295129 1250000162958823783 3 797
RUNG 5000000661343033921 1250000165335758481 3 1109
RUNG 5000000862661631401 1250000215665407855 19 2675
RUNG 5000000660854987561 1250000165213746892 7 714542
RUNG 5000000712275596801 1250000178068899201 3 515621
RUNG 5000000867268476521 1250000216817119132 7 1186
RUNG 5000000801431066201 1250000200357766552 7 68
RUNG 5000000806568838841 1250000201642209712 7 68
RUNG 5000000923553226361 1250000230888306591 3 16619
RUNG 5000000731452397969 1250000182863099494 7 122
RUNG 5000000780120337721 1250000195030084433 11 117
RUNG 5000000537113495369 1250000134278373844 7 8006
RUNG 5000000631049377409 1250000157762344353 3 35060933
RUNG 5000000661584001649 1250000165396000415 11 3351
RUNG 5000000607073786609 1250000151768446654 7 124
RUNG 5000000786287301089 1250000196571825273 3 9011
RUNG 5000000637696220081 1250000159424055021 3 551207
RUNG 5000000964269467081 1250000241067366772 7 4297
RUNG 5000000777769957961 1250000194442489491 3 25457
RUNG 5000000852267661241 1250000213066915312 7 292
RUNG 5000000912015709601 1250000228003927402 7 3854828
RUNG 5000000552559492769 1250000138139873193 3 101
RUNG 5000000600498424049 1250000150124606014 7 101
RUNG 5000000799523810609 1250000199880952654 7 38
RUNG 5000000666364424561 1250000166591106141 3 53987
RUNG 5000000917239248761 1250000229309812191 3 257
RUNG 5000000748131791081 1250000187032947771 3 8867
RUNG 5000000868087348481 1250000217021837121 3 1511
RUNG 5000000559859789201 1250000139964947301 3 677
RUNG 5000000571589268281 1250000142897317072 7 68
RUNG 5000000676231566329 1250000169057891584 7 62
RUNG 5000000925105191329 1250000231276297835 11 277
RUNG 5000000988665728369 1250000247166432095 11 375905
RUNG 5000000713680538729 1250000178420134685 11 32537
RUNG 5000000791976436409 1250000197994109104 7 9442
RUNG 5000000880933824929 1250000220233456234 7 958
RUNG 5000000846694940321 1250000211673735081 3 1338731
RUNG 5000000963807976361 1250000240951994091 3 79379
RUNG 5000000881762893889 1250000220440723476 15 776
RUNG 5000000553351812089 1250000138337953024 7 31
RUNG 5000000608352118769 1250000152088029694 7 27662
RUNG 5000000623412163769 1250000155853040945 11 95
RUNG 5000000999380316329 1250000249845079084 7 514484
RUNG 5000000549216683201 1250000137304170801 3 1084997
RUNG 5000000756975874841 1250000189243968711 3 104211539
RUNG 5000000688463391209 1250000172115847805 11 1245
RUNG 5000000907429298369 1250000226857324593 3 6518747
RUNG 5000000922683337169 1250000230670834294 7 178
RUNG 5000000810126092681 1250000202531523171 3 265619
RUNG 5000000830736402401 1250000207684100601 3 557
RUNG 5000000766256947889 1250000191564236973 3 10337
RUNG 5000000950336643689 1250000237584160923 3 35771
RUNG 5000000597104567321 1250000149276141831 3 468623
RUNG 5000000866843757329 1250000216710939334 7 3079
RUNG 5000000623287605329 1250000155821901333 3 14248187
RUNG 5000000743461659329 1250000185865414834 7 412
RUNG 5000000773050818929 1250000193262704734 7 293
RUNG 5000000966248223329 1250000241562055833 3 1038041
RUNG 5000000573953962721 1250000143488490684 15 23336
RUNG 5000000760063446281 1250000190015861572 7 31
RUNG 5000000904690929281 1250000226172732321 3 62477
RUNG 5000000915920108081 1250000228980027023 11 79
RUNG 5000000818096182721 1250000204524045683 11 153
RUNG 5000000918570676841 1250000229642669211 3 13685927
RUNG 5000000757821288209 1250000189455322053 3 80747
RUNG 5000000691655108801 1250000172913777201 3 23291
RUNG 5000000584513354729 1250000146128338684 7 3218
RUNG 5000000788909306681 1250000197227326673 11 372363
RUNG 5000000658034963681 1250000164508740922 7 433
RUNG 5000000898687335641 1250000224671833912 7 41698
RUNG 5000000784032916601 1250000196008229151 3 750707
RUNG 5000000740412902249 1250000185103225564 7 38
RUNG 5000000783471357689 1250000195867839424 7 13492
RUNG 5000000594070107641 1250000148517526911 3 681521
RUNG 5000000706543628801 1250000176635907202 7 3242377
RUNG 5000000983411580161 1250000245852895042 7 292
RUNG 5000000709778220689 1250000177444555173 3 52127
RUNG 5000000848920784249 1250000212230196063 3 1481
RUNG 5000000922542453689 1250000230635613424 7 68
RUNG 5000000930530914169 1250000232632728543 3 19997837
RUNG 5000000604455925721 1250000151113981431 3 110567
RUNG 5000000730343607641 1250000182585901912 7 13796
RUNG 5000000706655944721 1250000176663986181 3 224201
RUNG 5000000817017998009 1250000204254499505 11 258455
RUNG 5000000600510707201 1250000150127676801 3 809747
RUNG 5000000782775029441 1250000195693757362 7 388
RUNG 5000000794047090241 1250000198511772561 3 9203
RUNG 5000000727366317689 1250000181841579425 11 194757
RUNG 5000000603908664929 1250000150977166235 11 149
RUNG 5000000658139121209 1250000164534780303 3 313133
RUNG 5000000875595960809 1250000218898990205 11 63795
RUNG 5000000988753565369 1250000247188391344 7 385901
RUNG 5000000716978462969 1250000179244615746 15 12160196
RUNG 5000000898050235169 1250000224512558793 3 7121
RUNG 5000000955276364129 1250000238819091033 3 47170163
RUNG 5000000995908876049 1250000248977219014 7 1594
RUNG 5000000549043136849 1250000137260784215 11 61
RUNG 5000000729822897569 1250000182455724394 7 1321
RUNG 5000000738250396649 1250000184562599164 7 624517
RUNG 5000000904347888209 1250000226086972053 3 257
RUNG 5000000553543796441 1250000138385949112 7 164
RUNG 5000000573427139921 1250000143356784981 3 173
RUNG 5000000818747619161 1250000204686904791 3 149
RUNG 5000000872767745321 1250000218191936331 3 285179
RUNG 5000000914453949881 1250000228613487475 19 145
RUNG 5000000624535322561 1250000156133830641 3 2492549
RUNG 5000000928599162641 1250000232149790661 3 400247
RUNG 5000000763571701241 1250000190892925312 7 479
RUNG 5000000803726375801 1250000200931593951 3 15527
RUNG 5000000657416252489 1250000164354063125 11 19
RUNG 5000000714058358009 1250000178514589503 3 18832337
RUNG 5000000882908519489 1250000220727129874 7 82
RUNG 5000000794484103769 1250000198621025943 3 370103
RUNG 5000000689067873329 1250000172266968334 7 236
RUNG 5000000720435649769 1250000180108912444 7 82
RUNG 5000000736392150329 1250000184098037584 7 124
RUNG 5000000971912875769 1250000242978218946 15 9786116
RUNG 5000000624380130329 1250000156095032583 3 42146849
RUNG 5000000594190611689 1250000148547652923 3 11279
RUNG 5000000937224744929 1250000234306186233 3 89
RUNG 5000000811855742729 1250000202963935683 3 113
RUNG 5000000835471935329 1250000208867983835 11 7541
RUNG 5000000911552219609 1250000227888054903 3 353
RUNG 5000000819315316721 1250000204828829182 7 178
RUNG 5000000716539444001 1250000179134861002 7 1896788
RUNG 5000000728650783241 1250000182162695813 11 1361
RUNG 5000000600063525809 1250000150015881454 7 1123
RUNG 5000000992231181689 1250000248057795423 3 3316517
RUNG 5000000565238575961 1250000141309643991 3 2674121
RUNG 5000000686121217841 1250000171530304463 11 3321
RUNG 5000000835235062721 1250000208808765681 3 521
RUNG 5000000843750369521 1250000210937592381 3 677
RUNG 5000000980021824841 1250000245005456212 7 146284234
RUNG 5000000942860781761 1250000235715195444 15 33537971
RUNG 5000000847323947609 1250000211830986906 15 446
RUNG 5000000735844900241 1250000183961225062 7 1132
RUNG 5000000756410285081 1250000189102571274 15 370466
RUNG 5000000938106922049 1250000234526730513 3 101
RUNG 5000000606493921001 1250000151623480251 3 4241
RUNG 5000000647475621761 1250000161868905441 3 113
RUNG 5000000882402113561 1250000220600528391 3 212999
RUNG 5000000776091470081 1250000194022867521 3 1338851
RUNG 5000000649029618761 1250000162257404693 11 235309
RUNG 5000000879872030561 1250000219968007642 7 101
RUNG 5000000544528222601 1250000136132055653 11 433397219
RUNG 5000000875481645401 1250000218870411352 7 101
RUNG 5000000607302575081 1250000151825643771 3 364523
RUNG 5000000608237829401 1250000152059457353 11 153750018703313254419
RUNG 5000000862676013401 1250000215669003352 7 3955444
RUNG 5000000669878850689 1250000167469712673 3 1021199
RUNG 5000000950761452689 1250000237690363173 3 89
RUNG 5000000632717807369 1250000158179451843 3 4421
RUNG 5000000630071325881 1250000157517831473 11 209021
RUNG 5000000681626709761 1250000170406677443 11 747
RUNG 5000000687444481721 1250000171861120432 7 118
RUNG 5000000614466056369 1250000153616514093 3 42293
RUNG 5000000814298049569 1250000203574512393 3 9341
RUNG 5000000879631077329 1250000219907769334 7 538
RUNG 5000000570306942929 1250000142576735736 15 131
RUNG 5000000868969587209 1250000217242396803 3 4358843
RUNG 5000000571566883481 1250000142891720872 7 122
RUNG 5000000676834045481 1250000169208511372 7 101
RUNG 5000000719104273481 1250000179776068371 3 2038577
RUNG 5000000827238459641 1250000206809614913 11 38601
RUNG 5000000834591845681 1250000208647961423 11 93145432214347709383409
RUNG 5000000928923884129 1250000232230971036 15 596
RUNG 5000000544793697881 1250000136198424471 3 16529
RUNG 5000000697836427721 1250000174459106932 7 94
RUNG 5000000751437935681 1250000187859483923 11 6099427003
RUNG 5000000574572768209 1250000143643192053 3 1493
RUNG 5000000608636037449 1250000152159009363 3 3011
RUNG 5000000925203288449 1250000231300822114 7 38
RUNG 5000000830415876041 1250000207603969011 3 9377
RUNG 5000000853993269881 1250000213498317471 3 5741
RUNG 5000000877227601001 1250000219306900251 3 927821
RUNG 5000000922130018561 1250000230532504641 3 339887
RUNG 5000000700638108881 1250000175159527221 3 101
RUNG 5000000852729248081 1250000213182312022 7 9442
RUNG 5000000918917890601 1250000229729472654 15 2782361
RUNG 5000000686219266289 1250000171554816573 3 380729
RUNG 5000000777859898441 1250000194464974612 7 68
RUNG 5000000864201433721 1250000216050358431 3 62141
RUNG 5000000909395863001 1250000227348965751 3 197
RUNG 5000000596055035561 1250000149013758894 15 1435687046
RUNG 5000000924084257081 1250000231021064272 7 221267126
RUNG 5000000622591346681 1250000155647836672 7 736657
RUNG 5000000698986105121 1250000174746526281 3 353
RUNG 5000000848583915329 1250000212145978835 11 107
RUNG 5000000689782634561 1250000172445658643 11 182331
RUNG 5000000562455315041 1250000140613828761 3 233
RUNG 5000000578150434481 1250000144537608621 3 66407843
RUNG 5000000671643193841 1250000167910798461 3 281
RUNG 5000000830718109841 1250000207679527461 3 173
RUNG 5000000891186998321 1250000222796749581 3 21383
RUNG 5000000546962358809 1250000136740589704 7 96911
RUNG 5000000598779124409 1250000149694781104 7 76
RUNG 5000000548847162401 1250000137211790601 3 111791
RUNG 5000000628846123289 1250000157211530827 19 14334865991090383329958027236433981
RUNG 5000000764997098249 1250000191249274565 11 6057
RUNG 5000000795102893969 1250000198775723494 7 1046
RUNG 5000000822756199649 1250000205689049915 11 19455
RUNG 5000000964555457249 1250000241138864314 7 213412
RUNG 5000000599675583329 1250000149918895834 7 566
RUNG 5000000739763611409 1250000184940902857 19 954927566799773
RUNG 5000000710299017641 1250000177574754411 3 761
RUNG 5000000714391265801 1250000178597816454 15 311
RUNG 5000000880870618841 1250000220217654711 3 66851
RUNG 5000000549847767689 1250000137461941924 7 768479
RUNG 5000000601076426009 1250000150269106503 3 257
RUNG 5000000747760243289 1250000186940060824 7 19
RUNG 5000000804206312969 1250000201051578249 27 255389537
RUNG 5000000847959062009 1250000211989765503 3 149
RUNG 5000000644900646641 1250000161225161661 3 269663
RUNG 5000000691167146921 1250000172791786732 7 388
RUNG 5000000716451686201 1250000179112921551 3 2549
RUNG 5000000726467892401 1250000181616973102 7 202058503
RUNG 5000000901809699041 1250000225452424761 3 7211
RUNG 5000000947506470161 1250000236876617541 3 253601
RUNG 5000000949313675561 1250000237328418891 3 64937
RUNG 5000000568399702889 1250000142099925723 3 8047337
RUNG 5000000758286960449 1250000189571740115 11 28839
RUNG 5000000760181973569 1250000190045493394 7 1588
RUNG 5000000663389278121 1250000165847319531 3 1889
RUNG 5000000688259283281 1250000172064820823 11 135088773
RUNG 5000000616387646489 1250000154096911624 7 38
RUNG 5000000825782512169 1250000206445628044 7 479
RUNG 5000000563078151401 1250000140769537851 3 358079
RUNG 5000000677089328681 1250000169272332172 7 32534
RUNG 5000000798762240041 1250000199690560012 7 719
RUNG 5000000785591082569 1250000196397770644 7 14534054
RUNG 5000000915783384809 1250000228945846203 3 232835777
RUNG 5000000977918577929 1250000244479644483 3 1420949
RUNG 5000000984530704601 1250000246132676152 7 271
RUNG 5000000823193209121 1250000205798302283 11 624450177
RUNG 5000000793943028329 1250000198485757084 7 68
RUNG 5000000827624436089 1250000206906109024 7 68
RUNG 5000000846111024209 1250000211527756053 3 11273
RUNG 5000000939166787009 1250000234791696754 7 68
RUNG 5000000808557912161 1250000202139478041 3 5483
RUNG 5000000853182612281 1250000213295653072 7 57956
RUNG 5000000965031269201 1250000241257817301 3 121721
RUNG 5000000742955336561 1250000185738834142 7 103067
RUNG 5000000756463431161 1250000189115857791 3 461
RUNG 5000000743394377009 1250000185848594254 7 62
RUNG 5000000913353366449 1250000228338341613 3 509
RUNG 5000000778088637161 1250000194522159291 3 881
RUNG 5000000793391684921 1250000198347921231 3 857
RUNG 5000000574838269961 1250000143709567492 7 188
RUNG 5000000692988663209 1250000173247165803 3 1613
RUNG 5000000899371519889 1250000224842879974 7 22706
RUNG 5000000768431831369 1250000192107957844 7 38
RUNG 5000000959397286049 1250000239849321514 7 1823
RUNG 5000000622523989601 1250000155630997401 3 736181
RUNG 5000000876116769041 1250000219029192261 3 88608017
RUNG 5000000711832609289 1250000177958152323 3 1637
RUNG 5000000767384265449 1250000191846066365 11 1825017
RUNG 5000000879310519889 1250000219827629980 31 136
RUNG 5000000886657779809 1250000221664444953 3 23669
RUNG 5000000890976694409 1250000222744173604 7 1239412
RUNG 5000000856114989761 1250000214028747444 15 27756086
RUNG 5000000914155893881 1250000228538973471 3 11057
RUNG 5000000855232831529 1250000213808207885 11 755
RUNG 5000000730315119929 1250000182578779983 3 293
RUNG 5000000594658322969 1250000148664580743 3 149
RUNG 5000000599073213449 1250000149768303365 11 1515
RUNG 5000000676125508769 1250000169031377196 15 1223576
RUNG 5000000684391686689 1250000171097921673 3 8198363
RUNG 5000000593992618601 1250000148498154652 7 181
RUNG 5000000781449848561 1250000195362462142 7 48761
RUNG 5000000818224946921 1250000204556236732 7 62
RUNG 5000000893572138841 1250000223393034711 3 14831
RUNG 5000000968698790441 1250000242174697615 19 763271
RUNG 5000000540740299649 1250000135185074914 7 146
RUNG 5000000944831427089 1250000236207856774 7 10702
RUNG 5000000765920135369 1250000191480033844 7 17492
RUNG 5000000764374311809 1250000191093577953 3 63197
RUNG 5000000734770860809 1250000183692715204 7 2722828
RUNG 5000000741879202049 1250000185469800515 11 2819231
RUNG 5000000585436475921 1250000146359118981 3 137
RUNG 5000000622836438521 1250000155709109632 7 2609
RUNG 5000000724687267601 1250000181171816901 3 6053
RUNG 5000000959039946521 1250000239759986631 3 4229
RUNG 5000000689929705769 1250000172482426444 7 85967593
RUNG 5000000575700030401 1250000143925007603 11 730259
RUNG 5000000723778561601 1250000180944640401 3 2351
RUNG 5000000884072575481 1250000221018143871 3 23087
RUNG 5000000956520070601 1250000239130017651 3 113081
RUNG 5000000621268154681 1250000155317038671 3 9623
RUNG 5000000966803785121 1250000241700946281 3 677
RUNG 5000000677716267001 1250000169429066751 3 281
RUNG 5000000817822678529 1250000204455669633 3 38693
RUNG 5000000774537556841 1250000193634389212 7 53826713
RUNG 5000000833534134481 1250000208383533622 7 31
RUNG 5000000711058702001 1250000177764675505 19 47341
RUNG 5000000827330418809 1250000206832604703 3 7331
RUNG 5000000914586789329 1250000228646697333 3 6449
RUNG 5000000705898471001 1250000176474617753 11 9059
RUNG 5000000794243247521 1250000198560811883 11 193
RUNG 5000000536133476561 1250000134033369142 7 89627
RUNG 5000000592113962009 1250000148028490504 7 106748
RUNG 5000000626320174049 1250000156580043513 3 1758641
RUNG 5000000683748464969 1250000170937116245 11 171
RUNG 5000000710515525289 1250000177628881323 3 137957
RUNG 5000000742242700769 1250000185560675194 7 7607
RUNG 5000000617118742481 1250000154279685622 7 82
RUNG 5000000638623467689 1250000159655866924 7 23666
RUNG 5000000641680401569 1250000160420100394 7 692
RUNG 5000000540795457649 1250000135198864414 7 58502
RUNG 5000000822523464209 1250000205630866053 3 696491
RUNG 5000000909232567001 1250000227308141752 7 124
RUNG 5000000630020355569 1250000157505088894 7 866
RUNG 5000000765076797089 1250000191269199273 3 809
RUNG 5000000994461192329 1250000248615298084 7 3468463
RUNG 5000000562136820881 1250000140534205222 7 49843
RUNG 5000000659825972441 1250000164956493111 3 857
RUNG 5000000758027676041 1250000189506919012 7 8116
RUNG 5000000790890225761 1250000197722556443 11 677
RUNG 5000000542312700521 1250000135578175132 7 8287
RUNG 5000000622814001401 1250000155703500355 19 4725275
RUNG 5000000803930697161 1250000200982674293 11 237
RUNG 5000000657377570849 1250000164344392713 3 424577
RUNG 5000000807959642489 1250000201989910623 3 149
RUNG 5000000873978795689 1250000218494698926 15 767831
RUNG 5000000594746164121 1250000148686541034 15 1091
RUNG 5000000900594747401 1250000225148686851 3 16451
RUNG 5000000858732928409 1250000214683232104 7 516148
RUNG 5000000986523791921 1250000246630947982 7 124
RUNG 5000000717958775369 1250000179489693846 15 446
RUNG 5000000671153177561 1250000167788294391 3 27779
RUNG 5000000829872778601 1250000207468194654 15 915484421
RUNG 5000000883882694561 1250000220970673643 11 237
RUNG 5000000992125108841 1250000248031277212 7 164524
RUNG 5000000834724666241 1250000208681166561 3 1193
RUNG 5000000777273913889 1250000194318478476 15 7016
RUNG 5000000536302983929 1250000134075745984 7 38
RUNG 5000000777619018889 1250000194404754724 7 164
RUNG 5000000959252353961 1250000239813088491 3 101
RUNG 5000000664065262769 1250000166016315696 15 596
RUNG 5000000865632989129 1250000216408247283 3 674183
RUNG 5000000969617750009 1250000242404437504 7 38
RUNG 5000000590118911969 1250000147529727993 3 10151
RUNG 5000000986748425561 1250000246687106393 11 3321
RUNG 5000000635256165449 1250000158814041367 19 13225102008612623
RUNG 5000000933847338329 1250000233461834583 3 929
RUNG 5000000594901371929 1250000148725342983 3 401
RUNG 5000000776479568729 1250000194119892183 3 404513
RUNG 5000000586663784321 1250000146665946081 3 143002439
RUNG 5000000645819641081 1250000161454910271 3 10856369
RUNG 5000000977303995601 1250000244325998901 3 4350527
RUNG 5000000659713682921 1250000164928420731 3 13422917
RUNG 5000000759894123281 1250000189973530822 7 122
RUNG 5000000672821539529 1250000168205384883 3 85733
RUNG 5000000855874089209 1250000213968522304 7 746476
RUNG 5000000549706948241 1250000137426737061 3 2801369
RUNG 5000000890094595841 1250000222523648961 3 3120011
RUNG 5000000557007241361 1250000139251810341 3 28793
RUNG 5000000834218255441 1250000208554563862 7 118
RUNG 5000000893141319641 1250000223285329911 3 58679
RUNG 5000000712639278329 1250000178159819583 3 26813
RUNG 5000000769981803569 1250000192495450894 7 122
RUNG 5000000828600603809 1250000207150150954 7 77773
RUNG 5000000564156424121 1250000141039106032 7 124
RUNG 5000000771104925881 1250000192776231471 3 16829
RUNG 5000000624504835889 1250000156126208974 7 1217
RUNG 5000000632771013809 1250000158192753453 3 61511
RUNG 5000000900080175929 1250000225020043983 3 158699
RUNG 5000000982909402409 1250000245727350604 7 342136241
RUNG 5000000572826930449 1250000143206732613 3 8969
RUNG 5000000879894611369 1250000219973652843 3 9413
RUNG 5000000718634713289 1250000179658678324 7 82
RUNG 5000000774257840849 1250000193564460214 7 5836
RUNG 5000000614944006961 1250000153736001744 15 2276
RUNG 5000000758093056769 1250000189523264193 3 3881
RUNG 5000000765483199529 1250000191370799883 3 27953
RUNG 5000000728246600561 1250000182061650142 7 3086
RUNG 5000000826313529521 1250000206578382383 11 145154083
RUNG 5000000544226124761 1250000136056531191 3 389
RUNG 5000000667542878321 1250000166885719581 3 4013
RUNG 5000000919902265601 1250000229975566404 15 2066
RUNG 5000000601587029921 1250000150396757481 3 128068403
RUNG 5000000786314052929 1250000196578513234 7 94
RUNG 5000000571052406929 1250000142763101733 3 101
RUNG 5000000645386748401 1250000161346687101 3 3719
RUNG 5000000653234308121 1250000163308577032 7 61
RUNG 5000000769740858281 1250000192435214572 7 236
RUNG 5000000900110818001 1250000225027704501 3 173
RUNG 5000000949379117081 1250000237344779271 3 5483
RUNG 5000000899943371921 1250000224985842982 7 13436
RUNG 5000000972131527961 1250000243032881992 7 1018
RUNG 5000000755908081361 1250000188977020341 3 269
RUNG 5000000768186867881 1250000192046716975 19 2749
RUNG 5000000976309542641 1250000244077385661 3 1493
RUNG 5000000835408783649 1250000208852195914 7 1425036406
RUNG 5000000916220474609 1250000229055118658 23 541644
RUNG 5000000771062061881 1250000192765515471 3 6689
RUNG 5000000684985993241 1250000171246498311 3 503753
RUNG 5000000755503760561 1250000188875940144 15 868796
RUNG 5000000859833626201 1250000214958406551 3 797
RUNG 5000000902024214641 1250000225506053661 3 1217
RUNG 5000000757668323801 1250000189417080952 7 2092
RUNG 5000000679756329809 1250000169939082453 3 773
RUNG 5000000723278328881 1250000180819582221 3 28661
RUNG 5000000791398743761 1250000197849685944 15 1076
RUNG 5000000969235923281 1250000242308980824 15 131
RUNG 5000000822390784961 1250000205597696241 3 57652373
RUNG 5000000792642346481 1250000198160586621 3 2333
RUNG 5000000949581288641 1250000237395322162 7 7024748
RUNG 5000000678110450321 1250000169527612584 15 11576
RUNG 5000000734160364241 1250000183540091062 7 218923
RUNG 5000000973624268921 1250000243406067231 3 3040949
RUNG 5000000583586461049 1250000145896615263 3 44334989
RUNG 5000000863725760489 1250000215931440127 19 21917
RUNG 5000000889351322969 1250000222337830743 3 33113
RUNG 5000000912085354289 1250000228021338575 11 65061
RUNG 5000000973281209009 1250000243320302254 7 230047
RUNG 5000000544757073881 1250000136189268471 3 149
RUNG 5000000751331882321 1250000187832970583 11 3823
RUNG 5000000862502581961 1250000215625645492 7 122
RUNG 5000000981688288601 1250000245422072151 3 69316451
RUNG 5000000689737832249 1250000172434458065 11 1341
RUNG 5000000719069694809 1250000179767423703 3 11927
RUNG 5000000546868547609 1250000136717136903 3 99371
RUNG 5000000628656333689 1250000157164083425 11 2392947
RUNG 5000000994481673569 1250000248620418393 3 113
RUNG 5000000779330298569 1250000194832574644 7 222844
RUNG 5000000810986002649 1250000202746500664 7 441244
RUNG 5000000995365878329 1250000248841469586 15 1046
RUNG 5000000568297718369 1250000142074429596 15 1226
RUNG 5000000588246407129 1250000147061601784 7 7523
RUNG 5000000814238973929 1250000203559743484 7 19
RUNG 5000000802627935329 1250000200656983833 3 197
RUNG 5000000833131928849 1250000208282982213 3 509687
RUNG 5000000551369208401 1250000137842302103 11 3511
RUNG 5000000986352316961 1250000246588079243 11 6363997
RUNG 5000000745181269601 1250000186295317403 11 711
RUNG 5000000653456918201 1250000163364229551 3 5717
RUNG 5000000579569785241 1250000144892446311 3 1373
RUNG 5000000769567312961 1250000192391828242 7 122
RUNG 5000000553558281881 1250000138389570479 35 324526298171
RUNG 5000000617102484281 1250000154275621072 7 68
RUNG 5000000657279621281 1250000164319905321 3 45697103
RUNG 5000000702906963041 1250000175726740762 7 68
RUNG 5000000616867649849 1250000154216912464 7 970877
RUNG 5000000741744521969 1250000185436130494 7 691
RUNG 5000000816395378249 1250000204098844564 7 173
RUNG 5000000916508431289 1250000229127107823 3 111593
RUNG 5000000682537615049 1250000170634403766 15 11753111
RUNG 5000000778729951289 1250000194682487823 3 55469
RUNG 5000000982985002289 1250000245746250578 23 789
RUNG 5000000545518777241 1250000136379694315 19 3115
RUNG 5000000654030742361 1250000163507685592 7 82
RUNG 5000000970195711481 1250000242548927872 7 14684
RUNG 5000000797537145761 1250000199384286441 3 3347
RUNG 5000000832566299921 1250000208141574981 3 9473
RUNG 5000000537509898449 1250000134377474619 27 657548729288519
RUNG 5000000763904747129 1250000190976186785 11 305
RUNG 5000000995355686849 1250000248838921714 7 5036
RUNG 5000000544897999481 1250000136224499871 3 32063
RUNG 5000000657928997561 1250000164482249392 7 13942
RUNG 5000000664718780561 1250000166179695142 7 61
RUNG 5000000820473339521 1250000205118334886 23 2043
RUNG 5000000824436939689 1250000206109234923 3 1253333
RUNG 5000000954657830489 1250000238664457623 3 53897
RUNG 5000000713435729681 1250000178358932422 7 110731
RUNG 5000000624278221409 1250000156069555353 3 5147
RUNG 5000000794647660649 1250000198661915163 3 149
RUNG 5000000740780687849 1250000185195171964 7 724
RUNG 5000000711434531321 1250000177858632833 11 29853
RUNG 5000000763067512721 1250000190766878181 3 1997
RUNG 5000000801151558721 1250000200287889681 3 1109
RUNG 5000000875708481161 1250000218927120293 11 46296304404708159
RUNG 5000000670440578609 1250000167610144654 7 244
RUNG 5000000983979484289 1250000245994871073 3 12959
RUNG 5000000574691365601 1250000143672841401 3 86015927
RUNG 5000000966589472201 1250000241647368051 3 389
RUNG 5000000818874425081 1250000204718606271 3 22877
RUNG 5000000921925973681 1250000230481493422 7 94
RUNG 5000000751446265049 1250000187861566264 7 692
RUNG 5000000754821757169 1250000188705439295 11 1036595601
RUNG 5000000813859177361 1250000203464794342 7 59
RUNG 5000000815094611561 1250000203773652892 7 31
RUNG 5000000586539285209 1250000146634821304 7 236
RUNG 5000000692084164649 1250000173021041164 7 47
RUNG 5000000753882422369 1250000188470605597 19 17533
RUNG 5000000917425321889 1250000229356330473 3 2213
RUNG 5000000626955342761 1250000156738835692 7 164
RUNG 5000000839290747481 1250000209822686871 3 773
RUNG 5000000974377819601 1250000243594454905 19 13825
RUNG 5000000984782013401 1250000246195503351 3 2213
RUNG 5000000542933566769 1250000135733391694 7 157
RUNG 5000000808484532449 1250000202121133113 3 46349
RUNG 5000000826178809049 1250000206544702264 7 262
RUNG 5000000917208868169 1250000229302217044 7 35390372
RUNG 5000000789916263041 1250000197479065761 3 182681
RUNG 5000000677140521809 1250000169285130453 3 764262311
RUNG 5000000879406625849 1250000219851656463 3 1571
RUNG 5000000969672962009 1250000242418240503 3 113
RUNG 5000000546754231769 1250000136688557945 11 171
RUNG 5000000618254220329 1250000154563555083 3 579353
RUNG 5000000846746244089 1250000211686561023 3 84053
RUNG 5000000756688196081 1250000189172049021 3 4490879
RUNG 5000000652723857881 1250000163180964471 3 1187
RUNG 5000000798893081081 1250000199723270271 3 7817
RUNG 5000000575971743521 1250000143992935881 3 8054261
RUNG 5000000757311022241 1250000189327755563 11 442353
RUNG 5000000807247068401 1250000201811767101 3 197
RUNG 5000000722408475281 1250000180602118825 19 12947
RUNG 5000000803593859561 1250000200898464892 7 124
RUNG 5000000997062855281 1250000249265713822 7 61
RUNG 5000000705867951809 1250000176466987953 3 3863
RUNG 5000000851755373489 1250000212938843373 3 4013
RUNG 5000000618431883689 1250000154607970923 3 1187
RUNG 5000000864465031049 1250000216116257765 11 228909
RUNG 5000000904278684929 1250000226069671233 3 6173
RUNG 5000000892577797649 1250000223144449417 19 8490866515751516366995277
RUNG 5000000943197927209 1250000235799481804 7 389308
RUNG 5000000613112372921 1250000153278093231 3 7577
RUNG 5000000922685636921 1250000230671409233 11 1143
RUNG 5000000565947375641 1250000141486843914 15 227987246
RUNG 5000000773095997321 1250000193273999331 3 7121
RUNG 5000000784870399961 1250000196217599991 3 101
RUNG 5000000666499468361 1250000166624867093 11 34569867
RUNG 5000000720785059889 1250000180196264974 7 82729
RUNG 5000000833816057969 1250000208454014495 11 153
RUNG 5000000863848340561 1250000215962085141 3 664151
RUNG 5000000867166656521 1250000216791664132 7 167854406
RUNG 5000000940594330841 1250000235148582713 11 43383731591
RUNG 5000000790516644641 1250000197629161161 3 113
RUNG 5000000894076661201 1250000223519165301 3 1875893
RUNG 5000000703599254369 1250000175899813597 19 349979
RUNG 5000000757952235809 1250000189488058955 11 205
RUNG 5000000791850099809 1250000197962524954 7 33827
RUNG 5000000917059824449 1250000229264956113 3 353
RUNG 5000000923234953409 1250000230808738356 15 926
RUNG 5000000844512270689 1250000211128067673 3 8513
RUNG 5000000938850434609 1250000234712608654 7 1594
RUNG 5000000631274285849 1250000157818571464 7 97
RUNG 5000000809913987089 1250000202478496777 19 1093
RUNG 5000000909052987049 1250000227263246763 3 8447
RUNG 5000000987065041409 1250000246766260354 7 1186
RUNG 5000000759414338441 1250000189853584612 7 236
RUNG 5000000929242637081 1250000232310659275 19 19375
RUNG 5000000961453776041 1250000240363444011 3 21154187
RUNG 5000000978998983721 1250000244749745932 7 4578292
RUNG 5000000662809511969 1250000165702377995 11 123
RUNG 5000000736090159409 1250000184022539859 27 1121
RUNG 5000000857763070889 1250000214440767723 3 319499
RUNG 5000000561228237041 1250000140307059262 7 8972
RUNG 5000000901581169961 1250000225395292491 3 24821
RUNG 5000000913147284521 1250000228286821132 7 404
RUNG 5000000555471726401 1250000138867931604 15 96092456
RUNG 5000000777688561649 1250000194422140417 19 1416864275687281050471932624703440209
RUNG 5000000867552615929 1250000216888153985 11 139
RUNG 5000000660847118081 1250000165211779522 7 30333308
RUNG 5000000905346693689 1250000226336673424 7 62
RUNG 5000000771102985001 1250000192775746252 7 73
RUNG 5000000796828604921 1250000199207151231 3 134365277
RUNG 5000000886474160921 1250000221618540231 3 113
RUNG 5000000997267083161 1250000249316770794 15 717128996
RUNG 5000000649423948169 1250000162355987044 7 19
RUNG 5000000710291034449 1250000177572758614 7 124
RUNG 5000000780516790049 1250000195129197513 3 516854633
RUNG 5000000844065074849 1250000211016268713 3 6863
RUNG 5000000917568305321 1250000229392076331 3 89
RUNG 5000000832008872369 1250000208002218093 3 113
RUNG 5000000886713081929 1250000221678270483 3 401
RUNG 5000000933939341009 1250000233484835253 3 22037
RUNG 5000000735114076169 1250000183778519044 7 41
RUNG 5000000663358834169 1250000165839708543 3 1585799
RUNG 5000000836499321689 1250000209124830423 3 9209
RUNG 5000000734472880049 1250000183618220013 3 3620627
RUNG 5000000812068358009 1250000203017089503 3 7019
RUNG 5000000580141624121 1250000145035406033 11 5521
RUNG 5000000885634892201 1250000221408723051 3 101
RUNG 5000000985100618561 1250000246275154644 15 101
RUNG 5000000844888026569 1250000211222006644 7 458
RUNG 5000000551943094601 1250000137985773652 7 236
RUNG 5000000589406360441 1250000147351590111 3 101
RUNG 5000000711857289041 1250000177964322263 11 53877
RUNG 5000000637116583121 1250000159279145781 3 10018937
RUNG 5000000650812546289 1250000162703136574 7 68
RUNG 5000000770018673329 1250000192504668334 7 68
RUNG 5000000872490283529 1250000218122570883 3 809
RUNG 5000000558522551201 1250000139630637802 7 346
RUNG 5000000561763268681 1250000140440817176 23 468750052665306441
RUNG 5000000589955672921 1250000147488918234 15 59122436
RUNG 5000000568887947561 1250000142221986892 7 362
RUNG 5000000638537847881 1250000159634461971 3 2129
RUNG 5000000845467971281 1250000211366992821 3 5651
RUNG 5000000756473826401 1250000189118456601 3 113123
RUNG 5000000538098070649 1250000134524517666 15 566
RUNG 5000000673803880889 1250000168450970223 3 17159
RUNG 5000000756077672489 1250000189019418124 7 6212
RUNG 5000000937876409609 1250000234469102403 3 14542613
RUNG 5000000989315397209 1250000247328849304 7 1191634
RUNG 5000000944847934601 1250000236211983651 3 1008863
RUNG 5000000843074703449 1250000210768675866 15 5413241
RUNG 5000000957202277009 1250000239300569257 19 99929
RUNG 5000000779334467201 1250000194833616802 7 47
RUNG 5000000825776582921 1250000206444145731 3 941
RUNG 5000000837550986089 1250000209387746523 3 2789
RUNG 5000000840099452009 1250000210024863003 3 180473
RUNG 5000000554091330761 1250000138522832691 3 137
RUNG 5000000626120207681 1250000156530051922 7 628
RUNG 5000000827651177321 1250000206912794332 7 124577
RUNG 5000000851455237601 1250000212863809401 3 1487
RUNG 5000000994839118241 1250000248709779562 7 1223
RUNG 5000000862077931889 1250000215519482973 3 64283
RUNG 5000000670471277969 1250000167617819494 7 19
RUNG 5000000761070466649 1250000190267616663 3 5471
RUNG 5000000927874504049 1250000231968626014 7 124
RUNG 5000000654518862521 1250000163629715635 19 193
RUNG 5000000937905005561 1250000234476251392 7 13814
RUNG 5000000978445627001 1250000244611406751 3 533051
RUNG 5000000978582443681 1250000244645610924 15 7496
RUNG 5000000603269789321 1250000150817447331 3 89
RUNG 5000000745193611361 1250000186298402841 3 13487
RUNG 5000000569949824321 1250000142487456081 3 3461
RUNG 5000000672137590001 1250000168034397501 3 347003
RUNG 5000000750302797121 1250000187575699282 7 68
RUNG 5000000889731246281 1250000222432811572 7 47
RUNG 5000000685919318249 1250000171479829565 11 6635
RUNG 5000000717973220129 1250000179493305034 7 6124
RUNG 5000000855888517649 1250000213972129414 7 188
RUNG 5000000676350319049 1250000169087579764 7 1151
RUNG 5000000843131894009 1250000210782973504 7 178
RUNG 5000000595634604569 1250000148908651143 3 461
RUNG 5000000605015736329 1250000151253934083 3 288209
RUNG 5000000631284538889 1250000157821134723 3 809
RUNG 5000000748838655641 1250000187209663911 3 20123
RUNG 5000000919781908121 1250000229945477031 3 14822183
RUNG 5000000819385014689 1250000204846253673 3 4091
RUNG 5000000739512663329 1250000184878165843 43 81220490605666873
RUNG 5000000539484635441 1250000134871158862 7 811732
RUNG 5000000988175958521 1250000247043989633 11 3387
RUNG 5000000997450904201 1250000249362726052 7 26625779
RUNG 5000000627972355121 1250000156993088781 3 113
RUNG 5000000592663442081 1250000148165860521 3 701
RUNG 5000000594060197441 1250000148515049362 7 3044
RUNG 5000000967659583649 1250000241914895913 3 89
RUNG 5000000996176672249 1250000249044168063 3 5711
RUNG 5000000646763208641 1250000161690802161 3 1733
RUNG 5000000963357006161 1250000240839251542 7 4613461
RUNG 5000000561863354441 1250000140465838612 7 314
RUNG 5000000942826337561 1250000235706584391 3 3083
RUNG 5000000586126874561 1250000146531718642 7 566
RUNG 5000000845698747121 1250000211424686783 11 787071
RUNG 5000000875745323681 1250000218936330921 3 101
RUNG 5000000548939284529 1250000137234821133 3 32746127
RUNG 5000000716909326769 1250000179227331693 3 2003
RUNG 5000000680893871129 1250000170223467785 11 2361
RUNG 5000000805591043729 1250000201397760933 3 631859
RUNG 5000000957592333169 1250000239398083295 11 391585
RUNG 5000000987334645769 1250000246833661444 7 194
RUNG 5000000535717079489 1250000133929269875 11 193
RUNG 5000000719063682929 1250000179765920733 3 10427
RUNG 5000000964561815809 1250000241140453954 7 76
RUNG 5000000969287096369 1250000242321774096 15 17360936
RUNG 5000000797688350801 1250000199422087701 3 1277
RUNG 5000000679946369969 1250000169986592493 3 149
RUNG 5000000881407910249 1250000220351977564 7 94
RUNG 5000000614984993921 1250000153746248481 3 113
RUNG 5000000649730304521 1250000162432576133 11 3125243761
RUNG 5000000883880821121 1250000220970205284 15 251
RUNG 5000000951445798601 1250000237861449652 7 921244022
RUNG 5000000792599591321 1250000198149897831 3 1441637
RUNG 5000000823373134121 1250000205843283531 3 293
RUNG 5000000895150840121 1250000223787710031 3 653
RUNG 5000000648991087601 1250000162247771907 27 1700568569
RUNG 5000000675278268521 1250000168819567132 7 61
RUNG 5000000931270444961 1250000232817611243 11 4737
RUNG 5000000974181874049 1250000243545468513 3 3555191
RUNG 5000000586267789001 1250000146566947252 7 164
RUNG 5000000595432464521 1250000148858116132 7 1732
RUNG 5000000629669307161 1250000157417326791 3 80153
RUNG 5000000707505745841 1250000176876436462 7 198754
RUNG 5000000744732136049 1250000186183034013 3 521
RUNG 5000000885430734089 1250000221357683524 7 409
RUNG 5000000892933189049 1250000223233297264 7 21227
RUNG 5000000541469516801 1250000135367379202 7 124
RUNG 5000000739122652481 1250000184780663122 7 197636
RUNG 5000000806799942161 1250000201699985541 3 1585457
RUNG 5000000762420287009 1250000190605071753 3 135257
RUNG 5000000808786847249 1250000202196711813 3 173
RUNG 5000000676697490809 1250000169174372703 3 58679
RUNG 5000000863856583841 1250000215964145965 19 1595
RUNG 5000000599038713041 1250000149759678261 3 2800991
RUNG 5000000851602304321 1250000212900576083 11 183
RUNG 5000000890899323521 1250000222724830882 7 1143137659
RUNG 5000000826101310649 1250000206525327663 3 162209
RUNG 5000000867842651441 1250000216960662864 15 356
RUNG 5000000835764245249 1250000208941061314 7 10463
RUNG 5000000905675526689 1250000226418881673 3 19793
RUNG 5000000754178622641 1250000188544655663 11 312367329
RUNG 5000000824504438201 1250000206126109552 7 27046
RUNG 5000000975668491241 1250000243917122812 7 70537
RUNG 5000000753631357769 1250000188407839444 7 218069
RUNG 5000000920811130529 1250000230202782635 11 109
RUNG 5000000925448603369 1250000231362150845 11 747
RUNG 5000000792530179361 1250000198132544841 3 101
RUNG 5000000626101881761 1250000156525470441 3 3023
RUNG 5000000722222746601 1250000180555686653 11 212712147
RUNG 5000000723041604641 1250000180760401162 7 94
RUNG 5000000775048279361 1250000193762069843 11 6684783644901503943
RUNG 5000000685723325129 1250000171430831289 27 141258918683561
RUNG 5000000754168421849 1250000188542105464 7 21187
RUNG 5000000676076728529 1250000169019182133 3 26183
RUNG 5000000810024342929 1250000202506085733 3 89
RUNG 5000000899853682529 1250000224963420634 7 188
RUNG 5000000862204591601 1250000215551147903 11 14643
RUNG 5000000612438596249 1250000153109649065 11 41
RUNG 5000000856976970881 1250000214244242721 3 113
RUNG 5000000562408617089 1250000140602154273 3 9431
RUNG 5000000907433737529 1250000226858434384 7 14935262
RUNG 5000000556110967289 1250000139027741824 7 19
RUNG 5000000767304870209 1250000191826217556 15 86
RUNG 5000000914027486249 1250000228506871566 15 386
RUNG 5000000979730123249 1250000244932530814 7 5234
RUNG 5000000614033432921 1250000153508358231 3 18665393
RUNG 5000000992952333281 1250000248238083326 23 204
RUNG 5000000588144449969 1250000147036112493 3 5142083
RUNG 5000000741127960649 1250000185281990164 7 3412
RUNG 5000000883047698609 1250000220761924656 15 296
RUNG 5000000644271962081 1250000161067990522 7 10531
RUNG 5000000744760750481 1250000186190187621 3 47807
RUNG 5000000999448063361 1250000249862015842 7 5849497
RUNG 5000000584170641641 1250000146042660411 3 101
RUNG 5000000677653190801 1250000169413297702 7 178
RUNG 5000000792264727841 1250000198066181962 7 58608686
RUNG 5000000795052112441 1250000198763028115 19 13
RUNG 5000000879858033641 1250000219964508413 11 632169
RUNG 5000000568381588961 1250000142095397242 7 62
RUNG 5000000666818127161 1250000166704531791 3 617
RUNG 5000000617216975969 1250000154304243994 7 38
RUNG 5000000673665087689 1250000168416271926 15 135866
RUNG 5000000637966144721 1250000159491536182 7 383
RUNG 5000000786969719441 1250000196742429861 3 82505561
RUNG 5000000939124161881 1250000234781040473 11 17379
RUNG 5000000662260295129 1250000165565073783 3 89
RUNG 5000000845382274169 1250000211345568545 11 615
RUNG 5000000599988289289 1250000149997072323 3 2339
RUNG 5000000553642150169 1250000138410537543 3 7937
RUNG 5000000762079299089 1250000190519824773 3 1523
RUNG 5000000769075328129 1250000192268832033 3 293
RUNG 5000000875780088929 1250000218945022234 7 41
RUNG 5000000888922658369 1250000222230664594 7 409562
RUNG 5000000843924265481 1250000210981066371 3 14051
RUNG 5000000934713363881 1250000233678340971 3 2207
RUNG 5000000991835348801 1250000247958837201 3 173
RUNG 5000000636728677889 1250000159182169474 7 19
RUNG 5000000938964892169 1250000234741223044 7 70138
RUNG 5000000743625388601 1250000185906347155 19 35714291025895633
RUNG 5000000794486478881 1250000198621619721 3 287055389
RUNG 5000000590878755401 1250000147719688851 3 34157
RUNG 5000000785495377601 1250000196373844401 3 89
RUNG 5000000888904283201 1250000222226070801 3 110002637
RUNG 5000000898516165721 1250000224629041435 19 7675
RUNG 5000000678167801321 1250000169541950331 3 15457067
RUNG 5000000963651119441 1250000240912779862 7 17092
RUNG 5000000967243067801 1250000241810766951 3 7003769
RUNG 5000000915158797601 1250000228789699401 3 24407
RUNG 5000000619557172961 1250000154889293241 3 30074591
RUNG 5000000760290485681 1250000190072621421 3 4457
RUNG 5000000810796261169 1250000202699065294 7 1543
RUNG 5000000832782905849 1250000208195726466 15 207941
RUNG 5000000994208209889 1250000248552052475 11 341703
RUNG 5000000581903998889 1250000145475999730 31 830
RUNG 5000000603463857209 1250000150865964303 3 1787
RUNG 5000000706392883409 1250000176598220853 3 113
RUNG 5000000804069782921 1250000201017445733 11 149
RUNG 5000000683078913521 1250000170769728382 7 398
RUNG 5000000743413027361 1250000185853256842 7 30596
RUNG 5000000887503453841 1250000221875863461 3 89
RUNG 5000000718528729169 1250000179632182293 3 50093
RUNG 5000000729749738969 1250000182437434744 7 38
RUNG 5000000666697671881 1250000166674417972 7 47
RUNG 5000000774776722961 1250000193694180742 7 103
RUNG 5000000631966656089 1250000157991664023 3 773
RUNG 5000000743621319209 1250000185905329805 11 579
RUNG 5000000841769929769 1250000210442482445 11 95
RUNG 5000000790288060001 1250000197572015003 11 21939381
RUNG 5000000885908625041 1250000221477156262 7 1186
RUNG 5000000727429985369 1250000181857496344 7 103
RUNG 5000000987191767649 1250000246797941914 7 2588
RUNG 5000000577090916849 1250000144272729216 15 32456
RUNG 5000000769561355009 1250000192390338753 3 3359
RUNG 5000000983497717649 1250000245874429414 7 388
RUNG 5000000736915261841 1250000184228815462 7 1993
RUNG 5000000808599034001 1250000202149758502 7 124
RUNG 5000000874277166521 1250000218569291632 7 2819
RUNG 5000000964988667401 1250000241247166852 7 12164
RUNG 5000000567489246089 1250000141872311523 3 15767
RUNG 5000000540754859201 1250000135188714801 3 521
RUNG 5000000626142761801 1250000156535690451 3 20759
RUNG 5000000904529990921 1250000226132497734 15 1286
RUNG 5000000991398372521 1250000247849593133 11 131403
RUNG 5000000955580991089 1250000238895247773 3 941
RUNG 5000000959975461169 1250000239993865294 7 3163
RUNG 5000000677716525121 1250000169429131281 3 34403
RUNG 5000000844675757561 1250000211168939393 11 66501
RUNG 5000000760674403961 1250000190168600991 3 5711
RUNG 5000000613606683689 1250000153401670928 23 51
RUNG 5000000910188489209 1250000227547122304 7 4563436
RUNG 5000000962630120561 1250000240657530142 7 4388
RUNG 5000000654627186209 1250000163656796556 15 10316
RUNG 5000000670691915729 1250000167672978933 3 5231
RUNG 5000000690195439769 1250000172548859944 7 1140718
RUNG 5000000761491225361 1250000190372806341 3 77687
RUNG 5000000833324066441 1250000208331016612 7 122
RUNG 5000000898066944641 1250000224516736161 3 62969
RUNG 5000000989721868001 1250000247430467001 3 19525997
RUNG 5000000990663248441 1250000247665812112 7 26467108
RUNG 5000000816906065441 1250000204226516362 7 7244
RUNG 5000000855437318201 1250000213859329551 3 12969251
RUNG 5000000645288941009 1250000161322235254 7 4742
RUNG 5000000795358460609 1250000198839615153 3 4933367
RUNG 5000000882876210929 1250000220719052733 3 187367
RUNG 5000000637339280609 1250000159334820153 3 101
RUNG 5000000549607117289 1250000137401779323 3 5408003
RUNG 5000000906668021489 1250000226667005375 11 7971
RUNG 5000000905814451601 1250000226453612902 7 53282
RUNG 5000000863840320361 1250000215960080091 3 101
RUNG 5000000958313258921 1250000239578314731 3 3761
RUNG 5000000674185856249 1250000168546464064 7 19
RUNG 5000000682709331209 1250000170677332805 11 104032455
RUNG 5000000685972511129 1250000171493127786 15 761
RUNG 5000000689735990849 1250000172433997713 3 4259
RUNG 5000000767347806089 1250000191836951527 19 203
RUNG 5000000831729243209 1250000207932310803 3 14627
RUNG 5000000835958308049 1250000208989577014 7 1466884
RUNG 5000000753382299809 1250000188345574957 19 11433807247
RUNG 5000000846180765569 1250000211545191393 3 3797
RUNG 5000000734744601041 1250000183686150263 11 226767
RUNG 5000000893168106281 1250000223292026571 3 137
RUNG 5000000705016582841 1250000176254145711 3 760256657
RUNG 5000000743357926289 1250000185839481575 11 2455
RUNG 5000000933739357529 1250000233434839383 3 2297
RUNG 5000000642099289121 1250000160524822284 15 1076
RUNG 5000000650153094881 1250000162538273721 3 137
RUNG 5000000536881136609 1250000134220284155 11 153
RUNG 5000000879045359009 1250000219761339754 7 878
RUNG 5000000744630118529 1250000186157529634 7 68
RUNG 5000000844636985489 1250000211159246374 7 68
RUNG 5000000798049885601 1250000199512471403 11 233
RUNG 5000000870738341441 1250000217684585362 7 32114
RUNG 5000000696903561449 1250000174225890363 3 677
RUNG 5000000667737107321 1250000166934276832 7 97
RUNG 5000000670450978481 1250000167612744622 7 398
RUNG 5000000733117102001 1250000183279275503 11 23271
RUNG 5000000861381718481 1250000215345429625 19 33013
RUNG 5000000541933149281 1250000135483287323 11 41
RUNG 5000000552421066721 1250000138105266682 7 157
RUNG 5000000914119444601 1250000228529861152 7 178
RUNG 5000000846862816001 1250000211715704002 7 6348247
RUNG 5000000925524238841 1250000231381059711 3 606131
RUNG 5000000726163960169 1250000181540990044 7 76
RUNG 5000000768944700401 1250000192236175101 3 13313
RUNG 5000000773923193921 1250000193480798483 11 633
RUNG 5000000986309648201 1250000246577412053 11 196389
RUNG 5000000999505310681 1250000249876327671 3 2242883
RUNG 5000000624384604841 1250000156096151211 3 534923
RUNG 5000000733748099081 1250000183437024771 3 74784539
RUNG 5000000624774635561 1250000156193658892 7 388
RUNG 5000000830058874721 1250000207514718681 3 1997
RUNG 5000000920071997921 1250000230017999483 11 1723
RUNG 5000000943067410361 1250000235766852592 7 31
RUNG 5000000799346594441 1250000199836648611 3 32213
RUNG 5000000933598474049 1250000233399618516 15 377756
RUNG 5000000631264242041 1250000157816060512 7 31
RUNG 5000000721977784961 1250000180494446242 7 31
RUNG 5000000946971795881 1250000236742948972 7 31
RUNG 5000000641819549921 1250000160454887482 7 146
RUNG 5000000800500352201 1250000200125088051 3 233
RUNG 5000000816644720441 1250000204161180111 3 22167989
RUNG 5000000946412278361 1250000236603069592 7 2109127
RUNG 5000000561616387889 1250000140404096975 11 175601
RUNG 5000000618487201889 1250000154621800473 3 269
RUNG 5000000933814934609 1250000233453733653 3 1103
RUNG 5000000650757560681 1250000162689390171 3 7622291
RUNG 5000000869805149849 1250000217451287463 3 996011
RUNG 5000000551059044161 1250000137764761042 7 169426
RUNG 5000000932953196801 1250000233238299201 3 128111
RUNG 5000000807531101681 1250000201882775422 7 236
RUNG 5000000818848087361 1250000204712021841 3 10433
RUNG 5000000823561115681 1250000205890278924 15 39896
RUNG 5000000955770953441 1250000238942738362 7 257
RUNG 5000000988986776249 1250000247246694064 7 5947772
RUNG 5000000651993000809 1250000162998250203 3 10739
RUNG 5000000743995070969 1250000185998767744 7 2231822
RUNG 5000000599486027249 1250000149871506814 7 1252
RUNG 5000000808737950129 1250000202184487534 7 2428
RUNG 5000000673126075241 1250000168281518815 19 1855
RUNG 5000000763204543721 1250000190801135934 15 101
RUNG 5000000775552761449 1250000193888190363 3 594055061
RUNG 5000000945160519769 1250000236290129945 11 285
RUNG 5000000707060697881 1250000176765174472 7 59
RUNG 5000000907983139601 1250000226995784901 3 24407
RUNG 5000000614252023241 1250000153563005811 3 197
RUNG 5000000676072742201 1250000169018185557 27 125267
RUNG 5000000620690577329 1250000155172644333 3 701
RUNG 5000000781294981289 1250000195323745323 3 173
RUNG 5000000787927527209 1250000196981881804 7 188
RUNG 5000000816620231249 1250000204155057813 3 108791
RUNG 5000000990961439369 1250000247740359848 23 8014
RUNG 5000000629001681521 1250000157250420382 7 39436
RUNG 5000000732845541641 1250000183211385413 11 747
RUNG 5000000576286419089 1250000144071604773 3 113
RUNG 5000000894227963009 1250000223556990754 7 47
RUNG 5000000615083137889 1250000153770784477 19 107909
RUNG 5000000838856007209 1250000209714001805 11 717
RUNG 5000000926096040089 1250000231524010023 3 7984583
RUNG 5000000593008685609 1250000148252171405 11 1635
RUNG 5000000603833539649 1250000150958384913 3 173
RUNG 5000000822239927849 1250000205559981966 15 86
RUNG 5000000994253210009 1250000248563302505 11 5235
RUNG 5000000706368454361 1250000176592113592 7 1336172
RUNG 5000000619293827921 1250000154823456982 7 18931076
RUNG 5000000621689140841 1250000155422285212 7 94
RUNG 5000000546480808961 1250000136620202243 11 53577
RUNG 5000000626969857601 1250000156742464401 3 1238459
RUNG 5000000868016343281 1250000217004085822 7 30154
RUNG 5000000727136005361 1250000181784001341 3 1733
RUNG 5000000540544600889 1250000135136150224 7 72796
RUNG 5000000599606523809 1250000149901630954 7 283412
RUNG 5000000966091442609 1250000241522860655 11 468267
RUNG 5000000899216674961 1250000224804168745 19 635
RUNG 5000000906684415241 1250000226671103812 7 41650628
RUNG 5000000971962307921 1250000242990576983 11 211
RUNG 5000000809203552601 1250000202300888152 7 124
RUNG 5000000865931423801 1250000216482855951 3 89
RUNG 5000000967328921009 1250000241832230254 7 103
RUNG 5000000565145062409 1250000141286265607 19 113957529518303
RUNG 5000000639201685049 1250000159800421263 3 929
RUNG 5000000691753584449 1250000172938396114 7 11916596
RUNG 5000000903974633489 1250000225993658374 7 24604
RUNG 5000000645746423321 1250000161436605834 15 8501
RUNG 5000000896343531521 1250000224085882882 7 188
RUNG 5000000783586168889 1250000195896542225 11 41
RUNG 5000000673389522641 1250000168347380662 7 135028
RUNG 5000000574377129281 1250000143594282322 7 692
RUNG 5000000809354672081 1250000202338668021 3 13781
RUNG 5000000915810301361 1250000228952575341 3 593
RUNG 5000000625865126249 1250000156466281563 3 20249
RUNG 5000000976454806001 1250000244113701501 3 42179
RUNG 5000000710950807769 1250000177737701944 7 1788881
RUNG 5000000726059861729 1250000181514965433 3 1523
RUNG 5000000871514370929 1250000217878592734 7 7105052
RUNG 5000000661888755041 1250000165472188761 3 2357
RUNG 5000000608873313401 1250000152218328352 7 439
RUNG 5000000953657473121 1250000238414368282 7 236
RUNG 5000000736525318001 1250000184131329501 3 16823
RUNG 5000000627100564409 1250000156775141103 3 389
RUNG 5000000699899290409 1250000174974822603 3 1013
RUNG 5000000561118168769 1250000140279542194 7 76
RUNG 5000000576551907161 1250000144137976792 7 12134
RUNG 5000000619248921521 1250000154812230382 7 94
RUNG 5000000558534989921 1250000139633747482 7 70573058
RUNG 5000000633063323801 1250000158265830951 3 10691
RUNG 5000000923265796361 1250000230816449091 3 9629
RUNG 5000000986346454001 1250000246586613502 7 388
RUNG 5000000625134083321 1250000156283520832 7 37124
RUNG 5000000568379666249 1250000142094916566 15 206151586063316
RUNG 5000000603233204969 1250000150808301246 15 356
RUNG 5000000612693976289 1250000153173494075 11 1437
RUNG 5000000621913787081 1250000155478446771 3 167033
RUNG 5000000811437561521 1250000202859390381 3 18899
RUNG 5000000991492396481 1250000247873099123 11 153
RUNG 5000000671057523569 1250000167764380903 43 7652489
RUNG 5000000647547518369 1250000161886879594 7 271
RUNG 5000000998461882169 1250000249615470543 3 953
RUNG 5000000685868441969 1250000171467110493 3 32213
RUNG 5000000774092741561 1250000193523185391 3 3283349
RUNG 5000000981057581321 1250000245264395336 23 4398
RUNG 5000000557750857649 1250000139437714413 3 711317
RUNG 5000000958115263409 1250000239528815853 3 573899
RUNG 5000000570709646681 1250000142677411671 3 953
RUNG 5000000694596129401 1250000173649032351 3 1481
RUNG 5000000570693312209 1250000142673328054 7 388
RUNG 5000000585214258649 1250000146303564663 3 23909
RUNG 5000000560321791649 1250000140080447913 3 6299
RUNG 5000000769973954369 1250000192493488594 7 13320782
RUNG 5000000858016510889 1250000214504127727 19 1062901432397364392950367
RUNG 5000000944692940729 1250000236173235183 3 28817
RUNG 5000000606112499849 1250000151528124965 11 154284005
RUNG 5000000568271456729 1250000142067864183 3 49943
RUNG 5000000805009238009 1250000201252309505 11 5760981
RUNG 5000000540289384361 1250000135072346091 3 173
RUNG 5000000550812016481 1250000137703004121 3 761
RUNG 5000000646340689721 1250000161585172431 3 22727
RUNG 5000000729159706001 1250000182289926501 3 42221
RUNG 5000000806144614001 1250000201536153503 11 50243019
RUNG 5000000828025072601 1250000207006268152 7 1396
RUNG 5000000539495030969 1250000134873757743 3 1400417
RUNG 5000000866648217329 1250000216662054333 3 1733
RUNG 5000000598140379001 1250000149535094753 11 60183
RUNG 5000000656708128241 1250000164177032063 11 431
RUNG 5000000749937464441 1250000187484366113 11 717
RUNG 5000000927106896881 1250000231776724221 3 701
RUNG 5000000848339288201 1250000212084822052 7 460652
RUNG 5000000928352541521 1250000232088135384 15 52856
RUNG 5000000964500733601 1250000241125183401 3 1613
RUNG 5000000970771838441 1250000242692959612 7 3398
RUNG 5000000669325894241 1250000167331473561 3 1523
RUNG 5000000762342858281 1250000190585714571 3 7013
RUNG 5000000909302350961 1250000227325587743 11 153
RUNG 5000000571289596601 1250000142822399153 11 1623
RUNG 5000000848116707689 1250000212029176925 11 15285
RUNG 5000000561187625681 1250000140296906422 7 188
RUNG 5000000682117236041 1250000170529309017 27 4479293
RUNG 5000000705043220321 1250000176260805081 3 577397
RUNG 5000000715171738721 1250000178792934681 3 40787
RUNG 5000000877734459041 1250000219433614763 11 5047107211710423
RUNG 5000000592206218369 1250000148051554593 3 521
RUNG 5000000747047985449 1250000186761996364 7 2644
RUNG 5000000553950641801 1250000138487660455 19 501938495975
RUNG 5000000640904789081 1250000160226197274 15 631291621826
RUNG 5000000689446121921 1250000172361530481 3 89
RUNG 5000000733850281889 1250000183462570475 11 117
RUNG 5000000765663227801 1250000191415806951 3 421361
RUNG 5000000819087078281 1250000204771769571 3 2543
RUNG 5000000761536265081 1250000190384066271 3 51897467
RUNG 5000000933859936601 1250000233464984158 31 4410268
RUNG 5000000614329687121 1250000153582421781 3 1709
RUNG 5000000575729005289 1250000143932251323 3 170856971
RUNG 5000000959675408129 1250000239918852033 3 4481
RUNG 5000000853981460441 1250000213495365112 7 62
RUNG 5000000956979916001 1250000239244979002 7 188
RUNG 5000000556131549929 1250000139032887483 3 95140301
RUNG 5000000619851367001 1250000154962841752 7 1354
RUNG 5000000627094482881 1250000156773620722 7 31
RUNG 5000000815468588801 1250000203867147201 3 5591
RUNG 5000000750347936369 1250000187586984094 7 2476
RUNG 5000000897744425609 1250000224436106403 3 2069
RUNG 5000000936763725929 1250000234190931487 19 583
RUNG 5000000847273365761 1250000211818341442 7 188
RUNG 5000000916759902881 1250000229189975721 3 2081
RUNG 5000000621389027489 1250000155347256873 3 4139
RUNG 5000000742022542481 1250000185505635622 7 579052
RUNG 5000000958113259001 1250000239528314753 11 2441
RUNG 5000000571783795601 1250000142945948901 3 101
RUNG 5000000562792698401 1250000140698174601 3 23873
RUNG 5000000723137763281 1250000180784440822 7 1699
RUNG 5000000551696253401 1250000137924063354 15 701
RUNG 5000000628458579041 1250000157114644761 3 3672761
RUNG 5000000853125861881 1250000213281465471 3 4183643
RUNG 5000000853548564161 1250000213387141042 7 104338307
RUNG 5000000908583586361 1250000227145896593 11 45180731101658913
RUNG 5000000708510634649 1250000177127658665 11 289343
RUNG 5000000953269549049 1250000238317387264 7 31
RUNG 5000000578467401809 1250000144616850453 3 761
RUNG 5000000723435905489 1250000180858976373 3 1499609
RUNG 5000000751848851849 1250000187962212963 3 640583
RUNG 5000000842053927649 1250000210513481915 11 3929
RUNG 5000000654772313369 1250000163693078343 3 149
RUNG 5000000744160572329 1250000186040143083 3 29399
RUNG 5000000820063199129 1250000205015799783 3 60509
RUNG 5000000894781442729 1250000223695360683 3 509
RUNG 5000000970598303849 1250000242649575963 3 149
RUNG 5000000849329717009 1250000212332429256 15 101
RUNG 5000000953204207729 1250000238301051935 11 13155
RUNG 5000000968782930889 1250000242195732726 15 1406
RUNG 5000000672693258521 1250000168173314634 15 10781
RUNG 5000000725704616921 1250000181426154231 3 907259
RUNG 5000000574930593761 1250000143732648441 3 64499
RUNG 5000000887113584881 1250000221778396221 3 51909569
RUNG 5000000804063818921 1250000201015954731 3 8414453
RUNG 5000000631235766209 1250000157808941553 3 720311
RUNG 5000000556701306641 1250000139175326662 7 1756
RUNG 5000000908947081241 1250000227236770311 3 197
RUNG 5000000954923611841 1250000238730902961 3 11430467
RUNG 5000000734140291961 1250000183535072991 3 227159
RUNG 5000000742786289321 1250000185696572332 7 97996
RUNG 5000000694508380289 1250000173627095076 15 536
RUNG 5000000808960638209 1250000202240159554 7 47
RUNG 5000000842062107281 1250000210515526822 7 47
RUNG 5000000861016322561 1250000215254080641 3 8573
RUNG 5000000886286567561 1250000221571641892 7 68
RUNG 5000000538980489641 1250000134745122411 3 293
RUNG 5000000782309976041 1250000195577494011 3 1667
RUNG 5000000915005819321 1250000228751454832 7 69436
RUNG 5000000924956680241 1250000231239170061 3 197
RUNG 5000000611519878409 1250000152879969604 7 38
RUNG 5000000813012049289 1250000203253012325 11 123
RUNG 5000000917429722649 1250000229357430665 11 321
RUNG 5000000634115051321 1250000158528762833 11 177209
RUNG 5000000706881104681 1250000176720276171 3 8783
RUNG 5000000812844602321 1250000203211150581 3 98519
RUNG 5000000994549405601 1250000248637351402 7 16254572
RUNG 5000000598959291689 1250000149739822923 3 5871581
RUNG 5000000716264279489 1250000179066069874 7 292
RUNG 5000000773037075569 1250000193259268893 3 56087
RUNG 5000000764013301601 1250000191003325401 3 1490477
RUNG 5000000824857926281 1250000206214481571 3 677
RUNG 5000000848876400761 1250000212219100191 3 51286997
RUNG 5000000879564177881 1250000219891044471 3 2963
RUNG 5000000926743470041 1250000231685867511 3 222149
RUNG 5000000938805800321 1250000234701450081 3 2273
RUNG 5000000717955090961 1250000179488772741 3 1942571
RUNG 5000000747352298801 1250000186838074701 3 614759
RUNG 5000000952328189921 1250000238082047482 7 8566
RUNG 5000000621227740769 1250000155306935193 3 593
RUNG 5000000626110258409 1250000156527564605 11 193
RUNG 5000000591777441881 1250000147944360473 11 3000939
RUNG 5000000876548088041 1250000219137022013 11 52631
RUNG 5000000961086502001 1250000240271625501 3 281
RUNG 5000000545082113321 1250000136270528332 7 244
RUNG 5000000547773522041 1250000136943380512 7 41
RUNG 5000000614934176009 1250000153733544003 3 50387
RUNG 5000000824868141401 1250000206217035352 7 15398
RUNG 5000000556511413049 1250000139127853263 3 557
RUNG 5000000809001490889 1250000202250372723 3 16607
RUNG 5000000965366619809 1250000241341654954 7 53458
RUNG 5000000729864275249 1250000182466068815 11 2229
RUNG 5000000768997929809 1250000192249482453 3 2182097
RUNG 5000000829044116009 1250000207261029005 11 4231
RUNG 5000000915551056529 1250000228887764134 7 41
RUNG 5000000582704663561 1250000145676165892 7 52321
RUNG 5000000943551509921 1250000235887877481 3 10889
RUNG 5000000728220435809 1250000182055108953 3 461
RUNG 5000000678925590809 1250000169731397707 19 132839
RUNG 5000000695531460089 1250000173882865026 15 15923569094049236
RUNG 5000000559650036329 1250000139912509084 7 186812
RUNG 5000000907940378729 1250000226985094683 3 76289
RUNG 5000000769918896641 1250000192479724161 3 89
RUNG 5000000831517033241 1250000207879258313 11 3321
RUNG 5000000921211598201 1250000230302899551 3 4139
RUNG 5000000565998741209 1250000141499685308 23 12534
RUNG 5000000914189023649 1250000228547255913 3 62969
RUNG 5000000926964025889 1250000231741006474 7 6548
RUNG 5000000654921417161 1250000163730354293 11 101
RUNG 5000000902661709961 1250000225665427492 7 97
RUNG 5000000953175653441 1250000238293913361 3 22817
RUNG 5000000766667973089 1250000191666993274 7 2036
RUNG 5000000584324011841 1250000146081002964 15 23572466
RUNG 5000000755743060841 1250000188935765211 3 44357
RUNG 5000000615816355361 1250000153954088841 3 348225923
RUNG 5000000689672858081 1250000172418214523 11 1997
RUNG 5000000539211267041 1250000134802816761 3 5519
RUNG 5000000701635128641 1250000175408782161 3 173
RUNG 5000000702086419481 1250000175521604871 3 7583
RUNG 5000000916621099841 1250000229155274961 3 95385083
RUNG 5000000981464038001 1250000245366009502 7 3727
RUNG 5000000903353967449 1250000225838491865 11 139
RUNG 5000000924156228929 1250000231039057234 7 236
RUNG 5000000975015277529 1250000243753819383 3 6971
RUNG 5000000677816777921 1250000169454194481 3 156128237
RUNG 5000000704857471769 1250000176214367944 7 292
RUNG 5000000694645229849 1250000173661307464 7 2419787
RUNG 5000000731551018769 1250000182887754694 7 76
RUNG 5000000568508419769 1250000142127104944 7 1132
RUNG 5000000675815579729 1250000168953894934 7 19
RUNG 5000000816348772529 1250000204087193133 3 2144243
RUNG 5000000825968824601 1250000206492206151 3 326295941
RUNG 5000000715598605721 1250000178899651431 3 872441
RUNG 5000000777155902961 1250000194288975741 3 1181
RUNG 5000000796318407881 1250000199079601972 7 47
RUNG 5000000667198176929 1250000166799544235 11 2637861
RUNG 5000000597270559721 1250000149317639933 11 32463
RUNG 5000000799230357761 1250000199807589441 3 101
RUNG 5000000922502186441 1250000230625546612 7 124
RUNG 5000000812681276249 1250000203170319063 3 9629
RUNG 5000000823765469369 1250000205941367344 7 1076
RUNG 5000000704355139001 1250000176088784751 3 233
RUNG 5000000587883304481 1250000146970826122 7 706
RUNG 5000000999695385161 1250000249923846291 3 761
RUNG 5000000779839149569 1250000194959787397 19 609458895641047
RUNG 5000000637994967929 1250000159498741983 3 589607
RUNG 5000000616022619089 1250000154005654774 7 6998
RUNG 5000000751603864889 1250000187900966225 11 5209
RUNG 5000000596657956289 1250000149164489073 3 3701
RUNG 5000000715747687049 1250000178936921763 3 233
RUNG 5000000726386716649 1250000181596679164 7 479
RUNG 5000000836873332889 1250000209218333224 7 346
RUNG 5000000772063067681 1250000193015766921 3 1318379
RUNG 5000000917638057241 1250000229409514311 3 2969
RUNG 5000000923727421049 1250000230931855264 7 6589313
RUNG 5000000933612936689 1250000233403234174 7 1354
RUNG 5000000974296500041 1250000243574125012 7 33788
RUNG 5000000748455044921 1250000187113761232 7 124
RUNG 5000000861130728041 1250000215282682011 3 57173
RUNG 5000000904203477929 1250000226050869483 3 62597
RUNG 5000000701247165329 1250000175311791334 7 6782
RUNG 5000000636244948889 1250000159061237224 7 6614
RUNG 5000000758942964329 1250000189735741085 11 695
RUNG 5000000950837547209 1250000237709386803 3 416298149
RUNG 5000000999850591289 1250000249962647823 3 5303
RUNG 5000000535758203369 1250000133939550843 3 101
RUNG 5000000936106272209 1250000234026568053 3 1187
RUNG 5000000627466221521 1250000156866555382 7 5722
RUNG 5000000941922003161 1250000235480500793 11 6595047
RUNG 5000000593213044169 1250000148303261044 7 225854
RUNG 5000000947713230209 1250000236928307553 3 449
RUNG 5000000651486739721 1250000162871684936 23 5092189652964
RUNG 5000000652801813481 1250000163200453371 3 113
RUNG 5000000720642466361 1250000180160616591 3 113
RUNG 5000000543822223601 1250000135955555902 7 94
RUNG 5000000703544466281 1250000175886116571 3 4261997
RUNG 5000000873317629841 1250000218329407461 3 173
RUNG 5000000688913250329 1250000172228312583 3 4273391
RUNG 5000000871347061889 1250000217836765473 3 8861
RUNG 5000000929091869009 1250000232272967253 3 384107
RUNG 5000000930758173649 1250000232689543413 3 6011
RUNG 5000000942205853081 1250000235551463272 7 3047441
RUNG 5000000966740963681 1250000241685240921 3 3021719
RUNG 5000000540248657969 1250000135062164493 3 113
RUNG 5000000751922440289 1250000187980610073 3 1877
RUNG 5000000800110502201 1250000200027625552 7 50734
RUNG 5000000858349483001 1250000214587370751 3 173
RUNG 5000000581154807209 1250000145288701803 3 2012957
RUNG 5000000729110815409 1250000182277703854 7 188
RUNG 5000000782689860929 1250000195672465233 3 601241
RUNG 5000000565451521361 1250000141362880342 7 4546
RUNG 5000000906069919481 1250000226517479872 7 1939486
RUNG 5000000964308900281 1250000241077225074 15 311
RUNG 5000000887346457001 1250000221836614251 3 506609
RUNG 5000000957662062361 1250000239415515591 3 353
RUNG 5000000626010262601 1250000156502565651 3 941
RUNG 5000000767713544321 1250000191928386081 3 173
RUNG 5000000771879305921 1250000192969826481 3 30986429
RUNG 5000000649671381041 1250000162417845261 3 5381
RUNG 5000000666469202969 1250000166617300744 7 82
RUNG 5000000800712912569 1250000200178228143 3 425303231
RUNG 5000000842078518049 1250000210519629514 7 73
RUNG 5000000790147400129 1250000197536850037 19 24077461
RUNG 5000000813892241249 1250000203473060313 3 281
RUNG 5000000742292193089 1250000185573048274 7 31
RUNG 5000000635999927321 1250000158999981831 3 14783
RUNG 5000000914477006201 1250000228619251551 3 2777
RUNG 5000000751156690841 1250000187789172711 3 27848333
RUNG 5000000854990340761 1250000213747585194 15 6926
RUNG 5000000635957046329 1250000158989261583 3 149
RUNG 5000000821764307969 1250000205441076994 7 922
RUNG 5000000990998372969 1250000247749593245 11 233
RUNG 5000000736886916401 1250000184221729101 3 17163011
RUNG 5000000701273744609 1250000175318436153 3 475222613
RUNG 5000000821145576689 1250000205286394173 3 113
RUNG 5000000971335576649 1250000242833894163 3 305237
RUNG 5000000590836138241 1250000147709034561 3 87473
RUNG 5000000599706760001 1250000149926690005 19 1691475169048295
RUNG 5000000608542667081 1250000152135666771 3 85475531
RUNG 5000000540448801889 1250000135112200473 3 10529
RUNG 5000000620106740921 1250000155026685233 11 46296302038025379
RUNG 5000000552688790489 1250000138172197623 3 1061
RUNG 5000000726478647569 1250000181619661893 3 5231
RUNG 5000000732762004649 1250000183190501163 3 32069
RUNG 5000000796191853169 1250000199047963295 11 21621
RUNG 5000000899823341129 1250000224955835283 3 108233
RUNG 5000000993387571889 1250000248346892974 7 332489
RUNG 5000000801094791881 1250000200273697972 7 4091
RUNG 5000000989532202481 1250000247383050621 3 1676321
RUNG 5000000567279171689 1250000141819792924 7 486146
RUNG 5000000977792516609 1250000244448129153 3 6163889
RUNG 5000000660304305881 1250000165076076473 11 1971741
RUNG 5000000566194850969 1250000141548712743 3 14759
RUNG 5000000605998294961 1250000151499573742 7 15454
RUNG 5000000776149235921 1250000194037308982 7 124
RUNG 5000000800802785969 1250000200200696494 7 62
RUNG 5000000882337359089 1250000220584339773 3 12983
RUNG 5000000904936615769 1250000226234153943 3 10700189
RUNG 5000000969955169369 1250000242488792347 19 7021
RUNG 5000000754362715721 1250000188590678932 7 113396
RUNG 5000000921297443681 1250000230324360921 3 317
RUNG 5000000567528312329 1250000141882078083 3 7853
RUNG 5000000612410309489 1250000153102577374 7 6121
RUNG 5000000636018333929 1250000159004583483 3 101
RUNG 5000000592190029721 1250000148047507431 3 382247009
RUNG 5000000648460484489 1250000162115121123 3 15647
RUNG 5000000772710452609 1250000193177613155 11 569
RUNG 5000000903733865129 1250000225933466285 11 4419
RUNG 5000000933886627769 1250000233471656946 15 18012606956
RUNG 5000000608142450089 1250000152035612525 11 4065
RUNG 5000000744193365089 1250000186048341274 7 63353
RUNG 5000000902780233529 1250000225695058383 3 26987
RUNG 5000000574158821009 1250000143539705253 3 269
RUNG 5000000977849708609 1250000244462427153 3 908092673
RUNG 5000000680163161201 1250000170040790304 15 34676
RUNG 5000000736935957281 1250000184233989322 7 157
RUNG 5000000720581259761 1250000180145314942 7 31
RUNG 5000000828388719521 1250000207097179881 3 4044329
RUNG 5000000942861397841 1250000235715349461 3 11980181
RUNG 5000000960880358801 1250000240220089702 7 31
RUNG 5000000618675297041 1250000154668824261 3 567383
RUNG 5000000841137176681 1250000210284294174 15 1346
RUNG 5000000896239584041 1250000224059896011 3 61409
RUNG 5000000956338863281 1250000239084715821 3 19421
RUNG 5000000682625863961 1250000170656465991 3 269
RUNG 5000000766766080121 1250000191691520031 3 73673
RUNG 5000000602696335289 1250000150674083825 11 109
RUNG 5000000750366458321 1250000187591614581 3 36887
RUNG 5000000719106910169 1250000179776727545 11 95
RUNG 5000000965852729489 1250000241463182374 7 3142
RUNG 5000000887669144561 1250000221917286141 3 40127
RUNG 5000000791352244001 1250000197838061001 3 1061
RUNG 5000000888735091409 1250000222183772853 3 3852257
RUNG 5000000635085136409 1250000158771284104 7 173
RUNG 5000000674081974289 1250000168520493574 7 4604
RUNG 5000000769492209209 1250000192373052304 7 19
RUNG 5000000704375638361 1250000176093909593 11 1019
RUNG 5000000569739858281 1250000142434964574 15 1931
RUNG 5000000742341249089 1250000185585312273 3 21563
RUNG 5000000842348116049 1250000210587029013 3 7013
RUNG 5000000848698860449 1250000212174715115 11 21705
RUNG 5000000565915119521 1250000141478779882 7 717694
RUNG 5000000619026537881 1250000154756634473 11 3542967
RUNG 5000000731896214801 1250000182974053703 11 476446959
RUNG 5000000822062491001 1250000205515622751 3 8369
RUNG 5000000635718176201 1250000158929544051 3 2939
RUNG 5000000844970099081 1250000211242524771 3 2152229
RUNG 5000000694708630361 1250000173677157592 7 188
RUNG 5000000765806338769 1250000191451584695 11 76215
RUNG 5000000766210662689 1250000191552665674 7 7530766
RUNG 5000000850798085609 1250000212699521403 3 13460747
RUNG 5000000651276483449 1250000162819120863 3 269
RUNG 5000000998455956089 1250000249613989024 7 76
RUNG 5000000659916356249 1250000164979089066 15 1920682076
RUNG 5000000817251454169 1250000204312863543 3 819509
RUNG 5000000872264011769 1250000218066002944 7 19
RUNG 5000000603907285001 1250000150976821251 3 119759
RUNG 5000000711812762681 1250000177953190675 19 51697855
RUNG 5000000642671330921 1250000160667832732 7 71352364
RUNG 5000000809875609841 1250000202468902461 3 1929113
RUNG 5000000574473322961 1250000143618330743 11 165843
RUNG 5000000628393389161 1250000157098347294 15 16891894014842531
RUNG 5000000558674060801 1250000139668515201 3 6857
RUNG 5000000672378935609 1250000168094733903 3 5051
RUNG 5000000825119443529 1250000206279860884 7 603524
RUNG 5000000967537439249 1250000241884359813 3 73043
RUNG 5000000792050648609 1250000198012662154 7 103
RUNG 5000000926214718649 1250000231553679663 3 112877
RUNG 5000000543475161569 1250000135868790393 3 338816603
RUNG 5000000652848866009 1250000163212216504 7 118
RUNG 5000000768122024681 1250000192030506172 7 4775231
RUNG 5000000886131516281 1250000221532879071 3 17579
RUNG 5000000686997901649 1250000171749475415 11 97056189
RUNG 5000000941654583929 1250000235413645984 7 82
RUNG 5000000757826059241 1250000189456514812 7 11606402
RUNG 5000000764323830521 1250000191080957631 3 1229
RUNG 5000000783606814241 1250000195901703563 11 127
RUNG 5000000989148350441 1250000247287087612 7 32602
RUNG 5000000820120535321 1250000205030133832 7 82
RUNG 5000000832920042161 1250000208230010541 3 3677
RUNG 5000000871112316521 1250000217778079131 3 2909
RUNG 5000000872159883041 1250000218039970761 3 11982689
RUNG 5000000827549478521 1250000206887369631 3 138371
RUNG 5000000846428138321 1250000211607034582 7 31498
RUNG 5000000862276410761 1250000215569102693 11 41
RUNG 5000000874140663161 1250000218535165791 3 317
RUNG 5000000884550983081 1250000221137745774 15 119321
RUNG 5000000897722141081 1250000224430535275 19 17425
RUNG 5000000974717259281 1250000243679314821 3 5573
RUNG 5000000840545021609 1250000210136255403 3 401
RUNG 5000000924940492769 1250000231235123194 7 94
RUNG 5000000787999248641 1250000196999812162 7 61
RUNG 5000000879468346361 1250000219867086592 7 251473
RUNG 5000000577040182001 1250000144260045502 7 51826
RUNG 5000000815709734129 1250000203927433533 3 89
RUNG 5000000618369036281 1250000154592259072 7 8678
RUNG 5000000621405549761 1250000155351387442 7 1489
RUNG 5000000963357400961 1250000240839350244 15 296
RUNG 5000000842519684369 1250000210629921093 3 116579
RUNG 5000000600762569081 1250000150190642272 7 236
RUNG 5000000773917350881 1250000193479337722 7 3932
RUNG 5000000964139503169 1250000241034875794 7 522926
RUNG 5000000745310414201 1250000186327603551 3 5261
RUNG 5000000755224518401 1250000188806129602 7 1447
RUNG 5000000918003694961 1250000229500923743 11 64341
RUNG 5000000546211514321 1250000136552878584 15 4916
RUNG 5000000874777792361 1250000218694448091 3 3719
RUNG 5000000973024421081 1250000243256105271 3 3821
RUNG 5000000800218829441 1250000200054707364 15 2216
RUNG 5000000815519835161 1250000203879958791 3 4877
RUNG 5000000657994828649 1250000164498707163 3 201842939
RUNG 5000000721148999801 1250000180287249952 7 409
RUNG 5000000936333049529 1250000234083262384 7 68
RUNG 5000000950905046969 1250000237726261744 7 68
RUNG 5000000965881368329 1250000241470342084 7 68
RUNG 5000000591201744209 1250000147800436055 11 95
RUNG 5000000704775924929 1250000176193981234 7 73
RUNG 5000000968850495689 1250000242212623923 3 3203
RUNG 5000000660077712881 1250000165019428222 7 178
RUNG 5000000666314103041 1250000166578525761 3 2351
RUNG 5000000799322378441 1250000199830594611 3 89
RUNG 5000000910513498481 1250000227628374621 3 3623
RUNG 5000000983059011521 1250000245764752882 7 79540534
RUNG 5000000566876966561 1250000141719241645 19 20037323305
RUNG 5000000614781182921 1250000153695295736 23 2857
RUNG 5000000552449954921 1250000138112488732 7 1520357
RUNG 5000000599159577881 1250000149789894471 3 173021
RUNG 5000000762326742041 1250000190581685511 3 17061731
RUNG 5000000658758558041 1250000164689639511 3 84659
RUNG 5000000821488725641 1250000205372181411 3 101
RUNG 5000000548188218329 1250000137047054583 3 617
RUNG 5000000834357661889 1250000208589415480 31 7835
RUNG 5000000891741027929 1250000222935256983 3 89
RUNG 5000000960553692809 1250000240138423203 3 6779
RUNG 5000000579282362921 1250000144820590731 3 624419
RUNG 5000000823052929961 1250000205763232494 15 186679646
RUNG 5000000999397379369 1250000249849344845 11 109
RUNG 5000000729225277889 1250000182306319475 11 3044421
RUNG 5000000795703890089 1250000198925972524 7 2733778
RUNG 5000000730685338361 1250000182671334597 27 308222987
RUNG 5000000894965414321 1250000223741353585 19 1125396130955
RUNG 5000000949963677641 1250000237490919414 15 9672566
RUNG 5000000817815101921 1250000204453775482 7 122
RUNG 5000000857935061801 1250000214483765451 3 617
RUNG 5000000971882935841 1250000242970733961 3 185774621
RUNG 5000000697679847161 1250000174419961791 3 101
RUNG 5000000577070839001 1250000144267709753 11 1737
RUNG 5000000823882003601 1250000205970500901 3 6491
RUNG 5000000873231984281 1250000218307996071 3 149
RUNG 5000000698094383081 1250000174523595771 3 113
RUNG 5000000825005127881 1250000206251281973 11 123
RUNG 5000000892592567801 1250000223148141951 3 5231
RUNG 5000000970188045761 1250000242547011441 3 20879
RUNG 5000000565774277561 1250000141443569391 3 1667
RUNG 5000000584365012769 1250000146091253193 3 3491
RUNG 5000000700144596689 1250000175036149174 7 857
RUNG 5000000793817055569 1250000198454263895 11 3681
RUNG 5000000654848066729 1250000163712016683 3 1061
RUNG 5000000537837132809 1250000134459283205 11 16935
RUNG 5000000554577776729 1250000138644444184 7 76
RUNG 5000000710893896689 1250000177723474174 7 1042
RUNG 5000000904340429969 1250000226085107494 7 62
RUNG 5000000659132266841 1250000164783066712 7 2642
RUNG 5000000924262572281 1250000231065643071 3 113
RUNG 5000000941846579321 1250000235461644832 7 216061
RUNG 5000000545425355369 1250000136356338843 3 12347
RUNG 5000000570781366049 1250000142695341516 15 191
RUNG 5000000720877432169 1250000180219358043 3 45045491
RUNG 5000000742378071329 1250000185594517834 7 5136806
RUNG 5000000667533221561 1250000166883305392 7 345014
RUNG 5000000982301435321 1250000245575358833 11 395727749
RUNG 5000000599212690289 1250000149803172573 3 10847
RUNG 5000000762939373409 1250000190734843355 11 25883615
RUNG 5000000863164738649 1250000215791184663 3 19701371
RUNG 5000000889937925089 1250000222484481275 11 61007055
RUNG 5000000804188582921 1250000201047145734 15 2256318052431671
RUNG 5000000996859141529 1250000249214785383 3 89
RUNG 5000000818429772929 1250000204607443234 7 11042
RUNG 5000000854943490169 1250000213735872544 7 38
RUNG 5000000882954152849 1250000220738538213 3 28181
RUNG 5000000933715184489 1250000233428796124 7 691
RUNG 5000000640811093129 1250000160202773284 7 76
RUNG 5000000864602340809 1250000216150585203 3 293
RUNG 5000000869948401529 1250000217487100383 3 137
RUNG 5000000873189119009 1250000218297279753 3 37607
RUNG 5000000996438485249 1250000249109621313 3 3863
RUNG 5000000606043320641 1250000151510830162 7 82
RUNG 5000000574477467329 1250000143619366833 3 1877
RUNG 5000000670671845609 1250000167667961404 7 236
RUNG 5000000691386299369 1250000172846574843 3 10391
RUNG 5000000815019569129 1250000203754892289 27 617057
RUNG 5000000642459025121 1250000160614756283 11 7713
RUNG 5000000774039914561 1250000193509978641 3 1082170889
RUNG 5000000839638409081 1250000209909602271 3 113
RUNG 5000000646804489481 1250000161701122372 7 47
RUNG 5000000779996548481 1250000194999137125 19 1093
RUNG 5000000834363821441 1250000208590955363 11 1647
RUNG 5000000982952862041 1250000245738215512 7 31377134
RUNG 5000000725469997361 1250000181367499342 7 8546
RUNG 5000000786780206321 1250000196695051581 3 8052311
RUNG 5000000872549970641 1250000218137492661 3 10613
RUNG 5000000711892474289 1250000177973118573 3 8291
RUNG 5000000725494503401 1250000181373625856 23 474
RUNG 5000000801154127441 1250000200288531862 7 859
RUNG 5000000786551499689 1250000196637874928 23 333
RUNG 5000000813718799849 1250000203429699964 7 1973
RUNG 5000000689138024249 1250000172284506064 7 68
RUNG 5000000813904626209 1250000203476156553 3 25523
RUNG 5000000982956949649 1250000245739237414 7 68
RUNG 5000000599862077681 1250000149965519421 3 1103
RUNG 5000000737121880961 1250000184280470242 7 175594
RUNG 5000000835329712601 1250000208832428152 7 94
RUNG 5000000931080968201 1250000232770242051 3 2438453
RUNG 5000000755441024369 1250000188860256093 3 193245989
RUNG 5000000914434260641 1250000228608565163 11 123
RUNG 5000000725535350921 1250000181383837732 7 68
RUNG 5000000896509234529 1250000224127308633 3 7013
RUNG 5000000972236245889 1250000243059061475 11 1251
RUNG 5000000549248081129 1250000137312020286 15 41
RUNG 5000000619882245041 1250000154970561262 7 294908
RUNG 5000000870140373161 1250000217535093292 7 5422933
RUNG 5000000546428024729 1250000136607006185 11 2529
RUNG 5000000707828824289 1250000176957206073 3 242441
RUNG 5000000853542672569 1250000213385668144 7 178
RUNG 5000000930868601249 1250000232717150314 7 1061014
RUNG 5000000899341546121 1250000224835386531 3 179111
RUNG 5000000537612538649 1250000134403134664 7 1994
RUNG 5000000623619180089 1250000155904795023 3 2399
RUNG 5000000609051270761 1250000152262817691 3 357047
RUNG 5000000702160126601 1250000175540031651 3 245411
RUNG 5000000835740173201 1250000208935043302 7 173
RUNG 5000000623331256841 1250000155832814211 3 245789
RUNG 5000000790747906241 1250000197686976561 3 821
RUNG 5000000564847235249 1250000141211808815 11 233
RUNG 5000000776030927969 1250000194007731993 3 101489
RUNG 5000000895596454721 1250000223899113681 3 455783
RUNG 5000000604074825281 1250000151018706322 7 62
RUNG 5000000739968503201 1250000184992125802 7 181
RUNG 5000000572131193729 1250000143032798433 3 81812351
RUNG 5000000707908476209 1250000176977119054 7 188
RUNG 5000000785358969329 1250000196339742333 3 8423
RUNG 5000000547508276489 1250000136877069123 3 3167
RUNG 5000000711892496489 1250000177973124125 11 831
RUNG 5000000737742680849 1250000184435670213 3 3581
RUNG 5000000983322495329 1250000245830623834 7 31
RUNG 5000000689387174249 1250000172346793564 7 118
RUNG 5000000697643141969 1250000174410785493 3 22817
RUNG 5000000677606646209 1250000169401661553 3 4679
RUNG 5000000675064307201 1250000168766076802 7 54328042
RUNG 5000000912457585841 1250000228114396461 3 64379633
RUNG 5000000580146207689 1250000145036551929 27 587130176156201
RUNG 5000000610590982049 1250000152647745514 7 1018
RUNG 5000000741877817729 1250000185469454435 11 20063
RUNG 5000000828227521169 1250000207056880294 7 94
RUNG 5000000930560272121 1250000232640068031 3 1913
RUNG 5000000940882784321 1250000235220696081 3 24130199
RUNG 5000000583585004201 1250000145896251052 7 7901
RUNG 5000000799822745921 1250000199955686483 11 12641971337679
RUNG 5000000544806664721 1250000136201666183 11 1751
RUNG 5000000727689725081 1250000181922431271 3 569
RUNG 5000000795857104361 1250000198964276093 11 1377
RUNG 5000000561845448041 1250000140461362012 7 8594
RUNG 5000000729131406881 1250000182282851721 3 711839
RUNG 5000000879699184241 1250000219924796061 3 24840779
RUNG 5000000844823183369 1250000211205795843 3 98702711
RUNG 5000000986963461649 1250000246740865413 3 233
RUNG 5000000703070892929 1250000175767723236 15 14876
RUNG 5000000937139728529 1250000234284932134 7 1882
RUNG 5000000779089916681 1250000194772479171 3 86927
RUNG 5000000786576035321 1250000196644008833 11 336321
RUNG 5000000605306189081 1250000151326547271 3 44213669
RUNG 5000000801666713441 1250000200416678362 7 122
RUNG 5000000853481436401 1250000213370359102 7 353
RUNG 5000000647876597609 1250000161969149404 7 292
RUNG 5000000677204376089 1250000169301094024 7 124
RUNG 5000000896170283249 1250000224042570813 3 4889
RUNG 5000000904922466689 1250000226230616676 15 1919756
RUNG 5000000913499034689 1250000228374758674 7 1489
RUNG 5000000560703953921 1250000140175988483 11 660013
RUNG 5000000692742260321 1250000173185565081 3 2819
RUNG 5000000943237265081 1250000235809316271 3 7103
RUNG 5000000986465209841 1250000246616302463 11 55790671
RUNG 5000000836704038881 1250000209176009722 7 899926
RUNG 5000000573893491721 1250000143473372931 3 11766239
RUNG 5000000719948360681 1250000179987090171 3 65927
RUNG 5000000823075464761 1250000205768866192 7 22973
RUNG 5000000836111848121 1250000209027962031 3 1181
RUNG 5000000571022384489 1250000142755596124 7 146
RUNG 5000000584401830569 1250000146100457645 11 1888455
RUNG 5000000677633209889 1250000169408302473 3 1678091
RUNG 5000000713963143529 1250000178490785885 11 171
RUNG 5000000732192434609 1250000183048108654 7 262
RUNG 5000000878239135409 1250000219559783854 7 367307
RUNG 5000000936792590369 1250000234198147596 15 536
RUNG 5000000964186556969 1250000241046639243 3 1228841
RUNG 5000000575324965841 1250000143831241463 11 1480416629259
RUNG 5000000781930404881 1250000195482601222 7 216998
RUNG 5000000911581566641 1250000227895391662 7 1265494
RUNG 5000000964723615601 1250000241180903903 11 3207
RUNG 5000000738414532841 1250000184603633211 3 3347
RUNG 5000000781411727081 1250000195352931777 27 4615391017169
RUNG 5000000797923662521 1250000199480915631 3 761
RUNG 5000000927928097081 1250000231982024275 19 22751
RUNG 5000000591181406969 1250000147795351745 11 117
RUNG 5000000763825678769 1250000190956419693 3 6449
RUNG 5000000925771703009 1250000231442925755 11 95
RUNG 5000000735404567201 1250000183851141803 11 5037381
RUNG 5000000817318959761 1250000204329739941 3 7053197
RUNG 5000000882457993721 1250000220614498431 3 119489
RUNG 5000000542323559249 1250000135580889813 3 3719
RUNG 5000000833949333689 1250000208487333424 7 68
RUNG 5000000919715015561 1250000229928753892 7 101
RUNG 5000000595365550889 1250000148841387724 7 482
RUNG 5000000892265914649 1250000223066478664 7 19519828
RUNG 5000000986334529289 1250000246583632325 11 1257505
RUNG 5000000864420658121 1250000216105164532 7 164
RUNG 5000000575159567849 1250000143789891967 19 1969
RUNG 5000000714394023209 1250000178598505803 3 1494473
RUNG 5000000640076020121 1250000160019005031 3 12809
RUNG 5000000577154644889 1250000144288661223 3 389
RUNG 5000000860310037409 1250000215077509355 11 1359
RUNG 5000000967408909289 1250000241852227323 3 2819
RUNG 5000000544132817129 1250000136033204285 11 101
RUNG 5000000993018134009 1250000248254533503 3 1013
RUNG 5000000665356480001 1250000166339120003 11 115389
RUNG 5000000734597972321 1250000183649493081 3 6917
RUNG 5000000955013727881 1250000238753431973 11 3123
RUNG 5000000980600489081 1250000245150122273 11 1341
RUNG 5000000569227448849 1250000142306862213 3 1889
RUNG 5000000684390336689 1250000171097584173 3 149
RUNG 5000000711067547249 1250000177766886813 3 9857
RUNG 5000000947329533209 1250000236832383303 3 305219
RUNG 5000000718063576481 1250000179515894121 3 421943
RUNG 5000000755579935361 1250000188894983841 3 101
RUNG 5000000846015760841 1250000211503940212 7 12799279
RUNG 5000000734493831089 1250000183623457773 3 4871
RUNG 5000000772927065929 1250000193231766483 3 101
RUNG 5000000802546856129 1250000200636714033 3 88721
RUNG 5000000836726522201 1250000209181630553 11 2243849119
RUNG 5000000911671432241 1250000227917858065 19 875435
RUNG 5000000899033249561 1250000224758312391 3 2423
RUNG 5000000609324952001 1250000152331238002 7 6788
RUNG 5000000669646813601 1250000167411703403 11 2577429
RUNG 5000000880756992881 1250000220189248222 7 236
RUNG 5000000747158568881 1250000186789642221 3 1409
RUNG 5000000723289165049 1250000180822291267 19 302402303101
RUNG 5000000780427486289 1250000195106871574 7 864322982
RUNG 5000000897160702889 1250000224290175725 11 62735
RUNG 5000000920609448209 1250000230152362054 7 124
RUNG 5000000932859646169 1250000233214911545 11 57
RUNG 5000000785730664289 1250000196432666077 19 3799392694324213
RUNG 5000000685938212249 1250000171484553064 7 198671156
RUNG 5000000715035240209 1250000178758810056 15 127496
RUNG 5000000541802865041 1250000135450716261 3 257
RUNG 5000000601303826561 1250000150325956641 3 13463
RUNG 5000000661358180921 1250000165339545231 3 2099
RUNG 5000000876133822001 1250000219033455502 7 134434
RUNG 5000000643337179769 1250000160834294943 3 79241
RUNG 5000000808080798809 1250000202020199703 3 16607
RUNG 5000000821484749441 1250000205371187362 7 31
RUNG 5000000642193637609 1250000160548409404 7 164
RUNG 5000000899823530561 1250000224955882641 3 197
RUNG 5000000736156067009 1250000184039016754 7 38
RUNG 5000000795422193929 1250000198855548486 15 368006
RUNG 5000000838111040129 1250000209527760033 3 80387
RUNG 5000000553105559681 1250000138276389921 3 269
RUNG 5000000745951733201 1250000186487933302 7 5164
RUNG 5000000977617087121 1250000244404271781 3 149
RUNG 5000000682662788321 1250000170665697082 7 194
RUNG 5000000620739967649 1250000155184991915 11 2955
RUNG 5000000663432897929 1250000165858224484 7 367492
RUNG 5000000785943045689 1250000196485761423 3 22367
RUNG 5000000703677423161 1250000175919355792 7 388
RUNG 5000000934519834961 1250000233629958741 3 16639607
RUNG 5000000816116230961 1250000204029057741 3 99881
RUNG 5000000576691126169 1250000144172781544 7 1252
RUNG 5000000663412480889 1250000165853120223 3 6569
RUNG 5000000719092785569 1250000179773196394 7 433
RUNG 5000000755967944609 1250000188991986154 7 19
RUNG 5000000735702740849 1250000183925685215 11 16498401
RUNG 5000000835613631929 1250000208903407983 3 39521
RUNG 5000000665599508969 1250000166399877245 11 2559
RUNG 5000000796816915289 1250000199204228823 3 79967
RUNG 5000000789206234249 1250000197301558565 11 769
RUNG 5000000861962077409 1250000215490519353 3 41507
RUNG 5000000772822947761 1250000193205736942 7 2218
RUNG 5000000869695283321 1250000217423820831 3 1690193
RUNG 5000000923552046281 1250000230888011572 7 4262
RUNG 5000000984784657721 1250000246196164431 3 146099
RUNG 5000000679230130961 1250000169807532741 3 487733
RUNG 5000000945440675561 1250000236360168893 11 153
RUNG 5000000962898075521 1250000240724518882 7 14867
RUNG 5000000864365561609 1250000216091390403 3 120011
RUNG 5000000937180623929 1250000234295155984 7 10374566
RUNG 5000000972846894569 1250000243211723644 7 202
RUNG 5000000620135538161 1250000155033884541 3 204821
RUNG 5000000829158752561 1250000207289688141 3 137
RUNG 5000000583862782481 1250000145965695621 3 179693
RUNG 5000000821711433521 1250000205427858383 11 1509
RUNG 5000000967402819361 1250000241850704841 3 89
RUNG 5000000720814237961 1250000180203559494 15 3501716
RUNG 5000000963961982801 1250000240990495702 7 458
RUNG 5000000560021966801 1250000140005491703 11 2257916919563253179519
RUNG 5000000913386778601 1250000228346694652 7 349949
RUNG 5000000948763079561 1250000237190769891 3 25409
RUNG 5000000932057151329 1250000233014287833 3 101
RUNG 5000000960762107609 1250000240190526903 3 4871
RUNG 5000000743409412241 1250000185852353061 3 16127
RUNG 5000000767103202361 1250000191775800592 7 206
RUNG 5000000662381266481 1250000165595316622 7 41
RUNG 5000000733787323289 1250000183446830823 3 149
RUNG 5000000832816053089 1250000208204013275 11 37131
RUNG 5000000949104104969 1250000237276026243 3 8969
RUNG 5000000555051646769 1250000138762911693 3 7817
RUNG 5000000669242523569 1250000167310630893 3 31621157
RUNG 5000000780057909641 1250000195014477411 3 149
RUNG 5000000876936371321 1250000219234092833 11 117
RUNG 5000000731614595249 1250000182903648813 3 61643
RUNG 5000000552468469409 1250000138117117353 3 213203
RUNG 5000000580562855729 1250000145140713933 3 118037
RUNG 5000000583340030129 1250000145835007535 11 4477337
RUNG 5000000650237260529 1250000162559315135 11 11535
RUNG 5000000925841189129 1250000231460297284 7 19
RUNG 5000000560799992801 1250000140199998201 3 1511
RUNG 5000000573572953001 1250000143393238251 3 2724383
RUNG 5000000756968565401 1250000189242141352 7 409
RUNG 5000000796024624289 1250000199006156073 3 293
RUNG 5000000823571743889 1250000205892935976 15 8276
RUNG 5000000879366402809 1250000219841600704 7 479
RUNG 5000000904305837329 1250000226076459336 15 36956
RUNG 5000000657245544161 1250000164311386041 3 133349
RUNG 5000000762363637241 1250000190590909312 7 1202
RUNG 5000000585645496649 1250000146411374163 3 2063
RUNG 5000000637842084449 1250000159460521116 15 776
RUNG 5000000834392518529 1250000208598129633 3 9587
RUNG 5000000876209414321 1250000219052353582 7 68
RUNG 5000000899311013369 1250000224827753343 3 509
RUNG 5000000995329776209 1250000248832444053 3 89
RUNG 5000000537063329249 1250000134265832318 23 2623944039
RUNG 5000000544353414209 1250000136088353553 3 390419
RUNG 5000000608161038089 1250000152040259523 3 4397
RUNG 5000000891093848249 1250000222773462066 15 1091
RUNG 5000000950788803569 1250000237697200894 7 922
RUNG 5000000898561589561 1250000224640397392 7 178
RUNG 5000000604893777401 1250000151223444351 3 87917
RUNG 5000000880685573681 1250000220171393421 3 2063
RUNG 5000000821131520681 1250000205282880172 7 232699
RUNG 5000000862542049961 1250000215635512492 7 89788
RUNG 5000000986612316281 1250000246653079072 7 1532
RUNG 5000000698747979929 1250000174686994983 3 2963
RUNG 5000000578363597249 1250000144590899314 7 114148
RUNG 5000000683273402249 1250000170818350565 11 39705
RUNG 5000000608873717801 1250000152218429453 11 16227683
RUNG 5000000756778675001 1250000189194668753 11 20027369
RUNG 5000000830304368729 1250000207576092184 7 124
RUNG 5000000703618249289 1250000175904562323 3 326549
RUNG 5000000715157817329 1250000178789454336 15 86
RUNG 5000000791007351089 1250000197751837776 15 41
RUNG 5000000675521821649 1250000168880455413 3 21011
RUNG 5000000680757612209 1250000170189403053 3 19541
RUNG 5000000792018161801 1250000198004540453 11 23337
RUNG 5000000703569241841 1250000175892310462 7 1868
RUNG 5000000545572523969 1250000136393130994 7 18571594
RUNG 5000000590711818169 1250000147677954545 11 255
RUNG 5000000826530681449 1250000206632670363 3 869663
RUNG 5000000608226395489 1250000152056598874 7 164
RUNG 5000000657892892369 1250000164473223095 11 150524743
RUNG 5000000817831591289 1250000204457897823 3 344753
RUNG 5000000705899213249 1250000176474803314 7 98066
RUNG 5000000836894037881 1250000209223509472 7 101
RUNG 5000000643439336921 1250000160859834234 15 251
RUNG 5000000713914221401 1250000178478555354 15 3491
RUNG 5000000749788780121 1250000187447195032 7 47
RUNG 5000000819154837409 1250000204788709353 3 2447
RUNG 5000000674535522881 1250000168633880721 3 173
RUNG 5000000704094051881 1250000176023512971 3 10973
RUNG 5000000923921700449 1250000230980425114 7 38
RUNG 5000000549033787361 1250000137258446844 15 3656
RUNG 5000000697338984401 1250000174334746102 7 61
RUNG 5000000794995463321 1250000198748865833 11 549
RUNG 5000000878606791121 1250000219651697782 7 10652
RUNG 5000000911918589641 1250000227979647412 7 304246
RUNG 5000000787407243641 1250000196851810912 7 244
RUNG 5000000654294827801 1250000163573706953 11 733
RUNG 5000000630874672721 1250000157718668182 7 122
RUNG 5000000872907463721 1250000218226865931 3 2477
RUNG 5000000782400168689 1250000195600042173 3 33726677
RUNG 5000000868202605409 1250000217050651354 7 1732
RUNG 5000000585263669441 1250000146315917363 11 1425503
RUNG 5000000587030034041 1250000146757508512 7 131
RUNG 5000000702934182401 1250000175733545602 7 124
RUNG 5000000957094649081 1250000239273662271 3 1031
RUNG 5000000794150067689 1250000198537516924 7 38972
RUNG 5000000552793192769 1250000138198298193 3 4253
RUNG 5000000674039317769 1250000168509829445 11 549
RUNG 5000000800915347049 1250000200228836763 3 71399
RUNG 5000000935802299249 1250000233950574814 7 68099846
RUNG 5000000539579152409 1250000134894788103 3 4019
RUNG 5000000974823642089 1250000243705910524 7 19
RUNG 5000000868758044081 1250000217189511022 7 3541
RUNG 5000000778938915929 1250000194734728984 7 105186476
RUNG 5000000900754770089 1250000225188692523 3 44420063
RUNG 5000000974815476809 1250000243703869203 3 7331
RUNG 5000000664774588001 1250000166193647001 3 773
RUNG 5000000642156954641 1250000160539238662 7 94
RUNG 5000000775189735361 1250000193797433843 11 4295533312018673
RUNG 5000000799753434521 1250000199938358631 3 112757
RUNG 5000000885678393641 1250000221419598412 7 13403876
RUNG 5000000898259402081 1250000224564850523 11 11250002021083654707
RUNG 5000000618312056681 1250000154578014171 3 89
RUNG 5000000564471631889 1250000141117907975 11 123
RUNG 5000000582341523929 1250000145585380983 3 233
RUNG 5000000823343084969 1250000205835771244 7 151942262
RUNG 5000000873358770689 1250000218339692675 11 74619
RUNG 5000000700134560129 1250000175033640035 11 153
RUNG 5000000792563416649 1250000198140854165 11 153
RUNG 5000000883340263529 1250000220835065884 7 2833
RUNG 5000000591271367081 1250000147817841771 3 284943641
RUNG 5000000606504985481 1250000151626246371 3 641
RUNG 5000000612700534841 1250000153175133716 23 488215071
RUNG 5000000656383854521 1250000164095963632 7 124
RUNG 5000000940737924521 1250000235184481131 3 89
RUNG 5000000991180398449 1250000247795099613 3 97715213
RUNG 5000000993095831969 1250000248273957994 7 47
RUNG 5000000721547395001 1250000180386848754 15 105539711
RUNG 5000000912447504401 1250000228111876102 7 1459
RUNG 5000000585665970329 1250000146416492583 3 149
RUNG 5000000918005938289 1250000229501484574 7 3412
RUNG 5000000960627397169 1250000240156849293 3 173
RUNG 5000000683824791401 1250000170956197854 15 71
RUNG 5000000724798324001 1250000181199581001 3 317
RUNG 5000000909594775841 1250000227398693961 3 240659
RUNG 5000000554990446121 1250000138747611533 11 233
RUNG 5000000760117448201 1250000190029362053 11 318837
RUNG 5000000576795349841 1250000144198837462 7 6124
RUNG 5000000685323650561 1250000171330912643 11 59165493
RUNG 5000000735572128841 1250000183893032218 31 1065752656787567055131236
RUNG 5000000845642168921 1250000211410542232 7 97
RUNG 5000000882051743129 1250000220512935783 3 22811993
RUNG 5000000911124266609 1250000227781066654 7 62
RUNG 5000000981929961569 1250000245482490393 3 5927
RUNG 5000000601826678561 1250000150456669642 7 439
RUNG 5000000795291590201 1250000198822897552 7 257
RUNG 5000000824776605761 1250000206194151443 11 3823
RUNG 5000000848735861081 1250000212183965274 15 146
RUNG 5000000664264096121 1250000166066024031 3 269
RUNG 5000000843093707441 1250000210773426862 7 73
RUNG 5000000860518434761 1250000215129608692 7 1214
RUNG 5000000557338799321 1250000139334699832 7 68
RUNG 5000000771505912481 1250000192876478122 7 61
RUNG 5000000648078889049 1250000162019722264 7 62
RUNG 5000000874396141769 1250000218599035445 11 8182017
RUNG 5000000660704827649 1250000165176206913 3 28031
RUNG 5000000737166973841 1250000184291743463 11 1506950469
RUNG 5000000754409959601 1250000188602489901 3 7499
RUNG 5000000631718070521 1250000157929517633 11 381
RUNG 5000000573993687089 1250000143498421775 11 1117
RUNG 5000000870789906809 1250000217697476705 11 38090685
RUNG 5000000928902281129 1250000232225570287 19 312077271373
RUNG 5000000573905880761 1250000143476470191 3 1109
RUNG 5000000658135946681 1250000164533986673 11 109
RUNG 5000000694563898241 1250000173640974563 11 33219
RUNG 5000000986197840841 1250000246549460216 23 51468
RUNG 5000000860832922169 1250000215208230544 7 61
RUNG 5000000925261326209 1250000231315331553 3 4863269
RUNG 5000000697263477161 1250000174315869294 15 596
RUNG 5000000950523404081 1250000237630851021 3 50877779
RUNG 5000000999093325481 1250000249773331372 7 1879
RUNG 5000000895051390001 1250000223762847502 7 3194803
RUNG 5000000959059133801 1250000239764783452 7 367
RUNG 5000000687390217721 1250000171847554434 15 746
RUNG 5000000814443904481 1250000203610976124 15 60056
RUNG 5000000755083844129 1250000188770961033 3 1795337
RUNG 5000000900644540729 1250000225161135183 3 43973
RUNG 5000000952757401529 1250000238189350383 3 281747
RUNG 5000000976426687169 1250000244106671796 15 1016
RUNG 5000000604462975409 1250000151115743853 3 1969049
RUNG 5000000908283812729 1250000227070953189 27 35237
RUNG 5000000565833705041 1250000141458426261 3 45077
RUNG 5000000550003811081 1250000137500952772 7 734
RUNG 5000000574918741121 1250000143729685283 11 117
RUNG 5000000703454948921 1250000175863737231 3 761
RUNG 5000000958942741481 1250000239735685372 7 1658
RUNG 5000000562548063521 1250000140637015882 7 124
RUNG 5000000636960001121 1250000159240000282 7 1489
RUNG 5000000871598565281 1250000217899641322 7 383
RUNG 5000000574751295401 1250000143687823851 3 4397
RUNG 5000000686314066889 1250000171578516723 3 110501
RUNG 5000000844954028369 1250000211238507093 3 137
RUNG 5000000923697132809 1250000230924283203 3 149
RUNG 5000000981090711521 1250000245272677882 7 1574
RUNG 5000000632998448009 1250000158249612004 7 62
RUNG 5000000812422292609 1250000203105573155 11 1341
RUNG 5000000878533337609 1250000219633334404 7 188
RUNG 5000000764346544961 1250000191086636243 11 3769
RUNG 5000000668566704161 1250000167141676041 3 679067
RUNG 5000000780147853841 1250000195036963461 3 16553
RUNG 5000000872354128169 1250000218088532045 11 271521
RUNG 5000000557986154561 1250000139496538642 7 68
RUNG 5000000740926394681 1250000185231598673 11 1531
RUNG 5000000823306372361 1250000205826593093 11 335889763101
RUNG 5000000606155839769 1250000151538959947 19 773
RUNG 5000000947043788921 1250000236760947231 3 579539
RUNG 5000000753836176001 1250000188459044004 15 131
RUNG 5000000963433203641 1250000240858300916 23 566
RUNG 5000000943831661849 1250000235957915464 7 1942
RUNG 5000000784679149001 1250000196169787251 3 31079
RUNG 5000000811819902641 1250000202954975662 7 7376372
RUNG 5000000537710747969 1250000134427686994 7 68
RUNG 5000000611869472609 1250000152967368154 7 68
RUNG 5000000858239556569 1250000214559889144 7 68
RUNG 5000000846209899121 1250000211552474783 11 49571258389536492469431
RUNG 5000000961329904121 1250000240332476031 3 8513
RUNG 5000000631029934721 1250000157757483681 3 78977
RUNG 5000000766754123321 1250000191688530833 11 71121321
RUNG 5000000606398848649 1250000151599712163 3 3797
RUNG 5000000889525652609 1250000222381413154 7 18930257
RUNG 5000000707273582921 1250000176818395731 3 13396589
RUNG 5000000689722250969 1250000172430562745 11 2265
RUNG 5000000993994380761 1250000248498595191 3 5507
RUNG 5000000856673317049 1250000214168329264 7 76
RUNG 5000000657488652929 1250000164372163233 3 5297
RUNG 5000000767250344969 1250000191812586244 7 87442
RUNG 5000000601310094881 1250000150327523722 7 79569668
RUNG 5000000896499229721 1250000224124807431 3 86693
RUNG 5000000926919499601 1250000231729874902 7 291514
RUNG 5000000685109291801 1250000171277322951 3 18619703
RUNG 5000000758195945441 1250000189548986363 11 981
RUNG 5000000627421662041 1250000156855415512 7 68372
RUNG 5000000735380232761 1250000183845058191 3 44111
RUNG 5000000831027344321 1250000207756836082 7 724
RUNG 5000000606741923561 1250000151685480891 3 462149
RUNG 5000000762776242001 1250000190694060502 7 349
RUNG 5000000763460326121 1250000190865081533 11 66369
RUNG 5000000765702486041 1250000191425621511 3 89
RUNG 5000000908706547241 1250000227176636812 7 313
RUNG 5000000962908414961 1250000240727103741 3 21661253
RUNG 5000000964770755441 1250000241192688862 7 13438
RUNG 5000000556201434809 1250000139050358703 3 36599
RUNG 5000000557924916569 1250000139481229144 7 724
RUNG 5000000616457951129 1250000154114487783 3 49547
RUNG 5000000734663478569 1250000183665869643 3 113969
RUNG 5000000768538880129 1250000192134720033 3 3467
RUNG 5000000771048547289 1250000192762136823 3 677
RUNG 5000000826722725849 1250000206680681463 3 89
RUNG 5000000840767876969 1250000210191969248 23 849
RUNG 5000000545215260209 1250000136303815053 3 281
RUNG 5000000971158257689 1250000242789564423 3 33129101
RUNG 5000000912098378201 1250000228024594551 3 401981213
RUNG 5000000916784860001 1250000229196215002 7 146788
RUNG 5000000889515459881 1250000222378864972 7 94
RUNG 5000000919239394121 1250000229809848533 11 6720009
RUNG 5000000976645222601 1250000244161305651 3 6863
RUNG 5000000621328221161 1250000155332055292 7 2078
RUNG 5000000852405468641 1250000213101367162 7 283
RUNG 5000000976492071281 1250000244123017821 3 1487
RUNG 5000000626410861241 1250000156602715314 15 2141
RUNG 5000000749680647881 1250000187420161971 3 149
RUNG 5000000675266669081 1250000168816667274 15 339726236
RUNG 5000000943609104449 1250000235902276115 11 175499073
RUNG 5000000655121947049 1250000163780486763 3 173204939
RUNG 5000000674507033441 1250000168626758361 3 281
RUNG 5000000985967142401 1250000246491785601 3 2549
RUNG 5000000570804074609 1250000142701018653 3 84377
RUNG 5000000798260784089 1250000199565196024 7 38
RUNG 5000000595126813721 1250000148781703431 3 92681
RUNG 5000000623441740361 1250000155860435091 3 12809
RUNG 5000000558368055881 1250000139592013971 3 60821
RUNG 5000000730583499281 1250000182645874824 15 206
RUNG 5000000927236037641 1250000231809009413 11 437238361425034781191130608807
RUNG 5000000896129644001 1250000224032411001 3 60934037
RUNG 5000000807680725289 1250000201920181323 3 197
RUNG 5000000840941472809 1250000210235368205 11 3405
RUNG 5000000731810772689 1250000182952693173 3 89
RUNG 5000000801487219529 1250000200371804884 7 383
RUNG 5000000737610166649 1250000184402541663 3 21767
RUNG 5000000766451939609 1250000191612984904 7 5204
RUNG 5000000629571956681 1250000157392989171 3 1249511
RUNG 5000000862564636769 1250000215641159195 11 915
RUNG 5000000776862261041 1250000194215565261 3 257
RUNG 5000000672836659961 1250000168209164993 11 909567
RUNG 5000000706716145601 1250000176679036402 7 217621067
RUNG 5000000900050366681 1250000225012591673 11 417
RUNG 5000000600066523529 1250000150016630883 3 427727
RUNG 5000000633460003649 1250000158365000914 7 433
RUNG 5000000674070053129 1250000168517513283 3 5237
RUNG 5000000618747106361 1250000154686776595 19 2159
RUNG 5000000667633543961 1250000166908385991 3 773
RUNG 5000000748933285001 1250000187233321254 15 401
RUNG 5000000961834334681 1250000240458583672 7 229862596
RUNG 5000000985342301849 1250000246335575463 3 2218001
RUNG 5000000704955916529 1250000176238979134 7 97
RUNG 5000000840808753649 1250000210202188415 11 85
RUNG 5000000848051869529 1250000212012967383 3 33479
RUNG 5000000882086555489 1250000220521638877 19 43103455880056513
RUNG 5000000627166450889 1250000156791612723 3 4919
RUNG 5000000641513823929 1250000160378455985 11 255
RUNG 5000000662724493409 1250000165681123353 3 581183
RUNG 5000000738159493049 1250000184539873265 11 57
RUNG 5000000889370513009 1250000222342628253 3 13080539
RUNG 5000000598788221321 1250000149697055332 7 61
RUNG 5000000639702535289 1250000159925633823 3 941
RUNG 5000000841464255449 1250000210366063864 7 8291
RUNG 5000000964972960769 1250000241243240194 7 14509498
RUNG 5000000912057579401 1250000228014394855 19 662751798745887205
RUNG 5000000890716220489 1250000222679055123 3 93032669
RUNG 5000000536851111289 1250000134212777831 35 526461
RUNG 5000000579686984369 1250000144921746094 7 61
RUNG 5000000933954377849 1250000233488594463 3 76942163
RUNG 5000000840753631241 1250000210188407813 11 1361
RUNG 5000000548141552801 1250000137035388201 3 2179253
RUNG 5000000859087067681 1250000214771766922 7 47
RUNG 5000000648379171241 1250000162094792813 11 7225434462975681
RUNG 5000000887058932561 1250000221764733144 15 16916
RUNG 5000000889119353441 1250000222279838362 7 88612
RUNG 5000000826375633961 1250000206593908492 7 9406
RUNG 5000000707383921649 1250000176845980414 7 38
RUNG 5000000682187190689 1250000170546797673 3 2687
RUNG 5000000930258294041 1250000232564573511 3 238673
RUNG 5000000826659479369 1250000206664869843 3 3023
RUNG 5000000573019733681 1250000143254933423 11 24097
RUNG 5000000815983694921 1250000203995923735 19 8273
RUNG 5000000599788838081 1250000149947209521 3 2339
RUNG 5000000632381838521 1250000158095459636 23 6378
RUNG 5000000724624869401 1250000181156217352 7 34667
RUNG 5000000939167719241 1250000234791929811 3 28901
RUNG 5000000948945007721 1250000237236251932 7 155526146
RUNG 5000000608951473889 1250000152237868473 3 977
RUNG 5000000855944380049 1250000213986095013 3 26237
RUNG 5000000537161517281 1250000134290379321 3 62171
RUNG 5000000609251655401 1250000152312913851 3 353
RUNG 5000000635205983801 1250000158801495951 3 44279
RUNG 5000000651905786921 1250000162976446731 3 28859
RUNG 5000000784029859001 1250000196007464751 3 127247
RUNG 5000000807358123961 1250000201839530991 3 113
RUNG 5000000881024716961 1250000220256179241 3 1187699
RUNG 5000000937562678609 1250000234390669653 3 113
RUNG 5000000608469554801 1250000152117388704 15 776
RUNG 5000000750658842041 1250000187664710511 3 197
RUNG 5000000939343338569 1250000234835834645 11 38846693
RUNG 5000000649949517521 1250000162487379384 15 1191026
RUNG 5000000810502870481 1250000202625717622 7 124
RUNG 5000000571277886521 1250000142819471632 7 2719
RUNG 5000000729131662601 1250000182282915655 19 21186443767507045
RUNG 5000000872182690721 1250000218045672681 3 48497
RUNG 5000000801383126081 1250000200345781523 11 1569
RUNG 5000000815238367481 1250000203809591874 15 18189356
RUNG 5000000672914307449 1250000168228576865 11 843
RUNG 5000000656725015769 1250000164181253943 3 22769
RUNG 5000000762602747729 1250000190650686934 7 4262
RUNG 5000000883150495049 1250000220787623764 7 16862
RUNG 5000000637274584841 1250000159318646212 7 1354
RUNG 5000000798599828921 1250000199649957234 15 45476
RUNG 5000000892063999721 1250000223015999931 3 113
RUNG 5000000809171471009 1250000202292867754 7 38
RUNG 5000000915296289809 1250000228824072455 11 15567
RUNG 5000000586683045329 1250000146670761333 3 400199
RUNG 5000000639637226609 1250000159909306655 11 9105
RUNG 5000000760583171729 1250000190145792933 3 161039981
RUNG 5000000823218665489 1250000205804666374 7 236
RUNG 5000000641991701921 1250000160497925481 3 569
RUNG 5000000770562625601 1250000192640656402 7 99172
RUNG 5000000802400071241 1250000200600017814 15 74510636
RUNG 5000000715788988121 1250000178947247031 3 7793
RUNG 5000000723465016481 1250000180866254123 11 237
RUNG 5000000920174729681 1250000230043682423 11 369
RUNG 5000000750225951089 1250000187556487773 3 197
RUNG 5000000814180603001 1250000203545150753 11 30687
RUNG 5000000938979877601 1250000234744969401 3 113
RUNG 5000000939453630881 1250000234863407724 15 296
RUNG 5000000837543583481 1250000209385895871 3 7589
RUNG 5000000570048597401 1250000142512149351 3 2267
RUNG 5000000634538262641 1250000158634565661 3 38861219
RUNG 5000000839497817441 1250000209874454361 3 451277
RUNG 5000000730126156049 1250000182531539014 7 292
RUNG 5000000919643806001 1250000229910951503 11 948832313967
RUNG 5000000542148208529 1250000135537052133 3 6959
RUNG 5000000679730653529 1250000169932663384 7 25087
RUNG 5000000696307934249 1250000174076983563 3 4091
SUMMARY lo=5000000000000000000 hi=5000001000000000000 wheelM=2042040 lanes=2308 mmax=10000 ucert_rmax=63 ucert_umax=64 wheel_pmin=255254 classes_sha256=a77b2187201ff96ff3ecf822150f4152d841941deeb0cf616238bcbb0a648bbc positions=1130242300 covered=1130187145 sieved=0 mr=55155 composite=46742 rung=8413 direct=0 survivors=0
