RUNG 18445744273613256601 4611436068403314151 3 67343
RUNG 18445744470116724121 4611436117529181032 7 59
RUNG 18445744526064536041 4611436131516134013 11 549
RUNG 18445744582557572641 4611436145639393161 3 233
RUNG 18445744170410597569 4611436042602649398 23 1077396
RUNG 18445744260621798649 4611436065155449663 3 9941
RUNG 18445744268998246729 4611436067249561684 7 346
RUNG 18445744106502914041 4611436026625728512 7 69473
RUNG 18445744295652995161 4611436073913248794 15 926
RUNG 18445744309214182801 4611436077303545704 15 1060376
RUNG 18445744347477928321 4611436086869482082 7 607
RUNG 18445744397285325961 4611436099321331491 3 11003
RUNG 18445744078906785601 4611436019726696403 11 887
RUNG 18445744087360831201 4611436021840207803 11 579
RUNG 18445744319755193809 4611436079938798453 3 225983
RUNG 18445744585199973409 4611436146299993356 15 1921435976
RUNG 18445744341533550721 4611436085383387683 11 549
RUNG 18445744349711921089 4611436087427980274 7 24694
RUNG 18445744289888317609 4611436072472079405 11 21679305
RUNG 18445744512348155209 4611436128087038803 3 953
RUNG 18445744315193277601 4611436078798319402 7 404
RUNG 18445744399027188049 4611436099756797014 7 62
RUNG 18445744133809075561 4611436033452268892 7 181
RUNG 18445744545821276161 4611436136455319041 3 61637
RUNG 18445744303012510201 4611436075753127555 19 5015
RUNG 18445744507898551561 4611436126974637894 15 27806
RUNG 18445744182766985569 4611436045691746394 7 188
RUNG 18445744293990778249 4611436073497694563 3 974009
RUNG 18445744374696283129 4611436093674070783 3 607626329
RUNG 18445744417113538561 4611436104278384644 15 7254536
RUNG 18445744438989913081 4611436109747478271 3 1590653
RUNG 18445744570903655041 4611436142725913761 3 3676313
RUNG 18445744247973407689 4611436061993351925 11 2521
RUNG 18445744401841121689 4611436100460280424 7 937
RUNG 18445744590454146289 4611436147613536573 3 13967
RUNG 18445744069825838929 4611436017456459733 3 7559267
RUNG 18445744285896133369 4611436071474033343 3 23297
RUNG 18445744518427312249 4611436129606828063 3 2399
RUNG 18445744145246545009 4611436036311636253 3 293
RUNG 18445744244924643529 4611436061231160887 19 409349
RUNG 18445744327302579169 4611436081825644794 7 19
RUNG 18445744512562574089 4611436128140643525 11 23987079
RUNG 18445744275990199081 4611436068997549772 7 31
RUNG 18445744421775518761 4611436105443879691 3 1486451
RUNG 18445744535529399001 4611436133882349751 3 4817
RUNG 18445744111322136361 4611436027830534092 7 247348
RUNG 18445744217463292129 4611436054365823035 11 430371
RUNG 18445744240865070529 4611436060216267634 7 19
RUNG 18445744263535798609 4611436065883949653 3 9467
RUNG 18445744178850357961 4611436044712589491 3 16854857
RUNG 18445744198915443001 4611436049728860752 7 5204
RUNG 18445744271673328201 4611436067918332053 11 37773
RUNG 18445744156189841089 4611436039047460274 7 241
RUNG 18445744223428092169 4611436055857023043 3 1013
RUNG 18445744263403067209 4611436065850766803 3 8845691
RUNG 18445744186579480681 4611436046644870171 3 149
RUNG 18445744358212942681 4611436089553235671 3 401
RUNG 18445744337443354801 4611436084360838703 11 228577
RUNG 18445744491713350681 4611436122928337672 7 2105665036
RUNG 18445744574266902481 4611436143566725621 3 113
RUNG 18445744091640960361 4611436022910240095 19 13
RUNG 18445744296496371121 4611436074124092781 3 3833
RUNG 18445744586151576961 4611436146537894241 3 19961
RUNG 18445744241704353961 4611436060426088494 15 761
RUNG 18445744525919565241 4611436131479891311 3 190577
RUNG 18445744273560179689 4611436068390044923 3 4091
RUNG 18445744360596008569 4611436090149002145 11 85311
RUNG 18445744128757082281 4611436032189270571 3 101
RUNG 18445744147850156281 4611436036962539074 15 356
RUNG 18445744514100240481 4611436128525060124 15 3656
RUNG 18445744551249032161 4611436137812258043 11 13131
RUNG 18445744397534472001 4611436099383618001 3 154127
RUNG 18445744452206009689 4611436113051502423 3 12259307
RUNG 18445744572324928609 4611436143081232153 3 281
RUNG 18445744226389058569 4611436056597264648 23 1552
RUNG 18445744135326327481 4611436033831581872 7 94
RUNG 18445744148689437241 4611436037172359311 3 144731
RUNG 18445744093860664081 4611436023465166021 3 89
RUNG 18445744193548972801 4611436048387243202 7 206
RUNG 18445744143102418321 4611436035775604581 3 21881
RUNG 18445744252766093041 4611436063191523265 19 232279054208005
RUNG 18445744339021862641 4611436084755465661 3 821
RUNG 18445744420323643921 4611436105080910981 3 101
RUNG 18445744574362889281 4611436143590722321 3 8237
RUNG 18445744330753644529 4611436082688411134 7 1532
RUNG 18445744364000099689 4611436091000024924 7 462409412
RUNG 18445744309779854929 4611436077444963734 7 32064884
RUNG 18445744333475687089 4611436083368921773 3 3203
RUNG 18445744411896150001 4611436102974037503 11 6736869
RUNG 18445744549719555721 4611436137429888931 3 28631
RUNG 18445744134064356841 4611436033516089213 11 194849409866877009
RUNG 18445744297807376281 4611436074451844073 11 21368590443
RUNG 18445744597127557441 4611436149281889363 11 4319162726727
RUNG 18445744552496731369 4611436138124182844 7 38
RUNG 18445744067467306801 4611436016866826702 7 82
RUNG 18445744203657080521 4611436050914270131 3 1846643
RUNG 18445744107740420641 4611436026935105161 3 166973
RUNG 18445744257550601161 4611436064387650293 11 813782834891938287
RUNG 18445744427734214761 4611436106933553693 11 209251487799
RUNG 18445744431050487721 4611436107762621931 3 173
RUNG 18445744466933214601 4611436116733303651 3 233
RUNG 18445744583435680681 4611436145858920173 11 813782849269221207
RUNG 18445744413468523561 4611436103367130891 3 3413
RUNG 18445744565882305081 4611436141470576271 3 8291
RUNG 18445744513491727441 4611436128372931862 7 524
RUNG 18445744569674373961 4611436142418593492 7 7727
RUNG 18445744342570938121 4611436085642734531 3 16487
RUNG 18445744386229753321 4611436096557438331 3 19595363
RUNG 18445744221006255169 4611436055251563793 3 1109
RUNG 18445744432388025769 4611436108097006445 11 166245
RUNG 18445744142009938009 4611436035502484504 7 59
RUNG 18445744348682764369 4611436087170691093 3 29178689
RUNG 18445744122690201529 4611436030672550385 11 311666955
RUNG 18445744139363458129 4611436034840864534 7 33508
RUNG 18445744244079269329 4611436061019817333 3 96293
RUNG 18445744394896175569 4611436098724043895 11 545
RUNG 18445744563607478329 4611436140901869583 3 3424457
RUNG 18445744384896305929 4611436096224076483 3 38933
RUNG 18445744102365777961 4611436025591444492 7 68
RUNG 18445744239823658521 4611436059955914631 3 557
RUNG 18445744292310213649 4611436073077553414 7 6158
RUNG 18445744434223825489 4611436108555956374 7 2434
RUNG 18445744422136991521 4611436105534247884 15 32726
RUNG 18445744442884117921 4611436110721029482 7 21937
RUNG 18445744079819616169 4611436019954904045 11 3291
RUNG 18445744542829723729 4611436135707430934 7 35572
RUNG 18445744310615064361 4611436077653766091 3 101
RUNG 18445744424677292641 4611436106169323164 15 296
RUNG 18445744505736070441 4611436126434017612 7 41
RUNG 18445744191666235921 4611436047916558981 3 1361
RUNG 18445744397091375841 4611436099272843961 3 44687
RUNG 18445744579096359001 4611436144774089751 3 101
RUNG 18445744152845013601 4611436038211253402 7 16442
RUNG 18445744302007867441 4611436075501966861 3 269
RUNG 18445744341829689481 4611436085457422371 3 1433
RUNG 18445744361212733161 4611436090303183291 3 701
RUNG 18445744214859726769 4611436053714931693 3 2417087
RUNG 18445744219448190649 4611436054862047663 3 77740049
RUNG 18445744263852350449 4611436065963087614 7 178
RUNG 18445744357794358609 4611436089448589653 3 241343
RUNG 18445744501390611409 4611436125347652854 7 7047211
RUNG 18445744527665540089 4611436131916385023 3 80651
RUNG 18445744541138920009 4611436135284730004 7 59
RUNG 18445744287170406361 4611436071792601593 11 503
RUNG 18445744544543001841 4611436136135750461 3 269
RUNG 18445744314025275361 4611436078506318841 3 7589
RUNG 18445744358282408281 4611436089570602071 3 137
RUNG 18445744468521939529 4611436117130484886 15 15137404225436
RUNG 18445744127045885329 4611436031761471334 7 61
RUNG 18445744197684133009 4611436049421033254 7 1412
RUNG 18445744289876112889 4611436072469028225 11 5941121
RUNG 18445744197955726129 4611436049488931534 7 37274
RUNG 18445744320398486569 4611436080099621643 3 89
RUNG 18445744467705126049 4611436116926281513 3 9791
RUNG 18445744528715155129 4611436132178788785 11 2455
RUNG 18445744204124729209 4611436051031182304 7 4483
RUNG 18445744295994066769 4611436073998516694 7 178
RUNG 18445744499019809689 4611436124754952424 7 31
RUNG 18445744522405251769 4611436130601312943 3 17387
RUNG 18445744066926188401 4611436016731547104 15 101
RUNG 18445744257154466641 4611436064288616663 11 29619
RUNG 18445744506454878001 4611436126613719502 7 122
RUNG 18445744188938079049 4611436047234519764 7 1636
RUNG 18445744411726685089 4611436102931671273 3 5657
RUNG 18445744499718188689 4611436124929547176 15 49736
RUNG 18445744548279941929 4611436137069985483 3 3209
RUNG 18445744066597421401 4611436016649355351 3 149
RUNG 18445744246123368409 4611436061530842104 7 38
RUNG 18445744277027601769 4611436069256900445 11 40531
RUNG 18445744135651047601 4611436033912761902 7 1831268
RUNG 18445744072880781409 4611436018220195354 7 201606926
RUNG 18445744224833061889 4611436056208265474 7 31
RUNG 18445744248410456041 4611436062102614013 11 732357
RUNG 18445744420450284001 4611436105112571002 7 47
RUNG 18445744087669235929 4611436021917308984 7 32588
RUNG 18445744381886359129 4611436095471589784 7 66146
RUNG 18445744473496357609 4611436118374089404 7 94
RUNG 18445744479869564881 4611436119967391221 3 3011
RUNG 18445744570139985121 4611436142534996281 3 6909887
RUNG 18445744180541216449 4611436045135304113 3 7103
RUNG 18445744104397629889 4611436026099407473 3 1733
RUNG 18445744267387136569 4611436066846784144 7 640226
RUNG 18445744409186394169 4611436102296598544 7 6236
RUNG 18445744444213506289 4611436111053376576 15 119221721
RUNG 18445744159638899401 4611436039909724853 11 29037
RUNG 18445744570576986961 4611436142644246742 7 1377932
RUNG 18445744587327841081 4611436146831960272 7 122
RUNG 18445744185105182521 4611436046276295632 7 3345383
RUNG 18445744260670872721 4611436065167718182 7 7513666
RUNG 18445744442510450641 4611436110627612663 11 359
RUNG 18445744509689482561 4611436127422370641 3 129287
RUNG 18445744519240103641 4611436129810025912 7 110543
RUNG 18445744204953811561 4611436051238452892 7 139303
RUNG 18445744368372146641 4611436092093036663 11 153
RUNG 18445744081639100209 4611436020409775054 7 417525041
RUNG 18445744198762346449 4611436049690586613 3 26489
RUNG 18445744389805398649 4611436097451349663 3 133949
RUNG 18445744083889429129 4611436020972357283 3 28751
RUNG 18445744384777897489 4611436096194474375 11 1091
RUNG 18445744314615446761 4611436078653861691 3 10759013
RUNG 18445744304129571529 4611436076032392883 3 569
RUNG 18445744414577389849 4611436103644347463 3 2687
RUNG 18445744414922494609 4611436103730623656 15 41
RUNG 18445744462485690289 4611436115621422575 11 14115
RUNG 18445744124428011889 4611436031107002973 3 3911
RUNG 18445744510387866169 4611436127596966547 19 12287
RUNG 18445744139539108681 4611436034884777171 3 13037
RUNG 18445744150547746321 4611436037636936583 11 67513
RUNG 18445744284233980081 4611436071058495024 15 6476
RUNG 18445744392862340401 4611436098215585102 7 5164
RUNG 18445744202977125241 4611436050744281312 7 830149988
RUNG 18445744386987392281 4611436096746848073 11 20418603
RUNG 18445744404781728841 4611436101195432212 7 1546
RUNG 18445744246701286561 4611436061675321642 7 318244
RUNG 18445744313851729921 4611436078462932481 3 2909
RUNG 18445744114185143809 4611436028546285954 7 31
RUNG 18445744116033190009 4611436029008297508 23 22212
RUNG 18445744179213907609 4611436044803476903 3 101
RUNG 18445744205464331809 4611436051366082954 7 59
RUNG 18445744298759013289 4611436074689753323 3 881
RUNG 18445744367773839169 4611436091943459795 11 285
RUNG 18445744066378945969 4611436016594736493 3 756533
RUNG 18445744279343297569 4611436069835824393 3 2423
RUNG 18445744343338789129 4611436085834697286 15 911
RUNG 18445744270734059161 4611436067683514791 3 73277
RUNG 18445744501014911089 4611436125253727775 11 615
RUNG 18445744123010845369 4611436030752711345 11 61
RUNG 18445744461572909209 4611436115393227303 3 154157
RUNG 18445744595306108809 4611436148826527203 3 701
RUNG 18445744071467716249 4611436017866929064 7 47
RUNG 18445744331934002329 4611436082983500584 7 82
RUNG 18445744175372840041 4611436043843210011 3 128661227
RUNG 18445744467490746121 4611436116872686531 3 2003
RUNG 18445744091863614289 4611436022965903574 7 4271279
RUNG 18445744502256477169 4611436125564119295 11 1773
RUNG 18445744550017750729 4611436137504437685 11 233
RUNG 18445744085086084321 4611436021271521081 3 401
RUNG 18445744283862342841 4611436070965585712 7 118
RUNG 18445744303945806241 4611436075986451561 3 1560203
RUNG 18445744516681449361 4611436129170362341 3 34367
RUNG 18445744589621076121 4611436147405269031 3 101
RUNG 18445744455077187481 4611436113769296871 3 1586247413
RUNG 18445744230959215801 4611436057739803951 3 174959
RUNG 18445744391312448841 4611436097828112211 3 10079
RUNG 18445744454587100281 4611436113646775072 7 47
RUNG 18445744337680313809 4611436084420078453 3 2153
RUNG 18445744537602156121 4611436134400539031 3 541001
RUNG 18445744072937996929 4611436018234499236 15 40993016
RUNG 18445744068706890961 4611436017176722742 7 164
RUNG 18445744126825391401 4611436031706347856 23 18594
RUNG 18445744458436351081 4611436114609087773 11 52755764463
RUNG 18445744108737001681 4611436027184250422 7 18682
RUNG 18445744473686306401 4611436118421576602 7 2281
RUNG 18445744554412231681 4611436138603057921 3 4817
RUNG 18445744127419626889 4611436031854906724 7 407998
RUNG 18445744508886993769 4611436127221748444 7 734
RUNG 18445744544679870889 4611436136169967724 7 62
RUNG 18445744232817481441 4611436058204370362 7 61
RUNG 18445744300654050241 4611436075163512563 11 249
RUNG 18445744343206079761 4611436085801519941 3 2663
RUNG 18445744451493418921 4611436112873354731 3 89
RUNG 18445744077444786001 4611436019361196501 3 521
RUNG 18445744093462548769 4611436023365637194 7 94
RUNG 18445744404941036089 4611436101235259023 3 161087
RUNG 18445744516514017609 4611436129128504404 7 38
RUNG 18445744331782911361 4611436082945727842 7 1461270116
RUNG 18445744332285253201 4611436083071313301 3 257
RUNG 18445744404077253481 4611436101019313372 7 711338
RUNG 18445744088281894729 4611436022070473684 7 62
RUNG 18445744307008883929 4611436076752220984 7 2063
RUNG 18445744361958138289 4611436090489534574 7 612862
RUNG 18445744537408173049 4611436134352043265 11 192631
RUNG 18445744581009811129 4611436145252452786 15 206
RUNG 18445744438452956881 4611436109613239221 3 593
RUNG 18445744116406913329 4611436029101728333 3 41603
RUNG 18445744342540382641 4611436085635095661 3 419693
RUNG 18445744465083204361 4611436116270801092 7 68
RUNG 18445744569137394601 4611436142284348652 7 68
RUNG 18445744085169830881 4611436021292457722 7 164
RUNG 18445744310186302561 4611436077546575642 7 132746477
RUNG 18445744411255030321 4611436102813757583 11 21799
RUNG 18445744194541494601 4611436048635373651 3 243671
RUNG 18445744329810308281 4611436082452577071 3 101
RUNG 18445744249484623369 4611436062371155843 3 54503
RUNG 18445744252202578609 4611436063050644655 11 38078631
RUNG 18445744253905639969 4611436063476409993 3 271366643
RUNG 18445744299273642649 4611436074818410663 3 797
RUNG 18445744325489352169 4611436081372338043 3 58151
RUNG 18445744150298656921 4611436037574664233 11 117
RUNG 18445744446365868361 4611436111591467091 3 10057937
RUNG 18445744101620508121 4611436025405127031 3 2441
RUNG 18445744189160720881 4611436047290180222 7 5836
RUNG 18445744438393744921 4611436109598436232 7 61
RUNG 18445744120868778169 4611436030217194545 11 1707
RUNG 18445744178158210369 4611436044539552593 3 4649
RUNG 18445744247891834329 4611436061972958584 7 47
RUNG 18445744494106723249 4611436123526680813 3 9833
RUNG 18445744445281547689 4611436111320386925 11 197
RUNG 18445744196944981849 4611436049236245464 7 1987
RUNG 18445744384181671489 4611436096045417877 19 8887408663
RUNG 18445744501217110009 4611436125304277504 7 76
RUNG 18445744070961324121 4611436017740331032 7 346
RUNG 18445744234755394561 4611436058688848643 11 164841057
RUNG 18445744254971590561 4611436063742897641 3 137
RUNG 18445744363851121321 4611436090962780332 7 626
RUNG 18445744496863480801 4611436124215870205 19 2155
RUNG 18445744183824876361 4611436045956219091 3 75983
RUNG 18445744198592909641 4611436049648227411 3 149
RUNG 18445744452238782121 4611436113059695531 3 2905901
RUNG 18445744539246024001 4611436134811506005 19 1893164817484685
RUNG 18445744417536356209 4611436104384089053 3 529043
RUNG 18445744426366137169 4611436106591534294 7 10574948
RUNG 18445744542966621241 4611436135741655312 7 2803
RUNG 18445744551982229161 4611436137995557294 15 12750866
RUNG 18445744338094876609 4611436084523719154 7 1546
RUNG 18445744406584898209 4611436101646224556 15 86
RUNG 18445744264928583961 4611436066232145991 3 48353
RUNG 18445744540334434681 4611436135083608672 7 68
RUNG 18445744121567166121 4611436030391791532 7 31
RUNG 18445744326667621681 4611436081666905422 7 409
RUNG 18445744161423703609 4611436040355925903 3 10631
RUNG 18445744181737917529 4611436045434479383 3 74507
RUNG 18445744233871198729 4611436058467799684 7 215746
RUNG 18445744422151370809 4611436105537842705 11 305
RUNG 18445744236480926401 4611436059120231601 3 1289
RUNG 18445744271144555401 4611436067786138851 3 12181613
RUNG 18445744441771291681 4611436110442822921 3 941
RUNG 18445744176395941729 4611436044098985433 3 22067
RUNG 18445744188774789049 4611436047193697267 19 13
RUNG 18445744537410236209 4611436134352559055 11 5169
RUNG 18445744234647176329 4611436058661794083 3 257
RUNG 18445744304601340609 4611436076150335154 7 47
RUNG 18445744333592183689 4611436083398045924 7 214532
RUNG 18445744575239029129 4611436143809757284 7 38
RUNG 18445744394118249961 4611436098529562491 3 4349
RUNG 18445744308869206921 4611436077217301731 3 391889
RUNG 18445744409905262641 4611436102476315662 7 62
RUNG 18445744285841123161 4611436071460280791 3 149
RUNG 18445744374984337321 4611436093746084331 3 1289
RUNG 18445744600341829681 4611436150085457422 7 837268
RUNG 18445744158007377649 4611436039501844414 7 73
RUNG 18445744167212893969 4611436041803223494 7 1627
RUNG 18445744434127942369 4611436108531985593 3 4517
RUNG 18445744208153755081 4611436052038438772 7 1132
RUNG 18445744127574857809 4611436031893714453 3 113
RUNG 18445744569284446129 4611436142321111533 3 7673
RUNG 18445744106813437681 4611436026703359423 11 4923
RUNG 18445744432435094041 4611436108108773511 3 137
RUNG 18445744106284549609 4611436026571137406 15 38392916
RUNG 18445744304881107769 4611436076220276945 11 569253753
RUNG 18445744320572143129 4611436080143035783 3 4649
RUNG 18445744360385797009 4611436090096449254 7 105159991
RUNG 18445744391130751249 4611436097782687814 7 20887
RUNG 18445744476633008089 4611436119158252027 19 79
RUNG 18445744342276988881 4611436085569247221 3 37511
RUNG 18445744390793817241 4611436097698454311 3 5519153
RUNG 18445744449092018041 4611436112273004512 7 8956
RUNG 18445744332364928401 4611436083091232101 3 441699017
RUNG 18445744459867863961 4611436114966965991 3 353
RUNG 18445744287021430369 4611436071755357599 27 1530996775822778720627
RUNG 18445744329700066369 4611436082425016594 7 73
RUNG 18445744087906194361 4611436021976548591 3 197
RUNG 18445744391939403841 4611436097984850961 3 101
RUNG 18445744519266723961 4611436129816680991 3 343163
RUNG 18445744141348426681 4611436035337106672 7 1588
RUNG 18445744229327678041 4611436057331919516 23 738863
RUNG 18445744486565498881 4611436121641374721 3 257
RUNG 18445744549958588641 4611436137489647161 3 941
RUNG 18445744187955948361 4611436046988987092 7 698
RUNG 18445744473171759241 4611436118292939811 3 313307
RUNG 18445744501897136449 4611436125474284113 3 821
RUNG 18445744120248031129 4611436030062007783 3 293
RUNG 18445744137164290489 4611436034291072623 3 940781
RUNG 18445744221055377769 4611436055263844443 3 721979
RUNG 18445744269039233689 4611436067259808423 3 641
RUNG 18445744138824470329 4611436034706117585 11 4869
RUNG 18445744181611334449 4611436045402833616 15 1671206
RUNG 18445744572010583689 4611436143002645923 3 569
RUNG 18445744359481186729 4611436089870296683 3 38501
RUNG 18445744471507501129 4611436117876875283 3 2621
RUNG 18445744567320017929 4611436141830004484 7 50216207
RUNG 18445744245414876121 4611436061353719034 15 197831
RUNG 18445744450690947121 4611436112672736782 7 283
RUNG 18445744520248955641 4611436130062238913 11 512381792229137657
RUNG 18445744267797678001 4611436066949419501 3 21569
RUNG 18445744067453133649 4611436016863283416 15 206
RUNG 18445744231622939449 4611436057905734863 3 233
RUNG 18445744510310348449 4611436127577587114 7 173
RUNG 18445744575357490609 4611436143839372654 7 1468
RUNG 18445744078124836489 4611436019531209124 7 62
RUNG 18445744208637739009 4611436052159434753 3 137
RUNG 18445744355668703089 4611436088917175773 3 22691
RUNG 18445744200594143689 4611436050148535923 3 521
RUNG 18445744445506211089 4611436111376552775 11 191857485
RUNG 18445744217800373161 4611436054450093291 3 353
RUNG 18445744486242867481 4611436121560716872 7 538
RUNG 18445744265798524249 4611436066449631066 15 86
RUNG 18445744487261846329 4611436121815461583 3 46187
RUNG 18445744522225655209 4611436130556413804 7 89
RUNG 18445744565441348401 4611436141360337101 3 4241
RUNG 18445744072568449729 4611436018142112434 7 1741
RUNG 18445744142126458249 4611436035531614563 3 27827
RUNG 18445744317833790049 4611436079458447513 3 5847029
RUNG 18445744351831714009 4611436087957928504 7 908
RUNG 18445744579059715009 4611436144764928753 3 8295701
RUNG 18445744118932968289 4611436029733242074 7 59
RUNG 18445744208713298929 4611436052178324734 7 766
RUNG 18445744329207953209 4611436082301988303 3 316031
RUNG 18445744568773959889 4611436142193489979 27 96980717489
RUNG 18445744180210504921 4611436045052626231 3 449
RUNG 18445744073148390769 4611436018287097694 7 89
RUNG 18445744181102877409 4611436045275719354 7 89
RUNG 18445744267033962649 4611436066758490663 3 161411
RUNG 18445744434546587929 4611436108636646984 7 292
RUNG 18445744518419296849 4611436129604824213 3 6947477
RUNG 18445744596186306169 4611436149046576544 7 794372
RUNG 18445744108430758681 4611436027107689671 3 19463
RUNG 18445744505807658601 4611436126451914651 3 740651
RUNG 18445744283008847281 4611436070752211822 7 257
RUNG 18445744528749984601 4611436132187496151 3 282911039
RUNG 18445744541823124681 4611436135455781172 7 68
RUNG 18445744338103088449 4611436084525772114 7 412
RUNG 18445744247863299481 4611436061965824871 3 1949
RUNG 18445744484031351601 4611436121007837902 7 62
RUNG 18445744155189398401 4611436038797349605 19 1504546831581517
RUNG 18445744333181772961 4611436083295443241 3 7547
RUNG 18445744313149361209 4611436078287340303 3 101
RUNG 18445744370743057369 4611436092685764343 3 11681
RUNG 18445744547567385049 4611436136891846263 3 1103
RUNG 18445744379715781489 4611436094928945373 3 557
RUNG 18445744417562950849 4611436104390737713 3 149
RUNG 18445744553299391689 4611436138324847924 7 38
RUNG 18445744120009134769 4611436030002283694 7 56866
RUNG 18445744584081103129 4611436146020275783 3 281
RUNG 18445744132455369409 4611436033113842359 27 59921
RUNG 18445744177020852409 4611436044255213105 11 127
RUNG 18445744323606651769 4611436080901662943 3 89
RUNG 18445744517089941769 4611436129272485443 3 76343
RUNG 18445744527986267209 4611436131996566803 3 113
RUNG 18445744140652120681 4611436035163030171 3 569
RUNG 18445744171940257561 4611436042985064391 3 13007
RUNG 18445744080309839329 4611436020077459834 7 292
RUNG 18445744427191174129 4611436106797793534 7 124
RUNG 18445744084085573161 4611436021021393293 11 21800033
RUNG 18445744121538628801 4611436030384657201 3 7911413
RUNG 18445744137738132121 4611436034434533032 7 2446
RUNG 18445744382658367681 4611436095664591923 11 563
RUNG 18445744494556033561 4611436123639008391 3 173
RUNG 18445744099715347801 4611436024928836951 3 521
RUNG 18445744090003406089 4611436022500851524 7 556748
RUNG 18445744091976016729 4611436022994004184 7 724
RUNG 18445744171607408569 4611436042901852143 3 33347
RUNG 18445744308228052729 4611436077057013183 3 113
RUNG 18445744473625124569 4611436118406281144 7 38
RUNG 18445744483755685009 4611436120938921254 7 10916
RUNG 18445744535629627129 4611436133907406783 3 173
RUNG 18445744170325007761 4611436042581251941 3 10181
RUNG 18445744376801799121 4611436094200449782 7 257
RUNG 18445744569723536209 4611436142430884055 11 648535
RUNG 18445744143455854681 4611436035863963671 3 101
RUNG 18445744288749042721 4611436072187260684 15 137996
RUNG 18445744314503251201 4611436078625812801 3 2819
RUNG 18445744475885672401 4611436118971418103 11 28536763
RUNG 18445744594017686401 4611436148504421602 7 75094
RUNG 18445744111675586281 4611436027918896572 7 336244
RUNG 18445744104844962721 4611436026211240681 3 2789
RUNG 18445744116921587761 4611436029230396941 3 54550163
RUNG 18445744158487311961 4611436039621827991 3 903197
RUNG 18445744514519028001 4611436128629757006 23 873
RUNG 18445744150102696249 4611436037525674064 7 1073978
RUNG 18445744273151942569 4611436068287985643 3 14057411
RUNG 18445744350461534929 4611436087615383733 3 136343
RUNG 18445744594532282329 4611436148633070583 3 4741679
RUNG 18445744308928484521 4611436077232121132 7 34943963
RUNG 18445744398012479521 4611436099503119881 3 137
RUNG 18445744428600196681 4611436107150049172 7 173
RUNG 18445744564418319121 4611436141104579783 11 6821176842889
RUNG 18445744575527016721 4611436143881754182 7 420796
RUNG 18445744585526886601 4611436146381721653 11 5508040484487
RUNG 18445744482440625529 4611436120610156384 7 123364
RUNG 18445744299247177441 4611436074811794361 3 15227
RUNG 18445744385153758201 4611436096288439552 7 13058
RUNG 18445744544826992761 4611436136206748191 3 284651
RUNG 18445744212511530121 4611436053127882531 3 233
RUNG 18445744345158364441 4611436086289591111 3 521
RUNG 18445744349183225281 4611436087295806322 7 206
RUNG 18445744458113807041 4611436114528451763 11 153
RUNG 18445744303319007721 4611436075829751932 7 2404
RUNG 18445744326144930841 4611436081536232712 7 3062
RUNG 18445744397649003481 4611436099412250873 11 1143
RUNG 18445744336569546049 4611436084142386517 19 2402558199838183375357
RUNG 18445744496657313889 4611436124164328473 3 293
RUNG 18445744573740239809 4611436143435059955 11 2265
RUNG 18445744600374567529 4611436150093641884 7 101
RUNG 18445744407475301401 4611436101868825353 11 4396631
RUNG 18445744531506768961 4611436132876692244 15 2721701
RUNG 18445744426178346601 4611436106544586651 3 149
RUNG 18445744527318545761 4611436131829636441 3 3336227
RUNG 18445744298260879681 4611436074565219922 7 94
RUNG 18445744426835886241 4611436106708971564 15 1320793256
RUNG 18445744273629794521 4611436068407448631 3 54869
RUNG 18445744421071208641 4611436105267802161 3 3389
RUNG 18445744517465706841 4611436129366426711 3 25601
RUNG 18445744467887018881 4611436116971754721 3 557
RUNG 18445744264759174609 4611436066189793654 7 68
RUNG 18445744561663622449 4611436140415905613 3 101
RUNG 18445744335669013801 4611436083917253453 11 417
RUNG 18445744183179677809 4611436045794919453 3 12401
RUNG 18445744213618326049 4611436053404581513 3 22391
RUNG 18445744552378467769 4611436138094616944 7 38
RUNG 18445744265868003841 4611436066467000961 3 272010467
RUNG 18445744531026897841 4611436132756724463 11 1341
RUNG 18445744353324496441 4611436088331124112 7 27628
RUNG 18445744264655035969 4611436066163758993 3 701
RUNG 18445744384843384249 4611436096210846063 3 31958987
RUNG 18445744347972312121 4611436086993078035 19 5995
RUNG 18445744322297744761 4611436080574436192 7 173
RUNG 18445744349144444641 4611436087286111163 11 4133
RUNG 18445744457450162161 4611436114362540542 7 82
RUNG 18445744557277329601 4611436139319332403 11 5431
RUNG 18445744572535452481 4611436143133863122 7 3449
RUNG 18445744065895118449 4611436016473779613 3 593
RUNG 18445744272102359689 4611436068025589923 3 43556999
RUNG 18445744371145385449 4611436092786346364 7 19
RUNG 18445744439318890849 4611436109829722719 27 64337
RUNG 18445744307029413721 4611436076757353431 3 8009
RUNG 18445744514909085721 4611436128727271432 7 164
RUNG 18445744575655691641 4611436143913922912 7 178
RUNG 18445744227600185521 4611436056900046382 7 26234449
RUNG 18445744169271355561 4611436042317838892 7 188
RUNG 18445744173445285321 4611436043361321331 3 137
RUNG 18445744264003634449 4611436066000908614 7 61106
RUNG 18445744094561281801 4611436023640320452 7 118
RUNG 18445744248633199801 4611436062158299953 11 597949542726526227239
RUNG 18445744297327685641 4611436074331921411 3 2054462759
RUNG 18445744300629664321 4611436075157416081 3 10327937
RUNG 18445744524416827921 4611436131104206982 7 11777884
RUNG 18445744580478994081 4611436145119748521 3 8747
RUNG 18445744436355895129 4611436109088973783 3 353
RUNG 18445744159177555081 4611436039794388771 3 101
RUNG 18445744212107233921 4611436053026808482 7 227
RUNG 18445744328442252721 4611436082110563185 19 204547221024703219850445894769075
RUNG 18445744244357172649 4611436061089293164 7 5218
RUNG 18445744349693764009 4611436087423441007 19 644145283897673
RUNG 18445744494186472369 4611436123546618093 3 1947287
RUNG 18445744513034501569 4611436128258625393 3 809
RUNG 18445744224379895809 4611436056094973955 11 65997
RUNG 18445744557328391689 4611436139332097924 7 124
RUNG 18445744176628833289 4611436044157208323 3 31541
RUNG 18445744543614051889 4611436135903512974 7 131
RUNG 18445744564142680009 4611436141035670004 7 5694659
RUNG 18445744192366835689 4611436048091708923 3 516539
RUNG 18445744308011644969 4611436077002911243 3 692591
RUNG 18445744135973859721 4611436033993464931 3 149
RUNG 18445744457742186601 4611436114435546653 11 814563
RUNG 18445744503610489081 4611436125902622272 7 62
RUNG 18445744409302957321 4611436102325739331 3 233
RUNG 18445744411461393601 4611436102865348402 7 16084
RUNG 18445744551804676681 4611436137951169172 7 17189506
RUNG 18445744575200331481 4611436143800082871 3 1217
RUNG 18445744139986472761 4611436034996618191 3 2131043
RUNG 18445744346289689881 4611436086572422471 3 8024879
RUNG 18445744385221182481 4611436096305295621 3 109961
RUNG 18445744513500093241 4611436128375023312 7 128866
RUNG 18445744142716680409 4611436035679170104 7 122
RUNG 18445744588030469329 4611436147007617336 15 253806221
RUNG 18445744594368961489 4611436148592240373 3 233
RUNG 18445744261126413001 4611436065281603251 3 5519
RUNG 18445744202381007241 4611436050595251811 3 43499
RUNG 18445744275961834561 4611436068990458642 7 118
RUNG 18445744296294426841 4611436074073606712 7 412
RUNG 18445744299708717721 4611436074927179431 3 1715243
RUNG 18445744509070911481 4611436127267727873 11 14726294783111
RUNG 18445744102766213521 4611436025691553383 11 923
RUNG 18445744331840218681 4611436082960054673 11 60368659
RUNG 18445744442212480681 4611436110553120172 7 3233102
RUNG 18445744487629492321 4611436121907373081 3 2755199
RUNG 18445744192162640809 4611436048040660203 3 43271
RUNG 18445744240324154209 4611436060081038553 3 2417
RUNG 18445744181325534649 4611436045331383664 7 1042348
RUNG 18445744229599360249 4611436057399840064 7 41
RUNG 18445744278614446369 4611436069653611594 7 187438
RUNG 18445744356818452249 4611436089204613064 7 9442
RUNG 18445744124503732969 4611436031125933244 7 1658
RUNG 18445744154368567969 4611436038592141993 3 461
RUNG 18445744177862238169 4611436044465559543 3 197
RUNG 18445744180849742689 4611436045212435673 3 13892447
RUNG 18445744594475154889 4611436148618788723 3 23050031
RUNG 18445744068259826761 4611436017064956692 7 1021
RUNG 18445744357841521009 4611436089460380253 3 477221
RUNG 18445744505470802809 4611436126367700704 7 818
RUNG 18445744527273663889 4611436131818415974 7 121988
RUNG 18445744353459303409 4611436088364825854 7 25340906
RUNG 18445744425437130649 4611436106359282665 11 877
RUNG 18445744491938205289 4611436122984551323 3 1481357
RUNG 18445744550150639569 4611436137537659896 15 13256
RUNG 18445744096542084529 4611436024135521135 11 10383
RUNG 18445744428347038009 4611436107086759503 3 67967
RUNG 18445744561316514649 4611436140329128663 3 3677
RUNG 18445744177655998561 4611436044413999641 3 8867
RUNG 18445744437170694001 4611436109292673502 7 593
RUNG 18445744135026371881 4611436033756592974 15 26966
RUNG 18445744140241742041 4611436035060435513 11 655013771847
RUNG 18445744425243138721 4611436106310784681 3 822971
RUNG 18445744456896800761 4611436114224200194 15 1844036
RUNG 18445744118014138249 4611436029503534563 3 22367
RUNG 18445744375531718569 4611436093882929644 7 57413
RUNG 18445744378229253409 4611436094557313354 7 636236
RUNG 18445744390887859369 4611436097721964843 3 2779001
RUNG 18445744509575308249 4611436127393827063 3 149
RUNG 18445744233805977001 4611436058451494251 3 13997
RUNG 18445744306582240561 4611436076645560143 11 1500319917
RUNG 18445744065539839801 4611436016384959955 19 29525
RUNG 18445744134109500961 4611436033527375242 7 11014
RUNG 18445744160200646689 4611436040050161675 11 51201
RUNG 18445744177396665529 4611436044349166384 7 7255372
RUNG 18445744203246851929 4611436050811712983 3 149
RUNG 18445744421357144329 4611436105339286084 7 3524
RUNG 18445744540698046009 4611436135174511504 7 38
RUNG 18445744110544363369 4611436027636090843 3 293
RUNG 18445744309978157929 4611436077494539484 7 82
RUNG 18445744578573805249 4611436144643451317 19 49098231892968511081
RUNG 18445744196614308289 4611436049153577074 7 3086
RUNG 18445744446997000849 4611436111749250214 7 6404
RUNG 18445744507335198769 4611436126833799694 7 244
RUNG 18445744093624021561 4611436023406005392 7 62
RUNG 18445744457246000449 4611436114311500114 7 188
RUNG 18445744566213338929 4611436141553334734 7 2638
RUNG 18445744413550429369 4611436103387607345 11 549
RUNG 18445744435169506849 4611436108792376714 7 76
RUNG 18445744181311262929 4611436045327815733 3 569
RUNG 18445744554563502289 4611436138640875573 3 730757
RUNG 18445744131722364601 4611436032930591151 3 167096309
RUNG 18445744090924449121 4611436022731112281 3 5749703
RUNG 18445744215868708561 4611436053967177141 3 354408233
RUNG 18445744306376005441 4611436076594001362 7 36137
RUNG 18445744449173820601 4611436112293455151 3 701
RUNG 18445744467376565161 4611436116844141291 3 293
RUNG 18445744559862598801 4611436139965649702 7 59
RUNG 18445744585941491641 4611436146485372911 3 14613503
RUNG 18445744205454304729 4611436051363576183 3 132761
RUNG 18445744333872074521 4611436083468018633 11 258711
RUNG 18445744148875503769 4611436037218875943 3 60597323
RUNG 18445744465491764521 4611436116372941131 3 35753
RUNG 18445744378272156961 4611436094568039242 7 68
RUNG 18445744100328051049 4611436025082012763 3 5471
RUNG 18445744401435017209 4611436100358754303 3 521
RUNG 18445744076521950841 4611436019130487711 3 2441
RUNG 18445744442986449241 4611436110746612311 3 9719
RUNG 18445744565800860961 4611436141450215241 3 186041
RUNG 18445744111700176441 4611436027925044113 11 43421589
RUNG 18445744167309009721 4611436041827252432 7 5606
RUNG 18445744182957162241 4611436045739290561 3 19379
RUNG 18445744417775425921 4611436104443856483 11 26259
RUNG 18445744208100800809 4611436052025200203 3 14843
RUNG 18445744413962937289 4611436103490734324 7 19
RUNG 18445744425004247569 4611436106251061893 3 2909
RUNG 18445744467776817409 4611436116944204353 3 30977
RUNG 18445744568308488841 4611436142077122211 3 473519
RUNG 18445744351905342481 4611436087976335622 7 2585078
RUNG 18445744401024572641 4611436100256143161 3 620519
RUNG 18445744448559179761 4611436112139794941 3 7171553
RUNG 18445744207888430689 4611436051972107673 3 3119
RUNG 18445744326659603209 4611436081664900803 3 1373
RUNG 18445744096668723409 4611436024167180854 7 68
RUNG 18445744488781244881 4611436122195311221 3 33479
RUNG 18445744075600997929 4611436018900249483 3 821
RUNG 18445744071441363889 4611436017860340973 3 61511
RUNG 18445744318450606369 4611436079612651593 3 149
RUNG 18445744431796078609 4611436107949019653 3 782656571
RUNG 18445744125679990681 4611436031419997672 7 62
RUNG 18445744250397583681 4611436062599395921 3 101
RUNG 18445744547087617321 4611436136771904333 11 20474253
RUNG 18445744419803180089 4611436104950795024 7 19
RUNG 18445744462698272329 4611436115674568086 15 1076
RUNG 18445744565363876401 4611436141340969101 3 7949
RUNG 18445744149763815889 4611436037440953973 3 9839
RUNG 18445744355597363809 4611436088899340954 7 233117
RUNG 18445744070261073721 4611436017565268431 3 18839
RUNG 18445744095445553041 4611436023861388262 7 124
RUNG 18445744123954473481 4611436030988618375 19 110893943375
RUNG 18445744169734968241 4611436042433742062 7 796
RUNG 18445744267168864801 4611436066792216201 3 1451
RUNG 18445744517939545921 4611436129484886482 7 62
RUNG 18445744144495356049 4611436036123839013 3 492077
RUNG 18445744166032751929 4611436041508187983 3 16229
RUNG 18445744283723685769 4611436070930921444 7 68
RUNG 18445744499849115289 4611436124962278824 7 61
RUNG 18445744111244821849 4611436027811205463 3 173
RUNG 18445744242198805009 4611436060549701254 7 246217
RUNG 18445744307942282809 4611436076985570704 7 33053
RUNG 18445744316604616489 4611436079151154123 3 227627
RUNG 18445744559993322049 4611436139998330513 3 11489
RUNG 18445744202748635161 4611436050687158791 3 13127
RUNG 18445744351339717801 4611436087834929454 15 1646
RUNG 18445744518429640801 4611436129607410205 19 368105
RUNG 18445744526971494121 4611436131742873532 7 3566
RUNG 18445744137190984441 4611436034297746111 3 126923
RUNG 18445744192560899041 4611436048140224761 3 2447
RUNG 18445744072386845449 4611436018096711365 11 95
RUNG 18445744552119218569 4611436138029804644 7 2194
RUNG 18445744600229680969 4611436150057420244 7 164
RUNG 18445744219150302961 4611436054787575742 7 94
RUNG 18445744324711518721 4611436081177879682 7 1522
RUNG 18445744168021706761 4611436042005426691 3 36161
RUNG 18445744074861800449 4611436018715450119 27 6227
RUNG 18445744120438091209 4611436030109522807 19 82111
RUNG 18445744275185924449 4611436068796481113 3 100535249
RUNG 18445744438014109969 4611436109503527493 3 137
RUNG 18445744299635270809 4611436074908817703 3 110615381
RUNG 18445744134615977089 4611436033653994274 7 11996
RUNG 18445744088469961201 4611436022117490302 7 3186692
RUNG 18445744128283615081 4611436032070903775 19 3383725
RUNG 18445744297244046721 4611436074311011684 15 63523736
RUNG 18445744549160311321 4611436137290077832 7 194
RUNG 18445744084553328841 4611436021138332212 7 21796351
RUNG 18445744456461905881 4611436114115476471 3 6761
RUNG 18445744513455242281 4611436128363810573 11 41
RUNG 18445744240365067081 4611436060091266772 7 47
RUNG 18445744277491396321 4611436069372849082 7 8419
RUNG 18445744424042481001 4611436106010620253 11 1094403
RUNG 18445744514731519441 4611436128682879862 7 172226
RUNG 18445744158536440561 4611436039634110141 3 1654199
RUNG 18445744313316946441 4611436078329236611 3 1637
RUNG 18445744365550287601 4611436091387571901 3 3119
RUNG 18445744168628205529 4611436042157051390 31 2824769397952252
RUNG 18445744206708167449 4611436051677041864 7 118
RUNG 18445744450350085969 4611436112587521493 3 984353
RUNG 18445744478626213849 4611436119656553465 11 61135
RUNG 18445744316281992649 4611436079070498163 3 2074169
RUNG 18445744326392132689 4611436081598033174 7 146
RUNG 18445744185087049609 4611436046271762403 3 257
RUNG 18445744221690616609 4611436055422654153 3 19541
RUNG 18445744435488121249 4611436108872030313 3 1929311
RUNG 18445744104326412721 4611436026081603182 7 362
RUNG 18445744192632390481 4611436048158097622 7 4478
RUNG 18445744207265649121 4611436051816412285 19 156458146525
RUNG 18445744070593954921 4611436017648488731 3 55619
RUNG 18445744395574410961 4611436098893602741 3 2273
RUNG 18445744161523955329 4611436040380988833 3 2003
RUNG 18445744101585997681 4611436025396499422 7 146
RUNG 18445744251222604801 4611436062805651202 7 12419476
RUNG 18445744222495186249 4611436055623796563 3 1379957
RUNG 18445744270483126249 4611436067620781565 11 535
RUNG 18445744464797526529 4611436116199381633 3 2592167
RUNG 18445744266186674641 4611436066546668662 7 1132
RUNG 18445744289245392001 4611436072311348002 7 719
RUNG 18445744501499113681 4611436125374778424 15 17156
RUNG 18445744196532692209 4611436049133173054 7 200947564
RUNG 18445744231341306049 4611436057835326513 3 12527
RUNG 18445744232560403929 4611436058140100983 3 3779
RUNG 18445744306951921129 4611436076737980283 3 113
RUNG 18445744233959202169 4611436058489800544 7 35875643
RUNG 18445744436466266929 4611436109116566733 3 84701
RUNG 18445744475177219209 4611436118794304803 3 766910093
RUNG 18445744479545142769 4611436119886285694 7 111404
RUNG 18445744283872786609 4611436070968196655 11 2085
RUNG 18445744293617401489 4611436073404350373 3 3257
RUNG 18445744552272398761 4611436138068099693 11 1899
RUNG 18445744185064599001 4611436046266149753 11 10562763
RUNG 18445744332744931801 4611436083186232951 3 3701
RUNG 18445744065272407129 4611436016318101784 7 118904581
RUNG 18445744477407130129 4611436119351782535 11 183
RUNG 18445744559194916209 4611436139798729054 7 404
RUNG 18445744563495452449 4611436140873863116 15 2216
RUNG 18445744378772515249 4611436094693128813 3 419537
RUNG 18445744203553231321 4611436050888307832 7 195718
RUNG 18445744208852325121 4611436052213081281 3 6783107
RUNG 18445744225960536241 4611436056490134062 7 1699
RUNG 18445744077193839121 4611436019298459781 3 101
RUNG 18445744151959049641 4611436037989762412 7 21748
RUNG 18445744352801851801 4611436088200462952 7 6657853
RUNG 18445744068398772889 4611436017099693224 7 19
RUNG 18445744118753437249 4611436029688359315 11 11805
RUNG 18445744309051144849 4611436077262786213 3 317
RUNG 18445744577044390369 4611436144261097593 3 317
RUNG 18445744306680338761 4611436076670084691 3 358751531
RUNG 18445744388086263361 4611436097021565845 19 323455
RUNG 18445744225294834681 4611436056323708671 3 26249
RUNG 18445744336079588761 4611436084019897192 7 97
RUNG 18445744414569480241 4611436103642370063 11 549
RUNG 18445744490149464721 4611436122537366182 7 1126
RUNG 18445744122192235489 4611436030548058874 7 31
RUNG 18445744165248648889 4611436041312162223 3 76480973
RUNG 18445744428963820609 4611436107240955155 11 2415521895
RUNG 18445744204016780281 4611436051004195071 3 109139
RUNG 18445744521641808001 4611436130410452001 3 54833
RUNG 18445744066552773961 4611436016638193491 3 5717
RUNG 18445744210534972321 4611436052633743082 7 90169159
RUNG 18445744075570423921 4611436018892605981 3 2531
RUNG 18445744411381859881 4611436102845464971 3 149
RUNG 18445744530612491401 4611436132653122851 3 214439
RUNG 18445744077420512449 4611436019355128117 19 129120208541943587143
RUNG 18445744248514875889 4611436062128718974 7 41
RUNG 18445744260620089009 4611436065155022253 3 3467
RUNG 18445744275034849369 4611436068758712344 7 524
RUNG 18445744489322442889 4611436122330610724 7 244
RUNG 18445744578988421041 4611436144747105262 7 5113
RUNG 18445744491364486321 4611436122841121582 7 10916
RUNG 18445744590762825361 4611436147690706341 3 569
RUNG 18445744186477704721 4611436046619426182 7 294188
RUNG 18445744275057315841 4611436068764328961 3 9297653
RUNG 18445744389037863769 4611436097259465943 3 3706487
RUNG 18445744411214418169 4611436102803604543 3 1662833
RUNG 18445744420499574049 4611436105124893513 3 89
RUNG 18445744451830593769 4611436112957648443 3 557
RUNG 18445744084690180729 4611436021172545184 7 3121
RUNG 18445744152134677849 4611436038033669463 3 773
RUNG 18445744272259722889 4611436068064930723 3 421559
RUNG 18445744427119868329 4611436106779967083 3 2264153
RUNG 18445744256037757201 4611436064009439302 7 157
RUNG 18445744300049845321 4611436075012461332 7 165196
RUNG 18445744268034744049 4611436067008686014 7 367
RUNG 18445744451358885049 4611436112839721263 3 3413
RUNG 18445744296870393409 4611436074217598357 19 283785880707124499456855273
RUNG 18445744459571972449 4611436114892993113 3 58991
RUNG 18445744395754138681 4611436098938534672 7 3989039
RUNG 18445744129449661249 4611436032362415314 7 23476
RUNG 18445744152796304569 4611436038199076143 3 1361
RUNG 18445744207055349409 4611436051763837353 3 2359397
RUNG 18445744313690679001 4611436078422669753 11 57103
RUNG 18445744197327073201 4611436049331768302 7 26318
RUNG 18445744260430193281 4611436065107548325 19 2225
RUNG 18445744234320674209 4611436058580168553 3 11273
RUNG 18445744377900590689 4611436094475147674 7 593
RUNG 18445744447033854889 4611436111758463725 11 5045
RUNG 18445744532170586569 4611436133042646645 11 4055
RUNG 18445744573501476169 4611436143375369044 7 47
RUNG 18445744424373337369 4611436106093334344 7 31
RUNG 18445744273742257081 4611436068435564271 3 317
RUNG 18445744376162815321 4611436094040703831 3 137
RUNG 18445744528643984161 4611436132160996041 3 113
RUNG 18445744561024612441 4611436140256153112 7 68
RUNG 18445744078690682041 4611436019672670511 3 137
RUNG 18445744490725345081 4611436122681336272 7 257
RUNG 18445744100293423369 4611436025073355845 11 72195
RUNG 18445744278016248649 4611436069504062165 11 20781
RUNG 18445744349940982369 4611436087485245593 3 1229
RUNG 18445744376734589209 4611436094183647303 3 197
RUNG 18445744580064596089 4611436145016149024 7 43202
RUNG 18445744100373066481 4611436025093266622 7 479
RUNG 18445744156688445601 4611436039172111401 3 3089
RUNG 18445744429731656041 4611436107432914012 7 8102
RUNG 18445744458093549601 4611436114523387403 11 416772622691
RUNG 18445744562570442121 4611436140642610532 7 1214
RUNG 18445744126153824481 4611436031538456122 7 82
RUNG 18445744193655499081 4611436048413874771 3 20963
RUNG 18445744416552333241 4611436104138083312 7 766
RUNG 18445744430236043281 4611436107559010821 3 1010501
RUNG 18445744178889508009 4611436044722377004 7 579778916
RUNG 18445744475969571289 4611436118992392824 7 178
RUNG 18445744255006549321 4611436063751637331 3 857
RUNG 18445744544145119161 4611436136036279792 7 118
RUNG 18445744560293571481 4611436140073392875 19 1673232138575
RUNG 18445744289002431769 4611436072250607946 15 1640109519596
RUNG 18445744143770505241 4611436035942626311 3 149
RUNG 18445744317511352521 4611436079377838134 15 62316703775376191
RUNG 18445744411800507481 4611436102950126871 3 4337
RUNG 18445744593109155001 4611436148277288752 7 47
RUNG 18445744169816725609 4611436042454181403 3 65836187
RUNG 18445744394488092529 4611436098622023138 23 59120975623359271
RUNG 18445744125363557809 4611436031340889453 3 13043
RUNG 18445744142379877129 4611436035594969283 3 1778328437
RUNG 18445744216491634849 4611436054122908714 7 199261
RUNG 18445744246634187289 4611436061658546824 7 1456874
RUNG 18445744211261971321 4611436052815492832 7 346
RUNG 18445744383726543601 4611436095931635902 7 388
RUNG 18445744077722768041 4611436019430692011 3 101
RUNG 18445744164562561729 4611436041140640433 3 23297
RUNG 18445744596262069969 4611436149065517493 3 2925467
RUNG 18445744390216152409 4611436097554038103 3 149
RUNG 18445744436331541729 4611436109082885433 3 137
RUNG 18445744355758770649 4611436088939692663 3 17291
RUNG 18445744103240104561 4611436025810026141 3 352637
RUNG 18445744138291721161 4611436034572930291 3 25169
RUNG 18445744295890242241 4611436073972560562 7 194
RUNG 18445744310290708321 4611436077572677081 3 3527
RUNG 18445744347572232601 4611436086893058152 7 236
RUNG 18445744158953082841 4611436039738270711 3 135054317
RUNG 18445744334488883281 4611436083622220825 19 335
RUNG 18445744225021245889 4611436056255311474 7 236
RUNG 18445744078427279329 4611436019606819833 3 281
RUNG 18445744242744112009 4611436060686028003 3 557
RUNG 18445744405194520129 4611436101298630034 7 76
RUNG 18445744539113546041 4611436134778386513 11 992346919470279
RUNG 18445744069664887369 4611436017416221843 3 449
RUNG 18445744136310946849 4611436034077736714 7 2351
RUNG 18445744104203953681 4611436026050988422 7 873386
RUNG 18445744382644275841 4611436095661068961 3 269
RUNG 18445744358211268081 4611436089552817021 3 557
RUNG 18445744500175930921 4611436125043982732 7 94
RUNG 18445744555590770401 4611436138897692601 3 101
RUNG 18445744289425151521 4611436072356287884 15 191
RUNG 18445744481613788161 4611436120403447042 7 1907
RUNG 18445744285347198481 4611436071336799622 7 3986
RUNG 18445744468848996961 4611436117212249241 3 101
RUNG 18445744468916384929 4611436117229096233 3 149
RUNG 18445744213724688361 4611436053431172092 7 3909622
RUNG 18445744543244599081 4611436135811149771 3 101
RUNG 18445744568835444361 4611436142208861091 3 10193
RUNG 18445744570989796561 4611436142747449142 7 269061908
RUNG 18445744203128543401 4611436050782135851 3 12743
RUNG 18445744166839452241 4611436041709863063 11 549
RUNG 18445744577783665921 4611436144445916483 11 4311
RUNG 18445744118073495721 4611436029518373932 7 57118
RUNG 18445744395537722761 4611436098884430691 3 101
RUNG 18445744448967699361 4611436112241924841 3 28961
RUNG 18445744156584331129 4611436039146082783 3 182123
RUNG 18445744310635828729 4611436077658957185 11 5339605
RUNG 18445744572799050049 4611436143199762513 3 2741
RUNG 18445744083752933929 4611436020938233483 3 593
RUNG 18445744571202176209 4611436142800544053 3 60539
RUNG 18445744398286313161 4611436099571578292 7 3251
RUNG 18445744515523913641 4611436128880978413 11 813
RUNG 18445744566362541481 4611436141590635372 7 59
RUNG 18445744156467936961 4611436039116984241 3 114603191
RUNG 18445744215154126081 4611436053788531522 7 47
RUNG 18445744431532768561 4611436107883192142 7 194
RUNG 18445744170719336881 4611436042679834221 3 509
RUNG 18445744308381421441 4611436077095355363 11 1359
RUNG 18445744404071417161 4611436101017854291 3 41333
RUNG 18445744560316065721 4611436140079016432 7 236
RUNG 18445744566434017561 4611436141608504392 7 18659156
RUNG 18445744530490030441 4611436132622507611 3 389
RUNG 18445744550275356889 4611436137568839223 3 137
RUNG 18445744157572689049 4611436039393172265 11 29311
RUNG 18445744482228460609 4611436120557115153 3 281
RUNG 18445744079429944729 4611436019857486183 3 5309
RUNG 18445744283480791729 4611436070870197933 3 89
RUNG 18445744386044292769 4611436096511073193 3 71471
RUNG 18445744102472324401 4611436025618081102 7 5948
RUNG 18445744217151248761 4611436054287812193 11 6383511
RUNG 18445744245045515161 4611436061261378792 7 2777
RUNG 18445744522426018561 4611436130606504641 3 34721
RUNG 18445744371415119529 4611436092853779884 7 440326
RUNG 18445744152667711441 4611436038166927861 3 189977
RUNG 18445744256323703881 4611436064080925972 7 2722
RUNG 18445744499714451481 4611436124928612873 11 25322811
RUNG 18445744557073313041 4611436139268328261 3 101
RUNG 18445744079352349369 4611436019838087344 7 89
RUNG 18445744182746960689 4611436045686740174 7 103
RUNG 18445744482559273489 4611436120639818378 23 33674391
RUNG 18445744143278412601 4611436035819603152 7 14108
RUNG 18445744298814473281 4611436074703618322 7 5414
RUNG 18445744331458527001 4611436082864631753 11 154587897
RUNG 18445744512307715521 4611436128076928881 3 20627
RUNG 18445744314385032121 4611436078596258031 3 112241
RUNG 18445744547773867801 4611436136943466951 3 367889
RUNG 18445744154229880489 4611436038557470123 3 2335679
RUNG 18445744267706043289 4611436066926510823 3 17327201
RUNG 18445744557594041689 4611436139398510424 7 1587094
RUNG 18445744560189474529 4611436140047368638 23 284060375757507
RUNG 18445744093752824209 4611436023438206055 11 109
RUNG 18445744531837791529 4611436132959447883 3 233
RUNG 18445744174672743769 4611436043668185943 3 111959
RUNG 18445744393730542729 4611436098432635685 11 37545
RUNG 18445744395697027249 4611436098924256814 7 33164
RUNG 18445744525689209569 4611436131422302393 3 292337489
RUNG 18445744342691795089 4611436085672948774 7 454
RUNG 18445744404547228729 4611436101136807183 3 401
RUNG 18445744414912623769 4611436103728155943 3 1721
RUNG 18445744433538070609 4611436108384517656 15 22375016
RUNG 18445744254063175921 4611436063515793981 3 100285607
RUNG 18445744180408835761 4611436045102208943 11 777303
RUNG 18445744439733621481 4611436109933405374 15 2546
RUNG 18445744316118731089 4611436079029682774 7 433
RUNG 18445744148604064009 4611436037151016007 19 85988771
RUNG 18445744354304879329 4611436088576219833 3 5551853
RUNG 18445744332446884489 4611436083111721123 3 281
RUNG 18445744174740137161 4611436043685034291 3 173
RUNG 18445744212409649041 4611436053102412262 7 878
RUNG 18445744364112800641 4611436091028200162 7 106564
RUNG 18445744265439386281 4611436066359846572 7 124
RUNG 18445744179005960041 4611436044751490011 3 3251
RUNG 18445744414583862601 4611436103645965651 3 7019
RUNG 18445744447027794121 4611436111756948533 11 79
RUNG 18445744465859487001 4611436116464871752 7 103
RUNG 18445744265572120249 4611436066393030065 11 255
RUNG 18445744183408599121 4611436045852149782 7 12299201
RUNG 18445744211770492681 4611436052942623172 7 47
RUNG 18445744314989488561 4611436078747372141 3 140603
RUNG 18445744070594057809 4611436017648514453 3 233
RUNG 18445744133556277129 4611436033389069284 7 4196
RUNG 18445744279696911769 4611436069924227944 7 761051686
RUNG 18445744219074870601 4611436054768717653 11 31613
RUNG 18445744366283492161 4611436091570873043 11 206231783031
RUNG 18445744239960855841 4611436059990213962 7 118
RUNG 18445744511635899481 4611436127908974871 3 455171
RUNG 18445744569758484001 4611436142439621002 7 356
RUNG 18445744228159906849 4611436057039976713 3 27017
RUNG 18445744288667594089 4611436072166898524 7 2932
RUNG 18445744510655720449 4611436127663930113 3 14580233
RUNG 18445744234320743209 4611436058580185803 3 3389
RUNG 18445744221157756441 4611436055289439111 3 101
RUNG 18445744410906155281 4611436102726538821 3 773
RUNG 18445744169490060721 4611436042372515183 11 6627651
RUNG 18445744421790228841 4611436105447557211 3 233
RUNG 18445744562703241081 4611436140675810272 7 11022532
RUNG 18445744164011269249 4611436041002817313 3 1721
RUNG 18445744328934587809 4611436082233646953 3 210981143
RUNG 18445744332336626449 4611436083084156613 3 10348757
RUNG 18445744427932687009 4611436106983171753 3 557
RUNG 18445744209354767881 4611436052338691972 7 188
RUNG 18445744221592713601 4611436055398178402 7 46560401
RUNG 18445744341358359601 4611436085339589901 3 1823
RUNG 18445744309880313409 4611436077470078354 7 59
RUNG 18445744489324578409 4611436122331144603 3 64110149
RUNG 18445744600019482729 4611436150004870683 3 11549
RUNG 18445744167521537161 4611436041880384291 3 293
RUNG 18445744334294944969 4611436083573736244 7 37028
RUNG 18445744516996263769 4611436129249065944 7 404
RUNG 18445744581594157801 4611436145398539451 3 2381
RUNG 18445744543898100361 4611436135974525091 3 11003
RUNG 18445744420587474169 4611436105146868544 7 766
RUNG 18445744592723278009 4611436148180819503 3 5892323
RUNG 18445744084528951969 4611436021132237993 3 293
RUNG 18445744310546023249 4611436077636505813 3 454199
RUNG 18445744226346588649 4611436056586647164 7 68
RUNG 18445744297783273969 4611436074445818494 7 68
RUNG 18445744328977477801 4611436082244369453 11 37263
RUNG 18445744405086350641 4611436101271587661 3 317
RUNG 18445744125061407001 4611436031265351751 3 293
RUNG 18445744147242045841 4611436036810511461 3 257
RUNG 18445744419137629801 4611436104784407453 11 912141
RUNG 18445744460160171361 4611436115040042841 3 32051
RUNG 18445744559164396681 4611436139791099171 3 45046247
RUNG 18445744086709854961 4611436021677463745 19 192575
RUNG 18445744134228127201 4611436033557031802 7 2036
RUNG 18445744147237964041 4611436036809491012 7 293
RUNG 18445744389454538641 4611436097363634662 7 692
RUNG 18445744418441296441 4611436104610324115 19 210215
RUNG 18445744179900394009 4611436044975098503 3 269
RUNG 18445744530465568969 4611436132616392243 3 11721419
RUNG 18445744181137870801 4611436045284467702 7 68
RUNG 18445744357704903121 4611436089426225781 3 906923
RUNG 18445744476766045321 4611436119191511332 7 19638148
RUNG 18445744494823805041 4611436123705951261 3 2483939
RUNG 18445744531843948201 4611436132960987051 3 70709
RUNG 18445744177329468169 4611436044332367043 3 558383333
RUNG 18445744206375445129 4611436051593861285 11 255
RUNG 18445744234247249089 4611436058561812274 7 412
RUNG 18445744364384416249 4611436091096104063 3 12377
RUNG 18445744559870947489 4611436139967736874 7 3226
RUNG 18445744393640723569 4611436098410180894 7 50333
RUNG 18445744549756724209 4611436137439181053 3 137
RUNG 18445744167572602609 4611436041893150656 15 596
RUNG 18445744294469054161 4611436073617263542 7 122
RUNG 18445744180055596849 4611436045013899213 3 35423
RUNG 18445744390508239249 4611436097627059814 7 31
RUNG 18445744112082211681 4611436028020552922 7 1098844
RUNG 18445744282372011361 4611436070593002842 7 82
RUNG 18445744538942085121 4611436134735521281 3 17685977
RUNG 18445744202134134001 4611436050533533501 3 434375897
RUNG 18445744351815666001 4611436087953916501 3 6599
RUNG 18445744382344164001 4611436095586041001 3 66629
RUNG 18445744433094984121 4611436108273746031 3 4703
RUNG 18445744365103220881 4611436091275805221 3 1997759327
RUNG 18445744114593921889 4611436028648480474 7 68
RUNG 18445744311685496569 4611436077921374144 7 68
RUNG 18445744423148207929 4611436105787051984 7 68
RUNG 18445744441779780889 4611436110444945224 7 19
RUNG 18445744520800602769 4611436130200150694 7 68
RUNG 18445744085488726561 4611436021372181641 3 107460503
RUNG 18445744168822336921 4611436042205584231 3 185309
RUNG 18445744265525183161 4611436066381295792 7 1259
RUNG 18445744344964624249 4611436086241156064 7 76
RUNG 18445744098086072881 4611436024521518225 19 5357
RUNG 18445744425233133121 4611436106308283282 7 404
RUNG 18445744462175678761 4611436115543919691 3 137
RUNG 18445744097890039681 4611436024472509922 7 2351
RUNG 18445744197406817041 4611436049351704261 3 2111
RUNG 18445744293968762521 4611436073492190632 7 314
RUNG 18445744129766284321 4611436032441571083 11 459
RUNG 18445744294679392681 4611436073669848172 7 73
RUNG 18445744526851172521 4611436131712793133 11 7191
RUNG 18445744137509700169 4611436034377425043 3 11633
RUNG 18445744223301926689 4611436055825481675 11 117
RUNG 18445744286784866209 4611436071696216554 7 388
RUNG 18445744198636126849 4611436049659031713 3 641
RUNG 18445744284373218289 4611436071093304575 11 865
RUNG 18445744340915263849 4611436085228815964 7 124
RUNG 18445744552564541689 4611436138141135425 11 39553455
RUNG 18445744484685090169 4611436121171272543 3 3821
RUNG 18445744519738748809 4611436129934687203 3 6329
RUNG 18445744475352968929 4611436118838242234 7 236
RUNG 18445744552329708769 4611436138082427193 3 483570029
RUNG 18445744097285600209 4611436024321400053 3 27851
RUNG 18445744213459297849 4611436053364824464 7 244
RUNG 18445744219364877529 4611436054841219383 3 2459
RUNG 18445744336978213369 4611436084244553343 3 593
RUNG 18445744461195508081 4611436115298877024 15 4856
RUNG 18445744512930591481 4611436128232647871 3 1871477
RUNG 18445744275739478569 4611436068934869644 7 38
RUNG 18445744078088385601 4611436019522096401 3 922169
RUNG 18445744201578713881 4611436050394678471 3 701
RUNG 18445744244769901921 4611436061192475482 7 124
RUNG 18445744356369430489 4611436089092357623 3 41969
RUNG 18445744375973014489 4611436093993253623 3 3329
RUNG 18445744109639948929 4611436027409987234 7 202
RUNG 18445744178807927809 4611436044701981953 3 113
RUNG 18445744206391804129 4611436051597951033 3 89
RUNG 18445744481834411641 4611436120458602911 3 797
RUNG 18445744339353114169 4611436084838278546 15 509396
RUNG 18445744076999984761 4611436019249996192 7 44218
RUNG 18445744428159393361 4611436107039848342 7 146
RUNG 18445744481413754521 4611436120353438631 3 233
RUNG 18445744340239361209 4611436085059840304 7 11807
RUNG 18445744418096220289 4611436104524055074 7 8135356
RUNG 18445744336739305609 4611436084184826403 3 281
RUNG 18445744187241562129 4611436046810390533 3 389
RUNG 18445744492988043169 4611436123247010794 7 292
RUNG 18445744433374769809 4611436108343692455 11 19
RUNG 18445744324348212481 4611436081087053122 7 840964
RUNG 18445744585388311801 4611436146347077952 7 13214
RUNG 18445744242405231481 4611436060601307871 3 101
RUNG 18445744561976323321 4611436140494080831 3 77687
RUNG 18445744140446176129 4611436035111544036 15 15551
RUNG 18445744481991660409 4611436120497915103 3 12377
RUNG 18445744264953439729 4611436066238359934 7 68
RUNG 18445744587891855529 4611436146972963883 3 1373
RUNG 18445744257973749649 4611436064493437414 7 18005588
RUNG 18445744383612302689 4611436095903075673 3 953
RUNG 18445744362275026801 4611436090568756701 3 236507
RUNG 18445744392760641961 4611436098190160491 3 525953
RUNG 18445744269468395881 4611436067367098971 3 17355551
RUNG 18445744334450192761 4611436083612548191 3 283163
RUNG 18445744236638519089 4611436059159629773 3 23549
RUNG 18445744286523514249 4611436071630878564 7 41
RUNG 18445744544690463289 4611436136172615823 3 15473
RUNG 18445744325434586521 4611436081358646631 3 3277181
RUNG 18445744543714368241 4611436135928592061 3 149
RUNG 18445744086863053921 4611436021715763481 3 101
RUNG 18445744125812924881 4611436031453231222 7 62
RUNG 18445744500709006441 4611436125177251611 3 233
RUNG 18445744201274471449 4611436050318617863 3 89
RUNG 18445744599678517801 4611436149919629453 11 40787
RUNG 18445744065997490089 4611436016499372525 11 41
RUNG 18445744213847312209 4611436053461828053 3 42461
RUNG 18445744578112533529 4611436144528133384 7 4991516
RUNG 18445744161471028609 4611436040367757155 11 15245
RUNG 18445744289388498289 4611436072347124573 3 4703
RUNG 18445744185413948209 4611436046353487056 15 7796
RUNG 18445744443397113649 4611436110849278413 3 677
RUNG 18445744132357665481 4611436033089416371 3 149
RUNG 18445744369287400201 4611436092321850051 3 172007651
RUNG 18445744263264684601 4611436065816171151 3 10184549
RUNG 18445744167848324209 4611436041962081054 7 1468
RUNG 18445744440715919209 4611436110178979804 7 19
RUNG 18445744577214040969 4611436144303510244 7 733
RUNG 18445744194117130801 4611436048529282701 3 15641
RUNG 18445744323633517801 4611436080908379451 3 3811331
RUNG 18445744090904262721 4611436022726065682 7 143876
RUNG 18445744142847634201 4611436035711908553 11 264783
RUNG 18445744485832756681 4611436121458189171 3 2411
RUNG 18445744245476481649 4611436061369120413 3 89
RUNG 18445744129752033361 4611436032438008341 3 8447
RUNG 18445744078880733169 4611436019720183294 7 76
RUNG 18445744431943323049 4611436107985830763 3 101
RUNG 18445744550865606529 4611436137716401633 3 1087673
RUNG 18445744260354786769 4611436065088696693 3 645527
RUNG 18445744422827657329 4611436105706914334 7 202
RUNG 18445744403130140209 4611436100782535053 3 70583
RUNG 18445744086328057489 4611436021582014373 3 7481
RUNG 18445744186234864489 4611436046558716124 7 262
RUNG 18445744258778335489 4611436064694583873 3 12107
RUNG 18445744084539230761 4611436021134807694 15 596
RUNG 18445744432031135521 4611436108007783881 3 1433
RUNG 18445744526745034801 4611436131686258702 7 137884
RUNG 18445744511237783401 4611436127809445852 7 2306
RUNG 18445744168411941481 4611436042102985371 3 3803
RUNG 18445744218188708521 4611436054547177131 3 489841997
RUNG 18445744430038106281 4611436107509526575 19 203
RUNG 18445744450066434601 4611436112516608651 3 6089
RUNG 18445744090169137681 4611436022542284423 11 1377
RUNG 18445744242452228641 4611436060613057161 3 1493
RUNG 18445744587949060561 4611436146987265142 7 31
RUNG 18445744400932911841 4611436100233227962 7 41
RUNG 18445744462439156641 4611436115609789161 3 239296601
RUNG 18445744399883304001 4611436099970826002 7 1244
RUNG 18445744583227865401 4611436145806966351 3 89
RUNG 18445744517525228929 4611436129381307233 3 113
RUNG 18445744555356061969 4611436138839015493 3 557
RUNG 18445744558127110249 4611436139531777564 7 49297
RUNG 18445744326657792769 4611436081664448193 3 329853827
RUNG 18445744364892949729 4611436091223237433 3 146926181
RUNG 18445744365164541049 4611436091291135263 3 1451
RUNG 18445744451058872929 4611436112764718234 7 57854
RUNG 18445744594661251921 4611436148665312982 7 59
RUNG 18445744270495571761 4611436067623892941 3 14207
RUNG 18445744429882919881 4611436107470729973 11 512381789718969997
RUNG 18445744076111742289 4611436019027935573 3 725939
RUNG 18445744101647452489 4611436025411863123 3 617
RUNG 18445744522881505729 4611436130720376440 31 180546094634650
RUNG 18445744488013673041 4611436122003418264 15 746
RUNG 18445744123789293481 4611436030947323372 7 412
RUNG 18445744529440539481 4611436132360134871 3 2939
RUNG 18445744585380183241 4611436146345045812 7 56401148
RUNG 18445744361893199569 4611436090473299894 7 7873
RUNG 18445744410555012769 4611436102638753195 11 10515
RUNG 18445744440164592769 4611436110041148195 11 1341
RUNG 18445744082993420449 4611436020748355113 3 2111
RUNG 18445744387102185409 4611436096775546353 3 3167
RUNG 18445744444728554209 4611436111182138553 3 521
RUNG 18445744532293271881 4611436133073317971 3 7321439
RUNG 18445744214843861161 4611436053710965294 15 191
RUNG 18445744331550531241 4611436082887632811 3 3236489
RUNG 18445744390565487241 4611436097641371811 3 329177
RUNG 18445744522595625481 4611436130648906372 7 397
RUNG 18445744348215620209 4611436087053905053 3 2441
RUNG 18445744363606475689 4611436090901618924 7 59
RUNG 18445744473317117401 4611436118329279351 3 2039
RUNG 18445744542432003241 4611436135608000812 7 773
RUNG 18445744381927659889 4611436095481914974 7 68
RUNG 18445744511239842889 4611436127809960723 3 1092191
RUNG 18445744132406708569 4611436033101677144 7 38
RUNG 18445744383046698169 4611436095761674544 7 38
RUNG 18445744065295066249 4611436016323766563 3 9090503
RUNG 18445744278555514561 4611436069638878641 3 641
RUNG 18445744354580663761 4611436088645165942 7 31
RUNG 18445744089572885089 4611436022393221274 7 178
RUNG 18445744093855044121 4611436023463761036 23 424
RUNG 18445744178344449409 4611436044586112353 3 8291
RUNG 18445744202413978129 4611436050603494533 3 69467
RUNG 18445744389877334209 4611436097469333553 3 65393
RUNG 18445744403885728801 4611436100971432201 3 3221
RUNG 18445744135155307441 4611436033788826862 7 202
RUNG 18445744201509355201 4611436050377338801 3 1136980049
RUNG 18445744515528140281 4611436128882035071 3 9479
RUNG 18445744535425778041 4611436133856444511 3 10103
RUNG 18445744080161129449 4611436020040282363 3 72161
RUNG 18445744249966965649 4611436062491741413 3 574373
RUNG 18445744282192398889 4611436070548099723 3 7673
RUNG 18445744586174557369 4611436146543639343 3 47933
RUNG 18445744069111654201 4611436017277913551 3 26482931
RUNG 18445744087912716481 4611436021978179121 3 137
RUNG 18445744118563736881 4611436029640934221 3 8663
RUNG 18445744147442266561 4611436036860566646 23 201
RUNG 18445744522003453561 4611436130500863391 3 132897593
RUNG 18445744067265650521 4611436016816412632 7 732709
RUNG 18445744288982185561 4611436072245546392 7 362
RUNG 18445744517907121801 4611436129476780453 11 123351
RUNG 18445744529957199841 4611436132489299961 3 1371076337
RUNG 18445744300233827329 4611436075058456833 3 765899
RUNG 18445744434359099449 4611436108589774863 3 1973
RUNG 18445744233930831841 4611436058482707961 3 2729
RUNG 18445744321081014961 4611436080270253742 7 3506
RUNG 18445744079746601809 4611436019936650455 11 208545
RUNG 18445744195840660609 4611436048960165154 7 96350378
RUNG 18445744227259488049 4611436056814872013 3 63671
RUNG 18445744404363575209 4611436101090893808 23 733
RUNG 18445744518932229409 4611436129733057354 7 124
RUNG 18445744072084869409 4611436018021217354 7 76
RUNG 18445744569388996729 4611436142347249183 3 4138331
RUNG 18445744104822857761 4611436026205714441 3 101
RUNG 18445744448616628441 4611436112154157115 19 55667314137115
RUNG 18445744464060578809 4611436116015144704 7 115237
RUNG 18445744303057977721 4611436075764494431 3 101
RUNG 18445744344650248441 4611436086162562112 7 479
RUNG 18445744487382718321 4611436121845679581 3 4007
RUNG 18445744207078013809 4611436051769503453 3 27474989
RUNG 18445744582215056089 4611436145553764024 7 6163
RUNG 18445744308585780481 4611436077146445126 23 1454
RUNG 18445744516804431121 4611436129201107782 7 15692
RUNG 18445744582995115681 4611436145748778922 7 16931
RUNG 18445744094898547729 4611436023724636934 7 163532
RUNG 18445744152004196329 4611436038001049088 23 67
RUNG 18445744412938109569 4611436103234527395 11 340705
RUNG 18445744548319238929 4611436137079809733 3 5249921
RUNG 18445744070132690809 4611436017533172704 7 3903331
RUNG 18445744120007475769 4611436030001868943 3 171656297
RUNG 18445744265149552849 4611436066287388213 3 6971
RUNG 18445744459807015849 4611436114951753963 3 233
RUNG 18445744312547344081 4611436078136836021 3 3976121
RUNG 18445744319286076081 4611436079821519021 3 14554613
RUNG 18445744420246575721 4611436105061643931 3 1901
RUNG 18445744456833806401 4611436114208451602 7 797
RUNG 18445744200075865201 4611436050018966301 3 141221
RUNG 18445744271688165961 4611436067922041493 11 327
RUNG 18445744538035527241 4611436134508881813 11 3254193
RUNG 18445744550739058081 4611436137684764523 11 7989759
RUNG 18445744413128028049 4611436103282007013 3 557
RUNG 18445744555584822961 4611436138896205742 7 7804
RUNG 18445744326337245121 4611436081584311282 7 61
RUNG 18445744444912381801 4611436111228095452 7 18254
RUNG 18445744205542411081 4611436051385602772 7 208625038
RUNG 18445744253401704241 4611436063350426062 7 412
RUNG 18445744311975579601 4611436077993894903 11 153
RUNG 18445744531376441281 4611436132844110321 3 35069
RUNG 18445744446878869201 4611436111719717302 7 283
RUNG 18445744127991863281 4611436031997965823 11 809821993
RUNG 18445744289392662841 4611436072348165711 3 3617501
RUNG 18445744349841131569 4611436087460282894 7 19
RUNG 18445744078578580201 4611436019644645055 19 55271263208816351644881777117145
RUNG 18445744430663032921 4611436107665758231 3 16908977
RUNG 18445744558698940921 4611436139674735235 19 792229159
RUNG 18445744318122126121 4611436079530531531 3 1193
RUNG 18445744528489002841 4611436132122250711 3 8243
RUNG 18445744065299197201 4611436016324799303 11 4235211
RUNG 18445744123199199361 4611436030799799841 3 204887
RUNG 18445744283966967361 4611436070991741842 7 10513
RUNG 18445744330486680601 4611436082621670154 15 128636
RUNG 18445744183347488569 4611436045836872143 3 257
RUNG 18445744268911006609 4611436067227751655 11 85
RUNG 18445744278245171449 4611436069561292864 7 41
RUNG 18445744534296567049 4611436133574141765 11 85
RUNG 18445744551198532129 4611436137799633033 3 259619
RUNG 18445744291659332881 4611436072914833221 3 2416943
RUNG 18445744443715757401 4611436110928939352 7 202
RUNG 18445744116672841609 4611436029168210403 3 6689
RUNG 18445744129876672249 4611436032469168065 11 532092237
RUNG 18445744237745393209 4611436059436348303 3 75329
RUNG 18445744168947025561 4611436042236756393 11 16025643
RUNG 18445744339124513041 4611436084781128261 3 3597749
RUNG 18445744483950073921 4611436120987518482 7 47
RUNG 18445744334717790841 4611436083679447712 7 36791
RUNG 18445744367478238561 4611436091869559642 7 62
RUNG 18445744536150742561 4611436134037685646 23 333
RUNG 18445744182389775241 4611436045597443814 15 60686
RUNG 18445744238482572001 4611436059620643001 3 15161
RUNG 18445744333333287961 4611436083333321992 7 1535068
RUNG 18445744379803992241 4611436094950998063 11 312135777
RUNG 18445744560432640609 4611436140108160153 3 74242403
RUNG 18445744181519867521 4611436045379966882 7 628
RUNG 18445744362479326201 4611436090619831553 11 1906077
RUNG 18445744077690301849 4611436019422575464 7 19
RUNG 18445744451044643209 4611436112761160803 3 569
RUNG 18445744140233904649 4611436035058476164 7 68
RUNG 18445744218605357809 4611436054651339453 3 33161
RUNG 18445744288720843249 4611436072180210813 3 31019
RUNG 18445744372134093169 4611436093033523294 7 68
RUNG 18445744425071938129 4611436106267984533 3 9257
RUNG 18445744143004953889 4611436035751238473 3 569
RUNG 18445744257875830009 4611436064468957504 7 188
RUNG 18445744298330684449 4611436074582671114 7 134462
RUNG 18445744307187011929 4611436076796752986 15 8706956
RUNG 18445744114881979921 4611436028720494981 3 89
RUNG 18445744123029719521 4611436030757429881 3 2910143
RUNG 18445744139733606721 4611436034933401682 7 2140834
RUNG 18445744216293770401 4611436054073442601 3 89
RUNG 18445744219783616761 4611436054945904192 7 7402
RUNG 18445744137595594681 4611436034398898671 3 269
RUNG 18445744169549436601 4611436042387359152 7 68
RUNG 18445744590644631121 4611436147661157782 7 68
RUNG 18445744186563714409 4611436046640928604 7 31
RUNG 18445744199714452009 4611436049928613005 11 102395
RUNG 18445744288098027289 4611436072024506823 3 219554039
RUNG 18445744328128137409 4611436082032034356 15 926
RUNG 18445744112208956449 4611436028052239113 3 257591
RUNG 18445744489929179329 4611436122482294833 3 94139867
RUNG 18445744176214658521 4611436044053664633 11 4839
RUNG 18445744554710856601 4611436138677714151 3 11717
RUNG 18445744592417125201 4611436148104281301 3 113
RUNG 18445744597465048249 4611436149366262063 3 269
RUNG 18445744254369656449 4611436063592414114 7 19
RUNG 18445744380545266009 4611436095136316503 3 12659
RUNG 18445744072734283321 4611436018183570832 7 8714
RUNG 18445744264898415529 4611436066224603883 3 2087
RUNG 18445744525058395609 4611436131264598903 3 6203
RUNG 18445744596297003049 4611436149074250763 3 2111
RUNG 18445744479888471001 4611436119972117752 7 55442677
RUNG 18445744162814795401 4611436040703698851 3 2297
RUNG 18445744367496632761 4611436091874158191 3 4409
RUNG 18445744335442733521 4611436083860683381 3 148041743
RUNG 18445744477470699601 4611436119367674902 7 1084
RUNG 18445744099693300009 4611436024923325003 3 1721
RUNG 18445744401429214489 4611436100357303623 3 156929999
RUNG 18445744176378029281 4611436044094507321 3 265151
RUNG 18445744204280465521 4611436051070116381 3 1719203
RUNG 18445744277691803521 4611436069422950884 15 576835316
RUNG 18445744364210996281 4611436091052749071 3 9587
RUNG 18445744550347027369 4611436137586756843 3 12473
RUNG 18445744565090556289 4611436141272639074 7 61844
RUNG 18445744216036491649 4611436054009122913 3 101
RUNG 18445744279609280929 4611436069902320233 3 353
RUNG 18445744319463775609 4611436079865943905 11 549
RUNG 18445744255237539601 4611436063809384901 3 677
RUNG 18445744516457338441 4611436129114334611 3 89
RUNG 18445744196308349761 4611436049077087443 11 577167021
RUNG 18445744299578396761 4611436074894599192 7 9533
RUNG 18445744399762921201 4611436099940730302 7 239126
RUNG 18445744495301805049 4611436123825451263 3 7577
RUNG 18445744556119882369 4611436139029970594 7 153212
RUNG 18445744152279926689 4611436038069981673 3 14639
RUNG 18445744107350962921 4611436026837740732 7 124
RUNG 18445744169972161561 4611436042493040392 7 103
RUNG 18445744226934868201 4611436056733717051 3 2153
RUNG 18445744286411325241 4611436071602831311 3 3425243
RUNG 18445744175506090921 4611436043876522732 7 2617
RUNG 18445744205207562721 4611436051301890683 11 390953
RUNG 18445744235305191841 4611436058826297961 3 4133
RUNG 18445744435512919561 4611436108878229893 11 317763
RUNG 18445744518429953761 4611436129607488443 11 105177
RUNG 18445744302721100689 4611436075680275174 7 21748
RUNG 18445744316431357249 4611436079107839317 19 548947
RUNG 18445744377408713689 4611436094352178424 7 47798246
RUNG 18445744390046899249 4611436097511724814 7 5788
RUNG 18445744459770313009 4611436114942578253 3 45863
RUNG 18445744096217764561 4611436024054441141 3 1013
RUNG 18445744190662114561 4611436047665528642 7 40148
RUNG 18445744452386298961 4611436113096574741 3 89
RUNG 18445744479469875481 4611436119867468871 3 20117
RUNG 18445744558039406521 4611436139509851631 3 37619
RUNG 18445744351493186809 4611436087873296704 7 164
RUNG 18445744177031500729 4611436044257875184 7 523
RUNG 18445744343488391329 4611436085872097833 3 389
RUNG 18445744529973610249 4611436132493402563 3 461
RUNG 18445744476827477401 4611436119206869353 11 1357091
RUNG 18445744120850897041 4611436030212724263 11 21501
RUNG 18445744270734591001 4611436067683647751 3 21124463
RUNG 18445744307899719001 4611436076974929763 51 666761183
RUNG 18445744361864710081 4611436090466177525 19 37877
RUNG 18445744494466619521 4611436123616654881 3 4091
RUNG 18445744530369767209 4611436132592441803 3 197
RUNG 18445744135349383609 4611436033837345903 3 1105343
RUNG 18445744246007531209 4611436061501882804 7 462628
RUNG 18445744427038461289 4611436106759615324 7 236
RUNG 18445744120085136121 4611436030021284031 3 1613
RUNG 18445744091163723721 4611436022790930932 7 1028
RUNG 18445744145290035961 4611436036322508991 3 461
RUNG 18445744316772387001 4611436079193096753 11 33660117366372969
RUNG 18445744239015590641 4611436059753897663 11 41
RUNG 18445744362528380041 4611436090632095014 15 10796
RUNG 18445744461046599841 4611436115261649962 7 59
RUNG 18445744532458780681 4611436133114695172 7 407746
RUNG 18445744597832649241 4611436149458162312 7 1487
RUNG 18445744221880834609 4611436055470208654 7 1966
RUNG 18445744297313792209 4611436074328448053 3 3449
RUNG 18445744306276305769 4611436076569076444 7 524
RUNG 18445744362330303769 4611436090582575946 15 731186
RUNG 18445744137479237401 4611436034369809353 11 10713
RUNG 18445744431539124001 4611436107884781002 7 194
RUNG 18445744560442899001 4611436140110724752 7 929
RUNG 18445744514366309449 4611436128591577363 3 153563
RUNG 18445744098905103481 4611436024726275871 3 2802077
RUNG 18445744379201641441 4611436094800410364 15 253496
RUNG 18445744079744645689 4611436019936161424 7 38
RUNG 18445744092617665849 4611436023154416464 7 1522
RUNG 18445744096350514969 4611436024087628744 7 38
RUNG 18445744503371969809 4611436125842992454 7 59
RUNG 18445744220269670929 4611436055067417733 3 122891
RUNG 18445744289558130169 4611436072389532543 3 123551
RUNG 18445744098398683081 4611436024599670772 7 23252
RUNG 18445744260438643009 4611436065109660755 11 2647
RUNG 18445744328244581209 4611436082061145304 7 3879734
RUNG 18445744330858392409 4611436082714598104 7 292
RUNG 18445744446178517329 4611436111544629335 11 59253
RUNG 18445744189818774481 4611436047454693621 3 149729
RUNG 18445744248451869001 4611436062112967255 19 1085
RUNG 18445744488150608281 4611436122037652071 3 6483131
RUNG 18445744333878571441 4611436083469642863 11 56874378362792261977
RUNG 18445744172894348521 4611436043223587131 3 72647
RUNG 18445744267150830841 4611436066787707712 7 3988
RUNG 18445744498305675721 4611436124576418932 7 244
RUNG 18445744560012040441 4611436140003010114 15 566
RUNG 18445744263987712681 4611436065996928171 3 641
RUNG 18445744531145763841 4611436132786440966 23 10702
RUNG 18445744100328417601 4611436025082104402 7 124
RUNG 18445744272337614961 4611436068084403742 7 30235567
RUNG 18445744072401478849 4611436018100369713 3 826097
RUNG 18445744529953213489 4611436132488303378 23 3582
RUNG 18445744174297234369 4611436043574308595 11 171
RUNG 18445744216779834529 4611436054194958634 7 19
RUNG 18445744309568090089 4611436077392022523 3 100823
RUNG 18445744426762807729 4611436106690701933 3 58151
RUNG 18445744427226350809 4611436106806587704 7 22307
RUNG 18445744472539218409 4611436118134804603 3 3120011
RUNG 18445744083767475721 4611436020941868931 3 9437
RUNG 18445744169919101281 4611436042479775322 7 7873
RUNG 18445744386812339041 4611436096703084762 7 157
RUNG 18445744167905651809 4611436041976412955 11 369
RUNG 18445744190468151769 4611436047617037943 3 101
RUNG 18445744273299420289 4611436068324855073 3 55871
RUNG 18445744379961295609 4611436094990323907 19 167
RUNG 18445744585300669849 4611436146325167463 3 488627771
RUNG 18445744339169504809 4611436084792376203 3 113
RUNG 18445744434567487489 4611436108641871873 3 56993
RUNG 18445744393824706729 4611436098456176686 15 46391
RUNG 18445744100624520241 4611436025156130063 11 3492453
RUNG 18445744244163595921 4611436061040898981 3 4463
RUNG 18445744207321110289 4611436051830277575 11 4158255
RUNG 18445744231012858369 4611436057753214593 3 581167637
RUNG 18445744277538697729 4611436069384674435 11 2235
RUNG 18445744470035682409 4611436117508920603 3 33990557
RUNG 18445744078958476009 4611436019739619003 3 8849
RUNG 18445744221170228881 4611436055292557221 3 3304451
RUNG 18445744588271843761 4611436147067960943 11 6734991969
RUNG 18445744294118025361 4611436073529506341 3 137
RUNG 18445744322908747321 4611436080727186836 23 98138
RUNG 18445744072191161881 4611436018047790472 7 63929
RUNG 18445744079185148881 4611436019796287225 19 6038975
RUNG 18445744211068260241 4611436052767065062 7 4392148
RUNG 18445744067145281329 4611436016786320334 7 76
RUNG 18445744192399931761 4611436048099982943 11 26873798247
RUNG 18445744317658665361 4611436079414666341 3 4427933
RUNG 18445744223228611129 4611436055807152783 3 4481
RUNG 18445744315782032089 4611436078945508028 23 3148
RUNG 18445744096340330641 4611436024085082661 3 521
RUNG 18445744141783888801 4611436035445972203 11 457
RUNG 18445744176547577761 4611436044136894442 7 73
RUNG 18445744205660942041 4611436051415235518 31 7654189438
RUNG 18445744384884666721 4611436096221166681 3 686801
RUNG 18445744324387190281 4611436081096797572 7 482
RUNG 18445744583520025489 4611436145880006375 11 8641
RUNG 18445744201319567521 4611436050329891882 7 2173174
RUNG 18445744595341396369 4611436148835349093 3 22343
RUNG 18445744536242717521 4611436134060679381 3 101
RUNG 18445744179418690369 4611436044854672593 3 431423
RUNG 18445744230755575969 4611436057688893993 3 15131609
RUNG 18445744576930364929 4611436144232591234 7 94
RUNG 18445744353161581369 4611436088290395343 3 303767
RUNG 18445744401141353209 4611436100285338303 3 51550649
RUNG 18445744481195447329 4611436120298861834 7 38
RUNG 18445744561157649649 4611436140289412415 11 44855
RUNG 18445744381972724041 4611436095493181011 3 9803
RUNG 18445744076403901321 4611436019100975332 7 82
RUNG 18445744556107685881 4611436139026921471 3 49955249
RUNG 18445744366971899569 4611436091742974893 3 225581
RUNG 18445744130011536241 4611436032502884062 7 15856804
RUNG 18445744161716249281 4611436040429062321 3 3257
RUNG 18445744302296409001 4611436075574102251 3 149
RUNG 18445744559628163681 4611436139907040923 11 41502925259163368307
RUNG 18445744067386253641 4611436016846563411 3 238733513
RUNG 18445744079205581161 4611436019801395291 3 113
RUNG 18445744217762082841 4611436054440520714 15 96513506
RUNG 18445744102280638441 4611436025570159611 3 1409
RUNG 18445744254763849321 4611436063690962332 7 31
RUNG 18445744284105922081 4611436071026480522 7 261614
RUNG 18445744450732302001 4611436112683075501 3 162221
RUNG 18445744273393382089 4611436068348345524 7 199
RUNG 18445744365611908489 4611436091402977124 7 1018
RUNG 18445744522083223489 4611436130520805873 3 569
RUNG 18445744107447001801 4611436026861750451 3 89
RUNG 18445744229222015161 4611436057305503792 7 68
RUNG 18445744488575389801 4611436122143847453 11 197
RUNG 18445744126987283929 4611436031746820983 3 58943
RUNG 18445744167109285849 4611436041777321465 11 285
RUNG 18445744257344991409 4611436064336247854 7 31
RUNG 18445744209640895449 4611436052410223864 7 42236
RUNG 18445744246810107529 4611436061702526883 3 1632041
RUNG 18445744346147185369 4611436086536796343 3 1667
RUNG 18445744358479064929 4611436089619766234 7 47
RUNG 18445744514272422649 4611436128568105663 3 101
RUNG 18445744546534612609 4611436136633653153 3 544259
RUNG 18445744130236171849 4611436032559042964 7 41
RUNG 18445744285831451689 4611436071457862923 3 1409
RUNG 18445744168914454681 4611436042228613671 3 857
RUNG 18445744306466269321 4611436076616567332 7 31
RUNG 18445744580252782321 4611436145063195581 3 218069
RUNG 18445744240998467761 4611436060249616941 3 67511
RUNG 18445744274475671521 4611436068618917886 23 431
RUNG 18445744396808161801 4611436099202040451 3 4241
RUNG 18445744523467735681 4611436130866933921 3 149
RUNG 18445744560449080081 4611436140112270023 11 50929
RUNG 18445744090210151521 4611436022552537882 7 62
RUNG 18445744197984938641 4611436049496234662 7 66932956
RUNG 18445744586824069321 4611436146706017332 7 62
RUNG 18445744246123991449 4611436061530997865 11 251659019
RUNG 18445744383234725209 4611436095808681303 3 4481
RUNG 18445744191058343161 4611436047764585791 3 2447
RUNG 18445744536093673801 4611436134023418453 11 351
RUNG 18445744186804774009 4611436046701193503 3 869303
RUNG 18445744306198768729 4611436076549692186 15 146
RUNG 18445744367174083129 4611436091793520789 27 20298663089
RUNG 18445744400741136649 4611436100185284164 7 734
RUNG 18445744224602934649 4611436056150733664 7 458
RUNG 18445744192348913449 4611436048087228364 7 1084
RUNG 18445744119885082081 4611436029971270521 3 482957
RUNG 18445744209169197649 4611436052292299417 19 3570017
RUNG 18445744195777503049 4611436048944375764 7 206
RUNG 18445744118737460281 4611436029684365075 19 152015
RUNG 18445744353647615761 4611436088411903942 7 22811
RUNG 18445744535813920081 4611436133953480024 15 4286
RUNG 18445744243052772361 4611436060763193091 3 12671
RUNG 18445744439660383561 4611436109915095891 3 214667
RUNG 18445744258780566121 4611436064695141531 3 1210241
RUNG 18445744467197294641 4611436116799323663 11 153
RUNG 18445744570681755721 4611436142670438933 11 153
RUNG 18445744158926852329 4611436039731713084 7 62
RUNG 18445744443015457129 4611436110753864284 7 55166
RUNG 18445744454487637849 4611436113621909468 23 221058
RUNG 18445744516684092169 4611436129171023045 11 25693
RUNG 18445744209869624761 4611436052467406191 3 101
RUNG 18445744274122413361 4611436068530603341 3 113063
RUNG 18445744439603208961 4611436109900802241 3 2347229
RUNG 18445744520600725561 4611436130150181393 11 81698088468795785172009
RUNG 18445744366479799009 4611436091619949753 3 494369
RUNG 18445744078262191321 4611436019565547835 19 13
RUNG 18445744125263826001 4611436031315956501 3 55520537
RUNG 18445744472398374121 4611436118099593532 7 262
RUNG 18445744129639919401 4611436032409979851 3 197
RUNG 18445744365881484961 4611436091470371244 15 2966
RUNG 18445744158154967809 4611436039538741953 3 183573167
RUNG 18445744231315134889 4611436057828783723 3 669422951
RUNG 18445744449676598209 4611436112419149554 7 61
RUNG 18445744524292740001 4611436131073185003 11 1114845495579
RUNG 18445744511891431849 4611436127972857963 3 5381
RUNG 18445744172365529881 4611436043091382473 11 909
RUNG 18445744082411626369 4611436020602906594 7 58439
RUNG 18445744243144678849 4611436060786169713 3 58979
RUNG 18445744112670576601 4611436028167644151 3 403703
RUNG 18445744172432919241 4611436043108229814 15 102894137666
RUNG 18445744297912193161 4611436074478048291 3 97583
RUNG 18445744582433710441 4611436145608427612 7 31
RUNG 18445744467101334289 4611436116775333574 7 893546
RUNG 18445744490735905249 4611436122683976313 3 21143
RUNG 18445744506222736609 4611436126555684153 3 12413
RUNG 18445744498569171001 4611436124642292753 11 5169
RUNG 18445744557510613561 4611436139377653391 3 1013
RUNG 18445744405938153529 4611436101484538384 7 19
RUNG 18445744106803798129 4611436026700949533 3 16829
RUNG 18445744134955361569 4611436033738840394 7 329025542
RUNG 18445744284504160969 4611436071126040243 3 1655393
RUNG 18445744380569890729 4611436095142472684 7 4960052
RUNG 18445744575433599769 4611436143858399944 7 76
RUNG 18445744139006769841 4611436034751692461 3 1103
RUNG 18445744191975245401 4611436047993811353 11 68367987
RUNG 18445744203694512961 4611436050923628241 3 6203
RUNG 18445744355516102881 4611436088879025722 7 48668707
RUNG 18445744514454202201 4611436128613550552 7 164
RUNG 18445744447126102681 4611436111781525673 11 699
RUNG 18445744578833598601 4611436144708399651 3 113
RUNG 18445744209212109001 4611436052303027253 11 71979
RUNG 18445744214637809281 4611436053659452323 11 70659
RUNG 18445744453403336281 4611436113350834071 3 1516607
RUNG 18445744599582769681 4611436149895692421 3 16727177
RUNG 18445744133654587201 4611436033413646801 3 249989
RUNG 18445744419431959081 4611436104857989772 7 5358307
RUNG 18445744475626857841 4611436118906714462 7 388
RUNG 18445744500613259281 4611436125153314823 11 220833
RUNG 18445744201985331169 4611436050496332794 7 126572
RUNG 18445744481017845601 4611436120254461404 15 1031
RUNG 18445744481036223961 4611436120259055992 7 82
RUNG 18445744488428408761 4611436122107102192 7 47
RUNG 18445744541239648921 4611436135309912232 7 6676
RUNG 18445744450358658889 4611436112589664723 3 10152083
RUNG 18445744453317574849 4611436113329393713 3 197
RUNG 18445744185328415881 4611436046332103971 3 59399
RUNG 18445744251294476041 4611436062823619011 3 9311
RUNG 18445744334662801081 4611436083665700273 11 153
RUNG 18445744419370704361 4611436104842676092 7 146
RUNG 18445744199528763121 4611436049882190781 3 113
RUNG 18445744495060960081 4611436123765240025 19 341725
RUNG 18445744156748028481 4611436039187007121 3 89
RUNG 18445744250134601761 4611436062533650441 3 113
RUNG 18445744531897323001 4611436132974330751 3 30593
RUNG 18445744588956004681 4611436147239001172 7 388
RUNG 18445744350733660801 4611436087683415201 3 2039
RUNG 18445744353894738721 4611436088473684682 7 467689
RUNG 18445744215242265769 4611436053810566443 3 90353
RUNG 18445744406806038169 4611436101701509546 15 641
RUNG 18445744474305670369 4611436118576417593 3 89
RUNG 18445744543604339809 4611436135901084953 3 2099
RUNG 18445744177325667409 4611436044331416853 3 2763617
RUNG 18445744150062391681 4611436037515597921 3 222985283
RUNG 18445744174762907809 4611436043690726954 7 7027
RUNG 18445744428868239289 4611436107217059824 7 1084
RUNG 18445744225458593761 4611436056364648441 3 21569
RUNG 18445744547878332169 4611436136969583044 7 170053316
RUNG 18445744172639188729 4611436043159797185 11 57
RUNG 18445744383044864209 4611436095761216054 7 412
RUNG 18445744179002186209 4611436044750546553 3 3821
RUNG 18445744514993321689 4611436128748330424 7 12158
RUNG 18445744079605889929 4611436019901472483 3 6290633
RUNG 18445744098343650169 4611436024585912543 3 2081
RUNG 18445744239991796809 4611436059997949204 7 166778
RUNG 18445744293039911929 4611436073259977983 3 36467
RUNG 18445744349698353769 4611436087424588444 7 59
RUNG 18445744193255628001 4611436048313907002 7 773
RUNG 18445744221011035681 4611436055252758921 3 287333
RUNG 18445744322365649041 4611436080591412261 3 1432757
RUNG 18445744415433664081 4611436103858416021 3 460953323
RUNG 18445744351246221601 4611436087811555402 7 59
RUNG 18445744463895358201 4611436115973839552 7 59
RUNG 18445744155071523889 4611436038767880973 3 11243
RUNG 18445744211489005009 4611436052872251253 3 89
RUNG 18445744212179214529 4611436053044803634 7 1422242
RUNG 18445744316027158729 4611436079006789685 11 255
RUNG 18445744583299564129 4611436145824891035 11 255
RUNG 18445744106801782681 4611436026700445672 7 10316
RUNG 18445744161712238281 4611436040428059571 3 26879
RUNG 18445744357523453881 4611436089380863471 3 4127
RUNG 18445744315665718489 4611436078916429623 3 173
RUNG 18445744438345355569 4611436109586338895 11 549
RUNG 18445744098645875881 4611436024661468971 3 1608821
RUNG 18445744344039864721 4611436086009966184 15 1636706
RUNG 18445744098400831801 4611436024600207952 7 271
RUNG 18445744444822707601 4611436111205676902 7 3316
RUNG 18445744484023749649 4611436121005937413 3 521
RUNG 18445744366871915809 4611436091717978954 7 20222
RUNG 18445744482996604489 4611436120749151123 3 29147
RUNG 18445744123129939729 4611436030782484933 3 2273
RUNG 18445744391010873049 4611436097752718263 3 476243
RUNG 18445744496404641529 4611436124101160384 7 110311
RUNG 18445744539495769609 4611436134873942404 7 8972
RUNG 18445744084694663881 4611436021173665972 7 34877
RUNG 18445744515444623521 4611436128861155882 7 94
RUNG 18445744574708708401 4611436143677177102 7 1172
RUNG 18445744186257566161 4611436046564391542 7 22634
RUNG 18445744575015016249 4611436143753754064 7 28464362
RUNG 18445744598684301889 4611436149671075473 3 61438961
RUNG 18445744562048063569 4611436140512015894 7 124
RUNG 18445744575823667041 4611436143955916761 3 89
RUNG 18445744229256806641 4611436057314201663 11 1507016583
RUNG 18445744283358615721 4611436070839653931 3 1333691
RUNG 18445744462298496841 4611436115574624212 7 103
RUNG 18445744547467901161 4611436136866975291 3 7907
RUNG 18445744394510937529 4611436098627734383 3 35171
RUNG 18445744174170738049 4611436043542684513 3 490769
RUNG 18445744310235947329 4611436077558986834 7 72764
RUNG 18445744537621185409 4611436134405296353 3 9851
RUNG 18445744151475507409 4611436037868876853 3 6173
RUNG 18445744323531671689 4611436080882917924 7 4259
RUNG 18445744383549269329 4611436095887317334 7 635197
RUNG 18445744421584306369 4611436105396076593 3 9743
RUNG 18445744564676175289 4611436141169043824 7 116588
RUNG 18445744115394707329 4611436028848676836 15 521
RUNG 18445744204100924929 4611436051025231233 3 1481
RUNG 18445744076305977841 4611436019076494461 3 137
RUNG 18445744082824169521 4611436020706042381 3 3929
RUNG 18445744233214289401 4611436058303572351 3 173
RUNG 18445744458759649441 4611436114689912361 3 113
RUNG 18445744588710990961 4611436147177747742 7 31
RUNG 18445744286329792441 4611436071582448112 7 188
RUNG 18445744402822048321 4611436100705512081 3 10589
RUNG 18445744428602803321 4611436107150700838 31 3678497
RUNG 18445744439633904121 4611436109908476035 19 24775
RUNG 18445744481912300281 4611436120478075071 3 2632907
RUNG 18445744068905626489 4611436017226406624 7 41
RUNG 18445744335600134809 4611436083900033703 3 173
RUNG 18445744478859451009 4611436119714862754 7 131939
RUNG 18445744091223085081 4611436022805771271 3 641
RUNG 18445744391819541241 4611436097954885311 3 521
RUNG 18445744086699967489 4611436021674991874 7 3797
RUNG 18445744286946494281 4611436071736623572 7 1419038
RUNG 18445744377807064081 4611436094451766021 3 149
RUNG 18445744068395123089 4611436017098780773 3 149
RUNG 18445744344438095281 4611436086109523823 11 121628007
RUNG 18445744447113908521 4611436111778477132 7 188
RUNG 18445744364929967089 4611436091232491776 15 403346
RUNG 18445744556887853209 4611436139221963304 7 197452
RUNG 18445744227269926009 4611436056817481504 7 62
RUNG 18445744255952419849 4611436063988104966 15 1605811511
RUNG 18445744437465271369 4611436109366317846 15 683126
RUNG 18445744372215967921 4611436093053991984 15 127931
RUNG 18445744429195010041 4611436107298752511 3 89
RUNG 18445744432211103121 4611436108052775782 7 5732
RUNG 18445744450650724321 4611436112662681082 7 118
RUNG 18445744499520825601 4611436124880206403 11 1058977
RUNG 18445744594581871681 4611436148645467921 3 3491
RUNG 18445744421351535289 4611436105337883824 7 12962
RUNG 18445744462278101329 4611436115569525333 3 2753
RUNG 18445744316917526281 4611436079229381573 11 41502924713064434157
RUNG 18445744454052764521 4611436113513191133 11 29853
RUNG 18445744590802057201 4611436147700514302 7 236
RUNG 18445744198618065289 4611436049654516326 15 1226286686
RUNG 18445744230806741809 4611436057701685454 7 424311166
RUNG 18445744204946347969 4611436051236586993 3 36131
RUNG 18445744223659602529 4611436055914900633 3 809
RUNG 18445744291008123769 4611436072752030944 7 82
RUNG 18445744324940702449 4611436081235175615 11 20173
RUNG 18445744488269187769 4611436122067296945 11 5235
RUNG 18445744593691544809 4611436148422886203 3 116483
RUNG 18445744158830959441 4611436039707739861 3 101
RUNG 18445744323319325401 4611436080829831351 3 318641
RUNG 18445744480135745161 4611436120033936291 3 1378673
RUNG 18445744308244987561 4611436077061246892 7 41
RUNG 18445744339098169921 4611436084774542481 3 4446971
RUNG 18445744212726524929 4611436053181631234 7 73
RUNG 18445744380277948969 4611436095069487244 7 387173
RUNG 18445744477052266609 4611436119263066654 7 199
RUNG 18445744078713567001 4611436019678391752 7 41564
RUNG 18445744297260856801 4611436074315214203 11 293638347
RUNG 18445744247316644161 4611436061829161043 11 255881
RUNG 18445744377513031489 4611436094378257878 23 178
RUNG 18445744317364744249 4611436079341186063 3 374819
RUNG 18445744520982678769 4611436130245669693 3 5483087
RUNG 18445744562766901249 4611436140691725314 7 48908
RUNG 18445744472247355201 4611436118061838801 3 12983
RUNG 18445744371629920489 4611436092907480126 15 761
RUNG 18445744391449960729 4611436097862490184 7 15956
RUNG 18445744448906840209 4611436112226710053 3 8816933
RUNG 18445744080214476481 4611436020053619123 11 77607
RUNG 18445744218238002121 4611436054559500531 3 7424363
RUNG 18445744413879728401 4611436103469932101 3 6473
RUNG 18445744176061708081 4611436044015427022 7 356
RUNG 18445744187586981841 4611436046896745462 7 244
RUNG 18445744222938778321 4611436055734694581 3 101
RUNG 18445744513847796721 4611436128461949182 7 6124
RUNG 18445744130097429961 4611436032524357491 3 2297
RUNG 18445744257606491641 4611436064401622912 7 941
RUNG 18445744442231412121 4611436110557853031 3 190403
RUNG 18445744445796813961 4611436111449203491 3 173
RUNG 18445744229871504841 4611436057467876211 3 17783
RUNG 18445744459715359081 4611436114928839772 7 313
RUNG 18445744388874949969 4611436097218737493 3 137
RUNG 18445744334056387321 4611436083514096833 11 984539016647067978069497835401
RUNG 18445744248360137641 4611436062090034412 7 28069
RUNG 18445744347944302321 4611436086986075582 7 734
RUNG 18445744210429244809 4611436052607311204 7 412
RUNG 18445744291240935769 4611436072810233943 3 72719
RUNG 18445744519851397849 4611436129962849463 3 5355887
RUNG 18445744248055874689 4611436062013968674 7 314
RUNG 18445744242070657009 4611436060517664253 3 71113583
RUNG 18445744337574825769 4611436084393706443 3 10253
RUNG 18445744416597689689 4611436104149422423 3 2357
RUNG 18445744445047390969 4611436111261847743 3 35632643
RUNG 18445744143826071601 4611436035956517901 3 6833
RUNG 18445744212309967081 4611436053077491771 3 7092479
RUNG 18445744216389963001 4611436054097490751 3 18719
RUNG 18445744234145501641 4611436058536375411 3 149
RUNG 18445744502884091761 4611436125721022942 7 4637
RUNG 18445744534901236921 4611436133725309231 3 4133
RUNG 18445744170209229721 4611436042552307432 7 68
RUNG 18445744216798372321 4611436054199593081 3 113
RUNG 18445744372330348921 4611436093082587232 7 68
RUNG 18445744131633052441 4611436032908263111 3 55395383
RUNG 18445744180439850481 4611436045109962623 11 296283987
RUNG 18445744209030452521 4611436052257613131 3 401
RUNG 18445744446084750001 4611436111521187501 3 8447
RUNG 18445744159247559961 4611436039811889992 7 41
RUNG 18445744166135360881 4611436041533840222 7 5956
RUNG 18445744380353525281 4611436095088381322 7 1522
RUNG 18445744570951412761 4611436142737853191 3 67631
RUNG 18445744438175931361 4611436109543982842 7 4556054
RUNG 18445744161612244129 4611436040403061036 15 296
RUNG 18445744190960443009 4611436047740110753 3 89
RUNG 18445744208074780249 4611436052018695065 11 205
RUNG 18445744261492504609 4611436065373126157 19 721
RUNG 18445744342508399569 4611436085627099895 11 485151
RUNG 18445744349929172929 4611436087482293233 3 1147193
RUNG 18445744355471269489 4611436088867817373 3 300821
RUNG 18445744373663803849 4611436093415950964 7 5116
RUNG 18445744390153276849 4611436097538319214 7 62
RUNG 18445744074266025721 4611436018566506431 3 113
RUNG 18445744372230292321 4611436093057573083 11 4545169257
RUNG 18445744400749422961 4611436100187355741 3 2030941271
RUNG 18445744416424122001 4611436104106030501 3 144203
RUNG 18445744435069990921 4611436108767497732 7 292
RUNG 18445744083716588641 4611436020929147164 15 76316
RUNG 18445744484393425201 4611436121098356301 3 2441
RUNG 18445744213359582529 4611436053339895635 11 45777
RUNG 18445744304898109609 4611436076224527404 7 32862532
RUNG 18445744454369312161 4611436113592328043 11 19294711772352837
RUNG 18445744318510349569 4611436079627587396 15 99686
RUNG 18445744396781742769 4611436099195435694 7 10862
RUNG 18445744533455479969 4611436133363869993 3 281
RUNG 18445744222526302081 4611436055631575521 3 133673
RUNG 18445744216788173041 4611436054197043261 3 2243
RUNG 18445744277563368529 4611436069390842133 3 35771
RUNG 18445744434134743489 4611436108533685873 3 5903
RUNG 18445744154354844721 4611436038588711181 3 1031
RUNG 18445744444163203561 4611436111040800892 7 202
RUNG 18445744445664103129 4611436111416025783 3 56747
RUNG 18445744579685230369 4611436144921307593 3 89
RUNG 18445744253651082481 4611436063412770621 3 569
RUNG 18445744296519628201 4611436074129907051 3 4157
RUNG 18445744366620819361 4611436091655204842 7 68
RUNG 18445744402301384281 4611436100575346071 3 3089
RUNG 18445744088562359209 4611436022140589804 7 388
RUNG 18445744273503795889 4611436068375948973 3 37592369
RUNG 18445744106795736481 4611436026698934123 11 1979577
RUNG 18445744455441393841 4611436113860348461 3 384407
RUNG 18445744525710032281 4611436131427508071 3 1220171
RUNG 18445744381392939769 4611436095348234945 11 117
RUNG 18445744100283672649 4611436025070918163 3 1997
RUNG 18445744281214542769 4611436070303635694 7 61
RUNG 18445744386028371889 4611436096507092975 11 95
RUNG 18445744321234446241 4611436080308611561 3 12143
RUNG 18445744288298383681 4611436072074595921 3 36899
RUNG 18445744311234576961 4611436077808644242 7 6691
RUNG 18445744323550120201 4611436080887530051 3 65581577
RUNG 18445744329737501401 4611436082434375353 11 5697
RUNG 18445744338506021161 4611436084626505291 3 677
RUNG 18445744217719356409 4611436054429839104 7 38
RUNG 18445744164377188129 4611436041094297034 7 601
RUNG 18445744543690202209 4611436135922550553 3 21713
RUNG 18445744203051387049 4611436050762846764 7 47104028
RUNG 18445744208515886089 4611436052128971523 3 1553
RUNG 18445744398176477209 4611436099544119304 7 76
RUNG 18445744570931019169 4611436142732754793 3 197
RUNG 18445744248172302961 4611436062043075741 3 5039
RUNG 18445744299174294001 4611436074793573503 11 153
RUNG 18445744414690454761 4611436103672613691 3 13163
RUNG 18445744379943103609 4611436094985775904 7 194
RUNG 18445744303405404001 4611436075851351001 3 89
RUNG 18445744367715369721 4611436091928842431 3 6221
RUNG 18445744391010962041 4611436097752740511 3 20201
RUNG 18445744515052639801 4611436128763159954 15 8306
RUNG 18445744127689904089 4611436031922476024 7 964
RUNG 18445744165925061049 4611436041481265264 7 2308
RUNG 18445744197339804409 4611436049334951103 3 6581
RUNG 18445744529030403649 4611436132257600913 3 3167
RUNG 18445744466002840009 4611436116500710003 3 233
RUNG 18445744278827413321 4611436069706853332 7 31
RUNG 18445744546054895161 4611436136513723791 3 773249
RUNG 18445744158851438641 4611436039712859662 7 188
RUNG 18445744203467970601 4611436050866992652 7 881
RUNG 18445744395480991801 4611436098870247953 11 61
RUNG 18445744496608938721 4611436124152234681 3 569
RUNG 18445744352289804001 4611436088072451003 11 27040527
RUNG 18445744539175262761 4611436134793815692 7 202394
RUNG 18445744186631351209 4611436046657837804 7 38
RUNG 18445744209845261929 4611436052461315483 3 430121
RUNG 18445744257614703649 4611436064403675914 7 94
RUNG 18445744521309454969 4611436130327363744 7 38
RUNG 18445744202908453201 4611436050727113301 3 3911
RUNG 18445744558207076881 4611436139551769222 7 467836
RUNG 18445744344050174089 4611436086012543524 7 68
RUNG 18445744356623014369 4611436089155753594 7 19
RUNG 18445744359690158449 4611436089922539614 7 68
RUNG 18445744512587903449 4611436128146975863 3 3268127
RUNG 18445744192369485289 4611436048092371323 3 8803547
RUNG 18445744239879587929 4611436059969896983 3 54059
RUNG 18445744075885398001 4611436018971349501 3 461
RUNG 18445744325202145681 4611436081300536423 11 117
RUNG 18445744451682019201 4611436112920504801 3 1422977
RUNG 18445744386867670321 4611436096716917583 11 197
RUNG 18445744103561167969 4611436025890291994 7 524
RUNG 18445744320401311489 4611436080100327873 3 4091
RUNG 18445744495969784569 4611436123992446143 3 13643351
RUNG 18445744136789243569 4611436034197310894 7 1489
RUNG 18445744431039039409 4611436107759759854 7 43962812
RUNG 18445744462811139769 4611436115702784945 11 178482699
RUNG 18445744382362933561 4611436095590733391 3 329603
RUNG 18445744079636630689 4611436019909157674 7 76
RUNG 18445744124914783609 4611436031228695903 3 173
RUNG 18445744126946613409 4611436031736653354 7 349
RUNG 18445744086845031961 4611436021711257991 3 2309
RUNG 18445744240902655681 4611436060225663921 3 195743
RUNG 18445744338726581881 4611436084681645472 7 164
RUNG 18445744490121385441 4611436122530346362 7 9908
RUNG 18445744249207633801 4611436062301908451 3 3797
RUNG 18445744328203953049 4611436082050988264 7 181
RUNG 18445744473386870929 4611436118346717733 3 701
RUNG 18445744488877787449 4611436122219446865 11 277
RUNG 18445744591216664401 4611436147804166102 7 33766
RUNG 18445744581033011089 4611436145258252773 3 269
RUNG 18445744278308749609 4611436069577187405 11 5235
RUNG 18445744528168679929 4611436132042169983 3 1487
RUNG 18445744139221322401 4611436034805330601 3 1229
RUNG 18445744158255177241 4611436039563794311 3 8663
RUNG 18445744176290474521 4611436044072618631 3 1361
RUNG 18445744178602063801 4611436044650515952 7 23372
RUNG 18445744271367857161 4611436067841964291 3 412571
RUNG 18445744432872800761 4611436108218200195 19 3223
RUNG 18445744392538427449 4611436098134606866 15 521
RUNG 18445744468841294089 4611436117210323525 11 23823
RUNG 18445744474350718009 4611436118587679503 3 5229011
RUNG 18445744082556756001 4611436020639189001 3 4457
RUNG 18445744217821485601 4611436054455371401 3 97961
RUNG 18445744423975633801 4611436105993908454 15 11143421
RUNG 18445744081129372921 4611436020282343232 7 1291
RUNG 18445744591447422001 4611436147861855504 15 1267256
RUNG 18445744418790898801 4611436104697724704 15 63998981
RUNG 18445744565709550681 4611436141427387672 7 483206
RUNG 18445744487525965801 4611436121881491451 3 509
RUNG 18445744386953454169 4611436096738363543 3 31770191
RUNG 18445744474928621449 4611436118732155365 11 277
RUNG 18445744574488281649 4611436143622070415 11 9384135
RUNG 18445744382173039801 4611436095543259952 7 706
RUNG 18445744091537655481 4611436022884413871 3 1451454419
RUNG 18445744499467818121 4611436124866954533 11 107109
RUNG 18445744356776189209 4611436089194047305 11 34495
RUNG 18445744107028572049 4611436026757143015 11 2615
RUNG 18445744134279595849 4611436033569898963 3 15459809
RUNG 18445744263432499729 4611436065858124933 3 173
RUNG 18445744423896002929 4611436105974000733 3 14897
RUNG 18445744450103544289 4611436112525886073 3 37853
RUNG 18445744173556193761 4611436043389048441 3 86561
RUNG 18445744352116255441 4611436088029063861 3 58219433
RUNG 18445744362063032281 4611436090515758071 3 364451
RUNG 18445744110624605329 4611436027656151334 7 62
RUNG 18445744214464381369 4611436053616095348 23 197598
RUNG 18445744346398545289 4611436086599636324 7 1097
RUNG 18445744411090372489 4611436102772593124 7 971
RUNG 18445744411611092689 4611436102902773173 3 6563
RUNG 18445744185973841881 4611436046493460475 19 49375
RUNG 18445744189030775761 4611436047257693945 19 16464737
RUNG 18445744321042535641 4611436080260633912 7 262
RUNG 18445744436234012881 4611436109058503226 23 263
RUNG 18445744297851088969 4611436074462772243 3 569
RUNG 18445744322504637889 4611436080626159474 7 62
RUNG 18445744458492249649 4611436114623062413 3 407471
RUNG 18445744541629824169 4611436135407456043 3 259421
RUNG 18445744466780890081 4611436116695222522 7 59
RUNG 18445744538352350041 4611436134588087512 7 157
RUNG 18445744592488872481 4611436148122218122 7 353
RUNG 18445744343790863089 4611436085947715774 7 1039
RUNG 18445744344532123609 4611436086133030903 3 2837
RUNG 18445744413659261689 4611436103414815424 7 206
RUNG 18445744473435898609 4611436118358974653 3 2267
RUNG 18445744329390397681 4611436082347599421 3 11423
RUNG 18445744486104715441 4611436121526178861 3 867257
RUNG 18445744299688928401 4611436074922232101 3 653
RUNG 18445744453934419801 4611436113483604952 7 311
RUNG 18445744478920821241 4611436119730205311 3 70622831
RUNG 18445744553828974561 4611436138457243641 3 36947
RUNG 18445744065326040961 4611436016331510241 3 4733
RUNG 18445744319402783881 4611436079850695972 7 404
RUNG 18445744121233013209 4611436030308253304 7 10394
