RUNG 18446743990048552201 4611685997512138053 11 83487
RUNG 18446743617408925009 4611685904352231256 15 1046
RUNG 18446743999654308529 4611685999913577134 7 622
RUNG 18446743802779190809 4611685950694797703 3 197
RUNG 18446743875874012609 4611685968968503153 3 6131
RUNG 18446743932628430329 4611685983157107583 3 22111433
RUNG 18446743967818905649 4611685991954726413 3 3329
RUNG 18446743664780170609 4611685916195042654 7 244
RUNG 18446743907962630129 4611685976990657533 3 3923
RUNG 18446743837712371801 4611685959428092951 3 89
RUNG 18446743933234918921 4611685983308729735 19 113
RUNG 18446743589014363561 4611685897253590891 3 2309
RUNG 18446743968170140561 4611685992042535142 7 236
RUNG 18446743865087961721 4611685966271990432 7 3524
RUNG 18446743901760958081 4611685975440239521 3 233
RUNG 18446743959291351001 4611685989822837751 3 1601
RUNG 18446743487857830289 4611685871964457573 3 401
RUNG 18446743502286884929 4611685875571721233 3 113
RUNG 18446743827085599169 4611685956771399794 7 10271068
RUNG 18446743495441967281 4611685873860491821 3 1511
RUNG 18446743630845555601 4611685907711388902 7 2620379
RUNG 18446743765850946121 4611685941462736532 7 6404194
RUNG 18446743809217749601 4611685952304437404 15 761
RUNG 18446743868873906161 4611685967218476541 3 112968059
RUNG 18446743603531228801 4611685900882807202 7 1046
RUNG 18446743816834559041 4611685954208639761 3 761
RUNG 18446743987908502081 4611685996977125521 3 1481
RUNG 18446743627233187249 4611685906808296813 3 317
RUNG 18446743631113063249 4611685907778265816 15 1081196
RUNG 18446743937004529129 4611685984251132291 35 101
RUNG 18446743607515249321 4611685901878812332 7 11375929
RUNG 18446743790257408921 4611685947564352231 3 261641
RUNG 18446743689976909129 4611685922494227283 3 2099
RUNG 18446743783426785649 4611685945856696414 7 73
RUNG 18446743880339962009 4611685970084990505 11 7941
RUNG 18446743963649067889 4611685990912266973 3 461
RUNG 18446743628444118961 4611685907111029741 3 8215511
RUNG 18446743752643036009 4611685938160759003 3 113
RUNG 18446744002296720289 4611686000574180073 3 257
RUNG 18446743675349781289 4611685918837445323 3 140663
RUNG 18446743760216965561 4611685940054241393 11 17611947131948873588269057
RUNG 18446743869359919481 4611685967339979873 11 42649
RUNG 18446744018300190961 4611686004575047741 3 3167
RUNG 18446743963959468361 4611685990989867091 3 431693
RUNG 18446743502027559889 4611685875506889974 7 21433
RUNG 18446743606504452409 4611685901626113103 3 7541
RUNG 18446743920174048649 4611685980043512165 11 1773
RUNG 18446744011514497849 4611686002878624464 7 692
RUNG 18446743686527916169 4611685921631979044 7 33148
RUNG 18446744000211807289 4611686000052951823 3 172259
RUNG 18446743530938763121 4611685882734690781 3 152249
RUNG 18446743859719455361 4611685964929863841 3 7433
RUNG 18446743886045435689 4611685971511358926 15 71
RUNG 18446743970255081209 4611685992563770304 7 292
RUNG 18446743808690920969 4611685952172730247 19 165731
RUNG 18446743954323088849 4611685988580772213 3 101
RUNG 18446743919175497041 4611685979793874262 7 754939
RUNG 18446743614523550041 4611685903630887511 3 113
RUNG 18446743639965326449 4611685909991331616 15 536
RUNG 18446743760190431449 4611685940047607863 3 10331
RUNG 18446743907911605049 4611685976977901263 3 5051
RUNG 18446743864838856121 4611685966209714033 11 1377
RUNG 18446743977888232561 4611685994472058143 11 35383780008737019
RUNG 18446743618715860561 4611685904678965143 11 93758913
RUNG 18446743791623555521 4611685947905888882 7 8828167
RUNG 18446743537767353449 4611685884441838364 7 346
RUNG 18446743683136096969 4611685920784024244 7 3202
RUNG 18446743542382366201 4611685885595591551 3 13570643
RUNG 18446743555320733129 4611685888830183284 7 1446338
RUNG 18446743831623039409 4611685957905759853 3 1913
RUNG 18446743943755539889 4611685985938884976 15 17421836
RUNG 18446743516166658289 4611685879041664576 15 86
RUNG 18446743570348105609 4611685892587026405 11 916895535
RUNG 18446743550329989049 4611685887582497263 3 12781649
RUNG 18446743573948223689 4611685893487055925 11 37529
RUNG 18446743587764666329 4611685896941166584 7 719
RUNG 18446743803898264009 4611685950974566006 15 596
RUNG 18446743733537733961 4611685933384433492 7 8821361
RUNG 18446743613906866129 4611685903476716534 7 628799
RUNG 18446743844344954009 4611685961086238506 15 311
RUNG 18446743737480917161 4611685934370229291 3 8237
RUNG 18446743912973835001 4611685978243458751 3 317
RUNG 18446743559018874961 4611685889754718741 3 22853
RUNG 18446743775313793801 4611685943828448451 3 1637
RUNG 18446743825360110121 4611685956340027531 3 2128402361
RUNG 18446743626877906729 4611685906719476685 11 5155
RUNG 18446743747531840129 4611685936882960033 3 3911
RUNG 18446743759155131809 4611685939788782954 7 9859
RUNG 18446743893876678769 4611685973469169695 11 8089407
RUNG 18446743617374254081 4611685904343563522 7 94
RUNG 18446743651237403401 4611685912809350852 7 178
RUNG 18446743777153673881 4611685944288418471 3 5855699
RUNG 18446743787584414201 4611685946896103551 3 2297
RUNG 18446743927703072881 4611685981925768224 15 386
RUNG 18446743962164539921 4611685990541134984 15 4391
RUNG 18446744012237402761 4611686003059350691 3 137
RUNG 18446744011563530569 4611686002890882644 7 14915414
RUNG 18446743536252174361 4611685884063043596 23 74
RUNG 18446743987108059841 4611685996777014961 3 701
RUNG 18446743564444578769 4611685891111144696 15 101
RUNG 18446743650359327689 4611685912589831923 3 19391
RUNG 18446743496250653929 4611685874062663484 7 3340189
RUNG 18446743621921879609 4611685905480469906 15 74966
RUNG 18446743660622621689 4611685915155655424 7 1868
RUNG 18446743737105187849 4611685934276296967 19 103
RUNG 18446743792477144489 4611685948119286123 3 10709
RUNG 18446743862639596849 4611685965659899214 7 11108
RUNG 18446744010238248049 4611686002559562013 3 857
RUNG 18446743526540234161 4611685881635058542 7 73
RUNG 18446743653553080121 4611685913388270031 3 293
RUNG 18446743524083662561 4611685881020915645 19 299759582266359516925
RUNG 18446743731179191201 4611685932794797803 11 733
RUNG 18446743854812462401 4611685963703115601 3 569
RUNG 18446743688690466769 4611685922172616693 3 132173
RUNG 18446743856582911489 4611685964145727875 11 5067
RUNG 18446743861393957729 4611685965348489434 7 1613
RUNG 18446743967659677289 4611685991914919325 11 205
RUNG 18446743627372090801 4611685906843022701 3 1103
RUNG 18446743676832341641 4611685919208085414 15 2052086
RUNG 18446743714358910721 4611685928589727681 3 953
RUNG 18446743789291568521 4611685947322892132 7 30812
RUNG 18446744000514060001 4611686000128515005 19 1567078829
RUNG 18446743698228836929 4611685924557209233 3 317
RUNG 18446744014904316049 4611686003726079014 7 19
RUNG 18446743761650516761 4611685940412629192 7 703316
RUNG 18446744015130984001 4611686003782746001 3 7327871
RUNG 18446743931207225929 4611685982801806483 3 197
RUNG 18446743983275163481 4611685995818790872 7 497972
RUNG 18446743813520379289 4611685953380094823 3 7817
RUNG 18446743826505711649 4611685956626427915 11 53349
RUNG 18446743543926177481 4611685885981544373 11 960422031
RUNG 18446743557395473321 4611685889348868335 19 1253975
RUNG 18446743640059294921 4611685910014823733 11 858747
RUNG 18446743794794875921 4611685948698718982 7 73
RUNG 18446743867291380001 4611685966822845002 7 227
RUNG 18446743997898216361 4611685999474554091 3 701
RUNG 18446743657406425321 4611685914351606331 3 145643807
RUNG 18446743695525186001 4611685923881296505 19 8398705
RUNG 18446743729290317401 4611685932322579354 15 411515306
RUNG 18446743964735487361 4611685991183871842 7 916
RUNG 18446743982276611369 4611685995569152845 11 129967
RUNG 18446743545614946409 4611685886403736604 7 82
RUNG 18446743697199659689 4611685924299914923 3 1097
RUNG 18446743847875665169 4611685961968916295 11 2285
RUNG 18446743931650356169 4611685982912589045 11 635
RUNG 18446744003807881969 4611686000951970495 11 126117111
RUNG 18446743715849611969 4611685928962402993 3 67853
RUNG 18446743662376753081 4611685915594188272 7 124
RUNG 18446743952054421481 4611685988013605374 15 183338076966431
RUNG 18446743679199080281 4611685919799770071 3 2837
RUNG 18446743972248156601 4611685993062039151 3 335584583
RUNG 18446743552243411729 4611685888060852933 3 2081
RUNG 18446743982235774529 4611685995558943633 3 9419
RUNG 18446743844018256649 4611685961004564165 11 267185
RUNG 18446743991237088409 4611685997809272103 3 10313
RUNG 18446743638141826921 4611685909535456731 3 1103
RUNG 18446743877389275361 4611685969347318842 7 3209
RUNG 18446743558093859089 4611685889523464775 11 205
RUNG 18446743627404780769 4611685906851195194 7 241
RUNG 18446743764531850849 4611685941132962713 3 5531
RUNG 18446743570121475361 4611685892530368843 11 1839
RUNG 18446743607462218801 4611685901865554703 11 101
RUNG 18446743673922454081 4611685918480613522 7 3542356
RUNG 18446743675519329361 4611685918879832341 3 173
RUNG 18446743697681589889 4611685924420397473 3 197
RUNG 18446743920370135969 4611685980092533993 3 821
RUNG 18446743509123700681 4611685877280925171 3 65848031
RUNG 18446743730819815321 4611685932704953833 11 7677
RUNG 18446743959783550321 4611685989945887583 11 652225598304796111307259789
RUNG 18446743506520100209 4611685876630025053 3 17747
RUNG 18446743937339489209 4611685984334872303 3 197
RUNG 18446743677485817961 4611685919371454492 7 1412
RUNG 18446743580742132049 4611685895185533014 7 62
RUNG 18446743849729851049 4611685962432462763 3 2861
RUNG 18446743547902045489 4611685886975511373 3 13241
RUNG 18446743562757886489 4611685890689471623 3 708593
RUNG 18446743830097680241 4611685957524420062 7 7262
RUNG 18446743991457639001 4611685997864409755 19 6189443395
RUNG 18446743881340633849 4611685970335158464 7 1172
RUNG 18446743690036200841 4611685922509050213 11 69379
RUNG 18446743835890949881 4611685958972737472 7 47
RUNG 18446743952203506241 4611685988050876561 3 174567137
RUNG 18446744010391436041 4611686002597859011 3 1421524019
RUNG 18446743890319485049 4611685972579871265 11 4001
RUNG 18446743918293391009 4611685979573347753 3 701
RUNG 18446743498198797721 4611685874549699432 7 398
RUNG 18446743880415592681 4611685970103898173 11 2814209
RUNG 18446743993995899521 4611685998498974881 3 6287
RUNG 18446743541165361601 4611685885291340401 3 93383
RUNG 18446743948838227201 4611685987209556802 7 94
RUNG 18446743823661175801 4611685955915293953 11 21144532426951
RUNG 18446743815476682721 4611685953869170683 11 117
RUNG 18446743861749309121 4611685965437327283 11 117
RUNG 18446743622914354609 4611685905728588656 15 423656
RUNG 18446743627196512681 4611685906799128174 15 1064306
RUNG 18446743782360922081 4611685945590230521 3 1511
RUNG 18446743555714904161 4611685888928726041 3 28697
RUNG 18446743566476454961 4611685891619113742 7 17636
RUNG 18446743766441180089 4611685941610295023 3 3461
RUNG 18446743818041488849 4611685954510372213 3 149
RUNG 18446744017946994649 4611686004486748667 19 307
RUNG 18446743547495693641 4611685886873923411 3 149
RUNG 18446743953779972041 4611685988444993012 7 68
RUNG 18446743743803125921 4611685935950781481 3 25169
RUNG 18446743970504280649 4611685992626070163 3 2027
RUNG 18446743808872730761 4611685952218182692 7 2026
RUNG 18446743885151093521 4611685971287773381 3 941
RUNG 18446743759598307169 4611685939899576794 7 41
RUNG 18446743816634526409 4611685954158631606 15 86
RUNG 18446743936843295329 4611685984210823835 11 9115101
RUNG 18446743970643141409 4611685992660785353 3 1393241
RUNG 18446744004594098449 4611686001148524613 3 4521773
RUNG 18446743575782036089 4611685893945509024 7 271
RUNG 18446743757738010289 4611685939434502575 11 171
RUNG 18446743895210185129 4611685973802546289 27 103607
RUNG 18446743497688301041 4611685874422075263 11 271
RUNG 18446743638707499361 4611685909676874841 3 31307
RUNG 18446743655825920681 4611685913956480171 3 3802523
RUNG 18446743683571118161 4611685920892779542 7 292
RUNG 18446743646140525489 4611685911535131373 3 1433
RUNG 18446743689905526769 4611685922476381693 3 137
RUNG 18446743919091844129 4611685979772961033 3 197
RUNG 18446743560905776561 4611685890226444142 7 138449
RUNG 18446743767915539521 4611685941978884881 3 773
RUNG 18446743903562130601 4611685975890532651 3 353
RUNG 18446743944278366161 4611685986069591541 3 278031011
RUNG 18446743551169330489 4611685887792332626 15 72624974610902876
RUNG 18446743589416739689 4611685897354184923 3 44819
RUNG 18446743732134915289 4611685933033728824 7 19
RUNG 18446743961272223689 4611685990318055925 11 388659
RUNG 18446743981022834569 4611685995255708643 3 130631
RUNG 18446743942910200369 4611685985727550101 35 46791
RUNG 18446743754581019641 4611685938645254913 11 2169
RUNG 18446743829511635401 4611685957377908855 19 128818043502176225
RUNG 18446743763992783009 4611685940998195754 7 19
RUNG 18446743874861260729 4611685968715315184 7 68
RUNG 18446743775904003121 4611685943976000781 3 1186373
RUNG 18446743866002892001 4611685966500723001 3 1223987
RUNG 18446743506248537209 4611685876562134303 3 44351
RUNG 18446743740505239889 4611685935126309974 7 62
RUNG 18446743607533722121 4611685901883430531 3 449
RUNG 18446743627276164841 4611685906819041211 3 317
RUNG 18446743752336820561 4611685938084205142 7 1046
RUNG 18446743858851669001 4611685964712917252 7 10554946
RUNG 18446743920717312841 4611685980179328212 7 37124
RUNG 18446743852288556281 4611685963072139071 3 197
RUNG 18446743991157488161 4611685997789372046 23 362
RUNG 18446743742604464401 4611685935651116101 3 197
RUNG 18446743910370302641 4611685977592575662 7 188
RUNG 18446743787035171609 4611685946758792904 7 593
RUNG 18446743893607197169 4611685973401799293 3 11867
RUNG 18446743678749875329 4611685919687468833 3 149561
RUNG 18446743730493126889 4611685932623281724 7 1594
RUNG 18446743814167757929 4611685953541939483 3 88523
RUNG 18446744000479404289 4611686000119851073 3 173
RUNG 18446743675341711601 4611685918835427902 7 94
RUNG 18446743871622596401 4611685967905649101 3 176207
RUNG 18446743911393367441 4611685977848341862 7 178034
RUNG 18446743609414450801 4611685902353612701 3 257
RUNG 18446744004330692521 4611686001082673131 3 1049
RUNG 18446743566717437689 4611685891679359426 15 356
RUNG 18446743640394240889 4611685910098560224 7 1774
RUNG 18446743921174740889 4611685980293685223 3 197
RUNG 18446743989499357249 4611685997374839313 3 173
RUNG 18446743763956039921 4611685940989009981 3 24378173
RUNG 18446743770896933881 4611685942724233472 7 309956
RUNG 18446743874648902201 4611685968662225553 11 29553
RUNG 18446743599641249929 4611685899910312484 7 68
RUNG 18446743665897279769 4611685916474319943 3 101
RUNG 18446743492054331281 4611685873013582824 15 75386
RUNG 18446743650336935761 4611685912584233944 15 191
RUNG 18446743848753795961 4611685962188448992 7 336068
RUNG 18446744020044195241 4611686005011048811 3 809
RUNG 18446743864896123841 4611685966224030962 7 19948
RUNG 18446743548245150161 4611685887061287542 7 1868
RUNG 18446743846881247921 4611685961720311981 3 89
RUNG 18446743880615748721 4611685970153937183 11 41
RUNG 18446743947837663481 4611685986959415872 7 66322556
RUNG 18446743667200108129 4611685916800027033 3 173
RUNG 18446743838323060129 4611685959580765034 7 146
RUNG 18446743497386109049 4611685874346527263 3 25343
RUNG 18446743541982220609 4611685885495555153 3 3989
RUNG 18446743870611802201 4611685967652950551 3 47171261
RUNG 18446743960631051521 4611685990157762882 7 404
RUNG 18446743802176915801 4611685950544228951 3 335135147
RUNG 18446743847222276161 4611685961805569041 3 9203
RUNG 18446743966287502441 4611685991571875611 3 9161909
RUNG 18446743599639220681 4611685899909805173 11 31138689
RUNG 18446743699703264761 4611685924925816192 7 178
RUNG 18446743830990100609 4611685957747525161 35 171
RUNG 18446743509717989761 4611685877429497441 3 46589
RUNG 18446743621047969049 4611685905261992263 3 16217
RUNG 18446743623945623809 4611685905986405953 3 3558881
RUNG 18446743688700754249 4611685922175188563 3 137
RUNG 18446743904260538689 4611685976065134673 3 3422801
RUNG 18446743978192596889 4611685994548149225 11 153
RUNG 18446743514578045969 4611685878644511493 3 1187
RUNG 18446744001183925729 4611686000295981433 3 21065777
RUNG 18446743631041713961 4611685907760428491 3 12251
RUNG 18446743701349151161 4611685925337287791 3 71453
RUNG 18446744006503441729 4611686001625860433 3 560939
RUNG 18446743720205350489 4611685930051337625 11 1245
RUNG 18446743800747492169 4611685950186873044 7 7454
RUNG 18446743979017584169 4611685994754396043 3 1511
RUNG 18446743517108138521 4611685879277034632 7 765379
RUNG 18446743691136913441 4611685922784228361 3 8147
RUNG 18446743850469126481 4611685962617281622 7 3436
RUNG 18446743852547923201 4611685963136980804 15 776
RUNG 18446743565428931281 4611685891357232823 11 2379419127
RUNG 18446743570617754921 4611685892654438733 11 7499
RUNG 18446743737581071441 4611685934395267868 31 254
RUNG 18446743646977799521 4611685911744449882 7 20261
RUNG 18446743527730832521 4611685881932708131 3 1697
RUNG 18446743625228032921 4611685906307008231 3 471659
RUNG 18446743690320099961 4611685922580024991 3 104003
RUNG 18446743852235493601 4611685963058873403 11 1899
RUNG 18446743806840945649 4611685951710236413 3 254279
RUNG 18446744020009501249 4611686005002375313 3 317
RUNG 18446743602624694009 4611685900656173505 11 579
RUNG 18446743716887042209 4611685929221760556 15 22376
RUNG 18446743891681584361 4611685972920396095 19 4523276478120763
RUNG 18446744009348013769 4611686002337003444 7 661
RUNG 18446743834310471761 4611685958577617941 3 3203
RUNG 18446743826295466081 4611685956573866522 7 1352818
RUNG 18446743832562486841 4611685958140621712 7 698
RUNG 18446743925473264801 4611685981368316203 11 5793
RUNG 18446744000011808881 4611686000002952221 3 13109
RUNG 18446743574801905609 4611685893700476404 7 19
RUNG 18446743738957417129 4611685934739354289 27 119
RUNG 18446743911654781969 4611685977913695494 7 1468
RUNG 18446743640661779881 4611685910165444972 7 322997
RUNG 18446743537939001401 4611685884484750351 3 777839
RUNG 18446743915261026481 4611685978815256622 7 958058
RUNG 18446743645775051161 4611685911443762792 7 2722
RUNG 18446743798395078721 4611685949598769682 7 1588
RUNG 18446743490002115521 4611685872500528881 3 617
RUNG 18446743706631928921 4611685926657982231 3 432149
RUNG 18446743589404541041 4611685897351135261 3 10601
RUNG 18446743745616516961 4611685936404129242 7 2490052
RUNG 18446743853928360601 4611685963482090153 11 3879
RUNG 18446743898036426281 4611685974509106573 11 4061021
RUNG 18446743859529678169 4611685964882419544 7 19
RUNG 18446743498072263529 4611685874518065883 3 37245443
RUNG 18446743847218220689 4611685961804555173 3 293
RUNG 18446743559554004041 4611685889888501011 3 61232057
RUNG 18446743600839968761 4611685900209992192 7 458
RUNG 18446743611427946161 4611685902856986541 3 5501
RUNG 18446743700865214081 4611685925216303522 7 14208001
RUNG 18446743938385096681 4611685984596274174 15 174626
RUNG 18446743888736978929 4611685972184244735 11 95
RUNG 18446743904860927681 4611685976215231921 3 101
RUNG 18446743982058207841 4611685995514551961 3 1886999
RUNG 18446743666734561649 4611685916683640415 11 1737
RUNG 18446743952567068609 4611685988141767153 3 149
RUNG 18446743636951408321 4611685909237852082 7 3062
RUNG 18446743699989183121 4611685924997295782 7 1438
RUNG 18446743688821267681 4611685922205316923 11 427047497194677
RUNG 18446743639367144929 4611685909841786233 3 6047
RUNG 18446743685598930529 4611685921399732635 11 125065
RUNG 18446743696613694289 4611685924153423575 11 61
RUNG 18446743698237116089 4611685924559279023 3 678731
RUNG 18446744015774336089 4611686003943584024 7 356
RUNG 18446743623627100681 4611685905906775172 7 577
RUNG 18446743837265326489 4611685959316331623 3 24023
RUNG 18446743945716028849 4611685986429007214 7 38
RUNG 18446743656622384321 4611685914155596081 3 101
RUNG 18446743887573024241 4611685971893256061 3 1571
RUNG 18446743984433107561 4611685996108276892 7 47
RUNG 18446743833456922369 4611685958364230594 7 887
RUNG 18446743568888178769 4611685892222044694 7 118913429
RUNG 18446743622269146409 4611685905567286605 11 915
RUNG 18446743643249065369 4611685910812266344 7 5164
RUNG 18446743724797932769 4611685931199483194 7 125980391
RUNG 18446743626653406409 4611685906663351605 11 1437
RUNG 18446743634108896681 4611685908527224174 15 1361
RUNG 18446743950476028961 4611685987619007242 7 1466
RUNG 18446743676669096881 4611685919167274222 7 47
RUNG 18446743861953597961 4611685965488399491 3 317
RUNG 18446743917205074241 4611685979301268564 15 46856
RUNG 18446743623625068049 4611685905906267014 7 71662
RUNG 18446743756216767289 4611685939054191823 3 103300997
RUNG 18446743834185938569 4611685958546484648 23 172
RUNG 18446743871896291249 4611685967974072813 3 7703
RUNG 18446743975388920489 4611685993847230123 3 1571
RUNG 18446743553915950729 4611685888478987684 7 82
RUNG 18446744013846661969 4611686003461665493 3 269
RUNG 18446743503994202329 4611685875998550584 7 1532
RUNG 18446743552174094089 4611685888043523524 7 7468
RUNG 18446743780488460369 4611685945122115096 15 1016
RUNG 18446743785111638929 4611685946277909734 7 149351453
RUNG 18446743865802849529 4611685966450712384 7 35132
RUNG 18446743947478323409 4611685986869580854 7 13873
RUNG 18446743865860026721 4611685966465006681 3 10529
RUNG 18446743789951275241 4611685947487818813 11 1229202783
RUNG 18446743621180755409 4611685905295188853 3 12923
RUNG 18446743654235256889 4611685913558814224 7 289985209
RUNG 18446743831194359521 4611685957798589881 3 13397
RUNG 18446743916578178041 4611685979144544512 7 22972
RUNG 18446743669562809561 4611685917390702392 7 356
RUNG 18446743683828501001 4611685920957125251 3 468497387
RUNG 18446743777425404401 4611685944356351101 3 2160881
RUNG 18446743974026889481 4611685993506722371 3 4149401
RUNG 18446743657964022769 4611685914491005695 11 1047
RUNG 18446743780615071289 4611685945153767824 7 3234094
RUNG 18446743551281727361 4611685887820431845 19 113753844275
RUNG 18446743579035093001 4611685894758773252 7 66358
RUNG 18446743621164420769 4611685905291105195 11 6621
RUNG 18446743627946035609 4611685906986508903 3 2273
RUNG 18446743720354471729 4611685930088617938 23 108774
RUNG 18446743641840077041 4611685910460019261 3 260861
RUNG 18446743908324255001 4611685977081063751 3 521
RUNG 18446743501290548161 4611685875322637041 3 8832521
RUNG 18446743661833690921 4611685915458422732 7 311
RUNG 18446743886121154321 4611685971530288581 3 29573
RUNG 18446743609181732881 4611685902295433224 15 2441
RUNG 18446743712643731521 4611685928160932881 3 173
RUNG 18446743825268363929 4611685956317090983 3 17921
RUNG 18446743845948103009 4611685961487025753 3 1480653269
RUNG 18446743903927744729 4611685975981936185 11 760245
RUNG 18446743637200564849 4611685909300141213 3 77273699
RUNG 18446743843452730969 4611685960863182744 7 2428
RUNG 18446743626355290481 4611685906588822625 19 18180125
RUNG 18446743533360790561 4611685883340197642 7 59
RUNG 18446743854712541281 4611685963678135327 27 347
RUNG 18446743866993369841 4611685966748342463 11 9567
RUNG 18446743994006215801 4611685998501553953 11 83959191
RUNG 18446743999115399881 4611685999778849971 3 6491
RUNG 18446743539785049889 4611685884946262474 7 757748
RUNG 18446743558169536201 4611685889542384051 3 8747
RUNG 18446743840022109049 4611685960005527264 7 2149031
RUNG 18446743967083963969 4611685991770990994 7 46301
RUNG 18446743906774355041 4611685976693588764 15 124332146
RUNG 18446743928172892201 4611685982043223053 11 51147
RUNG 18446743625914216369 4611685906478554094 7 2343962
RUNG 18446743848155555689 4611685962038888924 7 292
RUNG 18446743878504354169 4611685969626088546 15 41
RUNG 18446743900948415809 4611685975237103953 3 35153
RUNG 18446743881975823129 4611685970493955783 3 9479
RUNG 18446743955411665609 4611685988852916403 3 173
RUNG 18446744004053058409 4611686001013264606 15 1181
RUNG 18446743548116580841 4611685887029145216 23 603
RUNG 18446743954664282401 4611685988666070601 3 17609
RUNG 18446743571689891441 4611685892922472864 15 146
RUNG 18446743793183844121 4611685948295961035 19 5162155229828360122664761
RUNG 18446743878102077521 4611685969525519382 7 11483
RUNG 18446743492615977361 4611685873153994341 3 1181
RUNG 18446743815648327001 4611685953912081751 3 1553
RUNG 18446743889494619521 4611685972373654882 7 1396
RUNG 18446743651351914889 4611685912837978723 3 2807741
RUNG 18446743681347440449 4611685920336860115 11 1515
RUNG 18446743645448377561 4611685911362094391 3 113
RUNG 18446743669607753809 4611685917401938454 7 124
RUNG 18446743738402039369 4611685934600509843 3 9227
RUNG 18446743799699999809 4611685949924999953 3 4130369
RUNG 18446743492946793649 4611685873236698414 7 274510046
RUNG 18446743636220404129 4611685909055101033 3 60010991
RUNG 18446743901228187169 4611685975307046794 7 853
RUNG 18446743853957005129 4611685963489251285 11 43765
RUNG 18446743882757937289 4611685970689484324 7 458
RUNG 18446743867810205809 4611685966952551455 11 3615
RUNG 18446743975928055649 4611685993982013916 15 86
RUNG 18446743764119498809 4611685941029874706 15 22891391
RUNG 18446743493859590641 4611685873464897661 3 2633
RUNG 18446743840016001241 4611685960004000313 11 12399
RUNG 18446743505595194689 4611685876398798674 7 1371079
RUNG 18446743682578801489 4611685920644700373 3 2399
RUNG 18446743875772121809 4611685968943030454 7 52748
RUNG 18446743928975431969 4611685982243857994 7 61813
RUNG 18446743570834289881 4611685892708572472 7 4612
RUNG 18446743702811335081 4611685925702833771 3 5387
RUNG 18446743892467842121 4611685973116960532 7 29938
RUNG 18446743912849443409 4611685978212360853 3 96377
RUNG 18446743987214414281 4611685996803603575 19 143
RUNG 18446743604389092001 4611685901097273001 3 2909
RUNG 18446743486679781001 4611685871669945251 3 881
RUNG 18446743616618870281 4611685904154717571 3 9221
RUNG 18446743616851662841 4611685904212915712 7 951578
RUNG 18446743785707950441 4611685946426987612 7 2707
RUNG 18446743622822588329 4611685905705647084 7 108202
RUNG 18446743642352658889 4611685910588164725 11 147795555
RUNG 18446743683983728369 4611685920995932096 15 86
RUNG 18446743844904648529 4611685961226162134 7 7822
RUNG 18446743933188163849 4611685983297040967 19 1817
RUNG 18446743985838081169 4611685996459520295 11 127
RUNG 18446743631580899881 4611685907895224971 3 2039
RUNG 18446743697634767761 4611685924408691941 3 169225211
RUNG 18446743932679697881 4611685983169924472 7 733
RUNG 18446744007679743001 4611686001919935754 15 146
RUNG 18446743784529699409 4611685946132424855 11 60151671
RUNG 18446743793355396289 4611685948338849073 3 231202409
RUNG 18446743614674855041 4611685903668713761 3 197
RUNG 18446743961972766001 4611685990493191501 3 2621
RUNG 18446743563652443649 4611685890913110913 3 233
RUNG 18446743645327917529 4611685911331979386 15 881
RUNG 18446743733672694049 4611685933418173513 3 5287679
RUNG 18446743950639444049 4611685987659861013 3 14813
RUNG 18446743617186569161 4611685904296642291 3 249709139
RUNG 18446744016395178961 4611686004098794741 3 3595301
RUNG 18446743677402244801 4611685919350561203 11 297568233
RUNG 18446743677804526681 4611685919451131672 7 7804
RUNG 18446743804615210681 4611685951153802671 3 657863
RUNG 18446743966536730441 4611685991634182612 7 45884
RUNG 18446743911540509569 4611685977885127393 3 74812319
RUNG 18446743934501207329 4611685983625301833 3 797
RUNG 18446743566805359961 4611685891701339991 3 6848459
RUNG 18446743749194246641 4611685937298561662 7 61
RUNG 18446743917117321961 4611685979279330493 11 1274523
RUNG 18446743564887884689 4611685891221971174 7 17506
RUNG 18446743611713903929 4611685902928475984 7 205208359
RUNG 18446743802281160809 4611685950570290204 7 48151102
RUNG 18446743523177176321 4611685880794294081 3 89
RUNG 18446743662570910801 4611685915642727702 7 482
RUNG 18446743704349008409 4611685926087252103 3 2777
RUNG 18446743490798591809 4611685872699647953 3 24533
RUNG 18446743567068785809 4611685891767196453 3 29297
RUNG 18446743885441200169 4611685971360300045 11 57
RUNG 18446743525025224369 4611685881256306093 3 569
RUNG 18446743769757592249 4611685942439398064 7 1084
RUNG 18446743939845229969 4611685984961307493 3 15131
RUNG 18446743781621845561 4611685945405461393 11 190251
RUNG 18446743547009831089 4611685886752457773 3 41579
RUNG 18446743623627171889 4611685905906792973 3 1061
RUNG 18446743650565763569 4611685912641440893 3 1277
RUNG 18446743697060973529 4611685924265243384 7 4785931
RUNG 18446743833356933329 4611685958339233333 3 144915179
RUNG 18446743730027668969 4611685932506917243 3 458363
RUNG 18446743761989679049 4611685940497419764 7 934
RUNG 18446743911250550809 4611685977812637704 7 1396
RUNG 18446743993338517081 4611685998334629272 7 412487
RUNG 18446743803032643001 4611685950758160752 7 103
RUNG 18446743935652930801 4611685983913232701 3 10247
RUNG 18446743518180315361 4611685879545078841 3 18722021
RUNG 18446743841410742881 4611685960352685721 3 87803
RUNG 18446743960573987081 4611685990143496771 3 68448701
RUNG 18446743632281346001 4611685908070336506 23 7551
RUNG 18446743744228020841 4611685936057005212 7 661
RUNG 18446743867534565881 4611685966883641473 11 41
RUNG 18446743891348836361 4611685972837209091 3 95021
RUNG 18446743999237977721 4611685999809494432 7 16316317
RUNG 18446743574587593721 4611685893646898432 7 2308
RUNG 18446743668086479201 4611685917021619803 11 123
RUNG 18446743992384893641 4611685998096223411 3 226427
RUNG 18446743590403194889 4611685897600798723 3 4984871
RUNG 18446743964874532129 4611685991218633034 7 441374
RUNG 18446743650408542401 4611685912602135604 15 23186
RUNG 18446743773827397961 4611685943456849491 3 569
RUNG 18446743542876758209 4611685885719189553 3 641
RUNG 18446743521929512969 4611685880482378243 3 10457
RUNG 18446743673902213849 4611685918475553464 7 73
RUNG 18446743715672142049 4611685928918035513 3 1193
RUNG 18446743789040597209 4611685947260149304 7 1319
RUNG 18446743510247002729 4611685877561750683 3 449
RUNG 18446743716413403169 4611685929103350793 3 4373
RUNG 18446743755154986049 4611685938788746513 3 158981
RUNG 18446743769596292929 4611685942399073233 3 20807
RUNG 18446743644406990201 4611685911101747553 11 61
RUNG 18446743824584347561 4611685956146086892 7 12326
RUNG 18446743623739503601 4611685905934875902 7 3748
RUNG 18446743575741354241 4611685893935338563 11 92852736119503461
RUNG 18446743818139670401 4611685954534917603 11 75512769
RUNG 18446743938773183401 4611685984693295855 19 26515
RUNG 18446743997030542561 4611685999257635643 11 79
RUNG 18446743937901232801 4611685984475308201 3 759293
RUNG 18446743587311553721 4611685896827888433 11 3566655759340981
RUNG 18446743739347557841 4611685934836889462 7 101
RUNG 18446743757730003769 4611685939432500944 7 38
RUNG 18446743533987765481 4611685883496941371 3 31814807
RUNG 18446743614266484001 4611685903566621001 3 275607257
RUNG 18446743886206992841 4611685971551748213 11 147331
RUNG 18446743933674212641 4611685983418553161 3 401
RUNG 18446743909655738329 4611685977413934584 7 188
RUNG 18446743526136122401 4611685881534030601 3 977
RUNG 18446743779863676481 4611685944965919121 3 34319
RUNG 18446743713562724641 4611685928390681161 3 11142881
RUNG 18446743880234029441 4611685970058507361 3 6947
RUNG 18446743644598950409 4611685911149737603 3 24107
RUNG 18446743649461047649 4611685912365261914 7 26374
RUNG 18446743659179116009 4611685914794779007 19 12063853
RUNG 18446743785420070849 4611685946355017715 11 4065
RUNG 18446743856129789929 4611685964032447485 11 985
RUNG 18446743536846626401 4611685884211656601 3 738851
RUNG 18446743574912294041 4611685893728073512 7 68
RUNG 18446743677404323681 4611685919351080921 3 117477671
RUNG 18446743705664115241 4611685926416028812 7 68
RUNG 18446743788395323801 4611685947098830952 7 68
RUNG 18446743678441683049 4611685919610420765 11 92347
RUNG 18446743897854797281 4611685974463699322 7 194
RUNG 18446743917331774801 4611685979332943703 11 104301
RUNG 18446743971556105969 4611685992889026493 3 669167
RUNG 18446743673330459041 4611685918332614764 15 14216
RUNG 18446743767785019241 4611685941946254813 11 226804226653094499
RUNG 18446743645658775841 4611685911414693962 7 244
RUNG 18446743839409573081 4611685959852393271 3 8513
RUNG 18446743849691244481 4611685962422811123 11 3651
RUNG 18446743881465386881 4611685970366346721 3 192950447
RUNG 18446743931201314369 4611685982800328594 7 164
RUNG 18446743697120229121 4611685924280057281 3 929
RUNG 18446743687963721881 4611685921990930476 23 534
RUNG 18446744014053005401 4611686003513251352 7 41
RUNG 18446743656959428969 4611685914239857244 7 206
RUNG 18446743499991899401 4611685874997974853 11 41
RUNG 18446743729386504841 4611685932346626212 7 194
RUNG 18446743856538209521 4611685964134552382 7 509
RUNG 18446743795993765849 4611685948998441464 7 188
RUNG 18446743929259338289 4611685982314834574 7 412
RUNG 18446743642170979249 4611685910542744814 7 2092
RUNG 18446743535441717521 4611685883860429381 3 1103
RUNG 18446743755308164321 4611685938827041081 3 513115997
RUNG 18446744002907556961 4611686000726889241 3 3917
RUNG 18446743671792814249 4611685917948203563 3 6977
RUNG 18446743782947177569 4611685945736794395 11 369
RUNG 18446743699329724249 4611685924832431063 3 90017
RUNG 18446743951058121169 4611685987764530293 3 317
RUNG 18446743535631631609 4611685883907907903 3 1451
RUNG 18446743649687733769 4611685912421933444 7 7444
RUNG 18446743660939374169 4611685915234843545 11 183
RUNG 18446743670483869129 4611685917620967284 7 73
RUNG 18446743715092232929 4611685928773058235 11 1811
RUNG 18446743771519924249 4611685942879981063 3 197
RUNG 18446743981186381249 4611685995296595313 3 113
RUNG 18446743769608576321 4611685942402144086 23 51
RUNG 18446743906059731161 4611685976514932792 7 122
RUNG 18446743703129965129 4611685925782491283 3 149
RUNG 18446743501119116401 4611685875279779101 3 660617
RUNG 18446743895757640681 4611685973939410172 7 10862
RUNG 18446743928924454361 4611685982231113592 7 593
RUNG 18446743715500644769 4611685928875161194 7 68
RUNG 18446743738346988289 4611685934586747073 3 8237
RUNG 18446743788332043409 4611685947083010853 3 15227
RUNG 18446743902373851289 4611685975593462823 3 3359
RUNG 18446743914705730849 4611685978676432714 7 68
RUNG 18446743578279641641 4611685894569910411 3 273503
RUNG 18446743814780546281 4611685953695136571 3 2153
RUNG 18446743902761839681 4611685975690459923 11 79
RUNG 18446743516512016729 4611685879128004183 3 56009
RUNG 18446743548065618809 4611685887016404703 3 509
RUNG 18446743852686935809 4611685963171733953 3 11952797
RUNG 18446743659906108121 4611685914976527031 3 19889
RUNG 18446743718275779481 4611685929568944872 7 124
RUNG 18446743892280049921 4611685973070012481 3 461
RUNG 18446743820967930241 4611685955241982562 7 18524782
RUNG 18446743921140202441 4611685980285050613 11 24715401
RUNG 18446743924668847561 4611685981167211891 3 5903
RUNG 18446743943484204121 4611685985871051031 3 5661311
RUNG 18446743552264056241 4611685888066014062 7 6472234
RUNG 18446743710816210001 4611685927704052501 3 150413
RUNG 18446743794848198041 4611685948712049512 7 146
RUNG 18446743807566023161 4611685951891505791 3 58889
RUNG 18446743720885509649 4611685930221377413 3 173
RUNG 18446743754082953929 4611685938520738483 3 32141
RUNG 18446743501735820209 4611685875433955053 3 45887
RUNG 18446743607425684489 4611685901856421123 3 401
RUNG 18446743638391179409 4611685909597794854 7 94
RUNG 18446743743905428561 4611685935976357143 11 43959401
RUNG 18446743649013873481 4611685912253468372 7 3148
RUNG 18446743568102122729 4611685892025530684 7 11758
RUNG 18446743625454858169 4611685906363714543 3 19067843
RUNG 18446743821192560329 4611685955298140083 3 2628359
RUNG 18446743525260123649 4611685881315030913 3 1997
RUNG 18446743602263410009 4611685900565852503 3 137
RUNG 18446743610525504569 4611685902631376143 3 1109
RUNG 18446743716495128329 4611685929123782084 7 3325733
RUNG 18446743733774870809 4611685933443717703 3 1068586643
RUNG 18446743865851975969 4611685966462993994 7 1236772
RUNG 18446743893280657249 4611685973320164314 7 19
RUNG 18446743836101496841 4611685959025374211 3 8831
RUNG 18446743866421706761 4611685966605426692 7 62
RUNG 18446743918436550721 4611685979609137684 15 479096
RUNG 18446743709358202681 4611685927339550671 3 350621
RUNG 18446743810194139441 4611685952548534862 7 40892
RUNG 18446743536603662569 4611685884150915644 7 314
RUNG 18446743975335956569 4611685993833989145 11 963
RUNG 18446743682544177841 4611685920636044461 3 1110719
RUNG 18446743824919290721 4611685956229822682 7 89
RUNG 18446743849999626001 4611685962499906501 3 13331
RUNG 18446743599545463049 4611685899886365766 15 446
RUNG 18446743663436811241 4611685915859202812 7 28828588
RUNG 18446743534394178481 4611685883598544621 3 832787
RUNG 18446743781924141161 4611685945481035294 15 356
RUNG 18446743508987119489 4611685877246779875 11 153
RUNG 18446743640494495489 4611685910123623873 3 36467
RUNG 18446744020558981009 4611686005139745254 7 28502
RUNG 18446743731422455849 4611685932855613965 11 5793
RUNG 18446743799939024161 4611685949984756042 7 388
RUNG 18446743488938374801 4611685872234593701 3 25343
RUNG 18446743882306750201 4611685970576687551 3 20627
RUNG 18446743494537648889 4611685873634412224 7 1499683
RUNG 18446743876431801529 4611685969107950383 3 327827
RUNG 18446743522303267081 4611685880575816772 7 122393
RUNG 18446743543950933649 4611685885987733415 11 3981
RUNG 18446743662150335401 4611685915537583851 3 149
RUNG 18446743798432000921 4611685949608000232 7 359834
RUNG 18446743863117702001 4611685965779425504 15 2699561
RUNG 18446743524921164041 4611685881230291013 11 67177320179
RUNG 18446743749300519241 4611685937325129812 7 8356
RUNG 18446743588238700001 4611685897059675001 3 13997
RUNG 18446743676189362801 4611685919047340701 3 1097
RUNG 18446743729682642929 4611685932420660733 3 461
RUNG 18446743764628073449 4611685941157018365 11 19087
RUNG 18446743807433315929 4611685951858328983 3 113957
RUNG 18446743909118740609 4611685977279685154 7 41
RUNG 18446743803392120329 4611685950848030083 3 2423
RUNG 18446744017214128729 4611686004303532184 7 21157876
RUNG 18446743551957778201 4611685887989444553 11 79470198783
RUNG 18446743682870922169 4611685920717730543 3 500069
RUNG 18446743753856316649 4611685938464079165 11 17265
RUNG 18446743646969817169 4611685911742454293 3 1274873
RUNG 18446743871933195809 4611685967983298953 3 927233
RUNG 18446743920733867729 4611685980183466934 7 1522
RUNG 18446743925477526649 4611685981369381664 7 31
RUNG 18446743648864830961 4611685912216207741 3 4943
RUNG 18446743835934073321 4611685958983518331 3 197
RUNG 18446743936964002321 4611685984241000583 11 1031931
RUNG 18446743587195223609 4611685896798805904 7 2399
RUNG 18446743746182331889 4611685936545582973 3 3659
RUNG 18446743996005505489 4611685999001376373 3 543539
RUNG 18446743711032698161 4611685927758174544 15 629036
RUNG 18446743916729429401 4611685979182357351 3 68543
RUNG 18446743490437246009 4611685872609311504 7 31
RUNG 18446743606929501889 4611685901732375474 7 38
RUNG 18446743692164251489 4611685923041062873 3 36924197
RUNG 18446743874418363529 4611685968604590884 7 369442
RUNG 18446743605373469401 4611685901343367352 7 951046
RUNG 18446743861851653329 4611685965462913333 3 96504197
RUNG 18446744001737519449 4611686000434379863 3 3947
RUNG 18446743503918799801 4611685875979699952 7 31
RUNG 18446743664943864001 4611685916235966002 7 94
RUNG 18446743711238952841 4611685927809738213 11 90144176543907
RUNG 18446743933102514761 4611685983275628692 7 269
RUNG 18446744007142801081 4611686001785700271 3 509
RUNG 18446743688372190601 4611685922093047652 7 178
RUNG 18446743914215688481 4611685978553922121 3 36770729
RUNG 18446744016509640241 4611686004127410062 7 3519911
RUNG 18446743510091889001 4611685877522972254 15 9135026
RUNG 18446743805489312329 4611685951372328083 3 89
RUNG 18446743659781591729 4611685914945397933 3 89
RUNG 18446743860706075489 4611685965176518874 7 61
RUNG 18446743933431288049 4611685983357822013 3 2384339
RUNG 18446744003842871809 4611686000960717954 7 124
RUNG 18446743558980374089 4611685889745093524 7 206
RUNG 18446743784284773409 4611685946071193354 7 353
RUNG 18446743981392684409 4611685995348171104 7 5981
RUNG 18446743988590875409 4611685997147718853 3 2927
RUNG 18446743625542712041 4611685906385678011 3 481199
RUNG 18446743648374762361 4611685912093690591 3 25409
RUNG 18446743803823015321 4611685950955753831 3 602951
RUNG 18446743813181684641 4611685953295421162 7 626
RUNG 18446743994706788401 4611685998676697101 3 2549
RUNG 18446743707520414729 4611685926880103683 3 10007
RUNG 18446743866497312809 4611685966624328203 3 3359
RUNG 18446743914687415681 4611685978671853923 11 4707
RUNG 18446743623588488209 4611685905897122054 7 12724
RUNG 18446743826673450289 4611685956668362573 3 2927
RUNG 18446743587560776849 4611685896890194213 3 293
RUNG 18446743837931217169 4611685959482804295 11 100341
RUNG 18446743583235736441 4611685895808934111 3 3041
RUNG 18446743677126693601 4611685919281673401 3 113
RUNG 18446743806855452761 4611685951713863191 3 677
RUNG 18446743917705552121 4611685979426388033 11 241
RUNG 18446743512336107809 4611685878084026953 3 23159
RUNG 18446743737395462329 4611685934348865583 3 29063
RUNG 18446743829716090729 4611685957429022683 3 1103
RUNG 18446743989789564289 4611685997447391074 7 19
RUNG 18446744012746177969 4611686003186544493 3 149
RUNG 18446743583523665089 4611685895880916274 7 194
RUNG 18446743843640762329 4611685960910190583 3 1043027597
RUNG 18446743498162311049 4611685874540577763 3 5981
RUNG 18446743676273123929 4611685919068280983 3 18731
RUNG 18446743677702551929 4611685919425637984 7 31
RUNG 18446743844222745769 4611685961055686444 7 122
RUNG 18446743660516745401 4611685915129186351 3 123214391
RUNG 18446743684700625121 4611685921175156281 3 248909
RUNG 18446743644931896529 4611685911232974135 11 114847
RUNG 18446744014659574849 4611686003664893714 7 1901357
RUNG 18446743511511130201 4611685877877782551 3 3362129
RUNG 18446743804895101081 4611685951223775271 3 2282321
RUNG 18446743581802231609 4611685895450557904 7 31
RUNG 18446743887030034489 4611685971757508625 11 173
RUNG 18446743976753188009 4611685994188297003 3 215548511
RUNG 18446743991008669249 4611685997752167313 3 2432621
RUNG 18446743864398105481 4611685966099526373 11 9255237
RUNG 18446743933894852801 4611685983473713201 3 197
RUNG 18446744010624505801 4611686002656126451 3 710513
RUNG 18446743488436079569 4611685872109019894 7 25111474
RUNG 18446743624615643089 4611685906153910774 7 101
RUNG 18446743867538763529 4611685966884690883 3 5903
RUNG 18446743981709219929 4611685995427304983 3 1895219
RUNG 18446743696311667801 4611685924077916951 3 40857281
RUNG 18446743840075367881 4611685960018841971 3 14951
RUNG 18446743619075590009 4611685904768897504 7 62
RUNG 18446743574665304809 4611685893666326203 3 5393
RUNG 18446743584017850721 4611685896004462682 7 59
RUNG 18446743629449156641 4611685907362289161 3 888011
RUNG 18446743735083885841 4611685933770971461 3 10103
RUNG 18446743861870065361 4611685965467516345 19 21925
RUNG 18446743642340559529 4611685910585139883 3 3472619
RUNG 18446743757568792649 4611685939392198166 15 5156
RUNG 18446743837222646929 4611685959305661733 3 5393
RUNG 18446743825458454801 4611685956364613702 7 593
RUNG 18446743831133283961 4611685957783320994 15 19766
RUNG 18446743876405310761 4611685969101327691 3 5892827
RUNG 18446743524839536729 4611685881209884183 3 89399
RUNG 18446743563295234009 4611685890823808504 7 5218
RUNG 18446743739067911089 4611685934766977775 11 285
RUNG 18446743822495455289 4611685955623863823 3 749281133
RUNG 18446743850789961529 4611685962697490384 7 6338
RUNG 18446743879043626969 4611685969760906743 3 677
RUNG 18446743676122030201 4611685919030507551 3 137
RUNG 18446743784544144001 4611685946136036001 3 64667
RUNG 18446743986320158441 4611685996580039613 11 153
RUNG 18446743950627341449 4611685987656835365 11 78339
RUNG 18446743987243160689 4611685996810790176 15 2672636
RUNG 18446743686667126009 4611685921666781504 7 94
RUNG 18446743934284896409 4611685983571224103 3 22391
RUNG 18446743672673026489 4611685918168256624 7 244
RUNG 18446743997892400969 4611685999473100245 11 505
RUNG 18446743529040018721 4611685882260004683 11 38743317
RUNG 18446743669787625721 4611685917446906431 3 239417
RUNG 18446743707326447041 4611685926831611761 3 233
RUNG 18446743839548537041 4611685959887134263 11 107
RUNG 18446743724489794081 4611685931122448521 3 701
RUNG 18446743863234159841 4611685965808539963 11 103941
RUNG 18446743796884196641 4611685949221049161 3 4547
RUNG 18446743544486010961 4611685886121502741 3 160967
RUNG 18446743805658842881 4611685951414710721 3 2188451
RUNG 18446743693642739281 4611685923410684822 7 62
RUNG 18446743780451901961 4611685945112975493 11 153
RUNG 18446743731398018521 4611685932849504631 3 227047943
RUNG 18446743787570454841 4611685946892613712 7 153313
RUNG 18446743845339766441 4611685961334941611 3 16175843
RUNG 18446743516360996489 4611685879090249123 3 24533
RUNG 18446743817661956449 4611685954415489114 7 6236
RUNG 18446743853689668721 4611685963422417183 11 512409551491379687
RUNG 18446743661837970361 4611685915459492591 3 173
RUNG 18446743907683250329 4611685976920812583 3 9059
RUNG 18446743941732225289 4611685985433056324 7 1532
RUNG 18446743947049697449 4611685986762424363 3 44687
RUNG 18446743980400294729 4611685995100073684 7 181
RUNG 18446743987090017769 4611685996772504445 11 485091
RUNG 18446744003040392209 4611686000760098055 11 57
RUNG 18446743729731718129 4611685932432929533 3 2189153
RUNG 18446743894650952609 4611685973662738153 3 835607
RUNG 18446743925463294169 4611685981365823543 3 4451
RUNG 18446743589229156601 4611685897307289153 11 517663329
RUNG 18446743621615911001 4611685905403977751 3 75083
RUNG 18446743561069426201 4611685890267356551 3 9574007
RUNG 18446743696181003641 4611685924045250911 3 13151
RUNG 18446743488858809569 4611685872214702395 11 57
RUNG 18446743822785442609 4611685955696360654 7 3076
RUNG 18446743959792032329 4611685989948008083 3 1049
RUNG 18446743732008596761 4611685933002149196 23 80022
RUNG 18446743824459915721 4611685956114978934 15 60611
RUNG 18446743913615382121 4611685978403845532 7 2678828
RUNG 18446743541241220969 4611685885310305244 7 31946
RUNG 18446743516140467641 4611685879035116911 3 821
RUNG 18446743769473908001 4611685942368477001 3 1794179
RUNG 18446744006379136561 4611686001594784142 7 124
RUNG 18446743537961709721 4611685884490427432 7 81878
RUNG 18446743664329271041 4611685916082317764 15 932276
RUNG 18446743636818908401 4611685909204727101 3 13883501
RUNG 18446743977802831681 4611685994450707923 11 43907751
RUNG 18446743594518051289 4611685898629512824 7 257
RUNG 18446743777343934529 4611685944335983633 3 89
RUNG 18446743563321806329 4611685890830451584 7 31512172
RUNG 18446743595665679449 4611685898916419863 3 15166889
RUNG 18446743892241358849 4611685973060339713 3 1109
RUNG 18446743950927546409 4611685987731886604 7 37868
RUNG 18446743595751447601 4611685898937861906 23 1629
RUNG 18446743780084358041 4611685945021089512 7 239924
RUNG 18446743498409444761 4611685874602361194 15 101
RUNG 18446743640249543161 4611685910062385793 11 5463
RUNG 18446743739899053121 4611685934974763282 7 23537
RUNG 18446743918710285721 4611685979677571431 3 560489
RUNG 18446743545114988489 4611685886278747128 23 25136
RUNG 18446743571226553969 4611685892806638493 3 136973
RUNG 18446743724348923369 4611685931087230843 3 2267
RUNG 18446743855986990769 4611685963996747695 11 9935
RUNG 18446743939714714849 4611685984928678714 7 1379558
RUNG 18446743815262587169 4611685953815646793 3 113
RUNG 18446743490778347761 4611685872694586942 7 3709
RUNG 18446743637909371801 4611685909477342954 15 74876
RUNG 18446743670194024201 4611685917548506051 3 821
RUNG 18446743940223183601 4611685985055795902 7 188
RUNG 18446743684692508249 4611685921173127069 27 227
RUNG 18446743486406340361 4611685871601585091 3 61169
RUNG 18446743489569460321 4611685872392365081 3 207017
RUNG 18446743664923519201 4611685916230879801 3 449
RUNG 18446743790245556041 4611685947561389011 3 113
RUNG 18446743573554482209 4611685893388620553 3 2141
RUNG 18446743838317220449 4611685959579305113 3 20327
RUNG 18446743949418490729 4611685987354622683 3 41213
RUNG 18446743669128083401 4611685917282020852 7 397
RUNG 18446743716664732561 4611685929166183141 3 1278671
RUNG 18446743869446081401 4611685967361520351 3 6039227
RUNG 18446743852795287481 4611685963198821873 11 1097
RUNG 18446743940835800041 4611685985208950011 3 2381
RUNG 18446743990422657529 4611685997605664383 3 1487
RUNG 18446743888551409369 4611685972137852344 7 69697
RUNG 18446743551259494769 4611685887814873694 7 178
RUNG 18446743761836701609 4611685940459175406 15 356
RUNG 18446743833843116089 4611685958460779023 3 820763
RUNG 18446743933815268369 4611685983453817093 3 67559
RUNG 18446743621728253441 4611685905432063362 7 7679299
RUNG 18446743787051811841 4611685946762952962 7 4127996
RUNG 18446743979420149681 4611685994855037421 3 15887
RUNG 18446743856178951889 4611685964044737974 7 1028
RUNG 18446743679346459481 4611685919836614878 31 1122337775574742
RUNG 18446743787098787161 4611685946774696793 11 21843
RUNG 18446743891459283401 4611685972864820853 11 16431
RUNG 18446743639945301209 4611685909986325303 3 521
RUNG 18446743696812031561 4611685924203007891 3 9161
RUNG 18446743858398656761 4611685964599664191 3 227537
RUNG 18446743858527305689 4611685964631826425 11 60315
RUNG 18446743621693548841 4611685905423387212 7 4241284
RUNG 18446743733534037769 4611685933383509444 7 628
RUNG 18446743896062043409 4611685974015510853 3 173
RUNG 18446743914530253169 4611685978632563293 3 22541
RUNG 18446743809689879041 4611685952422469761 3 141629
RUNG 18446743911816383641 4611685977954095912 7 97
RUNG 18446744003356952761 4611686000839238192 7 62
RUNG 18446743667139153529 4611685916784788384 7 20684
RUNG 18446743957676520649 4611685989419130164 7 236564
RUNG 18446743530565476361 4611685882641369092 7 514
RUNG 18446743679812053841 4611685919953013463 11 541850066966633
RUNG 18446743711173704161 4611685927793426041 3 468353
RUNG 18446743789300113169 4611685947325028293 3 821
RUNG 18446743553456746609 4611685888364186653 3 401
RUNG 18446743656700246969 4611685914175061746 15 98280356
RUNG 18446743906478495689 4611685976619623925 11 95
RUNG 18446743600143908641 4611685900035977162 7 1596493
RUNG 18446743638830356441 4611685909707589115 19 13
RUNG 18446743872868560841 4611685968217140211 3 89
RUNG 18446743761407892841 4611685940351973212 7 908
RUNG 18446743928857214881 4611685982214303721 3 33083
RUNG 18446743521266031841 4611685880316507961 3 1901
RUNG 18446743981596982921 4611685995399245731 3 173191673
RUNG 18446744014794427201 4611686003698606804 15 109316
RUNG 18446743703981645641 4611685925995411412 7 68
RUNG 18446743755577870321 4611685938894467582 7 68
RUNG 18446743869080579641 4611685967270144912 7 68
RUNG 18446743700896123369 4611685925224030843 3 113
RUNG 18446743640513001529 4611685910128250383 3 197
RUNG 18446743682991517609 4611685920747879404 7 314
RUNG 18446743882576423681 4611685970644105921 3 149
RUNG 18446743674898913929 4611685918724728483 3 137
RUNG 18446743576772766649 4611685894193191664 7 44078
RUNG 18446743618422215209 4611685904605553804 7 166724
RUNG 18446743642828677289 4611685910707169330 31 33700
RUNG 18446743678799211889 4611685919699802974 7 1321
RUNG 18446743720371062209 4611685930092765553 3 396234143
RUNG 18446743926133138729 4611685981533284684 7 82
RUNG 18446743700442795721 4611685925110698931 3 13555811
RUNG 18446743772969930401 4611685943242482601 3 1031
RUNG 18446743939549344241 4611685984887336062 7 1396
RUNG 18446743526969456689 4611685881742364178 23 548
RUNG 18446743658883198649 4611685914720799664 7 3811244
RUNG 18446743831913416009 4611685957978354003 3 653
RUNG 18446743903693164049 4611685975923291016 15 86
RUNG 18446743550601985921 4611685887650496484 15 29816
RUNG 18446743764999849601 4611685941249962404 15 521
RUNG 18446743489124330041 4611685872281082512 7 31
RUNG 18446743631407551961 4611685907851887992 7 73
RUNG 18446743567252781881 4611685891813195471 3 493481
RUNG 18446743841888783521 4611685960472195882 7 181
RUNG 18446743936445445721 4611685984111361433 11 164601
RUNG 18446743951331917321 4611685987832979331 3 7853
RUNG 18446743975609730881 4611685993902432721 3 101
RUNG 18446743882782677401 4611685970695669353 11 512019
RUNG 18446743666469384809 4611685916617346210 31 2005
RUNG 18446743718075819689 4611685929518954923 3 6113
RUNG 18446743654480569289 4611685913620142323 3 280373
RUNG 18446743962945005569 4611685990736251394 7 47626
RUNG 18446743841100562969 4611685960275140744 7 412
RUNG 18446743876644311209 4611685969161077803 3 317
RUNG 18446743820651574481 4611685955162893622 7 31
RUNG 18446743668958633681 4611685917239658426 23 1596153
RUNG 18446743937768695201 4611685984442173802 7 1973047
RUNG 18446743772040814129 4611685943010203534 7 267389
RUNG 18446743618467154201 4611685904616788551 3 786179
RUNG 18446743618981748281 4611685904745437072 7 82
RUNG 18446743910913828721 4611685977728457181 3 89
RUNG 18446743517966114569 4611685879491528645 11 197
RUNG 18446743918630698889 4611685979657674723 3 25457
RUNG 18446743779853661281 4611685944963415322 7 2258612
RUNG 18446743831727603401 4611685957931900851 3 4093751
RUNG 18446743886152054729 4611685971538013684 7 59
RUNG 18446743558418931001 4611685889604732751 3 557
RUNG 18446743603584772249 4611685900896193063 3 101
RUNG 18446743595496253249 4611685898874063314 7 41
RUNG 18446743646775961729 4611685911693990433 3 99119
RUNG 18446743721155226689 4611685930288806673 3 59346359
RUNG 18446743880699811889 4611685970174952974 7 5447518
RUNG 18446743489994257201 4611685872498564302 7 3764
RUNG 18446743710681604081 4611685927670401021 3 593
RUNG 18446743493620921249 4611685873405230313 3 101
RUNG 18446743554253172929 4611685888563293234 7 20018
RUNG 18446743771926468769 4611685942981617193 3 15443
RUNG 18446743807153700809 4611685951788425204 7 2203
RUNG 18446743721247125761 4611685930311781442 7 124
RUNG 18446743776273979321 4611685944068494831 3 1200383
RUNG 18446743506140676841 4611685876535169212 7 1515961
RUNG 18446743678993236721 4611685919748309181 3 461
RUNG 18446743888880234041 4611685972220058515 19 290214505
RUNG 18446744006136213121 4611686001534053282 7 31
RUNG 18446743583325705649 4611685895831426415 11 21051
RUNG 18446743587078975529 4611685896769743883 3 1049
RUNG 18446743612500331489 4611685903125082873 3 173
RUNG 18446743778393619049 4611685944598404765 11 72665
RUNG 18446743489851325321 4611685872462831332 7 89
RUNG 18446743530737050489 4611685882684262623 3 252359
RUNG 18446743556111439529 4611685889027859885 11 75511
RUNG 18446743592210622649 4611685898052655663 3 209861
RUNG 18446743568639355649 4611685892159838914 7 68
RUNG 18446743579680665929 4611685894920166483 3 101
RUNG 18446743611420093649 4611685902855023414 7 61
RUNG 18446743809536772409 4611685952384193104 7 68
RUNG 18446743899137403529 4611685974784350884 7 68
RUNG 18446743969834870369 4611685992458717593 3 3533
RUNG 18446743656236745721 4611685914059186432 7 593204
RUNG 18446743748353170121 4611685937088292531 3 977
RUNG 18446743548682499521 4611685887170624881 3 24459587
RUNG 18446743501011076729 4611685875252769184 7 120371
RUNG 18446743528891049761 4611685882222762441 3 22259
RUNG 18446743597656746761 4611685899414186692 7 3524
RUNG 18446743776713024809 4611685944178256203 3 389
RUNG 18446743520635084561 4611685880158771142 7 199
RUNG 18446743998064036561 4611685999516009141 3 4007
RUNG 18446743507423086241 4611685876855771562 7 68
RUNG 18446743718324977969 4611685929581244494 7 31
RUNG 18446743656471587209 4611685914117896803 3 1783889
RUNG 18446743579360073041 4611685894840018262 7 6416702
RUNG 18446743965209657689 4611685991302414425 11 1693
RUNG 18446743700263136281 4611685925065784071 3 5051
RUNG 18446743706877303841 4611685926719325961 3 126326951
RUNG 18446743808924168761 4611685952231042193 11 7389819
RUNG 18446743963069600201 4611685990767400051 3 113
RUNG 18446743796441178409 4611685949110294605 11 909
RUNG 18446743488356562289 4611685872089140573 3 1944737
RUNG 18446743811243931121 4611685952810982782 7 404
RUNG 18446744016115678561 4611686004028919642 7 31
RUNG 18446743514372158129 4611685878593039533 3 23293937
RUNG 18446743902633391801 4611685975658347953 11 6921
RUNG 18446743567075169161 4611685891768792291 3 2309
RUNG 18446743616118843841 4611685904029710962 7 161983
RUNG 18446743766425240561 4611685941606310145 19 4475
RUNG 18446743923319258849 4611685980829814713 3 233
RUNG 18446743545547985641 4611685886386996411 3 317
RUNG 18446744007371667961 4611686001842916994 15 23771577329087201
RUNG 18446743689293308321 4611685922323327083 11 7281
RUNG 18446743701045248521 4611685925261312131 3 190172777
RUNG 18446743738102148401 4611685934525537101 3 846953
RUNG 18446743767268605721 4611685941817151431 3 434921
RUNG 18446743684529229169 4611685921132307293 3 307340507
RUNG 18446743921712175169 4611685980428043793 3 701741
RUNG 18446743703663144809 4611685925915786203 3 44753
RUNG 18446743735590440209 4611685933897610054 7 1574
RUNG 18446743762357500769 4611685940589375195 11 37945
RUNG 18446743954333765249 4611685988583441314 7 122
RUNG 18446743965456757729 4611685991364189433 3 983177873
RUNG 18446743664858260249 4611685916214565064 7 2287
RUNG 18446743848952250329 4611685962238062588 23 9566
RUNG 18446743609437297961 4611685902359324491 3 1669978691
RUNG 18446743897712085001 4611685974428021252 7 31
RUNG 18446743616545640449 4611685904136410113 3 2621
RUNG 18446743728557660569 4611685932139415145 11 285
RUNG 18446743837849683409 4611685959462420853 3 5594261
RUNG 18446743980614825929 4611685995153706483 3 89
RUNG 18446743814159977801 4611685953539994451 3 37568873
RUNG 18446743874330728441 4611685968582682115 19 37975
RUNG 18446743736529785881 4611685934132446472 7 586
RUNG 18446743651674855841 4611685912918713961 3 172181
RUNG 18446743873595594881 4611685968398898722 7 38409916
RUNG 18446744009189092921 4611686002297273231 3 4877
RUNG 18446743873560881761 4611685968390220441 3 3581
RUNG 18446743973428890001 4611685993357222501 3 1061
RUNG 18446743781274968161 4611685945318742042 7 7118
RUNG 18446743891553296321 4611685972888324083 11 461
RUNG 18446743963684275241 4611685990921068811 3 389
RUNG 18446743506056985289 4611685876514246323 3 113
RUNG 18446743984682572729 4611685996170643184 7 11164
RUNG 18446743823040812689 4611685955760203175 11 171
RUNG 18446743841999112049 4611685960499778016 15 1016
RUNG 18446743890444469009 4611685972611117255 11 1051
RUNG 18446743494072253369 4611685873518063343 3 389
RUNG 18446743868588515489 4611685967147128873 3 43283
RUNG 18446743958046203809 4611685989511550954 7 611449
RUNG 18446743562184500161 4611685890546125042 7 101
RUNG 18446743622978073649 4611685905744518413 3 569
RUNG 18446743663671846769 4611685915917961693 3 71777
RUNG 18446743981705282489 4611685995426320627 19 38867
RUNG 18446743609206556081 4611685902301639023 11 153
RUNG 18446743731255202801 4611685932813800701 3 4241399
RUNG 18446743790500909321 4611685947625227332 7 367
RUNG 18446743632340829521 4611685908085207381 3 557
RUNG 18446743973261449561 4611685993315362392 7 482
RUNG 18446744000877998569 4611686000219499643 3 13697
RUNG 18446743564869786721 4611685891217446682 7 692
RUNG 18446743760464546081 4611685940116136521 3 2027
RUNG 18446743603270349929 4611685900817587483 3 12503
RUNG 18446743657047473329 4611685914261868334 7 2554
RUNG 18446743664909327329 4611685916227331834 7 76
RUNG 18446743878259624489 4611685969564906125 11 107
RUNG 18446743640239443169 4611685910059860793 3 149
RUNG 18446743690524678169 4611685922631169543 3 569
RUNG 18446743504672493641 4611685876168123411 3 61648151
RUNG 18446743585331031721 4611685896332757931 3 2655911
RUNG 18446743849926322681 4611685962481580672 7 2372
RUNG 18446743945924665121 4611685986481166282 7 62
RUNG 18446743873356689881 4611685968339172471 3 210795653
RUNG 18446743931663058169 4611685982915764545 11 117
RUNG 18446743505869130761 4611685876467282691 3 461
RUNG 18446743771708024081 4611685942927006021 3 10529
RUNG 18446743503061325929 4611685875765331483 3 20354993
RUNG 18446743590415713049 4611685897603928263 3 2050525853
RUNG 18446743603207051609 4611685900801762904 7 68
RUNG 18446743518548158969 4611685879637039743 3 113
RUNG 18446743666994256769 4611685916748564193 3 268875527
RUNG 18446743806437000401 4611685951609250102 7 164
RUNG 18446743608632754529 4611685902158188633 3 2411
RUNG 18446743800335385649 4611685950083846414 7 41
RUNG 18446743836383517769 4611685959095879443 3 205913
RUNG 18446743844770176049 4611685961192544013 3 26321
RUNG 18446743644047855161 4611685911011963793 11 677
RUNG 18446743909700922841 4611685977425230715 19 10918532185
RUNG 18446743691141383489 4611685922785345874 7 358466
RUNG 18446743855709387089 4611685963927346774 7 59797
RUNG 18446743495040198809 4611685873760049703 3 19457
RUNG 18446743654995234049 4611685913748808515 11 549
RUNG 18446743665444352729 4611685916361088183 3 617
RUNG 18446743886977104169 4611685971744276044 7 92084
RUNG 18446743631628170401 4611685907907042602 7 164
RUNG 18446743648746591721 4611685912186647931 3 521
RUNG 18446743692703544761 4611685923175886191 3 1433
RUNG 18446743718120818489 4611685929530204623 3 343850807
RUNG 18446743890669114409 4611685972667278603 3 173
RUNG 18446743934709791089 4611685983677447775 11 139
RUNG 18446743653596441089 4611685913399110273 3 11621
RUNG 18446743741328605609 4611685935332151404 7 6506
RUNG 18446743770456264169 4611685942614066044 7 1359494
RUNG 18446743641987444169 4611685910496861043 3 617
RUNG 18446743686959291089 4611685921739822774 7 12707777
RUNG 18446743749343613089 4611685937335903273 3 101
RUNG 18446743554751497001 4611685888687874252 7 1013227186
RUNG 18446743773102750121 4611685943275687532 7 244
RUNG 18446743830171642001 4611685957542910502 7 4178
RUNG 18446743522238136361 4611685880559534091 3 4397
RUNG 18446743555053719161 4611685888763429794 15 101
RUNG 18446743564608425089 4611685891152106273 3 7143767
RUNG 18446743667051445769 4611685916762861443 3 173
RUNG 18446743807380434569 4611685951845108644 7 42776278
RUNG 18446743547806520521 4611685886951630131 3 18803
RUNG 18446743897124009041 4611685974281002261 3 87323
RUNG 18446743777681008241 4611685944420252064 15 446
RUNG 18446743976420509201 4611685994105127301 3 51009773
RUNG 18446743990831186801 4611685997707796702 7 3491
RUNG 18446743678964712841 4611685919741178211 3 2256713
RUNG 18446743928806264801 4611685982201566201 3 1361
RUNG 18446743632277554169 4611685908069388545 11 249
RUNG 18446743874873948209 4611685968718487054 7 76
RUNG 18446743877011964089 4611685969252991028 23 11898
RUNG 18446743953451647409 4611685988362911860 31 860
RUNG 18446743882876703689 4611685970719175923 3 50441
RUNG 18446743516246804201 4611685879061701051 3 44279
RUNG 18446743618064960641 4611685904516240161 3 89
RUNG 18446743924875346369 4611685981218836595 11 31851
RUNG 18446743950701026249 4611685987675256568 23 489252
RUNG 18446743642779772681 4611685910694943172 7 13009244
RUNG 18446743764889680601 4611685941222420153 11 303819
RUNG 18446743784830201201 4611685946207550304 15 356
RUNG 18446743858498836409 4611685964624709103 3 257
RUNG 18446743864247179009 4611685966061794753 3 4931
RUNG 18446743787111160481 4611685946777790123 11 76149
RUNG 18446743923280513801 4611685980820128452 7 349
RUNG 18446743964384736961 4611685991096184247 27 4645014179
RUNG 18446743515903745561 4611685878975936392 7 23588
RUNG 18446743532579044201 4611685883144761052 7 229
RUNG 18446743526463136921 4611685881615784235 19 9515
RUNG 18446743557855419689 4611685889463854923 3 187282751
RUNG 18446743731894404809 4611685932973601203 3 7589
RUNG 18446743542376757521 4611685885594189382 7 1194845417
RUNG 18446743488454650769 4611685872113662694 7 19
RUNG 18446743490615129089 4611685872653782274 7 14057972
RUNG 18446743706381159569 4611685926595289893 3 2393
RUNG 18446743584140563129 4611685896035140784 7 206
RUNG 18446743775014126009 4611685943753531506 15 4916
RUNG 18446743850481798721 4611685962620449682 7 31618
RUNG 18446743613623537801 4611685903405884452 7 651848426
RUNG 18446743857892362601 4611685964473090651 3 2789
RUNG 18446743800899028001 4611685950224757001 3 38834447
RUNG 18446743696522195609 4611685924130548904 7 62
RUNG 18446743779179890729 4611685944794972684 7 2106922
RUNG 18446743651560561481 4611685912890140372 7 164
RUNG 18446743740379091281 4611685935094772822 7 12442
RUNG 18446743726133821081 4611685931533455271 3 2753
RUNG 18446743949451315481 4611685987362828873 11 1126788609578984521303
RUNG 18446743705568437081 4611685926392109274 15 146
RUNG 18446743884769699321 4611685971192424832 7 59692
RUNG 18446743986665453281 4611685996666363321 3 101183
RUNG 18446743623872543281 4611685905968135823 11 24294657
RUNG 18446743527814982689 4611685881953745676 15 10796
RUNG 18446743678629847081 4611685919657461771 3 3623
RUNG 18446743688560287601 4611685922140071901 3 137
RUNG 18446743636467848641 4611685909116962162 7 64826
RUNG 18446743695834035521 4611685923958508881 3 13259
RUNG 18446743597019720161 4611685899254930041 3 26038193
RUNG 18446743857034716001 4611685964258679003 11 132813
RUNG 18446743492875682009 4611685873218920503 3 21347
RUNG 18446743579178418529 4611685894794604635 11 8458995
RUNG 18446743645393607569 4611685911348401893 3 3797
RUNG 18446743785571485409 4611685946392871357 19 649
RUNG 18446743591279548169 4611685897819887043 3 400409
RUNG 18446743671337726369 4611685917834431593 3 498227
RUNG 18446743691004613609 4611685922751153404 7 76
RUNG 18446743810065755809 4611685952516438953 3 39359
RUNG 18446743663653531241 4611685915913382811 3 9767
RUNG 18446743698223226401 4611685924555806601 3 137
RUNG 18446743943382381169 4611685985845595293 3 48731
RUNG 18446743574081490529 4611685893520372634 7 628
RUNG 18446743594610118649 4611685898652529666 15 86
RUNG 18446743768087542769 4611685942021885695 11 359
RUNG 18446743510063536721 4611685877515884182 7 31
RUNG 18446743883501601721 4611685970875400431 3 569
RUNG 18446743535631921409 4611685883907980353 3 461
RUNG 18446743739460187369 4611685934865046843 3 15809
RUNG 18446743910826142129 4611685977706535533 3 2203499
RUNG 18446743569946366249 4611685892486591564 7 509
RUNG 18446743612449386809 4611685903112346705 11 7233
RUNG 18446743695868764049 4611685923967191014 7 59
RUNG 18446743594612169281 4611685898653042322 7 829
RUNG 18446743931742764089 4611685982935691023 3 136811
RUNG 18446743488654800089 4611685872163700024 7 131
RUNG 18446743597252529329 4611685899313132333 3 250727
RUNG 18446743899315170209 4611685974828792555 11 14913
RUNG 18446743920327761809 4611685980081940455 11 2809089
RUNG 18446743500247462009 4611685875061865503 3 8747
RUNG 18446743813778199529 4611685953444549883 3 149
RUNG 18446743848633780289 4611685962158445076 15 244616
RUNG 18446743690457362921 4611685922614340732 7 73
RUNG 18446743696271050801 4611685924067762702 7 73
RUNG 18446743700395971601 4611685925098992903 11 369
RUNG 18446743816812672001 4611685954203168003 11 963
RUNG 18446743590587314921 4611685897646828731 3 31529087
RUNG 18446743623451906681 4611685905862976671 3 39623
RUNG 18446743589329419961 4611685897332354991 3 10799417
RUNG 18446743662475292761 4611685915618823194 15 7541
RUNG 18446743846661174641 4611685961665293661 3 4919
RUNG 18446743503353410249 4611685875838352563 3 1550597
RUNG 18446743693622529289 4611685923405632323 3 446909
RUNG 18446743796004288769 4611685949001072195 11 909
RUNG 18446743811386976089 4611685952846744025 11 21699
RUNG 18446743826044739209 4611685956511184805 11 205
RUNG 18446743891140890329 4611685972785222586 15 4689716
RUNG 18446743609282194361 4611685902320548593 11 327
RUNG 18446743886532007201 4611685971633001803 11 591
RUNG 18446743497178282729 4611685874294570683 3 509
RUNG 18446743787260274929 4611685946815068733 3 1049
RUNG 18446743779112536241 4611685944778134063 11 549
RUNG 18446743899394818361 4611685974848704593 11 417
RUNG 18446743499853357529 4611685874963339386 15 2087960741
RUNG 18446743569711545929 4611685892427886484 7 1132
RUNG 18446744011666179049 4611686002916544763 3 1193
RUNG 18446743543324305889 4611685885831076476 15 86
RUNG 18446743960543708489 4611685990135927123 3 113
RUNG 18446743854410721721 4611685963602680433 11 369
RUNG 18446743876624032841 4611685969156008211 3 1187
RUNG 18446743943974596121 4611685985993649032 7 101
RUNG 18446743491295169521 4611685872823792382 7 62
RUNG 18446743984780682041 4611685996195170511 3 22271
RUNG 18446743999360848649 4611685999840212164 7 217636
RUNG 18446744019654642169 4611686004913660544 7 97
RUNG 18446743598720770369 4611685899680192593 3 233
RUNG 18446743693875750289 4611685923468937576 15 41
RUNG 18446743938397788049 4611685984599447014 7 1531
RUNG 18446743591528706689 4611685897882176675 11 36607215
RUNG 18446743658021613169 4611685914505403293 3 89
RUNG 18446743712499157441 4611685928124789361 3 562631
RUNG 18446743939629140521 4611685984907285131 3 1487
RUNG 18446743555944119329 4611685888986029833 3 389
RUNG 18446743857608562409 4611685964402140604 7 2173363
RUNG 18446743909731633409 4611685977432908353 3 197
RUNG 18446743805542669369 4611685951385667344 7 94
RUNG 18446743607317763329 4611685901829440833 3 113
RUNG 18446743802120213449 4611685950530053363 3 11897
RUNG 18446743642193768521 4611685910548442132 7 119668
RUNG 18446743930299066001 4611685982574766501 3 389
RUNG 18446743515076780201 4611685878769195053 11 459
RUNG 18446743885898991961 4611685971474747993 11 6443
RUNG 18446743525009264609 4611685881252316153 3 246317
RUNG 18446743534159645849 4611685883539911465 11 121833
RUNG 18446743598042825209 4611685899510706303 3 1434353
RUNG 18446743611220109329 4611685902805027334 7 2089
RUNG 18446743778614296289 4611685944653574073 3 73013
RUNG 18446743737975658561 4611685934493914642 7 61
RUNG 18446743649496107521 4611685912374026881 3 60530513
RUNG 18446743678809591721 4611685919702397931 3 55606853
RUNG 18446743947411365161 4611685986852841292 7 524
RUNG 18446743501411451209 4611685875352862803 3 101
RUNG 18446743738439202169 4611685934609800545 11 1245
RUNG 18446743851574344289 4611685962893586074 7 262
RUNG 18446743862627906809 4611685965656976704 7 94
RUNG 18446743513030659649 4611685878257664914 7 724
RUNG 18446743617391155889 4611685904347788973 3 26399
RUNG 18446743727622517129 4611685931905629283 3 1031
RUNG 18446743956380006089 4611685989095001523 3 68771
RUNG 18446743669448883721 4611685917362220933 11 747
RUNG 18446743710687881521 4611685927671970382 7 1252
RUNG 18446743509720516169 4611685877430129044 7 44348
RUNG 18446743643318941129 4611685910829735286 15 10316
RUNG 18446743732733748721 4611685933183437185 19 4909182385760525
RUNG 18446743611959335201 4611685902989833801 3 105227
RUNG 18446743803594579001 4611685950898644754 15 431
RUNG 18446743895521093681 4611685973880273422 7 388
RUNG 18446743720099649161 4611685930024912292 7 59
RUNG 18446743877332645081 4611685969333161275 19 269261
RUNG 18446743494080540641 4611685873520135162 7 3436
RUNG 18446743523953544209 4611685880988386054 7 155522
RUNG 18446743789224751009 4611685947306187753 3 89
RUNG 18446743812802145569 4611685953200536393 3 167759
RUNG 18446743864872123529 4611685966218030883 3 4366577
RUNG 18446743488217846201 4611685872054461552 7 2058418
RUNG 18446743638089287921 4611685909522321984 15 446
RUNG 18446743825430121601 4611685956357530406 23 2104533
RUNG 18446743891894439521 4611685972973609883 11 139
RUNG 18446743527259610809 4611685881814902705 11 755
RUNG 18446743775900443249 4611685943975110813 3 30431
RUNG 18446743915047090889 4611685978761772724 7 89
RUNG 18446743549877246041 4611685887469311512 7 64123
RUNG 18446743764213848521 4611685941053462131 3 58511
RUNG 18446743779960018961 4611685944990004741 3 977
RUNG 18446743902896953081 4611685975724238271 3 2417
RUNG 18446743557032555209 4611685889258138803 3 101
RUNG 18446743639673914009 4611685909918478503 3 2441
RUNG 18446743791176945689 4611685947794236424 7 122
RUNG 18446743801495373809 4611685950373843455 11 103699
RUNG 18446743920068468449 4611685980017117113 3 849743
RUNG 18446743760891450761 4611685940222862691 3 342413
RUNG 18446743867606419121 4611685966901604781 3 1974851
RUNG 18446743878049411681 4611685969512352922 7 4079
RUNG 18446743742974592161 4611685935743648041 3 14561
RUNG 18446743938038421121 4611685984509605282 7 48121
RUNG 18446743513083771601 4611685878270942901 3 36563
RUNG 18446743718837679961 4611685929709419993 11 239
RUNG 18446743740007509481 4611685935001877371 3 281
RUNG 18446743523355234481 4611685880838808621 3 71879
RUNG 18446743528245920281 4611685882061480071 3 13287167
RUNG 18446743912065716641 4611685978016429163 11 10471
RUNG 18446744006324241001 4611686001581060251 3 4919
RUNG 18446743741982163169 4611685935495540794 7 946019017
RUNG 18446743513722932521 4611685878430733131 3 5309
RUNG 18446743709907843961 4611685927476960993 11 279494981
RUNG 18446743947966825121 4611685986991706281 3 34657811
RUNG 18446743781601826681 4611685945400456672 7 19036
RUNG 18446743947111210721 4611685986777802682 7 346
RUNG 18446743783431495841 4611685945857873961 3 399173
RUNG 18446743791150407041 4611685947787601761 3 42102107
RUNG 18446743995268641361 4611685998817160341 3 1787
RUNG 18446743797264274969 4611685949316068743 3 762401
RUNG 18446743907822362609 4611685976955590654 7 16091
RUNG 18446743686011893849 4611685921502973463 3 1787
RUNG 18446743833289944769 4611685958322486194 7 76
RUNG 18446743917891661969 4611685979472915494 7 1021012
RUNG 18446743704059444929 4611685926014861235 11 41
RUNG 18446743964915761609 4611685991228940407 19 1269565998811207404709541911
RUNG 18446743995117533209 4611685998779383303 3 11597
RUNG 18446743890019863289 4611685972504965824 7 69772
RUNG 18446743747350697081 4611685936837674271 3 697379
RUNG 18446743847079846841 4611685961769961712 7 21023516
RUNG 18446744005605454081 4611686001401363523 11 55579
RUNG 18446743843108080361 4611685960777020091 3 5261
RUNG 18446743553273176969 4611685888318294244 7 146
RUNG 18446743695390994201 4611685923847748552 7 124
RUNG 18446743799651430481 4611685949912857622 7 124
RUNG 18446743846022074801 4611685961505518701 3 761
RUNG 18446743911585853081 4611685977896463271 3 593
RUNG 18446744012385031561 4611686003096257893 11 49389
RUNG 18446743589155907281 4611685897288976821 3 4877
RUNG 18446743721837456281 4611685930459364072 7 31
RUNG 18446743638107690929 4611685909526922733 3 11657
RUNG 18446744016217943449 4611686004054485863 3 59399
RUNG 18446743954180770001 4611685988545192502 7 5068633
RUNG 18446743548807242881 4611685887201810722 7 356
RUNG 18446743917734441521 4611685979433610381 3 461
RUNG 18446743931998091329 4611685982999522834 7 3544187
RUNG 18446743986359238169 4611685996589809544 7 38
RUNG 18446743599637704289 4611685899909426074 7 4492
RUNG 18446743962785929729 4611685990696482435 11 95
RUNG 18446743503418821889 4611685875854705474 7 19036
RUNG 18446743883520063409 4611685970880015855 11 749471
RUNG 18446743912294449049 4611685978073612264 7 178
RUNG 18446744005001023009 4611686001250255753 3 42557
RUNG 18446743487290790281 4611685871822697571 3 1433
RUNG 18446743683692155441 4611685920923038862 7 397
RUNG 18446743575782594521 4611685893945648631 3 137
RUNG 18446744018098668721 4611686004524667182 7 236
RUNG 18446743509383622889 4611685877345905724 7 5164
RUNG 18446743555662375409 4611685888915593854 7 445883996
RUNG 18446743842438304849 4611685960609576215 11 57
RUNG 18446743542223713721 4611685885555928431 3 327311
RUNG 18446743624830357841 4611685906207589462 7 31
RUNG 18446743687835460001 4611685921958865001 3 45767
RUNG 18446743779984557041 4611685944996139262 7 94
RUNG 18446743815607944841 4611685953901986212 7 241
RUNG 18446743700598213289 4611685925149553323 3 27449
RUNG 18446743890650876089 4611685972662719024 7 41
RUNG 18446743969228575289 4611685992307143824 7 958
RUNG 18446743549274881369 4611685887318720344 7 157
RUNG 18446743678105142929 4611685919526285733 3 26783
RUNG 18446743915281962809 4611685978820490703 3 173
RUNG 18446743803643636321 4611685950910909081 3 39521
RUNG 18446743928118226561 4611685982029556642 7 68
RUNG 18446743961775129841 4611685990443782462 7 68
RUNG 18446743813616960689 4611685953404240177 19 52092790702721343349949
RUNG 18446744000720917729 4611686000180229435 11 35703
RUNG 18446743719603481489 4611685929900870373 3 13781
RUNG 18446743844943896689 4611685961235974173 3 197
RUNG 18446743582658153281 4611685895664538324 15 115436
RUNG 18446743645926678601 4611685911481669651 3 977
RUNG 18446743562000880361 4611685890500220092 7 1123
RUNG 18446743790245817281 4611685947561454323 11 17541
RUNG 18446743573683392881 4611685893420848221 3 113
RUNG 18446743617999744961 4611685904499936241 3 15800087
RUNG 18446743870385678761 4611685967596419691 3 149
RUNG 18446743623907366849 4611685905976841714 7 38
RUNG 18446743642177498729 4611685910544374685 11 1109907
RUNG 18446743677486412369 4611685919371603093 3 4493
RUNG 18446743841646007969 4611685960411501993 3 113
RUNG 18446743968203479009 4611685992050869756 15 3176
RUNG 18446743569207242041 4611685892301810511 3 857
RUNG 18446743855883111521 4611685963970777881 3 1619
RUNG 18446743893540371161 4611685973385092796 23 402
RUNG 18446743935020329681 4611685983755082428 31 86
RUNG 18446744013973764241 4611686003493441062 7 157
RUNG 18446743955655144529 4611685988913786134 7 68
RUNG 18446743737420288481 4611685934355072122 7 1126
RUNG 18446743927495413721 4611685981873853433 11 1569
RUNG 18446743499810556529 4611685874952639136 15 18296
RUNG 18446743689771327841 4611685922442831961 3 1764683
RUNG 18446743771634669401 4611685942908667352 7 5444
RUNG 18446743533026382961 4611685883256595742 7 4948
RUNG 18446743823061408241 4611685955765352061 3 1709
RUNG 18446743868335477081 4611685967083869271 3 233
RUNG 18446743932790427641 4611685983197606911 3 15641
RUNG 18446743999938828961 4611685999984707243 11 3417634527
RUNG 18446743591055033809 4611685897763758454 7 76
RUNG 18446743794382998649 4611685948595749664 7 4003
RUNG 18446743845035800849 4611685961258950213 3 51929
RUNG 18446743670073814489 4611685917518453623 3 149
RUNG 18446743855699334569 4611685963924833644 7 244
RUNG 18446743933866587089 4611685983466646774 7 8329
RUNG 18446743948552938769 4611685987138234693 3 196310159
RUNG 18446743787421690049 4611685946855422514 7 52757
RUNG 18446743799245101649 4611685949811275413 3 1278881
RUNG 18446743820888683609 4611685955222170908 23 3380528
RUNG 18446743754712293521 4611685938678073381 3 10063931
RUNG 18446743972222226161 4611685993055556541 3 353
RUNG 18446743967327456881 4611685991831864221 3 42989
RUNG 18446744005266518041 4611686001316629511 3 209597
RUNG 18446743508679147601 4611685877169786901 3 115589
RUNG 18446743662283438441 4611685915570859611 3 173
RUNG 18446743723665118801 4611685930916279702 7 188
RUNG 18446743841106923281 4611685960276730822 7 3780839
RUNG 18446743743293207521 4611685935823301881 3 2819
RUNG 18446743497507148321 4611685874376787081 3 761
RUNG 18446743560034413121 4611685890008603281 3 7165973
RUNG 18446743750348457041 4611685937587114261 3 38711
RUNG 18446743541743861369 4611685885435965343 3 268271
RUNG 18446743792792258969 4611685948198064744 7 199
RUNG 18446743670380129729 4611685917595032435 11 417
RUNG 18446743676767630849 4611685919191907716 15 296
RUNG 18446744008115167369 4611686002028791844 7 2764
RUNG 18446743630564435201 4611685907641108802 7 1636
RUNG 18446743644701478121 4611685911175369532 7 124
RUNG 18446743522540521241 4611685880635130311 3 108707
RUNG 18446743759768392121 4611685939942098031 3 5849
RUNG 18446743776108796201 4611685944027199051 3 361839587
RUNG 18446743833665735641 4611685958416433911 3 3041
RUNG 18446743841535757801 4611685960383939451 3 101
RUNG 18446743695797405641 4611685923949351411 3 5183813
RUNG 18446743898473959721 4611685974618489931 3 941
RUNG 18446743490715329521 4611685872678832382 7 22738754
RUNG 18446743762188211201 4611685940547052801 3 64319
RUNG 18446743842266809801 4611685960566702453 11 386666667
RUNG 18446743780631916649 4611685945157979165 11 285
RUNG 18446743935777947689 4611685983944486923 3 317
RUNG 18446743912171967401 4611685978042991854 15 101
RUNG 18446744002730315281 4611686000682578822 7 50581
RUNG 18446743619694663001 4611685904923665752 7 1412
RUNG 18446743720710298009 4611685930177574504 7 2918
RUNG 18446743492148846449 4611685873037211613 3 2003
RUNG 18446743497784876849 4611685874446219213 3 330149
RUNG 18446743677284276929 4611685919321069234 7 36293
RUNG 18446743815105640609 4611685953776410154 7 19
RUNG 18446743988534055769 4611685997133513954 47 1362
RUNG 18446743581224673961 4611685895306168492 7 2309774
RUNG 18446743802216284801 4611685950554071204 15 131
RUNG 18446743879229781361 4611685969807445342 7 652958
RUNG 18446743954446282721 4611685988611570681 3 701
RUNG 18446743676867701969 4611685919216925494 7 619
RUNG 18446743823316684649 4611685955829171166 15 41
RUNG 18446743985446492489 4611685996361623126 15 662648186
RUNG 18446743601234625889 4611685900308656476 15 205976
RUNG 18446743818579153289 4611685954644788327 19 3661
RUNG 18446743947531937489 4611685986882984374 7 4924
RUNG 18446743531752175249 4611685882938043814 7 133697156
RUNG 18446743522918311241 4611685880729577812 7 23614
RUNG 18446743907158767841 4611685976789691961 3 3989
RUNG 18446743961423938801 4611685990355984701 3 179332121
RUNG 18446743675750713241 4611685918937678311 3 293
RUNG 18446743787838288841 4611685946959572212 7 40676
RUNG 18446743581606544801 4611685895401636202 7 2154158
RUNG 18446743809097969369 4611685952274492343 3 121997
RUNG 18446743883428225369 4611685970857056344 7 1927558
RUNG 18446743791642612889 4611685947910653225 11 1091624595
RUNG 18446743852162552369 4611685963040638095 11 61
RUNG 18446743602284245249 4611685900571061313 3 1451
RUNG 18446743728026942329 4611685932006735583 3 6747581
RUNG 18446743853824774489 4611685963456193623 3 6221
RUNG 18446743672422193801 4611685918105548452 7 47
RUNG 18446743591980113281 4611685897995028321 3 1155149
RUNG 18446743753021513801 4611685938255378454 15 24544451
RUNG 18446743881753757441 4611685970438439362 7 31
RUNG 18446743903225808041 4611685975806452013 11 61
RUNG 18446743910593488361 4611685977648372091 3 48197
RUNG 18446744013293806081 4611686003323451521 3 2274689
RUNG 18446743564629032041 4611685891157258012 7 167044
RUNG 18446743493635471921 4611685873408867982 7 537148
RUNG 18446743929937738321 4611685982484434581 3 7121
RUNG 18446743991893231921 4611685997973307981 3 43499
RUNG 18446743507705128841 4611685876926282213 11 101
RUNG 18446743661558548561 4611685915389637142 7 552179
RUNG 18446743698272385721 4611685924568096433 11 341739
RUNG 18446743744820687521 4611685936205171881 3 3389
RUNG 18446743752560020489 4611685938140005126 15 2494991
RUNG 18446743555225443649 4611685888806360914 7 36574
RUNG 18446743661009241769 4611685915252310446 15 197726
RUNG 18446743776229306729 4611685944057326683 3 85667
RUNG 18446743844500830049 4611685961125207513 3 12119
RUNG 18446743631373115969 4611685907843278993 3 1733
RUNG 18446743739627782489 4611685934906945624 7 523
RUNG 18446743784264734849 4611685946066183714 7 796
RUNG 18446743887367334449 4611685971841833613 3 1128773
RUNG 18446743781898011449 4611685945474502864 7 3536882
RUNG 18446743693702309129 4611685923425577284 7 31
RUNG 18446743986224539129 4611685996556134783 3 449
RUNG 18446743923591088561 4611685980897772142 7 292
RUNG 18446743501436075809 4611685875359018954 7 1774
RUNG 18446743514501047729 4611685878625261933 3 49031
RUNG 18446743909854286009 4611685977463571503 3 113
RUNG 18446743577787951721 4611685894446987931 3 2153
RUNG 18446743678634097121 4611685919658524283 11 21933
RUNG 18446743864686403561 4611685966171600893 11 10207
RUNG 18446743906395070561 4611685976598767645 19 15025
RUNG 18446743497059984929 4611685874264996233 3 5657
RUNG 18446743546569244729 4611685886642311183 3 293
RUNG 18446743800113015209 4611685950028253803 3 7949
RUNG 18446743541564205841 4611685885391051462 7 344237
RUNG 18446743561700762281 4611685890425190571 3 101
RUNG 18446743676251038121 4611685919062759533 11 8706249
RUNG 18446743846097715121 4611685961524428781 3 35591
RUNG 18446743870769642401 4611685967692410601 3 461
RUNG 18446744000718941881 4611686000179735471 3 353
RUNG 18446743667570327209 4611685916892581805 11 745
RUNG 18446743690755649369 4611685922688912344 7 566
RUNG 18446743975799928889 4611685993949982223 3 113
RUNG 18446743561155541129 4611685890288885285 11 74872463
RUNG 18446743699618105369 4611685924904526343 3 17387
RUNG 18446743781434480009 4611685945358620005 11 47395365
RUNG 18446743645477499881 4611685911369374971 3 1409
RUNG 18446743666912793761 4611685916728198443 11 435702297
RUNG 18446743842009555601 4611685960502388901 3 45897017
RUNG 18446743694141355961 4611685923535338993 11 1707
RUNG 18446743846916578561 4611685961729144645 19 30801253355
RUNG 18446743615363537321 4611685903840884332 7 1769244286
RUNG 18446743985726290081 4611685996431572521 3 190583
RUNG 18446743924060767121 4611685981015191781 3 5327879
RUNG 18446743516810606201 4611685879202651551 3 25343
RUNG 18446743888178042641 4611685972044510662 7 65215967
RUNG 18446743597119955441 4611685899279988861 3 137
RUNG 18446743680294286681 4611685920073571673 11 321
RUNG 18446743972334595241 4611685993083648813 11 2380479
RUNG 18446743849358863921 4611685962339715982 7 82
RUNG 18446743519091567089 4611685879772891774 7 38
RUNG 18446743495597897489 4611685873899474373 3 317
RUNG 18446743967139648169 4611685991784912044 7 418837
RUNG 18446743726863011641 4611685931715752914 15 206
RUNG 18446743897350889849 4611685974337722464 7 68
RUNG 18446743521237753121 4611685880309438282 7 25163
RUNG 18446743945491983521 4611685986372995884 15 242636
RUNG 18446743983118612561 4611685995779653142 7 225601
RUNG 18446743534041345961 4611685883510336493 11 1919005219
RUNG 18446743886617930321 4611685971654482583 11 211749
RUNG 18446743603239957721 4611685900809989431 3 16111649
RUNG 18446743819910611921 4611685954977652984 15 206
RUNG 18446743546264999729 4611685886566249935 11 3665
RUNG 18446743711298588449 4611685927824647113 3 342467
RUNG 18446743875601126849 4611685968900281714 7 19
RUNG 18446743504274532841 4611685876068633211 3 596507
RUNG 18446743945024362361 4611685986256090591 3 11123069
RUNG 18446743493568117289 4611685873392029323 3 17753147
RUNG 18446743510359812209 4611685877589953054 7 91951
RUNG 18446743648991865769 4611685912247966443 3 197
RUNG 18446743643774454121 4611685910943613532 7 61
RUNG 18446743915643491561 4611685978910872893 11 127
RUNG 18446743566328045609 4611685891582011403 3 797
RUNG 18446743657231498249 4611685914307874565 11 867873
RUNG 18446743790764577929 4611685947691144483 3 13931
RUNG 18446743937366713609 4611685984341678404 7 31
RUNG 18446743494636107809 4611685873659026955 11 117
RUNG 18446743661858763409 4611685915464690855 11 117
RUNG 18446743824151934449 4611685956037983615 11 117
RUNG 18446743932478072369 4611685983119518093 3 6071207
RUNG 18446743531889044681 4611685882972261172 7 61
RUNG 18446743574463536641 4611685893615884161 3 15131
RUNG 18446743721604770881 4611685930401192722 7 6452
RUNG 18446743979779888081 4611685994944972024 15 356
RUNG 18446743556767220041 4611685889191805011 3 7649
RUNG 18446743676471604841 4611685919117901213 11 1046382775556276781034751436627
RUNG 18446743784838583561 4611685946209645891 3 5903
RUNG 18446743939202517481 4611685984800629371 3 15173
RUNG 18446743575886846609 4611685893971711653 3 127739
RUNG 18446743998576874369 4611685999644218597 19 9737078452628871874193379607
RUNG 18446744002922335489 4611686000730583874 7 31
RUNG 18446743816157358529 4611685954039339633 3 521
RUNG 18446743622727161641 4611685905681790412 7 241
RUNG 18446743739111189401 4611685934777797351 3 195389
RUNG 18446743529312000809 4611685882328000204 7 7444
RUNG 18446743730718406009 4611685932679601504 7 38
RUNG 18446743886660832649 4611685971665208165 11 695
RUNG 18446743991488956049 4611685997872239015 11 1839
RUNG 18446743756566548809 4611685939141637205 11 2087
RUNG 18446743639870089769 4611685909967522446 15 1406
RUNG 18446743802549206369 4611685950637301593 3 269
RUNG 18446743886885458369 4611685971721364593 3 43019
RUNG 18446743751706494569 4611685937926623644 7 76
RUNG 18446743849832642689 4611685962458160676 15 131
RUNG 18446743698464386369 4611685924616096593 3 101
RUNG 18446743604271208801 4611685901067802202 7 74298628
RUNG 18446744016265031041 4611686004066257761 3 163481
RUNG 18446743585092370321 4611685896273092581 3 3257
RUNG 18446743647158135401 4611685911789533851 3 1097
RUNG 18446743768247023321 4611685942061755831 3 15413
RUNG 18446743781532535681 4611685945383133924 15 101
RUNG 18446743611937029841 4611685902984257461 3 32057
RUNG 18446743723340522041 4611685930835130514 15 10691
RUNG 18446743940109194161 4611685985027298541 3 197
RUNG 18446743498381227649 4611685874595306917 19 177815537863
RUNG 18446743862029752889 4611685965507438223 3 1553
RUNG 18446743537157526361 4611685884289381592 7 257
RUNG 18446743544263825561 4611685886065956392 7 179884
RUNG 18446743564821042241 4611685891205260561 3 3677
RUNG 18446743606207066921 4611685901551766732 7 124
RUNG 18446743644348290041 4611685911087072511 3 5395151
RUNG 18446743735856187361 4611685933964046842 7 11002
RUNG 18446743983429032881 4611685995857258222 7 29594
RUNG 18446743883030095921 4611685970757523982 7 17414
RUNG 18446743915578171481 4611685978894542872 7 47
RUNG 18446743946747871049 4611685986686967763 3 55469
RUNG 18446744007594538561 4611686001898634641 3 197
RUNG 18446743546077163249 4611685886519290814 7 62
RUNG 18446743573285304209 4611685893321326054 7 118
RUNG 18446743672532532289 4611685918133133073 3 6449
RUNG 18446744039207365561 4611686009801841393 11 93411
RUNG 18446744044226707801 4611686011056676951 3 720983
RUNG 18446744061467652841 4611686015366913212 7 69494
RUNG 18446744043195479881 4611686010798869971 3 73181
RUNG 18446744047322454889 4611686011830613723 3 857
RUNG 18446744032129692841 4611686008032423211 3 1834364003
RUNG 18446744062017002449 4611686015504250613 3 1277
RUNG 18446744056828186009 4611686014207046504 7 82
RUNG 18446744031508945441 4611686007877236362 7 1084
RUNG 18446744027923125961 4611686006980781492 7 31
RUNG 18446744056901728801 4611686014225432201 3 4673
RUNG 18446744063732362249 4611686015933090563 3 30113
RUNG 18446744043030174601 4611686010757543651 3 293
RUNG 18446744063626195249 4611686015906548813 3 30403091
RUNG 18446744027435128729 4611686006858782184 7 783964
RUNG 18446744034802813921 4611686008700703482 7 188
RUNG 18446744036107684441 4611686009026921111 3 2417
RUNG 18446744058960154081 4611686014740038522 7 27597503
RUNG 18446744063695644841 4611686015923911212 7 269
RUNG 18446744051694576601 4611686012923644151 3 10680221
RUNG 18446744035946370169 4611686008986592543 3 569
RUNG 18446744039965107409 4611686009991276853 3 2633
RUNG 18446744039732335441 4611686009933083861 3 4523
RUNG 18446744048376290761 4611686012094072691 3 9791
RUNG 18446744022595554649 4611686005648888663 3 9851
RUNG 18446744064455332921 4611686016113833233 11 15003
RUNG 18446744048929710721 4611686012232427682 7 934
RUNG 18446744048621364961 4611686012155341241 3 4217
RUNG 18446744048921556601 4611686012230389151 3 1949
RUNG 18446744035082659921 4611686008770664983 11 153
RUNG 18446744028960631729 4611686007240157934 7 62
RUNG 18446744042217556129 4611686010554389034 7 3428
RUNG 18446744049164584441 4611686012291146113 11 351
RUNG 18446744041529404441 4611686010382351113 11 166687446158398233
RUNG 18446744043167120521 4611686010791780132 7 124
RUNG 18446744063436412441 4611686015859103111 3 262698053
RUNG 18446744047614688129 4611686011903672035 11 3687
RUNG 18446744058317031601 4611686014579257901 3 275117897
RUNG 18446744037102287449 4611686009275571863 3 5147
RUNG 18446744055321368329 4611686013830342085 11 403817
RUNG 18446744054516810041 4611686013629202512 7 2078
RUNG 18446744050734957169 4611686012683739296 15 3896
RUNG 18446744052337969729 4611686013084492435 11 153
RUNG 18446744040559483489 4611686010139870873 3 149
RUNG 18446744061090156289 4611686015272539075 11 41835
RUNG 18446744062117302409 4611686015529325603 3 269
RUNG 18446744029840822921 4611686007460205732 7 82
RUNG 18446744043287658001 4611686010821914501 3 130517
RUNG 18446744064518770729 4611686016129692685 11 545
RUNG 18446744056569110881 4611686014142277721 3 691037
RUNG 18446744037071713609 4611686009267928403 3 78737
RUNG 18446744032852866721 4611686008213216682 7 4798
RUNG 18446744045413467001 4611686011353366753 11 18523
RUNG 18446744055055986121 4611686013763996531 3 10253
RUNG 18446744038754389801 4611686009688597451 3 5619167
RUNG 18446744031878843521 4611686007969710882 7 17087054
RUNG 18446744061661997929 4611686015415499484 7 236
RUNG 18446744061049389409 4611686015262347353 3 737039969
RUNG 18446744028080655169 4611686007020163794 7 65602
RUNG 18446744026626728569 4611686006656682143 3 850301
RUNG 18446744062264416721 4611686015566104182 7 59
RUNG 18446744063971563649 4611686015992890914 7 154713508
RUNG 18446744041188531721 4611686010297132934 15 356
RUNG 18446744038668663169 4611686009667165793 3 809
RUNG 18446744030427000961 4611686007606750242 7 68
RUNG 18446744048092717009 4611686012023179253 3 101
RUNG 18446744033822950561 4611686008455737642 7 289526
RUNG 18446744048860541569 4611686012215135393 3 246209
RUNG 18446744044476285409 4611686011119071353 3 12789047
RUNG 18446744023075719289 4611686005768929823 3 10853
RUNG 18446744042397517729 4611686010599379433 3 11273
RUNG 18446744023143137641 4611686005785784413 11 909046899
RUNG 18446744024948301001 4611686006237075253 11 1377
RUNG 18446744048405215321 4611686012101303831 3 1193
RUNG 18446744032297605649 4611686008074401414 7 62
RUNG 18446744047988647609 4611686011997161903 3 363475349
RUNG 18446744043753464209 4611686010938366054 7 80892446
RUNG 18446744027172111121 4611686006793027782 7 356
RUNG 18446744033337036169 4611686008334259043 3 34076951
RUNG 18446744044408979209 4611686011102244805 11 2169815
RUNG 18446744046969697369 4611686011742424343 3 113
RUNG 18446744064535343881 4611686016133835971 3 89
RUNG 18446744060036731609 4611686015009182906 15 86
RUNG 18446744046138608281 4611686011534652072 7 164
RUNG 18446744022077254321 4611686005519313584 15 69764951
RUNG 18446744054427259561 4611686013606814893 11 107
RUNG 18446744048219470369 4611686012054867593 3 45341
RUNG 18446744025350667601 4611686006337666902 7 65357
RUNG 18446744053257190441 4611686013314297613 11 6399
RUNG 18446744041299014809 4611686010324753704 7 11434
RUNG 18446744058207109129 4611686014551777284 7 596798
RUNG 18446744063988126121 4611686015997031531 3 123059
RUNG 18446744022030333409 4611686005507583353 3 18839
RUNG 18446744048468626081 4611686012117156521 3 101
RUNG 18446744036630940241 4611686009157735062 7 11212
RUNG 18446744033375929441 4611686008343982361 3 101
RUNG 18446744034190707481 4611686008547676872 7 929
RUNG 18446744024180630929 4611686006045157742 39 7796
RUNG 18446744055813881161 4611686013953470292 7 157
RUNG 18446744023071815929 4611686005767953984 7 62
RUNG 18446744064343486369 4611686016085871593 3 30937199
RUNG 18446744057292334081 4611686014323083522 7 70318
RUNG 18446744049107839921 4611686012276959982 7 68
RUNG 18446744032069059529 4611686008017264884 7 1635476
RUNG 18446744034252000769 4611686008563000195 11 57
RUNG 18446744043433024489 4611686010858256123 3 66736181
RUNG 18446744024785115449 4611686006196278863 3 653
RUNG 18446744032334559769 4611686008083639943 3 197
RUNG 18446744021911987681 4611686005477996922 7 122
RUNG 18446744029735054321 4611686007433763583 11 351
RUNG 18446744053559545441 4611686013389886363 11 11699
RUNG 18446744032826717689 4611686008206679423 3 29355017
RUNG 18446744031380954881 4611686007845238721 3 3070961
RUNG 18446744047470188041 4611686011867547012 7 178
RUNG 18446744051650245241 4611686012912561312 7 3722
RUNG 18446744029577837689 4611686007394459423 3 1103
RUNG 18446744027676700849 4611686006919175214 7 4492
RUNG 18446744022977974729 4611686005744493684 7 178
RUNG 18446744036467695001 4611686009116923752 7 17551964
RUNG 18446744022536918449 4611686005634229615 11 285
RUNG 18446744023847908129 4611686005961977033 3 353117
RUNG 18446744044958517649 4611686011239629414 7 720439996
RUNG 18446744033839617721 4611686008459904434 15 326
RUNG 18446744031746535649 4611686007936633913 3 569
RUNG 18446744056257151681 4611686014064287922 7 3369838
RUNG 18446744042420292481 4611686010605073124 15 19661
RUNG 18446744045820289201 4611686011455072301 3 1103
RUNG 18446744022898398769 4611686005724599694 7 622
RUNG 18446744041762767481 4611686010440691873 11 1957313
RUNG 18446744030978754649 4611686007744688663 3 5849
RUNG 18446744037213108241 4611686009303277065 19 1975
RUNG 18446744050504755001 4611686012626188752 7 2708
RUNG 18446744052360969361 4611686013090242342 7 118
RUNG 18446744038156545721 4611686009539136431 3 809309
RUNG 18446744064290579041 4611686016072644761 3 7823
RUNG 18446744025069132361 4611686006267283091 3 4937
RUNG 18446744038991761081 4611686009747940271 3 50014331
RUNG 18446744046743350321 4611686011685837581 3 89
RUNG 18446744036322820969 4611686009080705244 7 12001156
RUNG 18446744036704682449 4611686009176170613 3 113
RUNG 18446744036055321529 4611686009013830383 3 2818649
RUNG 18446744030723567329 4611686007680891834 7 186793
RUNG 18446744037086563969 4611686009271640993 3 761
RUNG 18446744059763420041 4611686014940855012 7 283
RUNG 18446744048556708361 4611686012139177092 7 236
RUNG 18446744045075039929 4611686011268759983 3 113
RUNG 18446744042156969449 4611686010539242364 7 50087812
RUNG 18446744022198074521 4611686005549518631 3 257
RUNG 18446744021587508929 4611686005396877234 7 157351
RUNG 18446744047331513761 4611686011832878442 7 2503836956
RUNG 18446744021703912961 4611686005425978243 11 13222676212833
RUNG 18446744029919042161 4611686007479760542 7 10156
RUNG 18446744055967311529 4611686013991827883 3 76001
RUNG 18446744042110034809 4611686010527508703 3 338993
RUNG 18446744052779708689 4611686013194927174 7 8042
RUNG 18446744031738531601 4611686007934632901 3 41843
RUNG 18446744046990532849 4611686011747633213 3 233
RUNG 18446744056138880161 4611686014034720042 7 110108
RUNG 18446744048366888521 4611686012091722132 7 922
RUNG 18446744053494451081 4611686013373612771 3 25720001
RUNG 18446744031201507961 4611686007800376992 7 41
RUNG 18446744059106011009 4611686014776502754 7 1414311916
RUNG 18446744023737879529 4611686005934469883 3 6857
RUNG 18446744022635178721 4611686005658794681 3 1188293
RUNG 18446744063020606369 4611686015755151593 3 1697
RUNG 18446744027184876841 4611686006796219211 3 353
RUNG 18446744048505817801 4611686012126454451 3 701
RUNG 18446744048622220321 4611686012155555083 11 327
RUNG 18446744047544023369 4611686011886005843 3 701
RUNG 18446744030015153161 4611686007503788292 7 263707253
RUNG 18446744053049373961 4611686013262343491 3 137
RUNG 18446744041099363609 4611686010274840903 3 1901
RUNG 18446744028655173841 4611686007163793461 3 8699
RUNG 18446744058274975249 4611686014568743814 7 454
RUNG 18446744053041233329 4611686013260308333 3 5381
RUNG 18446744050715354089 4611686012678838525 11 19
RUNG 18446744043672358801 4611686010918089703 11 3643521152066721549693364833
RUNG 18446744064580811281 4611686016145202823 11 81644499
RUNG 18446744038632611641 4611686009658152912 7 62
RUNG 18446744047343954521 4611686011835988632 7 336199
RUNG 18446744037491112121 4611686009372778031 3 2969
RUNG 18446744059900470889 4611686014975117723 3 362221331
RUNG 18446744061417720889 4611686015354430224 7 19262
RUNG 18446744038632645649 4611686009658161415 11 208095
RUNG 18446744027013439729 4611686006753359934 7 755737
RUNG 18446744061476949241 4611686015369237312 7 3142
RUNG 18446744058399602929 4611686014599900736 15 86
RUNG 18446744045248884481 4611686011312221121 3 1253969
RUNG 18446744022555701161 4611686005638925291 3 1361
RUNG 18446744038383570361 4611686009595892591 3 722639
RUNG 18446744035322556241 4611686008830639061 3 3564017
RUNG 18446744035632951481 4611686008908237871 3 2837
RUNG 18446744038610245801 4611686009652561451 3 461
RUNG 18446744056449508801 4611686014112377202 7 91733
RUNG 18446744044383096961 4611686011095774243 11 109
RUNG 18446744056422965089 4611686014105741273 3 28409
RUNG 18446744029809063049 4611686007452265764 7 206
RUNG 18446744035424675881 4611686008856168973 11 298209
RUNG 18446744036995006321 4611686009248751581 3 902597
RUNG 18446744050776741361 4611686012694185342 7 31
RUNG 18446744056312713241 4611686014078178313 11 503
RUNG 18446744039359704721 4611686009839926184 15 45896
RUNG 18446744064476805529 4611686016119201383 3 2789
RUNG 18446744049863968609 4611686012465992153 3 1898027
RUNG 18446744040301101529 4611686010075275384 7 38
RUNG 18446744062232611129 4611686015558152783 3 1277
RUNG 18446744062136636689 4611686015534159174 7 706
RUNG 18446744036809216129 4611686009202304033 3 179393
RUNG 18446744022079991809 4611686005519997956 15 7736
RUNG 18446744031375357889 4611686007843839474 7 30631
RUNG 18446744039960097481 4611686009990024372 7 178
RUNG 18446744039026897441 4611686009756724361 3 22769
RUNG 18446744052253193881 4611686013063298472 7 47
RUNG 18446744053362031801 4611686013340507952 7 118
RUNG 18446744054509658281 4611686013627414571 3 101
RUNG 18446744022821282401 4611686005705320601 3 89
RUNG 18446744054534167969 4611686013633541993 3 293
RUNG 18446744043670525801 4611686010917631451 3 317
RUNG 18446744048183445289 4611686012045861323 3 4091
RUNG 18446744042102256241 4611686010525564061 3 33096377
RUNG 18446744064109326001 4611686016027331501 3 12119
RUNG 18446744031575562481 4611686007893890621 3 257
RUNG 18446744055348997249 4611686013837249318 23 175662
RUNG 18446744062381783201 4611686015595445802 7 5793406
RUNG 18446744039225051449 4611686009806262864 7 67931
RUNG 18446744022463992481 4611686005615998122 7 124
RUNG 18446744050002946129 4611686012500736533 3 89
RUNG 18446744035259446201 4611686008814861552 7 1132
RUNG 18446744029903175809 4611686007475793955 11 153
RUNG 18446744060560334521 4611686015140083632 7 86092
RUNG 18446744043956511529 4611686010989127884 7 19
RUNG 18446744034034248241 4611686008508562062 7 3428
RUNG 18446744024497929001 4611686006124482257 27 2340979117870236053
RUNG 18446744037716072521 4611686009429018133 11 38232189
RUNG 18446744032966297801 4611686008241574453 11 2690217
RUNG 18446744035167617569 4611686008791904393 3 34919
RUNG 18446744043121371121 4611686010780342781 3 653
RUNG 18446744048232599401 4611686012058149851 3 24113
RUNG 18446744039427333529 4611686009856833384 7 101
RUNG 18446744028998637361 4611686007249659341 3 65033
RUNG 18446744035343258881 4611686008835814722 7 229
RUNG 18446744048634906601 4611686012158726652 7 3338
RUNG 18446744045841398641 4611686011460349662 7 2978
RUNG 18446744050270583401 4611686012567645852 7 626
RUNG 18446744035984480441 4611686008996120111 3 1187
RUNG 18446744048434798321 4611686012108699585 19 695413
RUNG 18446744037295481209 4611686009323870304 7 194
RUNG 18446744052943643089 4611686013235910775 11 865
RUNG 18446744029104877249 4611686007276219313 3 293129
RUNG 18446744052210564721 4611686013052641181 3 5879
RUNG 18446744054534410729 4611686013633602683 3 4799
RUNG 18446744063580655729 4611686015895163934 7 52697228
RUNG 18446744028947661001 4611686007236915251 3 58763
RUNG 18446744031361366009 4611686007840341504 7 181
RUNG 18446744062747520809 4611686015686880203 3 1619
RUNG 18446744037097456441 4611686009274364112 7 7108
RUNG 18446744032410985201 4611686008102746301 3 135019193
RUNG 18446744059800870529 4611686014950217633 3 461
RUNG 18446744053960638529 4611686013490159634 7 19
RUNG 18446744048075483449 4611686012018870863 3 11338571
RUNG 18446744059073911681 4611686014768477922 7 412
RUNG 18446744030460859801 4611686007615214952 7 916
RUNG 18446744023070719129 4611686005767679786 15 356
RUNG 18446744026321648129 4611686006580412033 3 89
RUNG 18446744024745207889 4611686006186301974 7 21374
RUNG 18446744023421970169 4611686005855492546 15 41
RUNG 18446744026568767009 4611686006642191753 3 18371
RUNG 18446744026785223249 4611686006696305813 3 7331
RUNG 18446744033354470201 4611686008338617551 3 113
RUNG 18446744052390369769 4611686013097592444 7 59
RUNG 18446744033321800681 4611686008330450171 3 4133
RUNG 18446744052880460641 4611686013220115161 3 266897
RUNG 18446744021976233401 4611686005494058351 3 45077
RUNG 18446744061011871361 4611686015252967842 7 47
RUNG 18446744035537423369 4611686008884355845 11 13521
RUNG 18446744060593259161 4611686015148314793 11 34422669
RUNG 18446744064181123441 4611686016045280861 3 7448717
RUNG 18446744038751599561 4611686009687899892 7 31
RUNG 18446744050838434321 4611686012709608582 7 773867
RUNG 18446744024880026881 4611686006220006721 3 353
RUNG 18446744023036067281 4611686005759016824 15 1030556
RUNG 18446744045410700881 4611686011352675221 3 154451123
RUNG 18446744045978397241 4611686011494599314 15 326
RUNG 18446744055645415129 4611686013911353784 7 3622
RUNG 18446744036209280401 4611686009052320102 7 236
RUNG 18446744033019629209 4611686008254907303 3 2393
RUNG 18446744028796693201 4611686007199173301 3 13127
RUNG 18446744048773980241 4611686012193495061 3 941
RUNG 18446744033846695921 4611686008461673981 3 389
RUNG 18446744060395258969 4611686015098814743 3 89
RUNG 18446744030009704081 4611686007502426023 11 1737
RUNG 18446744028100397881 4611686007025099476 23 2844
RUNG 18446744031038896609 4611686007759724155 11 7167
RUNG 18446744029274576929 4611686007318644234 7 38
RUNG 18446744062896765529 4611686015724191383 3 121937
RUNG 18446744061855340009 4611686015463835005 11 681
RUNG 18446744029182700729 4611686007295675185 11 699
RUNG 18446744055755779009 4611686013938944757 19 36492271428298869862141
RUNG 18446744052508935601 4611686013127233901 3 1601
RUNG 18446744060305444321 4611686015076361083 11 153
RUNG 18446744063223531169 4611686015805882793 3 449
RUNG 18446744058622817809 4611686014655704455 11 51981
RUNG 18446744033391378721 4611686008347844681 3 103821269
RUNG 18446744053360488121 4611686013340122031 3 135329
RUNG 18446744053756652089 4611686013439163026 15 26060396
RUNG 18446744021602691089 4611686005400672776 15 4436
RUNG 18446744045655880249 4611686011413970063 3 1467299
RUNG 18446744039827915681 4611686009956978921 3 6653
RUNG 18446744043091098289 4611686010772774573 3 475351853
RUNG 18446744043893635681 4611686010973408922 7 3169
RUNG 18446744056107086329 4611686014026771583 3 30971
RUNG 18446744046442112041 4611686011610528011 3 343787
RUNG 18446744063754536401 4611686015938634102 7 6407138
RUNG 18446744051361411769 4611686012840352943 3 1409
RUNG 18446744048496441001 4611686012124110251 3 179549
RUNG 18446744023350762121 4611686005837690532 7 1042
RUNG 18446744025827757649 4611686006456939413 3 2753
RUNG 18446744053801667041 4611686013450416761 3 370871
RUNG 18446744056209233209 4611686014052308303 3 33857
RUNG 18446744048943662929 4611686012235915733 3 1665563
RUNG 18446744055735487969 4611686013933871994 7 124
RUNG 18446744033369026489 4611686008342256624 7 398
RUNG 18446744058116517361 4611686014529129341 3 661103
RUNG 18446744022623839129 4611686005655959786 15 596
RUNG 18446744034816866521 4611686008704216631 3 2579
RUNG 18446744034012304609 4611686008503076156 15 41
RUNG 18446744051837271769 4611686012959317948 23 12086744
RUNG 18446744050389475129 4611686012597368783 3 113
RUNG 18446744036897728561 4611686009224432143 11 9371
RUNG 18446744047165108921 4611686011791277231 3 1550441
RUNG 18446744023367175289 4611686005841793824 7 178
RUNG 18446744040969561529 4611686010242390384 7 65626238
RUNG 18446744062170031609 4611686015542507903 3 516611
RUNG 18446744035302940561 4611686008825735141 3 7577
RUNG 18446744061414506041 4611686015353626512 7 962834
RUNG 18446744064005865169 4611686016001466293 3 1178237
RUNG 18446744030939112529 4611686007734778133 3 11261189
RUNG 18446744058663899521 4611686014665974881 3 937481
RUNG 18446744035045677961 4611686008761419491 3 8669
