RUNG 15590940199565650921 3897735049891412731 3 149
RUNG 15590940269454469921 3897735067363617483 11 1251
RUNG 15590940584837337721 3897735146209334433 11 1197326413
RUNG 15590940634401732601 3897735158600433153 11 6399
RUNG 15590940548958695449 3897735137239673868 23 333
RUNG 15590940621373517929 3897735155343379484 7 227
RUNG 15590940332255368921 3897735083063842233 11 7705491
RUNG 15590940489527163601 3897735122381790901 3 83399
RUNG 15590940477891619801 3897735119472904952 7 2386
RUNG 15590940484081043041 3897735121020260762 7 97
RUNG 15590940596093063161 3897735149023265791 3 3943307
RUNG 15590940128318877001 3897735032079719254 15 2746500791
RUNG 15590940371883198001 3897735092970799502 7 124
RUNG 15590940475349280721 3897735118837320183 11 549
RUNG 15590940346649709889 3897735086662427473 3 2950511
RUNG 15590940458502450889 3897735114625612723 3 5657
RUNG 15590940553761574849 3897735138440393717 19 1216927
RUNG 15590940126493293769 3897735031623323445 11 1605
RUNG 15590940216181732609 3897735054045433155 11 505
RUNG 15590940238039728769 3897735059509932193 3 3137
RUNG 15590940273863236489 3897735068465809124 7 1319
RUNG 15590940292321236049 3897735073080309013 3 6197
RUNG 15590940616864695889 3897735154216173973 3 1998881
RUNG 15590940291484000921 3897735072871000231 3 4349687
RUNG 15590940128811010681 3897735032202752673 11 16803
RUNG 15590940530061660481 3897735132515415123 11 1133103492747
RUNG 15590940183880746169 3897735045970186544 7 1041298
RUNG 15590940193133229409 3897735048283307353 3 113
RUNG 15590940458984374969 3897735114746093744 7 41
RUNG 15590940462147494929 3897735115536873733 3 89
RUNG 15590940562152320401 3897735140538080101 3 1181
RUNG 15590940259742533009 3897735064935633254 7 412
RUNG 15590940278386358209 3897735069596589555 11 467689
RUNG 15590940410733012649 3897735102683253164 7 26662
RUNG 15590940493993109569 3897735123498277393 3 17579
RUNG 15590940634987804249 3897735158746951066 15 41
RUNG 15590940258480553201 3897735064620138301 3 64908149
RUNG 15590940142112862409 3897735035528215603 3 1181
RUNG 15590940228346170601 3897735057086542653 11 2157933
RUNG 15590940480748441561 3897735120187110393 11 5861884894857
RUNG 15590940646978665721 3897735161744666431 3 89
RUNG 15590940602208981409 3897735150552245355 11 205
RUNG 15590940302225138041 3897735075556284512 7 372308
RUNG 15590940371713717201 3897735092928429301 3 2309
RUNG 15590940511452556441 3897735127863139111 3 10529
RUNG 15590940156597055849 3897735039149263963 3 2591
RUNG 15590940173709351361 3897735043427337842 7 5087
RUNG 15590940182649402481 3897735045662350621 3 1181
RUNG 15590940194311492921 3897735048577873231 3 12396491
RUNG 15590940382130163961 3897735095532540993 11 894244713
RUNG 15590940383553465841 3897735095888366464 15 146
RUNG 15590940277824803329 3897735069456200834 7 96946
RUNG 15590940488318286529 3897735122079571633 3 569
RUNG 15590940290910196081 3897735072727549021 3 7907
RUNG 15590940580206002881 3897735145051500722 7 62
RUNG 15590940588749898241 3897735147187474563 11 83091
RUNG 15590940597526586161 3897735149381646541 3 149
RUNG 15590940484013667361 3897735121003416841 3 6081707
RUNG 15590940408284614129 3897735102071153535 11 762885639
RUNG 15590940128659910281 3897735032164977573 11 281
RUNG 15590940139011011041 3897735034752752761 3 2465063
RUNG 15590940162678254641 3897735040669563662 7 124
RUNG 15590940248425556281 3897735062106389074 15 596
RUNG 15590940297036318481 3897735074259079621 3 80369
RUNG 15590940323164220281 3897735080791055071 3 569
RUNG 15590940423953188561 3897735105988297141 3 29837
RUNG 15590940496474198969 3897735124118549743 3 593
RUNG 15590940551991140449 3897735137997785113 3 2736233
RUNG 15590940605337393409 3897735151334348353 3 4673
RUNG 15590940397081987081 3897735099270496774 15 850931
RUNG 15590940366173670481 3897735091543417621 3 137
RUNG 15590940322420922209 3897735080605230555 11 7167
RUNG 15590940491863275289 3897735122965818825 11 45249
RUNG 15590940131192044921 3897735032798011232 7 677
RUNG 15590940520445710081 3897735130111427521 3 257
RUNG 15590940243442984921 3897735060860746232 7 31
RUNG 15590940258202850041 3897735064550712511 3 6221
RUNG 15590940254102435401 3897735063525608852 7 94
RUNG 15590940317342372161 3897735079335593043 11 58031
RUNG 15590940531740235841 3897735132935058962 7 31
RUNG 15590940364621724881 3897735091155431222 7 1118864732
RUNG 15590940546253014721 3897735136563253682 7 41761
RUNG 15590940336388480561 3897735084097120142 7 68
RUNG 15590940341128055401 3897735085282013851 3 2438081
RUNG 15590940399232261561 3897735099808065392 7 68
RUNG 15590940617015827561 3897735154253956891 3 21361121
RUNG 15590940622431317641 3897735155607829411 3 4783391
RUNG 15590940401270218009 3897735100317554505 11 19641
RUNG 15590940541582870489 3897735135395717624 7 8396
RUNG 15590940592166243329 3897735148041560833 3 1246361
RUNG 15590940171818436049 3897735042954609014 7 223796
RUNG 15590940196878352849 3897735049219588213 3 569
RUNG 15590940197278592689 3897735049319648173 3 1787
RUNG 15590940588359883289 3897735147089970824 7 175556
RUNG 15590940337687223161 3897735084421805792 7 433
RUNG 15590940419021676361 3897735104755419092 7 68026636
RUNG 15590940452717379481 3897735113179344871 3 314154359
RUNG 15590940520513107481 3897735130128276871 3 653
RUNG 15590940192020343049 3897735048005085766 15 25946
RUNG 15590940198262859329 3897735049565714834 7 38
RUNG 15590940226298026489 3897735056574506624 7 59764498
RUNG 15590940479325160849 3897735119831290213 3 2609
RUNG 15590940596068587649 3897735149017146914 7 5554
RUNG 15590940637697615089 3897735159424403773 3 50753
RUNG 15590940271633356841 3897735067908339213 11 219625801
RUNG 15590940646306856041 3897735161576714012 7 1012919
RUNG 15590940338483621281 3897735084620905322 7 33452
RUNG 15590940456797376841 3897735114199344211 3 2351
RUNG 15590940588792800401 3897735147198200103 11 172943091
RUNG 15590940153740263321 3897735038435065831 3 173
RUNG 15590940185007979801 3897735046251994952 7 188
RUNG 15590940176770391161 3897735044192597791 3 89
RUNG 15590940210351738961 3897735052587934743 11 255239
RUNG 15590940403167281881 3897735100791820471 3 3203
RUNG 15590940492647436361 3897735123161859092 7 1151
RUNG 15590940507329703961 3897735126832425991 3 825509
RUNG 15590940145672168369 3897735036418042094 7 142161332
RUNG 15590940158428792249 3897735039607198063 3 154409
RUNG 15590940180002944969 3897735045000736244 7 101527
RUNG 15590940214435823449 3897735053608955863 3 281
RUNG 15590940346292388289 3897735086573097074 7 76
RUNG 15590940403204043089 3897735100801010774 7 318338
RUNG 15590940459351975169 3897735114837993796 15 101
RUNG 15590940241878799561 3897735060469699891 3 10343
RUNG 15590940401729690761 3897735100432422691 3 5179943
RUNG 15590940599223547321 3897735149805886832 7 68
RUNG 15590940293760910849 3897735073440227713 3 269
RUNG 15590940331930722529 3897735082982680635 11 6024719
RUNG 15590940481606128409 3897735120401532103 3 157769
RUNG 15590940125745944521 3897735031436486131 3 173561
RUNG 15590940268870486081 3897735067217621523 11 569
RUNG 15590940161939061529 3897735040484765383 3 23189
RUNG 15590940184227928129 3897735046056982033 3 7523
RUNG 15590940286370768929 3897735071592692233 3 2753
RUNG 15590940308961857449 3897735077240464363 3 17021
RUNG 15590940522169215121 3897735130542303781 3 12911
RUNG 15590940635841413761 3897735158960353442 7 41
RUNG 15590940165939422761 3897735041484855691 3 67409
RUNG 15590940608735376361 3897735152183844095 19 12325
RUNG 15590940299211121441 3897735074802780362 7 3989
RUNG 15590940600587636881 3897735150146909222 7 482
RUNG 15590940136969001809 3897735034242250454 7 18196
RUNG 15590940388983284329 3897735097245821084 7 31
RUNG 15590940404762127409 3897735101190531856 15 1181
RUNG 15590940413414250889 3897735103353562727 19 604143394542750150565239479
RUNG 15590940449868748969 3897735112467187244 7 21871
RUNG 15590940555558614401 3897735138889653601 3 149
RUNG 15590940481765415881 3897735120441353971 3 92504537
RUNG 15590940503437586401 3897735125859396602 7 881
RUNG 15590940183084394129 3897735045771098534 7 1291173602
RUNG 15590940288459784249 3897735072114946066 15 410292341
RUNG 15590940498448883569 3897735124612220894 7 2491373204
RUNG 15590940201133986649 3897735050283496663 3 1493
RUNG 15590940230792575609 3897735057698143907 19 4371703
RUNG 15590940370457901409 3897735092614475353 3 43403
RUNG 15590940398147963809 3897735099536990954 7 118
RUNG 15590940434957776849 3897735108739444213 3 349676051
RUNG 15590940498201797689 3897735124550449423 3 101
RUNG 15590940326554042129 3897735081638510535 11 285
RUNG 15590940433503845089 3897735108375961273 3 25425461
RUNG 15590940182494246441 3897735045623561612 7 59
RUNG 15590940342245077681 3897735085561269425 19 596555
RUNG 15590940349606631881 3897735087401657972 7 6947
RUNG 15590940480227762521 3897735120056940632 7 26673524
RUNG 15590940437540959969 3897735109385239994 7 412
RUNG 15590940632082026689 3897735158020506673 3 7529
RUNG 15590940428270098609 3897735107067524656 15 1286
RUNG 15590940618482040529 3897735154620510133 3 221063489
RUNG 15590940196361742601 3897735049090435652 7 234482
RUNG 15590940225317870449 3897735056329467614 7 124
RUNG 15590940286135947769 3897735071533986943 3 9743
RUNG 15590940141886242961 3897735035471560744 15 641
RUNG 15590940204797411689 3897735051199352923 3 6779
RUNG 15590940278927547769 3897735069731886945 11 2493
RUNG 15590940200666365921 3897735050166591481 3 54443
RUNG 15590940368940673489 3897735092235168373 3 325643
RUNG 15590940279470733241 3897735069867683313 11 16323
RUNG 15590940387308823601 3897735096827205902 7 56894
RUNG 15590940390676148089 3897735097669037024 7 262
RUNG 15590940422197077529 3897735105549269383 3 6761
RUNG 15590940341552834281 3897735085388208571 3 4171313
RUNG 15590940382855135321 3897735095713783833 11 75017
RUNG 15590940485753530921 3897735121438382731 3 1787
RUNG 15590940648173308441 3897735162043327112 7 19298
RUNG 15590940245158336969 3897735061289584243 3 197
RUNG 15590940403698238489 3897735100924559623 3 113
RUNG 15590940571482455089 3897735142870613774 7 7796
RUNG 15590940607977793969 3897735151994448494 7 4260436
RUNG 15590940125439658849 3897735031359914713 3 611069
RUNG 15590940234923636521 3897735058730909132 7 1132
RUNG 15590940546869751001 3897735136717437752 7 3932
RUNG 15590940226857578881 3897735056714394721 3 6399971
RUNG 15590940330172550641 3897735082543137661 3 212501
RUNG 15590940559640669521 3897735139910167381 3 89
RUNG 15590940172433131081 3897735043108282773 11 1516038523184863
RUNG 15590940180470600761 3897735045117650192 7 73
RUNG 15590940621453222841 3897735155363305712 7 530302
RUNG 15590940646582567081 3897735161645641771 3 25847
RUNG 15590940389267148889 3897735097316787225 11 1707
RUNG 15590940211387087369 3897735052846771845 11 1165
RUNG 15590940278368041409 3897735069592010353 3 89
RUNG 15590940503049618529 3897735125762404635 11 1165
RUNG 15590940227302747609 3897735056825686905 11 541
RUNG 15590940259720132609 3897735064930033153 3 509
RUNG 15590940620148360769 3897735155037090193 3 111167219
RUNG 15590940488455159801 3897735122113789952 7 383
RUNG 15590940506725291681 3897735126681322923 11 79
RUNG 15590940542914324561 3897735135728581141 3 821
RUNG 15590940206349376801 3897735051587344201 3 293
RUNG 15590940496384402081 3897735124096100521 3 66662291
RUNG 15590940540302556361 3897735135075639091 3 2699
RUNG 15590940564343493281 3897735141085873321 3 498389873
RUNG 15590940224670559849 3897735056167639965 11 34477055
RUNG 15590940552199481569 3897735138049870394 7 188
RUNG 15590940163932122929 3897735040983030733 3 1103
RUNG 15590940447967634689 3897735111991908675 11 8285
RUNG 15590940142114969129 3897735035528742283 3 449
RUNG 15590940494366869129 3897735123591717283 3 223241
RUNG 15590940233322686521 3897735058330671632 7 2876
RUNG 15590940416079140401 3897735104019785101 3 269
RUNG 15590940239209888921 3897735059802472231 3 24593
RUNG 15590940270042650881 3897735067510662721 3 17093
RUNG 15590940468371701801 3897735117092925452 7 101
RUNG 15590940589628037001 3897735147407009252 7 1160369108
RUNG 15590940327789500521 3897735081947375131 3 431369
RUNG 15590940315467831521 3897735078866957882 7 122
RUNG 15590940411402870721 3897735102850717690 39 7771325
RUNG 15590940653635782241 3897735163408945562 7 62
RUNG 15590940446162476441 3897735111540619113 11 98303815521
RUNG 15590940452721509929 3897735113180377483 3 2633
RUNG 15590940616699363969 3897735154174840994 7 318244
RUNG 15590940299929951609 3897735074982487903 3 627653399
RUNG 15590940644399637169 3897735161099909294 7 937
RUNG 15590940274085895601 3897735068521473901 3 51600821
RUNG 15590940425235654361 3897735106308913591 3 115578341
RUNG 15590940583665286849 3897735145916321713 3 101
RUNG 15590940197887174849 3897735049471793713 3 317
RUNG 15590940412415731609 3897735103103932906 15 1076
RUNG 15590940251223222601 3897735062805805653 11 4023
RUNG 15590940508054677529 3897735127013669384 7 586
RUNG 15590940553780037209 3897735138445009303 3 44027
RUNG 15590940296135851201 3897735074033962802 7 62
RUNG 15590940408582826681 3897735102145706671 3 32297
RUNG 15590940579922234921 3897735144980558732 7 188
RUNG 15590940601457589601 3897735150364397403 11 153
RUNG 15590940620503699081 3897735155125924771 3 92801
RUNG 15590940121463839609 3897735030365959906 15 8516
RUNG 15590940377958357889 3897735094489589473 3 89
RUNG 15590940444620755369 3897735111155188843 3 5492189
RUNG 15590940504783337849 3897735126195834464 7 404
RUNG 15590940487850743129 3897735121962685783 3 1097
RUNG 15590940346506861361 3897735086626715341 3 2423
RUNG 15590940475345291081 3897735118836322771 3 197
RUNG 15590940325937393041 3897735081484348262 7 412
RUNG 15590940579613896121 3897735144903474032 7 118
RUNG 15590940265615532689 3897735066403883176 15 3656
RUNG 15590940372593924209 3897735093148481053 3 4643
RUNG 15590940421437479569 3897735105359369894 7 706
RUNG 15590940495847375129 3897735123961843784 7 1252
RUNG 15590940187291050481 3897735046822762622 7 66293
RUNG 15590940204864846721 3897735051216211681 3 89
RUNG 15590940524311374121 3897735131077843537 27 580127
RUNG 15590940175198090609 3897735043799522655 11 255
RUNG 15590940496580471929 3897735124145117983 3 85109
RUNG 15590940614865639241 3897735153716409813 11 813
RUNG 15590940560006235769 3897735140001558945 11 95
RUNG 15590940354121637761 3897735088530409442 7 178
RUNG 15590940522304052161 3897735130576013042 7 311
RUNG 15590940188971653529 3897735047242913383 3 2699
RUNG 15590940460027959049 3897735115006989764 7 538
RUNG 15590940126017604121 3897735031504401031 3 233
RUNG 15590940138416871001 3897735034604217751 3 10945307
RUNG 15590940435999276121 3897735108999819031 3 1221089
RUNG 15590940611494235761 3897735152873558945 19 10118671
RUNG 15590940150072836641 3897735037518209161 3 1061
RUNG 15590940261596809201 3897735065399202301 3 16007
RUNG 15590940543059350561 3897735135764837642 7 68
RUNG 15590940325745454121 3897735081436363532 7 8047189
RUNG 15590940441864016681 3897735110466004172 7 104511746
RUNG 15590940239693889841 3897735059923472463 11 107
RUNG 15590940511397522041 3897735127849380511 3 25384049
RUNG 15590940548335983601 3897735137083995901 3 61949
RUNG 15590940229087534609 3897735057271883653 3 1973
RUNG 15590940371076701929 3897735092769175484 7 38
RUNG 15590940468345193249 3897735117086298313 3 172643
RUNG 15590940418086505201 3897735104521626302 7 1042
RUNG 15590940466456306681 3897735116614076671 3 1475476391
RUNG 15590940497193092761 3897735124298273191 3 51713
RUNG 15590940121116712801 3897735030279178204 15 74831
RUNG 15590940211785330841 3897735052946332713 11 276957
RUNG 15590940225677328961 3897735056419332242 7 2084
RUNG 15590940235180983121 3897735058795245781 3 14831
RUNG 15590940270661428121 3897735067665357031 3 14879
RUNG 15590940320842519081 3897735080210629771 3 13217
RUNG 15590940219882020449 3897735054970505114 7 124
RUNG 15590940381568705609 3897735095392176404 7 19
RUNG 15590940373810996489 3897735093452749124 7 19
RUNG 15590940534486871849 3897735133621717963 3 101
RUNG 15590940306129625369 3897735076532406344 7 412
RUNG 15590940433281330049 3897735108320332515 11 285
RUNG 15590940127069265401 3897735031767316353 11 2547
RUNG 15590940347903639161 3897735086975909791 3 6668171
RUNG 15590940266985763681 3897735066746440921 3 23117
RUNG 15590940392548761241 3897735098137190311 3 701
RUNG 15590940418382609281 3897735104595652321 3 113
RUNG 15590940529422618361 3897735132355654592 7 79714
RUNG 15590940126419898529 3897735031604974634 7 1028
RUNG 15590940181836780049 3897735045459195013 3 1120319
RUNG 15590940269824199569 3897735067456049896 15 59756
RUNG 15590940436246375489 3897735109061593873 3 1403080667
RUNG 15590940480687292009 3897735120171823004 7 41
RUNG 15590940206371890721 3897735051592972682 7 262
RUNG 15590940445186426681 3897735111296606672 7 31
RUNG 15590940574621132081 3897735143655283023 11 18489987
RUNG 15590940408382741081 3897735102095685272 7 131
RUNG 15590940565315557121 3897735141328889282 7 124
RUNG 15590940442929974929 3897735110732493734 7 188
RUNG 15590940217605155761 3897735054401288941 3 197
RUNG 15590940425129512801 3897735106282378202 7 61
RUNG 15590940267102163681 3897735066775540921 3 509
RUNG 15590940234562257049 3897735058640564263 3 136733
RUNG 15590940459795184969 3897735114948796245 11 1999
RUNG 15590940165412657081 3897735041353164272 7 47
RUNG 15590940465512897809 3897735116378224454 7 6362
RUNG 15590940362802370729 3897735090700592684 7 62
RUNG 15590940141769919809 3897735035442479954 7 614759
RUNG 15590940204674962009 3897735051168740505 11 1359
RUNG 15590940332970210289 3897735083242552574 7 554396
RUNG 15590940562677247849 3897735140669311966 15 7985171
RUNG 15590940629237541649 3897735157309385418 23 50067
RUNG 15590940216651528481 3897735054162882122 7 44894
RUNG 15590940416800037041 3897735104200009262 7 26876
RUNG 15590940458394349801 3897735114598587456 23 3438
RUNG 15590940451281925321 3897735112820481331 3 173
RUNG 15590940499686441481 3897735124921610372 7 45784532
RUNG 15590940399957292561 3897735099989323143 11 142083
RUNG 15590940440930825161 3897735110232706294 15 1796
RUNG 15590940528462869761 3897735132115717441 3 317
RUNG 15590940560420795761 3897735140105198942 7 97
RUNG 15590940590044670041 3897735147511167511 3 24917
RUNG 15590940442599172561 3897735110649793141 3 12413
RUNG 15590940159899155489 3897735039974788873 3 6221
RUNG 15590940327722170849 3897735081930542713 3 149
RUNG 15590940617497857049 3897735154374464264 7 38
RUNG 15590940127453182361 3897735031863295591 3 233
RUNG 15590940581658013441 3897735145414503362 7 72827012
RUNG 15590940201844700281 3897735050461175071 3 1193
RUNG 15590940335745347161 3897735083936336792 7 64244
RUNG 15590940169413022129 3897735042353255533 3 8849
RUNG 15590940361707844849 3897735090426961215 11 1101229
RUNG 15590940479835774769 3897735119958943693 3 317
RUNG 15590940363758053561 3897735090939513391 3 8291
RUNG 15590940453597603361 3897735113399400841 3 269
RUNG 15590940193096605481 3897735048274151371 3 3406421
RUNG 15590940250006218241 3897735062501554561 3 310397
RUNG 15590940589340173201 3897735147335043301 3 7753883
RUNG 15590940598678422121 3897735149669605531 3 9396941
RUNG 15590940159045589321 3897735039761397332 7 60653204
RUNG 15590940475576084441 3897735118894021112 7 302732
RUNG 15590940146648365489 3897735036662091376 15 312699236
RUNG 15590940399420245161 3897735099855061292 7 23252
RUNG 15590940129203219089 3897735032300804774 7 313
RUNG 15590940196024894009 3897735049006223504 7 9161
RUNG 15590940618437204329 3897735154609301083 3 122201
RUNG 15590940590916633721 3897735147729158435 19 56219645
RUNG 15590940311430787801 3897735077857696952 7 586
RUNG 15590940460250578921 3897735115062644734 15 12282926
RUNG 15590940463403488681 3897735115850872172 7 586
RUNG 15590940320442310849 3897735080110577715 11 545
RUNG 15590940457248780649 3897735114312195163 3 83777
RUNG 15590940466584987529 3897735116646246884 7 619
RUNG 15590940491646946441 3897735122911736613 11 117
RUNG 15590940417733267129 3897735104433316784 7 31
RUNG 15590940643348057849 3897735160837014465 11 755
RUNG 15590940170934356209 3897735042733589054 7 35212477
RUNG 15590940435480638209 3897735108870159556 15 41
RUNG 15590940501138350329 3897735125284587584 7 2372
RUNG 15590940230625227521 3897735057656306886 23 217332
RUNG 15590940628408493401 3897735157102123353 11 25321
RUNG 15590940272052094681 3897735068013023672 7 626
RUNG 15590940251811395641 3897735062952848911 3 86201
RUNG 15590940619158055321 3897735154789513833 11 13257
RUNG 15590940528524152009 3897735132131038005 11 5169
RUNG 15590940573012035449 3897735143253008864 7 103
RUNG 15590940598586544409 3897735149646636103 3 18059
RUNG 15590940233357482009 3897735058339370503 3 14831
RUNG 15590940283530404809 3897735070882601204 7 601
RUNG 15590940527125356409 3897735131781339103 3 18077
RUNG 15590940572180926969 3897735143045231743 3 5807
RUNG 15590940202947422569 3897735050736855643 3 3353429
RUNG 15590940309891099409 3897735077472774854 7 454387
RUNG 15590940512410416409 3897735128102604107 19 1761776277902377054217
RUNG 15590940602950385929 3897735150737596487 19 468919
RUNG 15590940257367789001 3897735064341947251 3 507119
RUNG 15590940572327954521 3897735143081988631 3 5003
RUNG 15590940206212645849 3897735051553161472 39 17408
RUNG 15590940522014131849 3897735130503532963 3 29021
RUNG 15590940236357241001 3897735059089310252 7 7642
RUNG 15590940337350413281 3897735084337603321 3 13751
RUNG 15590940177858922969 3897735044464730743 3 7583
RUNG 15590940254410918489 3897735063602729624 7 315754
RUNG 15590940499045268449 3897735124761317113 3 281
RUNG 15590940221885305729 3897735055471326436 15 71
RUNG 15590940530035267849 3897735132508816965 11 3417235
RUNG 15590940390412825201 3897735097603206301 3 255971
RUNG 15590940425813630641 3897735106453407661 3 9689
RUNG 15590940209571805849 3897735052392951463 3 32801
RUNG 15590940300030093769 3897735075007523444 7 124
RUNG 15590940401207049649 3897735100301762413 3 101
RUNG 15590940464316295849 3897735116079073964 7 229
RUNG 15590940507893430241 3897735126973357561 3 1329599
RUNG 15590940145355774929 3897735036338943735 11 117
RUNG 15590940152445737809 3897735038111434453 3 43487
RUNG 15590940451049162929 3897735112762290733 3 36713
RUNG 15590940468002179921 3897735117000544982 7 31
RUNG 15590940610140421681 3897735152535105422 7 68
RUNG 15590940604059226849 3897735151014806716 15 3020546
RUNG 15590940233141039881 3897735058285259971 3 773
RUNG 15590940412903863121 3897735103225965781 3 1666607
RUNG 15590940520172224321 3897735130043056081 3 188882357
RUNG 15590940583595944681 3897735145898986171 3 21182111
RUNG 15590940592084704961 3897735148021176241 3 449
RUNG 15590940146045992081 3897735036511498022 7 12554
RUNG 15590940248203127161 3897735062050781792 7 2512303
RUNG 15590940507542207161 3897735126885551798 31 44
RUNG 15590940478477852489 3897735119619463124 7 3323
RUNG 15590940463462732729 3897735115865683185 11 26223
RUNG 15590940466219487209 3897735116554871807 19 81403777290351027739
RUNG 15590940470812035169 3897735117703008796 15 4038296
RUNG 15590940555097236169 3897735138774309043 3 2459
RUNG 15590940582048080089 3897735145512020023 3 7523
RUNG 15590940652592393929 3897735163148098485 11 123
RUNG 15590940216829226209 3897735054207306554 7 12144229
RUNG 15590940634614273889 3897735158653568475 11 3780333
RUNG 15590940336460098289 3897735084115024574 7 351061751
RUNG 15590940436025884609 3897735109006471153 3 641
RUNG 15590940132717602689 3897735033179400674 7 236
RUNG 15590940179223021649 3897735044805755414 7 19
RUNG 15590940437389970689 3897735109347492673 3 18773
RUNG 15590940571670437009 3897735142917609254 7 796
RUNG 15590940248538029281 3897735062134507321 3 326369
RUNG 15590940469543934401 3897735117385983602 7 73
RUNG 15590940174264950881 3897735043566237721 3 197
RUNG 15590940202722820849 3897735050680705216 15 596
RUNG 15590940577774097761 3897735144443524442 7 82
RUNG 15590940137424508921 3897735034356127232 7 404
RUNG 15590940334959206281 3897735083739801571 3 1949573
RUNG 15590940350427659281 3897735087606914821 3 353
RUNG 15590940397245510361 3897735099311377592 7 5412692
RUNG 15590940443401740481 3897735110850435124 15 5967161
RUNG 15590940496313038921 3897735124078259731 3 35141
RUNG 15590940635163590761 3897735158790897691 3 3449
RUNG 15590940202302164569 3897735050575541143 3 12923
RUNG 15590940377170217929 3897735094292554484 7 564409
RUNG 15590940613879410649 3897735153469852663 3 24971
RUNG 15590940630481197601 3897735157620299401 3 4523
RUNG 15590940342335062849 3897735085583765713 3 797
RUNG 15590940477091324489 3897735119272831123 3 1181
RUNG 15590940214350206161 3897735053587551541 3 233
RUNG 15590940522759507361 3897735130689876841 3 974873
RUNG 15590940489498759961 3897735122374689992 7 244
RUNG 15590940604537083361 3897735151134270841 3 341879
RUNG 15590940196998992641 3897735049249748163 11 13485059383443
RUNG 15590940548672995321 3897735137168248832 7 599042
RUNG 15590940125452037329 3897735031363009333 3 2417
RUNG 15590940447065169169 3897735111766292293 3 161237
RUNG 15590940483129637609 3897735120782409404 7 724
RUNG 15590940170552533081 3897735042638133271 3 186149
RUNG 15590940262170699721 3897735065542674932 7 404
RUNG 15590940463217706409 3897735115804426603 3 757157
RUNG 15590940503258026729 3897735125814506687 19 107718121062195067
RUNG 15590940191336417209 3897735047834104303 3 1954427
RUNG 15590940286752778249 3897735071688194564 7 51644
RUNG 15590940484753060729 3897735121188265185 11 915
RUNG 15590940565832258929 3897735141458064733 3 21401
RUNG 15590940154604202361 3897735038651050593 11 305241
RUNG 15590940280085518321 3897735070021379582 7 233079586
RUNG 15590940344289297961 3897735086072324491 3 2807927
RUNG 15590940497436171841 3897735124359042963 11 287005193
RUNG 15590940275013091921 3897735068753272984 15 212276
RUNG 15590940465139268161 3897735116284817041 3 2267
RUNG 15590940327027935809 3897735081756983953 3 197
RUNG 15590940503025237289 3897735125756309323 3 2423
RUNG 15590940362034627769 3897735090508656944 7 38
RUNG 15590940295890910729 3897735073972727683 3 5261
RUNG 15590940454093875649 3897735113523468913 3 1511
RUNG 15590940523935727729 3897735130983931933 3 1302173
RUNG 15590940529724912881 3897735132431228221 3 2753
RUNG 15590940631361327761 3897735157840331942 7 224872924
RUNG 15590940425348081161 3897735106337020294 15 113756
RUNG 15590940495837259921 3897735123959314982 7 1774
RUNG 15590940211185052921 3897735052796263232 7 73
RUNG 15590940314789994361 3897735078697498592 7 85858
RUNG 15590940545140274521 3897735136285068631 3 64817
RUNG 15590940403387984681 3897735100846996171 3 1787
RUNG 15590940127430784169 3897735031857696043 3 13416551
RUNG 15590940225052548409 3897735056263137104 7 59
RUNG 15590940614694200809 3897735153673550204 7 1134496828
RUNG 15590940425885141641 3897735106471285411 3 327983
RUNG 15590940514101269641 3897735128525317416 23 191675091
RUNG 15590940601957998601 3897735150489499651 3 36137
RUNG 15590940238372779361 3897735059593194841 3 745751
RUNG 15590940323944465561 3897735080986116392 7 12526
RUNG 15590940330983378761 3897735082745844693 11 2799755163
RUNG 15590940440888013601 3897735110222003401 3 1061
RUNG 15590940443303746921 3897735110825936732 7 733
RUNG 15590940204507591169 3897735051126897793 3 11369
RUNG 15590940214599352849 3897735053649838214 7 68
RUNG 15590940265623806329 3897735066405951583 3 4580357
RUNG 15590940493542016849 3897735123385504213 3 3089
RUNG 15590940639715324129 3897735159928831034 7 68
RUNG 15590940357219510721 3897735089304877683 11 1693
RUNG 15590940522418504681 3897735130604626172 7 283132
RUNG 15590940574200555001 3897735143550138751 3 15809
RUNG 15590940653231587081 3897735163307896773 11 747
RUNG 15590940250437156361 3897735062609289093 11 1251172955097581798853
RUNG 15590940319331501881 3897735079832875474 15 22207545152141
RUNG 15590940134428867849 3897735033607216965 11 2151
RUNG 15590940306705572449 3897735076676393114 7 59
RUNG 15590940311167429849 3897735077791857465 11 61
RUNG 15590940531280963489 3897735132820240874 7 38
RUNG 15590940167548716721 3897735041887179182 7 62
RUNG 15590940453440442841 3897735113360110711 3 2213
RUNG 15590940642421036369 3897735160605259093 3 761
RUNG 15590940147073183489 3897735036768295873 3 14627
RUNG 15590940241025401849 3897735060256350463 3 31675691
RUNG 15590940364709722609 3897735091177430654 7 62
RUNG 15590940258166287169 3897735064541571795 11 965
RUNG 15590940249573385321 3897735062393346331 3 1193
RUNG 15590940443826524401 3897735110956631103 11 153
RUNG 15590940362355255769 3897735090588813943 3 977
RUNG 15590940392493724129 3897735098123431034 7 2194
RUNG 15590940633107297329 3897735158276824333 3 172447151
RUNG 15590940636004952089 3897735159001238023 3 12107
RUNG 15590940251944195441 3897735062986048862 7 296876
RUNG 15590940421094536801 3897735105273634201 3 3779
RUNG 15590940455135343769 3897735113783835943 3 116009
RUNG 15590940174938868601 3897735043734717152 7 908
RUNG 15590940466272631321 3897735116568157831 3 55049
RUNG 15590940471034670641 3897735117758667663 11 2327919219
RUNG 15590940472576410841 3897735118144102712 7 6548
RUNG 15590940472925599681 3897735118231399921 3 743609
RUNG 15590940535479411001 3897735133869852751 3 521
RUNG 15590940298339348849 3897735074584837214 7 59
RUNG 15590940332133068809 3897735083033267203 3 45669227
RUNG 15590940278351861809 3897735069587965453 3 1061
RUNG 15590940332909044489 3897735083227261123 3 233
RUNG 15590940476672744569 3897735119168186143 3 149
RUNG 15590940545193397609 3897735136298349403 3 257
RUNG 15590940632139376729 3897735158034844183 3 725447
RUNG 15590940300205775521 3897735075051443881 3 146640629
RUNG 15590940322427254801 3897735080606813701 3 8951
RUNG 15590940585817742161 3897735146454435543 11 7713
RUNG 15590940530633653249 3897735132658413314 7 19
RUNG 15590940174303800329 3897735043575950085 11 327
RUNG 15590940602060129329 3897735150515032336 15 4916
RUNG 15590940624810496969 3897735156202624243 3 100506569
RUNG 15590940639404956849 3897735159851239213 3 2819
RUNG 15590940414835695001 3897735103708923751 3 293
RUNG 15590940120420494041 3897735030105123511 3 3560003
RUNG 15590940401423576401 3897735100355894105 19 205
RUNG 15590940430222466521 3897735107555616631 3 16649
RUNG 15590940431880603001 3897735107970150752 7 17044
RUNG 15590940600018092521 3897735150004523135 19 376589081
RUNG 15590940432168530881 3897735108042132723 11 537039
RUNG 15590940346280329801 3897735086570082451 3 1229
RUNG 15590940526755825001 3897735131688956253 11 41
RUNG 15590940387535664449 3897735096883916113 3 6353453
RUNG 15590940125797187881 3897735031449296973 11 117
RUNG 15590940248113341841 3897735062028335461 3 12659
RUNG 15590940334373195521 3897735083593298881 3 101
RUNG 15590940487865174161 3897735121966293541 3 89
RUNG 15590940257020721881 3897735064255180473 11 5367
RUNG 15590940297935035489 3897735074483758873 3 306491
RUNG 15590940133442587489 3897735033360646873 3 12569
RUNG 15590940138570149929 3897735034642537484 7 706
RUNG 15590940651250838449 3897735162812709613 3 3690521
RUNG 15590940230286337849 3897735057571584463 3 342971
RUNG 15590940356333300401 3897735089083325102 7 62
RUNG 15590940610177250761 3897735152544312691 3 1058891
RUNG 15590940247715152849 3897735061928788215 11 2266457553
RUNG 15590940272350323409 3897735068087580856 15 3656
RUNG 15590940206194353841 3897735051548588462 7 796
RUNG 15590940131135090569 3897735032783772644 7 9203
RUNG 15590940157185394849 3897735039296348713 3 20681
RUNG 15590940221746531849 3897735055436632965 11 23605
RUNG 15590940523784668249 3897735130946167063 3 1662041
RUNG 15590940132550224961 3897735033137556241 3 89
RUNG 15590940317352803761 3897735079338200941 3 22769
RUNG 15590940334828582441 3897735083707145612 7 8039
RUNG 15590940407508870121 3897735101877217531 3 28541
RUNG 15590940458892722641 3897735114723180661 3 8798381
RUNG 15590940286448572369 3897735071612143093 3 5279
RUNG 15590940318283975969 3897735079570993993 3 48809
RUNG 15590940301051201321 3897735075262800332 7 122
RUNG 15590940467816439961 3897735116954109991 3 2753
RUNG 15590940524607614401 3897735131151903601 3 15903497
RUNG 15590940316785121201 3897735079196280306 23 618
RUNG 15590940373306746361 3897735093326686591 3 1475147
RUNG 15590940585401188921 3897735146350297233 11 10703019
RUNG 15590940270520663801 3897735067630165951 3 20362241
RUNG 15590940327726372361 3897735081931593091 3 44188499
RUNG 15590940478680095281 3897735119670023821 3 83216807
RUNG 15590940534235835521 3897735133558958881 3 1187
RUNG 15590940284555605369 3897735071138901343 3 1487
RUNG 15590940299491085929 3897735074872771484 7 19
RUNG 15590940393051232801 3897735098262808201 3 13463
RUNG 15590940465020890561 3897735116255222645 19 65
RUNG 15590940256661342329 3897735064165335587 19 40254634368859021
RUNG 15590940210788956729 3897735052697239183 3 5147
RUNG 15590940380988906649 3897735095247226663 3 1580561
RUNG 15590940467091523249 3897735116772880813 3 89
RUNG 15590940560904882889 3897735140226220723 3 43082651
RUNG 15590940159931951201 3897735039982987802 7 112804
RUNG 15590940232275302281 3897735058068825572 7 768956
RUNG 15590940410136986449 3897735102534246614 7 41
RUNG 15590940469560352009 3897735117390088007 19 1133
RUNG 15590940408137833729 3897735102034458436 15 536
RUNG 15590940490113487489 3897735122528371873 3 197
RUNG 15590940588837953329 3897735147209488333 3 1404833
RUNG 15590940609580995649 3897735152395248914 7 1186
RUNG 15590940632688720289 3897735158172180073 3 25409
RUNG 15590940141057380401 3897735035264345103 11 84141
RUNG 15590940149288843641 3897735037322210914 15 3010871
RUNG 15590940448647823561 3897735112161955891 3 2099
RUNG 15590940137204051929 3897735034301012984 7 68
RUNG 15590940507044042449 3897735126761010614 7 68
RUNG 15590940580357362529 3897735145089340633 3 113
RUNG 15590940121429293721 3897735030357323432 7 110956
RUNG 15590940202684107361 3897735050671026842 7 293
RUNG 15590940332702837281 3897735083175709323 11 483291
RUNG 15590940503635879561 3897735125908969892 7 367
RUNG 15590940419136268729 3897735104784067185 11 20392929
RUNG 15590940160550703601 3897735040137675903 11 484733
RUNG 15590940571129392121 3897735142782348032 7 2708
RUNG 15590940121600835161 3897735030400208792 7 556058
RUNG 15590940218211789601 3897735054552947401 3 31649
RUNG 15590940319243760641 3897735079810940162 7 1042
RUNG 15590940654242464681 3897735163560616171 3 149
RUNG 15590940219594250729 3897735054898562683 3 4679
RUNG 15590940547210980361 3897735136802745092 7 15452
RUNG 15590940593422345561 3897735148355586392 7 4406
RUNG 15590940647313823201 3897735161828455803 11 83
RUNG 15590940128411039401 3897735032102759852 7 62
RUNG 15590940362592187321 3897735090648046831 3 11748833
RUNG 15590940429738546601 3897735107434636652 7 62055908
RUNG 15590940574892875921 3897735143723218983 11 736941893
RUNG 15590940607767678409 3897735151941919606 15 147929876
RUNG 15590940285072266689 3897735071268066673 3 1187
RUNG 15590940366827380129 3897735091706845033 3 293
RUNG 15590940557837759689 3897735139459439924 7 68
RUNG 15590940285533768401 3897735071383442101 3 1619
RUNG 15590940321224543521 3897735080306135881 3 13907
RUNG 15590940596438442481 3897735149109610621 3 353
RUNG 15590940379855596529 3897735094963899136 15 146
RUNG 15590940419501803129 3897735104875450784 7 59
RUNG 15590940600224386609 3897735150056096653 3 1637
RUNG 15590940520637922001 3897735130159480501 3 1479941
RUNG 15590940619231697281 3897735154807924322 7 9743
RUNG 15590940135006836329 3897735033751709083 3 1097
RUNG 15590940313901792569 3897735078475448143 3 2411
RUNG 15590940405983502289 3897735101495875573 3 78191
RUNG 15590940645294253969 3897735161323563493 3 367823
RUNG 15590940461522907121 3897735115380726782 7 31
RUNG 15590940226159423129 3897735056539855784 7 38
RUNG 15590940304957662649 3897735076239415664 7 779894
RUNG 15590940339725435689 3897735084931358924 7 6163
RUNG 15590940647436359209 3897735161859089804 7 38
RUNG 15590940367454298001 3897735091863574501 3 1949
RUNG 15590940481743192721 3897735120435798181 3 2027
RUNG 15590940139123596361 3897735034780899092 7 29014628
RUNG 15590940211168809601 3897735052792202401 3 818219
RUNG 15590940295074191401 3897735073768547855 19 12514569465685225
RUNG 15590940281245497529 3897735070311374384 7 1438
RUNG 15590940429236220409 3897735107309055103 3 113
RUNG 15590940501187499809 3897735125296874955 11 153
RUNG 15590940168769934641 3897735042192483663 11 35079615379732352967
RUNG 15590940286501708801 3897735071625427201 3 4259
RUNG 15590940374082762361 3897735093520690593 11 46510686890931
RUNG 15590940521916248161 3897735130479062043 11 350867215863
RUNG 15590940528750956041 3897735132187739012 7 887
RUNG 15590940189547691809 3897735047386922953 3 29501
RUNG 15590940361734546649 3897735090433636663 3 217271
RUNG 15590940538808003209 3897735134702000804 7 68
RUNG 15590940603520254361 3897735150880063592 7 94
RUNG 15590940160313852161 3897735040078463041 3 197
RUNG 15590940419569208929 3897735104892302235 11 843
RUNG 15590940461300338369 3897735115325084594 7 458
RUNG 15590940487707999649 3897735121926999913 3 48262283
RUNG 15590940143134170721 3897735035783542682 7 31
RUNG 15590940429452683201 3897735107363170803 11 13257
RUNG 15590940447349121761 3897735111837280442 7 577
RUNG 15590940454810735921 3897735113702683982 7 59
RUNG 15590940489027158161 3897735122256789541 3 89
RUNG 15590940639241662601 3897735159810415652 7 31
RUNG 15590940267114588289 3897735066778647076 15 191
RUNG 15590940373997003929 3897735093499250983 3 2855429
RUNG 15590940643891388689 3897735160972847173 3 50969
RUNG 15590940279199381321 3897735069799845331 3 244589
RUNG 15590940534188916121 3897735133547229031 3 126011
RUNG 15590940647616069961 3897735161904017496 23 638242972
RUNG 15590940408119493169 3897735102029873293 3 2741
RUNG 15590940479411194489 3897735119852798623 3 1131701
RUNG 15590940517791336601 3897735129447834151 3 197
RUNG 15590940576246773641 3897735144061693411 3 4271357
RUNG 15590940191651002369 3897735047912750594 7 18556
RUNG 15590940258393037729 3897735064598259434 7 41
RUNG 15590940637448754769 3897735159362188693 3 1061
RUNG 15590940267937537441 3897735066984384363 11 95066708950838643
RUNG 15590940314155028761 3897735078538757195 19 7607777842558543368280531
RUNG 15590940460367134801 3897735115091783704 15 53876
RUNG 15590940569054714161 3897735142263678541 3 521
RUNG 15590940570827204881 3897735142706801221 3 20753
RUNG 15590940498843255001 3897735124710813754 15 17126
RUNG 15590940573149006521 3897735143287251631 3 277169
RUNG 15590940476264419081 3897735119066104773 11 140337
RUNG 15590940236236914649 3897735059059228665 11 745
RUNG 15590940244225375129 3897735061056343785 11 4095671
RUNG 15590940469901426569 3897735117475356644 7 528436
RUNG 15590940532551213769 3897735133137803444 7 146
RUNG 15590940246943331449 3897735061735832864 7 367
RUNG 15590940325204515049 3897735081301128763 3 293
RUNG 15590940348391879249 3897735087097969815 11 153
RUNG 15590940248231860009 3897735062057965005 11 83
RUNG 15590940305223154369 3897735076305788594 7 28538858
RUNG 15590940331342888009 3897735082835722003 3 2237
RUNG 15590940508146795289 3897735127036698824 7 19
RUNG 15590940132815761561 3897735033203940393 11 831531
RUNG 15590940235238361841 3897735058809590464 15 491
RUNG 15590940425378832361 3897735106344708095 19 49948550090917
RUNG 15590940451533280681 3897735112883320173 11 327
RUNG 15590940569422291921 3897735142355572981 3 2753
RUNG 15590940622940076241 3897735155735019061 3 200789
RUNG 15590940649406956681 3897735162351739172 7 2923961
RUNG 15590940269240370241 3897735067310092561 3 146051
RUNG 15590940572616042841 3897735143154010715 19 1040139337
RUNG 15590940248989460161 3897735062247365041 3 1697
RUNG 15590940335079824521 3897735083769956134 15 2276
RUNG 15590940334095562489 3897735083523890623 3 34607
RUNG 15590940539859681049 3897735134964920264 7 10916
RUNG 15590940389769741481 3897735097442435371 3 105278549
RUNG 15590940610111983601 3897735152527995901 3 553733
RUNG 15590940424684541569 3897735106171135393 3 71648579
RUNG 15590940435930055849 3897735108982513966 15 15103445996
RUNG 15590940540562143409 3897735135140535853 3 15497
RUNG 15590940170424015601 3897735042606003903 11 734571
RUNG 15590940363251810761 3897735090812952693 11 92686841214501744055309
RUNG 15590940552291621721 3897735138072905431 3 2901593
RUNG 15590940638692376281 3897735159673094071 3 48054299
RUNG 15590940130771684561 3897735032692921141 3 89
RUNG 15590940510090824761 3897735127522706191 3 953
RUNG 15590940566802359641 3897735141700589911 3 10859
RUNG 15590940637565171761 3897735159391292941 3 166273493
RUNG 15590940251041715569 3897735062760428893 3 24407
RUNG 15590940189098474281 3897735047274618571 3 9293
RUNG 15590940272854786921 3897735068213696733 11 240034527
RUNG 15590940364891571761 3897735091222892942 7 2336078
RUNG 15590940462492915601 3897735115623228901 3 101
RUNG 15590940573210282361 3897735143302570591 3 89
RUNG 15590940134259490729 3897735033564872685 11 963
RUNG 15590940621961945969 3897735155490486494 7 9049
RUNG 15590940620471257441 3897735155117814362 7 47
RUNG 15590940168418738369 3897735042104684598 23 159
RUNG 15590940343787091529 3897735085946772884 7 82
RUNG 15590940368471271049 3897735092117817764 7 1468
RUNG 15590940525461264209 3897735131365316053 3 1536552713
RUNG 15590940590555373289 3897735147638843323 3 1049
RUNG 15590940119530258921 3897735029882564733 11 3321
RUNG 15590940193027362601 3897735048256840651 3 2441
RUNG 15590940204103387561 3897735051025846894 15 232922006
RUNG 15590940354350564641 3897735088587641162 7 94
RUNG 15590940380886874441 3897735095221718611 3 44790887
RUNG 15590940622795101001 3897735155698775251 3 289067
RUNG 15590940428396978089 3897735107099244523 3 7529
RUNG 15590940550206706129 3897735137551676535 11 2593791
RUNG 15590940136172886241 3897735034043221561 3 9539
RUNG 15590940530309068681 3897735132577267171 3 137
RUNG 15590940332139297889 3897735083034824474 7 143386
RUNG 15590940145398826441 3897735036349706611 3 13007
RUNG 15590940266473420489 3897735066618355125 11 226749
RUNG 15590940321906638329 3897735080476659583 3 755387
RUNG 15590940609131816569 3897735152282954144 7 38
RUNG 15590940140293728841 3897735035073432214 15 273999686
RUNG 15590940255862982641 3897735063965745662 7 628
RUNG 15590940267392340481 3897735066848085121 3 293
RUNG 15590940324663394321 3897735081165848585 19 371293
RUNG 15590940337056535441 3897735084264133864 15 73076
RUNG 15590940471320665441 3897735117830166362 7 31
RUNG 15590940578638035601 3897735144659508901 3 2297
RUNG 15590940456109510801 3897735114027377701 3 236879
RUNG 15590940250821187849 3897735062705296963 3 3407
RUNG 15590940487240410889 3897735121810102724 7 356
RUNG 15590940596407869289 3897735149101967324 7 10619566
RUNG 15590940540417176281 3897735135104294072 7 24083
RUNG 15590940453773421361 3897735113443355341 3 137
RUNG 15590940521285305801 3897735130321326452 7 1252
RUNG 15590940347797672729 3897735086949418183 3 174077
RUNG 15590940488381916961 3897735122095479242 7 538
RUNG 15590940546067504921 3897735136516876233 11 6131127
RUNG 15590940131421072889 3897735032855268224 7 76
RUNG 15590940447712648489 3897735111928162123 3 569
RUNG 15590940487042338889 3897735121760584723 3 4421
RUNG 15590940535352921209 3897735133838230303 3 233
RUNG 15590940579152637169 3897735144788159295 11 549
RUNG 15590940614659628689 3897735153664907174 7 76
RUNG 15590940225373291321 3897735056343322831 3 1732193
RUNG 15590940259148632921 3897735064787158231 3 70079
RUNG 15590940281723385121 3897735070430846281 3 3359
RUNG 15590940467685841801 3897735116921460452 7 42766
RUNG 15590940541554596761 3897735135388649194 15 2606
RUNG 15590940257171940049 3897735064292985014 7 122
RUNG 15590940559532718769 3897735139883179693 3 421436573
RUNG 15590940193100895529 3897735048275223885 11 14115
RUNG 15590940425877119209 3897735106469279803 3 41759
RUNG 15590940523560144649 3897735130890036163 3 16956791
RUNG 15590940544611536329 3897735136152884084 7 194
RUNG 15590940520107057121 3897735130026764281 3 269
RUNG 15590940179882772961 3897735044970693241 3 2351
RUNG 15590940337293426361 3897735084323356594 15 311
RUNG 15590940649253836441 3897735162313459111 3 261011
RUNG 15590940537944280961 3897735134486070241 3 353
RUNG 15590940386596445809 3897735096649111453 3 552225473
RUNG 15590940511579504009 3897735127894876004 7 19
RUNG 15590940287753542009 3897735071938385504 7 388
RUNG 15590940229763690401 3897735057440922602 7 61
RUNG 15590940252232256521 3897735063058064131 3 269400251
RUNG 15590940343113246721 3897735085778311682 7 68
RUNG 15590940638090008801 3897735159522502202 7 68
RUNG 15590940296354616481 3897735074088654123 11 351
RUNG 15590940307643013769 3897735076910753444 7 131
RUNG 15590940362890405969 3897735090722601493 3 36017
RUNG 15590940432121688089 3897735108030422026 15 131
RUNG 15590940616801747201 3897735154200436802 7 983
RUNG 15590940386859876481 3897735096714969121 3 1103
RUNG 15590940608596831921 3897735152149207982 7 118
RUNG 15590940255387216721 3897735063846804182 7 124
RUNG 15590940329768523721 3897735082442130931 3 2099
RUNG 15590940445437837481 3897735111359459372 7 8524
RUNG 15590940583559381041 3897735145889845261 3 222791
RUNG 15590940358011979321 3897735089502994831 3 114749
RUNG 15590940385169069281 3897735096292267323 11 131064766679857
RUNG 15590940226753732369 3897735056688433101 35 1284728857024107148789146511
RUNG 15590940396196085449 3897735099049021371 35 377752755840216422443407101
RUNG 15590940574866417601 3897735143716604401 3 50723
RUNG 15590940264290512081 3897735066072628021 3 44621
RUNG 15590940552959412601 3897735138239853153 11 30279
RUNG 15590940568883240521 3897735142220810132 7 531418
RUNG 15590940139768955329 3897735034942238833 3 1181
RUNG 15590940192022717201 3897735048005679305 19 725
RUNG 15590940203987029561 3897735050996757392 7 156007
RUNG 15590940420559665841 3897735105139916461 3 21289523
RUNG 15590940433636890001 3897735108409222501 3 1709
RUNG 15590940448688766841 3897735112172191711 3 701
RUNG 15590940272679213289 3897735068169803323 3 113
RUNG 15590940442491176569 3897735110622794144 7 62
RUNG 15590940281856142921 3897735070464035733 11 1364127
RUNG 15590940431974671481 3897735107993667871 3 941
RUNG 15590940516737709841 3897735129184427461 3 113
RUNG 15590940546863925961 3897735136715981491 3 34127
RUNG 15590940617555266681 3897735154388816671 3 294311
RUNG 15590940316395209089 3897735079098802274 7 146
RUNG 15590940523725572329 3897735130931393083 3 101
RUNG 15590940242767415689 3897735060691853923 3 106331
RUNG 15590940248385067801 3897735062096266953 11 359
RUNG 15590940430334916529 3897735107583729134 7 19
RUNG 15590940403966055209 3897735100991513804 7 353
RUNG 15590940462488879569 3897735115622219893 3 113
RUNG 15590940520337830729 3897735130084457684 7 101
RUNG 15590940149574839449 3897735037393709864 7 849322
RUNG 15590940587551578649 3897735146887894664 7 236
RUNG 15590940342612965929 3897735085653241483 3 30011
RUNG 15590940392614357369 3897735098153589343 3 677
RUNG 15590940259385541961 3897735064846385491 3 1904580569
RUNG 15590940359202499201 3897735089800624802 7 124
RUNG 15590940503366439121 3897735125841609782 7 4478
RUNG 15590940163448461249 3897735040862115314 7 52748
RUNG 15590940329809375969 3897735082452343995 11 285
RUNG 15590940551964949609 3897735137991237404 7 1186
RUNG 15590940643687260289 3897735160921815076 15 18731
RUNG 15590940147636946849 3897735036909236714 7 236
RUNG 15590940180748625449 3897735045187156364 7 8629
RUNG 15590940285983114809 3897735071495778703 3 401
RUNG 15590940422979494329 3897735105744873584 7 193710914
RUNG 15590940632641867249 3897735158160466816 15 55931
RUNG 15590940263728963849 3897735065932240964 7 818
RUNG 15590940268076467009 3897735067019116753 3 1619
RUNG 15590940518851231921 3897735129712807982 7 62
RUNG 15590940294061427689 3897735073515356923 3 111861023
RUNG 15590940425599434289 3897735106399858574 7 706
RUNG 15590940299930253241 3897735074982563311 3 389
RUNG 15590940351857288401 3897735087964322102 7 773
RUNG 15590940121441663801 3897735030360415951 3 401
RUNG 15590940472774645801 3897735118193661451 3 1097
RUNG 15590940634191781681 3897735158547945423 11 22527
RUNG 15590940652998970081 3897735163249742523 11 7853
RUNG 15590940130379673721 3897735032594918432 7 660194
RUNG 15590940349500775921 3897735087375193981 3 89
RUNG 15590940580949673601 3897735145237418401 3 58947599
RUNG 15590940158696643049 3897735039674160763 3 817871
RUNG 15590940436501890769 3897735109125472696 15 56216
RUNG 15590940457877965489 3897735114469491375 11 19
RUNG 15590940489106883209 3897735122276720803 3 94907
RUNG 15590940650626121089 3897735162656530275 11 93453
RUNG 15590940640675260361 3897735160168815091 3 137
RUNG 15590940577778386921 3897735144444596732 7 26438
RUNG 15590940388287285961 3897735097071821492 7 538
RUNG 15590940449977314361 3897735112494328591 3 113
RUNG 15590940647458918681 3897735161864729671 3 461
RUNG 15590940279097365961 3897735069774341492 7 349
RUNG 15590940607843344241 3897735151960836061 3 2333
RUNG 15590940385736782609 3897735096434195653 3 2609
RUNG 15590940196021057849 3897735049005264464 7 100652
RUNG 15590940401681032369 3897735100420258093 3 137
RUNG 15590940409712375689 3897735102428093924 7 41
RUNG 15590940446424170809 3897735111606042706 15 10466
RUNG 15590940453591731209 3897735113397932804 7 916
RUNG 15590940621177869929 3897735155294467483 3 701
RUNG 15590940461586318481 3897735115396579623 11 19521
RUNG 15590940144947597329 3897735036236899336 15 251
RUNG 15590940165182171689 3897735041295542927 19 38393
RUNG 15590940345520850209 3897735086380212554 7 49906
RUNG 15590940255803823121 3897735063950955781 3 113
RUNG 15590940390890895241 3897735097722723813 11 109
RUNG 15590940472648050721 3897735118162012682 7 124
RUNG 15590940618133191721 3897735154533297931 3 10059389
RUNG 15590940641120437321 3897735160280109332 7 404
RUNG 15590940124943777281 3897735031235944321 3 3221
RUNG 15590940335731314241 3897735083932828561 3 101
RUNG 15590940540713331481 3897735135178332871 3 26111
RUNG 15590940610312180801 3897735152578045201 3 149
RUNG 15590940646934126161 3897735161733531541 3 10193
RUNG 15590940281176174489 3897735070294043624 7 61
RUNG 15590940536543486689 3897735134135871673 3 1335689
RUNG 15590940557466228529 3897735139366557134 7 194
RUNG 15590940570155465089 3897735142538866274 7 19
RUNG 15590940538367029609 3897735134591757404 7 206
RUNG 15590940301065646609 3897735075266411653 3 101
RUNG 15590940127102217089 3897735031775554274 7 76
RUNG 15590940468737551129 3897735117184387785 11 4197
RUNG 15590940591400851889 3897735147850212973 3 929
RUNG 15590940629901474289 3897735157475368574 7 38
RUNG 15590940196701066961 3897735049175266742 7 4198
RUNG 15590940235761209089 3897735058940302275 11 19
RUNG 15590940298925590369 3897735074731397593 3 219971
RUNG 15590940387766582609 3897735096941645654 7 467
RUNG 15590940528289565209 3897735132072391304 7 66974
RUNG 15590940140910493921 3897735035227623484 15 69498536
RUNG 15590940252122034361 3897735063030508591 3 70394531
RUNG 15590940151516849729 3897735037879212433 3 305423
RUNG 15590940187168826089 3897735046792206526 15 191
RUNG 15590940230176230529 3897735057544057634 7 34886
RUNG 15590940237766493209 3897735059441623303 3 1697
RUNG 15590940482676518569 3897735120669129644 7 19
RUNG 15590940647953110049 3897735161988277513 3 243203
RUNG 15590940136201550761 3897735034050387692 7 15193
RUNG 15590940169564400281 3897735042391100071 3 941
RUNG 15590940527544222481 3897735131886055621 3 1949
RUNG 15590940293940974881 3897735073485243722 7 1387721
RUNG 15590940388771270441 3897735097192817612 7 244
RUNG 15590940204656865049 3897735051164216263 3 29819
RUNG 15590940213850129489 3897735053462532374 7 38
RUNG 15590940367092979249 3897735091773244813 3 9044099
RUNG 15590940530319362569 3897735132579840643 3 3527
RUNG 15590940589928552209 3897735147482138055 11 285
RUNG 15590940151308570721 3897735037827142681 3 2477
RUNG 15590940202982392921 3897735050745598232 7 68
RUNG 15590940284188197601 3897735071047049402 7 47
RUNG 15590940152270371729 3897735038067592936 15 251
RUNG 15590940411270473089 3897735102817618274 7 19
RUNG 15590940487951117129 3897735121987779286 15 142286
RUNG 15590940250600723969 3897735062650180993 3 359231
RUNG 15590940342408800329 3897735085602200089 27 4195624419378041
RUNG 15590940347793659809 3897735086948414953 3 59621
RUNG 15590940566487975649 3897735141621993913 3 7307
RUNG 15590940530993237089 3897735132748309273 3 13469
RUNG 15590940201475370209 3897735050368842553 3 1187
RUNG 15590940193149973369 3897735048287493343 3 519917
RUNG 15590940221515951009 3897735055378987755 11 127
RUNG 15590940347601710809 3897735086900427703 3 4271
RUNG 15590940350750536489 3897735087687634123 3 10223
RUNG 15590940354224046529 3897735088556011633 3 71987
RUNG 15590940385187499049 3897735096296874765 11 44391
RUNG 15590940509470137529 3897735127367534383 3 14106119
RUNG 15590940378777537601 3897735094694384401 3 113
RUNG 15590940448237528201 3897735112059382051 3 1179779
RUNG 15590940486754486681 3897735121688621672 7 524
RUNG 15590940653103149161 3897735163275787291 3 569
RUNG 15590940202565823001 3897735050641455753 11 453
RUNG 15590940410318888521 3897735102579722131 3 60899
RUNG 15590940464008205209 3897735116002051303 3 3068651
RUNG 15590940506756270569 3897735126689067647 19 303553799
RUNG 15590940460442803681 3897735115110700922 7 82
RUNG 15590940144036874369 3897735036009218595 11 123
RUNG 15590940178008251809 3897735044502062953 3 143261
RUNG 15590940407515169449 3897735101878792364 7 38
RUNG 15590940574492780249 3897735143623195064 7 437867
RUNG 15590940217043888761 3897735054260972191 3 7524191
RUNG 15590940556151177281 3897735139037794322 7 12269
RUNG 15590940249826799449 3897735062456699864 7 59
RUNG 15590940503448167449 3897735125862041864 7 56953718
RUNG 15590940648236971609 3897735162059242903 3 29663
RUNG 15590940366251668321 3897735091562917083 11 857
RUNG 15590940199892795929 3897735049973198983 3 197
RUNG 15590940245654912329 3897735061413728085 11 41284899
RUNG 15590940152327558929 3897735038081889733 3 49529
RUNG 15590940348532888249 3897735087133222063 3 17939
RUNG 15590940542710471849 3897735135677617963 3 977
RUNG 15590940571883055289 3897735142970763823 3 15923
RUNG 15590940187132089649 3897735046783022413 3 1817279
RUNG 15590940395166956689 3897735098791739173 3 1637
RUNG 15590940392557231321 3897735098139307832 7 938129
RUNG 15590940641816801881 3897735160454200471 3 6843371
RUNG 15590940620134422481 3897735155033605621 3 24677
RUNG 15590940326076578761 3897735081519144692 7 2194
RUNG 15590940520374642721 3897735130093660685 19 1025
RUNG 15590940201205834609 3897735050301458653 3 5514371
RUNG 15590940245044349329 3897735061261087337 19 91687
RUNG 15590940292791328609 3897735073197832154 7 10154126
RUNG 15590940607075579321 3897735151768894831 3 116009
RUNG 15590940218230322929 3897735054557580733 3 2411
RUNG 15590940303569216569 3897735075892304145 11 695
RUNG 15590940348994396369 3897735087248599093 3 72353
RUNG 15590940247829693041 3897735061957423261 3 317
RUNG 15590940414562259041 3897735103640564762 7 404
RUNG 15590940441308898961 3897735110327224741 3 2393
RUNG 15590940571548168121 3897735142887042034 15 337124486
RUNG 15590940424807175401 3897735106201793851 3 89
RUNG 15590940618678453001 3897735154669613253 11 53461743249
RUNG 15590940619333947841 3897735154833486962 7 82
RUNG 15590940123277507921 3897735030819376981 3 917789
RUNG 15590940390276279961 3897735097569069991 3 653
RUNG 15590940376668126649 3897735094167031668 23 1602
RUNG 15590940420377992849 3897735105094498213 3 39443609
RUNG 15590940166983291889 3897735041745822973 3 197
RUNG 15590940199972448089 3897735049993112025 11 285
RUNG 15590940202496409529 3897735050624102387 19 3283
RUNG 15590940600639074449 3897735150159768618 23 333
RUNG 15590940631222707529 3897735157805676883 3 137
RUNG 15590940301512887809 3897735075378221954 7 68
RUNG 15590940366580451161 3897735091645112791 3 15998417
RUNG 15590940454382045041 3897735113595511262 7 2932
RUNG 15590940485645677441 3897735121411419361 3 434237
RUNG 15590940597951751321 3897735149487937832 7 1126
RUNG 15590940626848660921 3897735156712165234 15 2200564046
RUNG 15590940628337308081 3897735157084327022 7 88471
RUNG 15590940556496299201 3897735139124074801 3 13043
RUNG 15590940376851915121 3897735094212978782 7 164
RUNG 15590940227633927641 3897735056908481911 3 977
RUNG 15590940387650224081 3897735096912556022 7 118
RUNG 15590940609595467601 3897735152398866905 19 887
RUNG 15590940546414750169 3897735136603687547 19 962879449
RUNG 15590940640230151849 3897735160057537963 3 149
RUNG 15590940235026113161 3897735058756528292 7 68
RUNG 15590940272893702921 3897735068223425732 7 68
RUNG 15590940379141044121 3897735094785261032 7 68
RUNG 15590940252132283921 3897735063033070981 3 89
RUNG 15590940586787925241 3897735146696981311 3 293
RUNG 15590940325370049049 3897735081342512263 3 7099511
RUNG 15590940160538622889 3897735040134655727 19 271662326929
RUNG 15590940161349312769 3897735040337328193 3 48131
RUNG 15590940313238290009 3897735078309572504 7 41
RUNG 15590940377035703689 3897735094258925924 7 41
RUNG 15590940531254648569 3897735132813662143 3 40283
RUNG 15590940378334441849 3897735094583610464 7 1244
RUNG 15590940493991503369 3897735123497875844 7 82
RUNG 15590940535963597249 3897735133990899315 11 3600885
RUNG 15590940281788836721 3897735070447209183 11 59965829023671
RUNG 15590940306352535881 3897735076588133971 3 207563
RUNG 15590940323242248721 3897735080810562182 7 124
RUNG 15590940583859645761 3897735145964911442 7 82
RUNG 15590940124698783961 3897735031174695991 3 39359
RUNG 15590940234742277521 3897735058685569382 7 514
RUNG 15590940309452352961 3897735077363088242 7 164
RUNG 15590940535328524081 3897735133832131021 3 113
RUNG 15590940128335657849 3897735032083914464 7 61
RUNG 15590940340836466369 3897735085209116594 7 68
RUNG 15590940430919018929 3897735107729754734 7 68
RUNG 15590940534401437969 3897735133600359493 3 101
RUNG 15590940280698389161 3897735070174597291 3 9221
RUNG 15590940320150601961 3897735080037650491 3 44867
RUNG 15590940240847979569 3897735060211994894 7 937
RUNG 15590940304700528329 3897735076175132084 7 5732
RUNG 15590940321016427929 3897735080254106983 3 7883
RUNG 15590940142895405401 3897735035723851351 3 173
RUNG 15590940419898131401 3897735104974532851 3 5081
RUNG 15590940321377872441 3897735080344468114 15 11906
RUNG 15590940414605166601 3897735103651291652 7 343724
RUNG 15590940427531279801 3897735106882819951 3 4547
RUNG 15590940329584831369 3897735082396207845 11 117
RUNG 15590940518773712569 3897735129693428143 3 239597
RUNG 15590940445413425689 3897735111353356424 7 4368692
RUNG 15590940473091235849 3897735118272808965 11 171
RUNG 15590940434813197609 3897735108703299406 15 199646
RUNG 15590940510409518409 3897735127602379604 7 57286
RUNG 15590940504301777729 3897735126075444434 7 62
RUNG 15590940216212819329 3897735054053204837 19 85250429
RUNG 15590940477718503769 3897735119429625943 3 25789769
RUNG 15590940445211271001 3897735111302817753 11 909
RUNG 15590940260441366209 3897735065110341555 11 154799
RUNG 15590940650838573409 3897735162709643353 3 2213
RUNG 15590940438833982121 3897735109708495532 7 271493834
RUNG 15590940578870959201 3897735144717739803 11 109700733
RUNG 15590940235657129729 3897735058914282433 3 4391
RUNG 15590940380339749441 3897735095084937362 7 4015318
RUNG 15590940406439062681 3897735101609765672 7 127294
RUNG 15590940442719987361 3897735110679996841 3 137
RUNG 15590940122029857649 3897735030507464417 19 41791
RUNG 15590940403776242569 3897735100944060643 3 9412427
RUNG 15590940639149941129 3897735159787485283 3 1322171
RUNG 15590940223696904089 3897735055924226024 7 79779874
RUNG 15590940649262124169 3897735162315531043 3 7649
RUNG 15590940441033266401 3897735110258316602 7 1412
RUNG 15590940487095562681 3897735121773890671 3 89
RUNG 15590940456936675601 3897735114234168902 7 964
RUNG 15590940209390376769 3897735052347594195 11 183
RUNG 15590940494644986409 3897735123661246604 7 19
RUNG 15590940536690590009 3897735134172647503 3 827873
RUNG 15590940642333487729 3897735160583371933 3 4547
RUNG 15590940287541290281 3897735071885322572 7 63502
RUNG 15590940482815449361 3897735120703862342 7 236
RUNG 15590940231015581161 3897735057753895293 11 117
RUNG 15590940286616246281 3897735071654061571 3 293
RUNG 15590940239581939681 3897735059895484922 7 30322
RUNG 15590940475506989041 3897735118876747262 7 103
RUNG 15590940130745292601 3897735032686323151 3 14951
RUNG 15590940416338880881 3897735104084720221 3 16187
RUNG 15590940621690507361 3897735155422626843 11 351
RUNG 15590940361947103729 3897735090486775933 3 5126003
RUNG 15590940614206431049 3897735153551607764 7 6236
RUNG 15590940643613849809 3897735160903462454 7 68
RUNG 15590940410314866529 3897735102578716634 7 87751
RUNG 15590940425227884649 3897735106306971163 3 1234889
RUNG 15590940186125421121 3897735046531355281 3 2248241
RUNG 15590940654203875249 3897735163550968815 11 47977
RUNG 15590940151563897481 3897735037890974373 11 6753
RUNG 15590940276575544241 3897735069143886062 7 122
RUNG 15590940144910931761 3897735036227732943 11 6453
RUNG 15590940478028916961 3897735119507229241 3 1709
RUNG 15590940575691522001 3897735143922880503 11 8936847
RUNG 15590940233300633881 3897735058325158472 7 61
RUNG 15590940429318095521 3897735107329523883 11 334377
RUNG 15590940131161877329 3897735032790469336 15 28076
RUNG 15590940302501285569 3897735075625321394 7 19
RUNG 15590940312819713689 3897735078204928424 7 104179
RUNG 15590940225230492929 3897735056307623235 11 205
RUNG 15590940313467041329 3897735078366760333 3 132910181
RUNG 15590940377017368169 3897735094254342046 15 284996
RUNG 15590940206929731001 3897735051732432751 3 401
RUNG 15590940465017040481 3897735116254260121 3 7413221
RUNG 15590940483254499721 3897735120813624933 11 4366504077003
RUNG 15590940556696468321 3897735139174117082 7 1076
RUNG 15590940631226844241 3897735157806711061 3 173
RUNG 15590940411482921521 3897735102870730383 11 120771375100569
RUNG 15590940258585177721 3897735064646294434 15 101006
RUNG 15590940261938207401 3897735065484551851 3 16529
RUNG 15590940140322473809 3897735035080618453 3 5279
RUNG 15590940318378151609 3897735079594537903 3 89
RUNG 15590940381038150041 3897735095259537516 23 226
RUNG 15590940327510156361 3897735081877539092 7 31
RUNG 15590940331778019961 3897735082944504995 19 265
RUNG 15590940400292546041 3897735100073136511 3 4391
RUNG 15590940644426596201 3897735161106649052 7 8056324
RUNG 15590940239230728961 3897735059807682241 3 809
RUNG 15590940316769029801 3897735079192257451 3 359243
RUNG 15590940362324901289 3897735090581225324 7 62
RUNG 15590940361199737801 3897735090299934451 3 1181
RUNG 15590940532749476161 3897735133187369041 3 89
RUNG 15590940323473049929 3897735080868262483 3 887054891
RUNG 15590940371271080209 3897735092817770054 7 118
RUNG 15590940559857558289 3897735139964389573 3 55184639
RUNG 15590940633693641329 3897735158423410333 3 1553
RUNG 15590940288080416249 3897735072020104063 3 461
RUNG 15590940370168382209 3897735092542095554 7 9677
RUNG 15590940246151209241 3897735061537802312 7 131
RUNG 15590940449805900481 3897735112451475121 3 85758833
RUNG 15590940602938480081 3897735150734620021 3 3449
RUNG 15590940246098116561 3897735061524529142 7 8452
RUNG 15590940281741924761 3897735070435481193 11 362757
RUNG 15590940519952016881 3897735129988004221 3 3004181
RUNG 15590940582679401601 3897735145669850402 7 59
RUNG 15590940394670821681 3897735098667705421 3 5897
RUNG 15590940623746868881 3897735155936717221 3 334991
RUNG 15590940196923752761 3897735049230938192 7 87226
RUNG 15590940361138483441 3897735090284620865 19 54080831
RUNG 15590940431411205961 3897735107852801493 11 17047
RUNG 15590940524368951681 3897735131092237922 7 62
RUNG 15590940569297915761 3897735142324478941 3 119069
RUNG 15590940590912909161 3897735147728227292 7 182111
RUNG 15590940605378720521 3897735151344680131 3 97583
RUNG 15590940472153989721 3897735118038497431 3 2789
RUNG 15590940589483483849 3897735147370870963 3 939917513
RUNG 15590940382710600769 3897735095677650193 3 1433
RUNG 15590940305170258009 3897735076292564504 7 1973
RUNG 15590940376208745601 3897735094052186402 7 94
RUNG 15590940413659759201 3897735103414939801 3 796091
RUNG 15590940515461579321 3897735128865394833 11 153
RUNG 15590940557970726001 3897735139492681501 3 317
RUNG 15590940186625753849 3897735046656438463 3 12877703
RUNG 15590940193936257361 3897735048484064342 7 2371
RUNG 15590940277533290881 3897735069383322722 7 47
RUNG 15590940420537352081 3897735105134338022 7 47
RUNG 15590940428795361841 3897735107198840463 11 109
RUNG 15590940563435227201 3897735140858806802 7 406653644
RUNG 15590940652521264241 3897735163130316061 3 214831511
RUNG 15590940366509058721 3897735091627264682 7 16246
RUNG 15590940395446807561 3897735098861701892 7 21748
RUNG 15590940164796347569 3897735041199086893 3 809
RUNG 15590940376527307009 3897735094131826753 3 192767
RUNG 15590940433994396689 3897735108498599173 3 53947571
RUNG 15590940135482865409 3897735033870716353 3 35591
RUNG 15590940612966952489 3897735153241738123 3 269
RUNG 15590940424496871121 3897735106124217782 7 78049
RUNG 15590940198357279001 3897735049589319752 7 37060217
RUNG 15590940294915140401 3897735073728785101 3 13109
RUNG 15590940410547697441 3897735102636924361 3 1357592177
RUNG 15590940505527061921 3897735126381765483 11 19716499786947
RUNG 15590940156846690409 3897735039211672604 7 136407092
RUNG 15590940334099846489 3897735083524961624 7 24538
RUNG 15590940341324584009 3897735085331146003 3 511022339
RUNG 15590940553984671649 3897735138496167914 7 514
RUNG 15590940581556296401 3897735145389074101 3 509
RUNG 15590940483969247489 3897735120992311874 7 68
RUNG 15590940426340837009 3897735106585209254 7 388
RUNG 15590940393129098761 3897735098282274691 3 4673
RUNG 15590940278915760529 3897735069728940133 3 197
RUNG 15590940374093202889 3897735093523300723 3 100343
RUNG 15590940291413046289 3897735072853261573 3 205487
RUNG 15590940424298799289 3897735106074699823 3 86291
RUNG 15590940278660507401 3897735069665126851 3 701337347
RUNG 15590940652345659241 3897735163086414814 15 2947736786
RUNG 15590940144643469761 3897735036160867441 3 26693
RUNG 15590940613373331361 3897735153343332841 3 337871
RUNG 15590940368340783889 3897735092085195975 11 678035
RUNG 15590940379567919809 3897735094891979954 7 118
RUNG 15590940276747123289 3897735069186780825 11 173
RUNG 15590940311431172689 3897735077857793176 15 41
RUNG 15590940604233162169 3897735151058290543 3 2879
RUNG 15590940335386344289 3897735083846586074 7 1607924
RUNG 15590940209717161969 3897735052429290497 19 6119382431
RUNG 15590940219757872649 3897735054939468164 7 37861
RUNG 15590940337685682649 3897735084421420663 3 453377
RUNG 15590940520642256449 3897735130160564113 3 101
RUNG 15590940537129687409 3897735134282421854 7 296930492
RUNG 15590940554656516729 3897735138664129185 11 285
RUNG 15590940209819264161 3897735052454816041 3 18719
RUNG 15590940277635412561 3897735069408853141 3 4162547
RUNG 15590940465413242801 3897735116353310705 19 31484128565050975
RUNG 15590940467598225601 3897735116899556401 3 448313
RUNG 15590940527691378721 3897735131922844681 3 11801
RUNG 15590940121974788041 3897735030493697012 7 6124
RUNG 15590940451982746321 3897735112995686581 3 5195849
RUNG 15590940578558595721 3897735144639648931 3 569
RUNG 15590940523529703049 3897735130882425763 3 27143
RUNG 15590940395034339241 3897735098758584813 11 8863263
RUNG 15590940129993884041 3897735032498471011 3 35099
RUNG 15590940483569025961 3897735120892256491 3 101
RUNG 15590940206098675009 3897735051524668753 3 144917
RUNG 15590940389575969009 3897735097393992255 11 285
RUNG 15590940537362487889 3897735134340621977 19 66948263
RUNG 15590940186501217561 3897735046625304391 3 153777233
RUNG 15590940238072937761 3897735059518234442 7 15644
RUNG 15590940248997851761 3897735062249462944 15 311
RUNG 15590940365925062161 3897735091481265542 7 14503
RUNG 15590940504936935161 3897735126234233791 3 4517
RUNG 15590940552124395481 3897735138031098873 11 2923
RUNG 15590940400921543849 3897735100230385963 3 39209
RUNG 15590940526735712329 3897735131683928086 15 356
RUNG 15590940436297845529 3897735109074461387 19 2237
RUNG 15590940629756631049 3897735157439157763 3 3911
RUNG 15590940630289607521 3897735157572401884 15 8156
RUNG 15590940629883241921 3897735157470810481 3 30675551
RUNG 15590940432099417529 3897735108024854383 3 171294803
RUNG 15590940454331107009 3897735113582776753 3 1361
RUNG 15590940457978190449 3897735114494547615 11 85
RUNG 15590940571734112729 3897735142933528183 3 1132487
RUNG 15590940616258752889 3897735154064688225 11 85
RUNG 15590940251235935161 3897735062808983791 3 2510579
RUNG 15590940399618729721 3897735099904682431 3 137
RUNG 15590940521401911241 3897735130350477812 7 244
RUNG 15590940485786692009 3897735121446673003 3 1433
RUNG 15590940579630682249 3897735144907670563 3 76991
RUNG 15590940131794974241 3897735032948743563 11 1143
RUNG 15590940166536200761 3897735041634050191 3 61553
RUNG 15590940186907592329 3897735046726898084 7 61708
RUNG 15590940485237384089 3897735121309346023 3 30971
RUNG 15590940528532716169 3897735132133179043 3 487469
RUNG 15590940592097337769 3897735148024334444 7 124
RUNG 15590940406908817729 3897735101727204433 3 3355337
RUNG 15590940542657510809 3897735135664377703 3 89
RUNG 15590940377548367329 3897735094387091833 3 293
RUNG 15590940183572946481 3897735045893236621 3 137
RUNG 15590940345096268681 3897735086274067173 11 244527357
RUNG 15590940449156585041 3897735112289146262 7 376690961
RUNG 15590940143065002769 3897735035766250693 3 2008439
RUNG 15590940302819918089 3897735075704979525 11 18787
RUNG 15590940566700495049 3897735141675123764 7 6212
RUNG 15590940612436064929 3897735153109016233 3 6444083
RUNG 15590940283681919641 3897735070920479911 3 173
RUNG 15590940588215428921 3897735147053857232 7 4129
RUNG 15590940295172479441 3897735073793119862 7 305674
RUNG 15590940353050019161 3897735088262504791 3 641
RUNG 15590940596602087921 3897735149150521981 3 5302613
RUNG 15590940327040557481 3897735081760139372 7 72122924
RUNG 15590940546141239281 3897735136535309822 7 13558
RUNG 15590940645952070401 3897735161488017603 11 153
RUNG 15590940416085753889 3897735104021438473 3 20411
RUNG 15590940567096653929 3897735141774163485 11 214821
RUNG 15590940336766795081 3897735084191698771 3 1277
RUNG 15590940460032497641 3897735115008124411 3 2753
RUNG 15590940648467864761 3897735162116966195 19 631307
RUNG 15590940194181353401 3897735048545338352 7 61
RUNG 15590940184600102921 3897735046150025731 3 773
RUNG 15590940333628182121 3897735083407045532 7 1466
RUNG 15590940359988876481 3897735089997219121 3 11831
RUNG 15590940633955089001 3897735158488772252 7 262
RUNG 15590940169037716729 3897735042259429183 3 11003
RUNG 15590940537297168289 3897735134324292073 3 268283
RUNG 15590940161602649281 3897735040400662322 7 1006267
RUNG 15590940396672083881 3897735099168020971 3 509
RUNG 15590940551912048761 3897735137978012193 11 17643
RUNG 15590940522373941841 3897735130593485463 11 101
RUNG 15590940428954696569 3897735107238674143 3 135209
RUNG 15590940646266551329 3897735161566637834 7 82
RUNG 15590940263234983201 3897735065808745801 3 8069
RUNG 15590940328911074521 3897735082227768632 7 2005534
RUNG 15590940404411419441 3897735101102854862 7 1658
RUNG 15590940358224558889 3897735089556139724 7 118
RUNG 15590940173401561201 3897735043350390303 11 8003672742692180223
RUNG 15590940452695456489 3897735113173864123 3 5287571
RUNG 15590940560727540649 3897735140181885163 3 80669
RUNG 15590940637845181249 3897735159461295314 7 38
RUNG 15590940361165099561 3897735090291274892 7 677
RUNG 15590940530934179041 3897735132733544762 7 131
RUNG 15590940564470601961 3897735141117650491 3 162839
RUNG 15590940122113687321 3897735030528421831 3 14489
RUNG 15590940487097706721 3897735121774426681 3 6658511
RUNG 15590940569312279161 3897735142328069791 3 16829
RUNG 15590940613275358321 3897735153318839583 11 41
RUNG 15590940316144244209 3897735079036061054 7 353
RUNG 15590940297200240449 3897735074300060113 3 3167
RUNG 15590940418111472569 3897735104527868144 7 68
RUNG 15590940518012153449 3897735129503038364 7 47
RUNG 15590940206733787009 3897735051683446756 15 236216
RUNG 15590940441970668889 3897735110492667227 19 94279297205737
RUNG 15590940167928904321 3897735041982226082 7 542
RUNG 15590940287200377961 3897735071800094492 7 68
RUNG 15590940274731682249 3897735068682920563 3 2129
RUNG 15590940411409503529 3897735102852375883 3 1229
RUNG 15590940310322399929 3897735077580599983 3 11789
RUNG 15590940616993925089 3897735154248481273 3 12473
RUNG 15590940636720031489 3897735159180007873 3 653
RUNG 15590940358878027361 3897735089719506842 7 347933
RUNG 15590940371019997201 3897735092754999301 3 113
RUNG 15590940409978036321 3897735102494509082 7 2084
RUNG 15590940264729773329 3897735066182443333 3 1806662309
RUNG 15590940119563193401 3897735029890798351 3 449
RUNG 15590940328753855081 3897735082188463772 7 6017521
RUNG 15590940428207329201 3897735107051832302 7 181
RUNG 15590940465511315921 3897735116377828983 11 11541
RUNG 15590940494312248081 3897735123578062021 3 901937
RUNG 15590940168700801969 3897735042175200495 11 178859
RUNG 15590940200472902329 3897735050118225583 3 764783
RUNG 15590940327416318929 3897735081854079737 19 5890282009019
RUNG 15590940654373469449 3897735163593367364 7 1097
RUNG 15590940290720860321 3897735072680215083 11 270639
RUNG 15590940404435941801 3897735101108985452 7 30089
RUNG 15590940192272071201 3897735048068017802 7 8237
RUNG 15590940453661360561 3897735113415340143 11 1503
RUNG 15590940536063800681 3897735134015950171 3 461
RUNG 15590940616975551601 3897735154243887901 3 36341
RUNG 15590940176785242361 3897735044196310592 7 124
RUNG 15590940537092990281 3897735134273247572 7 97
RUNG 15590940504465276721 3897735126116319181 3 90173
RUNG 15590940132485229961 3897735033121307491 3 1619
RUNG 15590940489276585889 3897735122319146474 7 820132
RUNG 15590940131425412329 3897735032856353083 3 101
RUNG 15590940263970144649 3897735065992536168 23 8040906
RUNG 15590940275869111729 3897735068967277934 7 76
RUNG 15590940409138768249 3897735102284692063 3 173
RUNG 15590940414276540889 3897735103569135223 3 9965777
RUNG 15590940164526881449 3897735041131720367 19 11148301
RUNG 15590940121033474129 3897735030258368535 11 285
RUNG 15590940134496643849 3897735033624160963 3 21809057
RUNG 15590940482278518289 3897735120569629575 11 179255
RUNG 15590940491245115929 3897735122811278983 3 624803
RUNG 15590940653985493729 3897735163496373434 7 1042
RUNG 15590940243564045361 3897735060891011341 3 45243629
RUNG 15590940525479919601 3897735131369979902 7 82
RUNG 15590940527291209081 3897735131822802272 7 4723
RUNG 15590940591860513881 3897735147965128471 3 3701
RUNG 15590940478909155721 3897735119727288934 15 1646
RUNG 15590940184338759769 3897735046084689945 11 503
RUNG 15590940195841571089 3897735048960392773 3 7823
RUNG 15590940157169417881 3897735039292354472 7 640687
RUNG 15590940324159280921 3897735081039820232 7 82
RUNG 15590940214581372601 3897735053645343153 11 1683007
RUNG 15590940141592737289 3897735035398184324 7 2729618
RUNG 15590940160191637609 3897735040047909405 11 144069
RUNG 15590940258707815369 3897735064676953843 3 983267
RUNG 15590940259602228889 3897735064900557226 15 158519516
RUNG 15590940313965417769 3897735078491354443 3 42281
RUNG 15590940480389635729 3897735120097408933 3 482373863
RUNG 15590940513662635489 3897735128415658874 7 1046
RUNG 15590940609328125409 3897735152332031357 19 4442529225155290202233006908824947
RUNG 15590940533831865409 3897735133457966355 11 153
RUNG 15590940606773534209 3897735151693383553 3 8681
RUNG 15590940209692731241 3897735052423182811 3 113
RUNG 15590940433477852801 3897735108369463203 11 415428568139508233
RUNG 15590940248793713281 3897735062198428321 3 9719
RUNG 15590940330965404441 3897735082741351111 3 11801
RUNG 15590940363584951401 3897735090896237852 7 1076
RUNG 15590940544530115801 3897735136132528955 19 2255
RUNG 15590940589310010961 3897735147327502741 3 149
RUNG 15590940227188931929 3897735056797232984 7 349
RUNG 15590940462707615329 3897735115676903834 7 482
RUNG 15590940237670724161 3897735059417681042 7 31
RUNG 15590940384234061081 3897735096058515271 3 2706419
RUNG 15590940595039976401 3897735148759994105 19 295
RUNG 15590940614490407401 3897735153622601851 3 113
RUNG 15590940566061388441 3897735141515347112 7 59
RUNG 15590940202429199689 3897735050607299924 7 1844
RUNG 15590940524820349441 3897735131205087363 11 9627
RUNG 15590940581856568681 3897735145464142171 3 41879
RUNG 15590940636956934649 3897735159239233664 7 23581
RUNG 15590940544807838401 3897735136201959601 3 3861881
RUNG 15590940132070714009 3897735033017678503 3 461
RUNG 15590940181996549969 3897735045499137495 11 277
RUNG 15590940261593227129 3897735065398306784 7 164
RUNG 15590940275758858609 3897735068939714653 3 208067
RUNG 15590940611537621929 3897735152884405484 7 61161068
RUNG 15590940367842611209 3897735091960652804 7 3164983
RUNG 15590940521912488489 3897735130478122127 19 2237
RUNG 15590940379551671401 3897735094887917853 11 829461
RUNG 15590940400974713041 3897735100243678261 3 73727
RUNG 15590940631735443241 3897735157933860811 3 16253
RUNG 15590940210170582401 3897735052542645602 7 59
RUNG 15590940417419264041 3897735104354816011 3 89
RUNG 15590940616381347361 3897735154095336844 15 1571
RUNG 15590940125879256889 3897735031469814223 3 4517
RUNG 15590940519345650209 3897735129836412555 11 13901883
RUNG 15590940420247491121 3897735105061872781 3 653
RUNG 15590940513832142281 3897735128458035574 15 626
RUNG 15590940358410436321 3897735089602609083 11 2324349358433022549829
RUNG 15590940395655203881 3897735098913800971 3 56333
RUNG 15590940340095380569 3897735085023845145 11 378793
RUNG 15590940301604968801 3897735075401242202 7 94
RUNG 15590940325161942241 3897735081290485563 11 10868921373
RUNG 15590940349488764761 3897735087372191191 3 113
RUNG 15590940377117565961 3897735094279391492 7 3566
RUNG 15590940484992413041 3897735121248103261 3 389
RUNG 15590940593710626169 3897735148427656544 7 38
RUNG 15590940599848999009 3897735149962249753 3 509
RUNG 15590940411144084001 3897735102786021002 7 92762
RUNG 15590940259712525569 3897735064928131394 7 19
RUNG 15590940259826879809 3897735064956719955 11 953
RUNG 15590940368624728969 3897735092156182243 3 113
RUNG 15590940380558410729 3897735095139602683 3 137
RUNG 15590940218563377721 3897735054640844431 3 22157
RUNG 15590940351600241681 3897735087900060422 7 2380318
RUNG 15590940399283917721 3897735099820979432 7 122
RUNG 15590940447049275361 3897735111762318841 3 653
RUNG 15590940198722917681 3897735049680729421 3 117041
RUNG 15590940303867557281 3897735075966889321 3 233
RUNG 15590940130316620801 3897735032579155202 7 3076
RUNG 15590940158774490241 3897735039693622563 11 45381420449
RUNG 15590940335298638041 3897735083824659511 3 5381
RUNG 15590940457467765121 3897735114366941282 7 262
RUNG 15590940463418269681 3897735115854567421 3 89
RUNG 15590940196305143569 3897735049076285893 3 941
RUNG 15590940308535661969 3897735077133915493 3 4815389
RUNG 15590940364203714409 3897735091050928603 3 821
RUNG 15590940408109616449 3897735102027404116 15 54401
RUNG 15590940621137271289 3897735155284317826 15 30596
RUNG 15590940259614510961 3897735064903627743 11 348339
RUNG 15590940422220114121 3897735105555028533 11 54727
RUNG 15590940238740778129 3897735059685194534 7 68
RUNG 15590940503352405409 3897735125838101353 3 449
RUNG 15590940395930892001 3897735098982723001 3 53842991
RUNG 15590940429224312161 3897735107306078042 7 62
RUNG 15590940641198274361 3897735160299568591 3 24917
RUNG 15590940386118890521 3897735096529722632 7 1783619
RUNG 15590940572391737281 3897735143097934321 3 653
RUNG 15590940649940248321 3897735162485062084 15 32261
RUNG 15590940295092918001 3897735073773229501 3 54971129
RUNG 15590940627722855641 3897735156930713911 3 58151
RUNG 15590940399643325161 3897735099910831292 7 157
RUNG 15590940223666444849 3897735055916611213 3 1523
RUNG 15590940278197081009 3897735069549270253 3 8712761
RUNG 15590940306389485249 3897735076597371314 7 524
RUNG 15590940362990750209 3897735090747687554 7 7717
RUNG 15590940560690852809 3897735140172713205 11 31215
RUNG 15590940442346467969 3897735110586616993 3 22907
RUNG 15590940453553183489 3897735113388295873 3 641
RUNG 15590940262661243041 3897735065665310761 3 4547
RUNG 15590940523107108721 3897735130776777183 11 41
RUNG 15590940314361611809 3897735078590402954 7 152612
RUNG 15590940574887117049 3897735143721779263 3 4091
RUNG 15590940201453136249 3897735050363284063 3 1718882453
RUNG 15590940343528069249 3897735085882017313 3 172708169
RUNG 15590940381301725169 3897735095325431295 11 117
RUNG 15590940254509422721 3897735063627355681 3 18608717
RUNG 15590940468278338081 3897735117069584521 3 158303
RUNG 15590940607629189721 3897735151907297431 3 186644219
RUNG 15590940229161581761 3897735057290395441 3 2243333
RUNG 15590940416490163201 3897735104122540801 3 4649
RUNG 15590940141215004721 3897735035303751182 7 89
RUNG 15590940218947299649 3897735054736824914 7 524
RUNG 15590940632105084689 3897735158026271173 3 89
RUNG 15590940213950428681 3897735053487607173 11 642646862413876207862721
RUNG 15590940302623973641 3897735075655993411 3 2069
RUNG 15590940382704614281 3897735095676153571 3 34631
RUNG 15590940136953269929 3897735034238317483 3 76091
RUNG 15590940597055512529 3897735149263878133 3 149
RUNG 15590940145025455681 3897735036256363921 3 257
RUNG 15590940285364654681 3897735071341163671 3 149
RUNG 15590940235150892089 3897735058787723023 3 27581
RUNG 15590940326385155209 3897735081596288803 3 36124313
RUNG 15590940328537465369 3897735082134366344 7 11276
RUNG 15590940472168432849 3897735118042108213 3 149
RUNG 15590940620430747961 3897735155107686991 3 257
RUNG 15590940168125014729 3897735042031253683 3 101
RUNG 15590940320048706649 3897735080012176663 3 32843
RUNG 15590940193107332881 3897735048276833224 15 1706
RUNG 15590940251158446001 3897735062789611501 3 1811819
RUNG 15590940402285742321 3897735100571435582 7 2764
RUNG 15590940501481919401 3897735125370479851 3 1733
RUNG 15590940601409146801 3897735150352286701 3 6449
RUNG 15590940161502680209 3897735040375670055 11 21765
RUNG 15590940371894061409 3897735092973515354 7 38
RUNG 15590940255146552209 3897735063786638056 15 1601
RUNG 15590940295303268809 3897735073825817203 3 4877
RUNG 15590940619391353129 3897735154847838284 7 22522
RUNG 15590940122769268009 3897735030692317003 3 293
RUNG 15590940242751370249 3897735060687842563 3 3371
RUNG 15590940397335840289 3897735099333960073 3 36761
RUNG 15590940439763305369 3897735109940826343 3 8117
RUNG 15590940138966729601 3897735034741682401 3 2371763
RUNG 15590940215310437041 3897735053827609271 43 160463
RUNG 15590940259888170241 3897735064972042562 7 24239
RUNG 15590940407652226681 3897735101913056672 7 34487
RUNG 15590940560362104001 3897735140090526002 7 55508
RUNG 15590940368130585049 3897735092032646263 3 73991471
RUNG 15590940614274002569 3897735153568500643 3 7937
RUNG 15590940642605265529 3897735160651316383 3 89
RUNG 15590940446738915161 3897735111684728791 3 113
RUNG 15590940290261474161 3897735072565368543 11 1563333747
RUNG 15590940231021899041 3897735057755474761 3 3167
RUNG 15590940297126817921 3897735074281704481 3 10247
RUNG 15590940541291498681 3897735135322874672 7 59
RUNG 15590940462964972249 3897735115741243066 15 187841
RUNG 15590940527895718129 3897735131973929534 7 59
RUNG 15590940243227174281 3897735060806793572 7 68
RUNG 15590940480720510361 3897735120180127592 7 68
RUNG 15590940592942860961 3897735148235715241 3 13901
RUNG 15590940345476202529 3897735086369050633 3 1049
RUNG 15590940215686182649 3897735053921545663 3 100769
RUNG 15590940234203401369 3897735058550850343 3 12816989
RUNG 15590940369298643449 3897735092324660863 3 197
RUNG 15590940339376632409 3897735084844158105 11 218829045
RUNG 15590940268562771401 3897735067140692851 3 809
RUNG 15590940474622987681 3897735118655746921 3 269
RUNG 15590940525134889121 3897735131283722281 3 3229901
RUNG 15590940320393833201 3897735080098458301 3 76289
RUNG 15590940225040779601 3897735056260194902 7 13796
RUNG 15590940497283510361 3897735124320877591 3 27049637
RUNG 15590940577844030401 3897735144461007601 3 207629
RUNG 15590940203750470729 3897735050937617683 3 1889
RUNG 15590940217530156649 3897735054382539163 3 71171
RUNG 15590940402565527169 3897735100641381794 7 110921
RUNG 15590940229651706329 3897735057412926584 7 17804
RUNG 15590940324320680729 3897735081080170183 3 690304679
RUNG 15590940177981972049 3897735044495493014 7 19
RUNG 15590940227174715649 3897735056793678917 19 1640759
RUNG 15590940347838860449 3897735086959715114 7 31
RUNG 15590940359002693129 3897735089750673284 7 101
RUNG 15590940254648323321 3897735063662080831 3 150587
RUNG 15590940501398226721 3897735125349556683 11 241
RUNG 15590940119992122001 3897735029998030503 11 433081669999781167
RUNG 15590940490130250361 3897735122532562592 7 8354
RUNG 15590940498592464121 3897735124648116032 7 262
RUNG 15590940489348149641 3897735122337037412 7 412
RUNG 15590940557094868681 3897735139273717171 3 333233
RUNG 15590940469299401761 3897735117324850441 3 1048583
RUNG 15590940210080802961 3897735052520200742 7 314
RUNG 15590940279071124361 3897735069767781092 7 22252
RUNG 15590940219917309809 3897735054979327453 3 14360261
RUNG 15590940420378250489 3897735105094562624 7 118
RUNG 15590940561379071001 3897735140344767752 7 6731198
RUNG 15590940292178979961 3897735073044744991 3 1181
RUNG 15590940549980404249 3897735137495101064 7 6697414
RUNG 15590940332403086281 3897735083100771571 3 12653
RUNG 15590940573827349721 3897735143456837432 7 1718636
RUNG 15590940627026575801 3897735156756643951 3 197
RUNG 15590940208040809921 3897735052010202482 7 607
RUNG 15590940296499940681 3897735074124985171 3 8681
RUNG 15590940456969570001 3897735114242392504 15 626
RUNG 15590940627722912761 3897735156930728192 7 292
RUNG 15590940347169081049 3897735086792270263 3 930179
RUNG 15590940539674233889 3897735134918558473 3 2153
RUNG 15590940599683663369 3897735149920915845 11 305
RUNG 15590940605376870889 3897735151344217723 3 9730121
RUNG 15590940238048589761 3897735059512147442 7 164
RUNG 15590940346774967521 3897735086693741882 7 286478
RUNG 15590940119800180249 3897735029950045068 23 516
RUNG 15590940230783012209 3897735057695753054 7 853
RUNG 15590940122101560841 3897735030525390211 3 653
RUNG 15590940235732918681 3897735058933229672 7 3548
RUNG 15590940635321347921 3897735158830336981 3 6529469
RUNG 15590940341122606321 3897735085280651582 7 5108
RUNG 15590940486362701321 3897735121590675332 7 32884
RUNG 15590940650759173561 3897735162689793392 7 82
RUNG 15590940129424320049 3897735032356080014 7 164
RUNG 15590940319621967689 3897735079905491924 7 2978
RUNG 15590940348571968769 3897735087142992193 3 7583
RUNG 15590940438860767369 3897735109715191847 19 195725669018179
RUNG 15590940570848022769 3897735142712005695 11 249
RUNG 15590940213638051089 3897735053409512774 7 41
RUNG 15590940394568921209 3897735098642230303 3 1061
RUNG 15590940145219500961 3897735036304875241 3 113
RUNG 15590940422530575001 3897735105632643751 3 1013
RUNG 15590940358259409049 3897735089564852263 3 5807
RUNG 15590940344161166209 3897735086040291555 11 758045
RUNG 15590940258213744769 3897735064553436193 3 677
RUNG 15590940269418418249 3897735067354604563 3 26691641
RUNG 15590940337259071129 3897735084314767785 11 895539
RUNG 15590940401346454489 3897735100336613623 3 52301
RUNG 15590940494859635161 3897735123714908792 7 122
RUNG 15590940491204384881 3897735122801096224 15 85676
RUNG 15590940398169045121 3897735099542261281 3 929
RUNG 15590940519398833801 3897735129849708451 3 3209
RUNG 15590940168729515041 3897735042182378761 3 44895731
RUNG 15590940146914401889 3897735036728600480 31 223
RUNG 15590940155662501249 3897735038915625313 3 243149
RUNG 15590940279973728289 3897735069993432073 3 8807
RUNG 15590940479415691009 3897735119853922754 7 563
RUNG 15590940482836108009 3897735120709027004 7 227
RUNG 15590940154214696209 3897735038553674058 23 6491719
RUNG 15590940175860320209 3897735043965080054 7 131
RUNG 15590940188024752489 3897735047006188124 7 82
RUNG 15590940536592812689 3897735134148203174 7 44852
RUNG 15590940481588423561 3897735120397105891 3 2999
RUNG 15590940489213400921 3897735122303350232 7 103
RUNG 15590940608266374961 3897735152066593743 11 200917381502673996477159097
RUNG 15590940422843018521 3897735105710754631 3 5309
RUNG 15590940183910044409 3897735045977511103 3 5713607
RUNG 15590940202296572569 3897735050574143143 3 61668209
RUNG 15590940381979756249 3897735095494939064 7 34774
RUNG 15590940421327825009 3897735105331956253 3 113
RUNG 15590940598260380809 3897735149565095203 3 400231943
RUNG 15590940412547055481 3897735103136763872 7 49223
RUNG 15590940380119461361 3897735095029865345 19 118639297111
RUNG 15590940629517890641 3897735157379472662 7 178
RUNG 15590940132070824361 3897735033017706092 7 1392361
RUNG 15590940354052824601 3897735088513206151 3 1973
RUNG 15590940554340191881 3897735138585047971 3 1061
RUNG 15590940579708456169 3897735144927114043 3 28433
RUNG 15590940149019758041 3897735037254939512 7 68
RUNG 15590940327038679121 3897735081759669781 3 322271
RUNG 15590940544101405001 3897735136025351252 7 68
RUNG 15590940572369364721 3897735143092341181 3 11322977
RUNG 15590940625568590801 3897735156392147701 3 691343
RUNG 15590940295003155889 3897735073750788974 7 33508
RUNG 15590940480457144609 3897735120114286153 3 509
RUNG 15590940191784160681 3897735047946040172 7 1658
RUNG 15590940381618325201 3897735095404581302 7 146
RUNG 15590940535026580201 3897735133756645051 3 106751
RUNG 15590940299806034881 3897735074951508726 23 1164
RUNG 15590940337393865161 3897735084348466292 7 94
RUNG 15590940627931232281 3897735156982808074 15 71
RUNG 15590940457653685609 3897735114413421404 7 188
RUNG 15590940199486737409 3897735049871684353 3 977
RUNG 15590940516164259409 3897735129041064853 3 284573
RUNG 15590940338249483089 3897735084562370774 7 19
RUNG 15590940415299736369 3897735103824934093 3 1511
RUNG 15590940436673769049 3897735109168442264 7 82
RUNG 15590940652599078649 3897735163149769664 7 47
RUNG 15590940134600919001 3897735033650229752 7 31804
RUNG 15590940514898196361 3897735128724549093 11 2791
RUNG 15590940546284351161 3897735136571087792 7 164
RUNG 15590940291635837209 3897735072908959303 3 3323
RUNG 15590940284494824001 3897735071123706001 3 14243
RUNG 15590940301366158481 3897735075341539621 3 15581
RUNG 15590940171655779529 3897735042913944883 3 15737
RUNG 15590940632278742329 3897735158069685584 7 59
RUNG 15590940355296437041 3897735088824109261 3 449
RUNG 15590940601321416241 3897735150330354061 3 166250477
RUNG 15590940615511552201 3897735153877888051 3 7877
RUNG 15590940624894726001 3897735156223681504 15 461
RUNG 15590940205092143329 3897735051273035833 3 2210387
RUNG 15590940253204647769 3897735063301161943 3 89
RUNG 15590940547723992889 3897735136930998223 3 21647
RUNG 15590940124719491401 3897735031179872853 11 701
RUNG 15590940163599933001 3897735040899983251 3 16883
RUNG 15590940229022810521 3897735057255702632 7 188
RUNG 15590940336922162081 3897735084230540521 3 3593
RUNG 15590940363570784081 3897735090892696021 3 113
RUNG 15590940341428945081 3897735085357236271 3 2243
RUNG 15590940463124318881 3897735115781079721 3 806709251
RUNG 15590940484624958041 3897735121156239513 11 472881
RUNG 15590940237630010009 3897735059407502504 7 47
RUNG 15590940440416837609 3897735110104209403 3 6959
RUNG 15590940611621471209 3897735152905367804 7 131
RUNG 15590940578219823961 3897735144554955993 11 103610669
RUNG 15590940185976614449 3897735046494153614 7 619
RUNG 15590940302842563649 3897735075710640913 3 1381517
RUNG 15590940631978570849 3897735157994642714 7 48674
RUNG 15590940354387738649 3897735088596934665 11 757677
RUNG 15590940400603187929 3897735100150796983 3 5417
RUNG 15590940465233753929 3897735116308438483 3 86171
RUNG 15590940128284903561 3897735032071225892 7 311
RUNG 15590940301353919681 3897735075338479921 3 4793771
RUNG 15590940379282250161 3897735094820562544 15 131
RUNG 15590940350806002961 3897735087701500741 3 1579047101
RUNG 15590940241117825081 3897735060279456271 3 18326159
RUNG 15590940450951729361 3897735112737932343 11 223131123
RUNG 15590940496885377649 3897735124221344418 23 636
RUNG 15590940573459835609 3897735143364958904 7 73
RUNG 15590940172625762569 3897735043156440644 7 41
RUNG 15590940149748789841 3897735037437197461 3 389
RUNG 15590940408971473561 3897735102242868393 11 117
RUNG 15590940122318071729 3897735030579517933 3 318581
RUNG 15590940144662073409 3897735036165518353 3 386543
RUNG 15590940375798538969 3897735093949634746 15 41681
RUNG 15590940468449977849 3897735117112494463 3 1877111
RUNG 15590940540840295849 3897735135210073963 3 195971
RUNG 15590940162058212361 3897735040514553095 19 13
RUNG 15590940594552074161 3897735148638018542 7 157
RUNG 15590940156109750441 3897735039027437611 3 220511
RUNG 15590940209378405881 3897735052344601472 7 3142
RUNG 15590940403329323761 3897735100832330941 3 23338769
RUNG 15590940545134707481 3897735136283676873 11 724961801691
RUNG 15590940619464963481 3897735154866240871 3 3167
RUNG 15590940629052341281 3897735157263085322 7 340058
RUNG 15590940211281588169 3897735052820397044 7 188
RUNG 15590940271078645489 3897735067769661373 3 317
RUNG 15590940478862341609 3897735119715585403 3 881
RUNG 15590940236698860289 3897735059174715073 3 389
RUNG 15590940399169688809 3897735099792422205 11 159693
RUNG 15590940506544236089 3897735126636059023 3 101
RUNG 15590940276747350089 3897735069186837523 3 13997
RUNG 15590940441633911929 3897735110408477984 7 14243
RUNG 15590940270827478001 3897735067706869501 3 101
RUNG 15590940598201204681 3897735149550301171 3 89
RUNG 15590940300843424969 3897735075210856245 11 139059
RUNG 15590940347240615809 3897735086810153955 11 1630791
RUNG 15590940423510809809 3897735105877702453 3 5807
RUNG 15590940490181373769 3897735122545343445 11 448618607
RUNG 15590940156769335121 3897735039192333781 3 2111
RUNG 15590940543944203201 3897735135986050803 11 626216373
RUNG 15590940237456463441 3897735059364115862 7 118
RUNG 15590940322068390889 3897735080517097723 3 1433
RUNG 15590940462909931729 3897735115727482934 7 68
RUNG 15590940283077685969 3897735070769421493 3 87959
RUNG 15590940298503256801 3897735074625814202 7 3394
RUNG 15590940650624467129 3897735162656116784 7 3445972
RUNG 15590940158268203089 3897735039567050774 7 9226367
RUNG 15590940182934004249 3897735045733501066 15 71
RUNG 15590940292501703089 3897735073125425773 3 101
RUNG 15590940418373048689 3897735104593262174 7 797
RUNG 15590940471100563529 3897735117775140885 11 4231
RUNG 15590940576825142489 3897735144206285623 3 2213
RUNG 15590940610927210489 3897735152731802624 7 538
RUNG 15590940210628152049 3897735052657038014 7 19
RUNG 15590940415706145169 3897735103926536293 3 25673
RUNG 15590940472209391969 3897735118052347994 7 19
RUNG 15590940376756275001 3897735094189068751 3 2213
RUNG 15590940534201643081 3897735133550410772 7 15658
RUNG 15590940188000308849 3897735047000077215 11 699
RUNG 15590940306663253921 3897735076665813483 11 787233
RUNG 15590940186056289289 3897735046514072323 3 96953
RUNG 15590940237632094721 3897735059408023681 3 12479
RUNG 15590940511306295521 3897735127826573881 3 171617
RUNG 15590940581770969801 3897735145442742452 7 5836
RUNG 15590940566406661681 3897735141601665421 3 2729
RUNG 15590940191116468081 3897735047779117021 3 101
RUNG 15590940264942340201 3897735066235585053 11 35079615596120265477
RUNG 15590940314888596561 3897735078722149142 7 12178
RUNG 15590940571350442201 3897735142837610551 3 4551119
RUNG 15590940304854013009 3897735076213503254 7 19
RUNG 15590940493795806049 3897735123448951515 11 813
RUNG 15590940124833893689 3897735031208473423 3 11981
RUNG 15590940349915710649 3897735087478927664 7 356
RUNG 15590940307326927481 3897735076831731871 3 2801
RUNG 15590940444002708929 3897735111000677233 3 89
RUNG 15590940541452942121 3897735135363235532 7 1279
RUNG 15590940159532243081 3897735039883060772 7 171422
RUNG 15590940220607617441 3897735055151904362 7 2267
RUNG 15590940338237289601 3897735084559322403 11 711
RUNG 15590940517303777201 3897735129325944301 3 5399
RUNG 15590940212329187521 3897735053082296881 3 1219859
RUNG 15590940332635974289 3897735083158993574 7 60032878
RUNG 15590940348441363889 3897735087110340973 3 1457873
RUNG 15590940549188190169 3897735137297047544 7 4798
RUNG 15590940208096039081 3897735052024009773 11 417
RUNG 15590940574742279041 3897735143685569762 7 7292
RUNG 15590940595142258641 3897735148785564662 7 82
RUNG 15590940636658973881 3897735159164743471 3 137399
RUNG 15590940119794145929 3897735029948536484 7 59
RUNG 15590940145319645929 3897735036329911485 11 749624963
RUNG 15590940378853466449 3897735094713366615 11 285
RUNG 15590940221112003721 3897735055278000931 3 816191
RUNG 15590940274209127801 3897735068552281951 3 223589
RUNG 15590940605717985481 3897735151429496371 3 233
RUNG 15590940144570219361 3897735036142554842 7 118
RUNG 15590940255740919169 3897735063935229794 7 1756
RUNG 15590940444774604009 3897735111193651003 3 988109
RUNG 15590940638088404689 3897735159522101173 3 3347
RUNG 15590940273353515849 3897735068338378964 7 692
RUNG 15590940616773592849 3897735154193398215 11 15465
RUNG 15590940611188614169 3897735152797153543 3 211727
RUNG 15590940399569967961 3897735099892491991 3 233
RUNG 15590940128068498561 3897735032017124643 11 14798313
RUNG 15590940153248893801 3897735038312223453 11 36286857
RUNG 15590940506887338961 3897735126721834741 3 401
RUNG 15590940476661063721 3897735119165265934 15 936503756
RUNG 15590940489031742041 3897735122257935512 7 311
RUNG 15590940182695112041 3897735045673778014 15 851
RUNG 15590940217246428841 3897735054311607215 19 7105
RUNG 15590940350483412721 3897735087620853181 3 1616869613
RUNG 15590940598758720001 3897735149689680003 11 7311
RUNG 15590940266071605481 3897735066517901372 7 7645732
RUNG 15590940415499924521 3897735103874981132 7 542
RUNG 15590940174735241369 3897735043683810344 7 388
RUNG 15590940256639424161 3897735064159856042 7 1663514
RUNG 15590940457727271121 3897735114431817782 7 118
RUNG 15590940134070057409 3897735033517514353 3 5471
RUNG 15590940494059246969 3897735123514811743 3 269
RUNG 15590940570268182001 3897735142567045501 3 137
RUNG 15590940151823555929 3897735037955888987 19 13
RUNG 15590940158307032929 3897735039576758234 7 31
RUNG 15590940341494357249 3897735085373589315 11 20015
RUNG 15590940354440890849 3897735088610222713 3 20051
RUNG 15590940392022595681 3897735098005648923 11 11601
RUNG 15590940465027568369 3897735116256892094 7 404
RUNG 15590940542239142809 3897735135559785703 3 558149
RUNG 15590940293475789841 3897735073368947464 15 21446
RUNG 15590940267245788201 3897735066811447053 11 7347
RUNG 15590940612673190521 3897735153168297631 3 487602587
RUNG 15590940613130607481 3897735153282651874 15 1749026
RUNG 15590940572283681721 3897735143070920433 11 103083
RUNG 15590940288956758489 3897735072239189625 11 123
RUNG 15590940304435421689 3897735076108855425 11 193811
RUNG 15590940471872491489 3897735117968122873 3 101
RUNG 15590940492509347729 3897735123127336933 3 45737
RUNG 15590940529014896809 3897735132253724203 3 75239
RUNG 15590940592363061689 3897735148090765424 7 236
RUNG 15590940331868188681 3897735082967047173 11 1316652490229
RUNG 15590940392906806321 3897735098226701581 3 38669
RUNG 15590940603520769881 3897735150880192471 3 4127
RUNG 15590940609908271001 3897735152477067751 3 662021
RUNG 15590940189899442481 3897735047474860622 7 68
RUNG 15590940221183495809 3897735055295873956 15 776
RUNG 15590940228150938809 3897735057037734703 3 101
RUNG 15590940475323544489 3897735118830886123 3 449
RUNG 15590940275624286049 3897735068906071514 7 124
RUNG 15590940488374223449 3897735122093555864 7 21523
RUNG 15590940161580440281 3897735040395110071 3 151883
RUNG 15590940454012820521 3897735113503205131 3 541727
RUNG 15590940621006767641 3897735155251691913 11 29061
RUNG 15590940406271968609 3897735101567992153 3 317
RUNG 15590940608968943089 3897735152242235776 15 7488776
RUNG 15590940623048808889 3897735155762202224 7 38
RUNG 15590940626467183849 3897735156616795963 3 353
RUNG 15590940473203914289 3897735118300978574 7 76
RUNG 15590940574131741289 3897735143532935323 3 1686040211
RUNG 15590940579189874369 3897735144797468594 7 13292
RUNG 15590940259261425601 3897735064815356401 3 38651
RUNG 15590940373872962641 3897735093468240666 23 6719277
RUNG 15590940398234499841 3897735099558624963 11 4439079
RUNG 15590940632240034889 3897735158060008723 3 7203887
RUNG 15590940370961019289 3897735092740254824 7 19
RUNG 15590940139307919409 3897735034826979857 19 134404656373344133
RUNG 15590940416506684321 3897735104126671081 3 74895539
RUNG 15590940483007758961 3897735120751939741 3 7817
RUNG 15590940424601331001 3897735106150332754 15 1706
RUNG 15590940542124817081 3897735135531204275 19 1705
RUNG 15590940152354516401 3897735038088629101 3 293
RUNG 15590940403149701041 3897735100787425261 3 953
RUNG 15590940134980840249 3897735033745210064 7 4049
RUNG 15590940167059246609 3897735041764811654 7 4546
RUNG 15590940614474294689 3897735153618573674 7 31
RUNG 15590940614415076681 3897735153603769173 11 15683
RUNG 15590940157122681289 3897735039280670323 3 281
RUNG 15590940443839391569 3897735110959847894 7 68
RUNG 15590940294748009489 3897735073687002377 19 1294048044464084787587
RUNG 15590940375964024369 3897735093991006094 7 164
RUNG 15590940157821059641 3897735039455264912 7 3323
RUNG 15590940192664388161 3897735048166097042 7 89
RUNG 15590940382120775281 3897735095530193822 7 445772
RUNG 15590940582765499561 3897735145691374896 23 4086
RUNG 15590940539766263401 3897735134941565852 7 16553102
RUNG 15590940246308779801 3897735061577194951 3 2174729
RUNG 15590940310085773081 3897735077521443272 7 124
RUNG 15590940313350995041 3897735078337748761 3 12347003
RUNG 15590940452675300161 3897735113168825042 7 362
RUNG 15590940497312252521 3897735124328063131 3 564407
RUNG 15590940597707107081 3897735149426776774 15 131
RUNG 15590940339911810449 3897735084977952613 3 1013
RUNG 15590940351598405369 3897735087899601343 3 4391411
RUNG 15590940487044876529 3897735121761219135 11 85822755
RUNG 15590940545963856649 3897735136490964163 3 13553
RUNG 15590940339278778769 3897735084819694693 3 4517
RUNG 15590940382041138409 3897735095510284603 3 4253
RUNG 15590940208063417129 3897735052015854285 11 4245
RUNG 15590940253811239321 3897735063452809831 3 524067197
RUNG 15590940342139680961 3897735085534920241 3 183059
RUNG 15590940160596200401 3897735040149050101 3 496949
RUNG 15590940201469673041 3897735050367418262 7 236
RUNG 15590940295280990641 3897735073820247662 7 190093636
RUNG 15590940362374256881 3897735090593564221 3 14717
RUNG 15590940603780141889 3897735150945035473 3 13679
RUNG 15590940240701346889 3897735060175336723 3 135131
RUNG 15590940302468972809 3897735075617243204 7 73
RUNG 15590940408175173409 3897735102043793355 11 51295
RUNG 15590940219672419281 3897735054918104822 7 82
RUNG 15590940314819231041 3897735078704807761 3 6581
RUNG 15590940565724685841 3897735141431171463 11 3946843
RUNG 15590940575796027121 3897735143949006782 7 383
RUNG 15590940248242601089 3897735062060650274 7 124
RUNG 15590940554828360569 3897735138707090143 3 111616199
RUNG 15590940562081686649 3897735140520421663 3 1266359
RUNG 15590940262173398329 3897735065543349586 15 757646
RUNG 15590940262843187449 3897735065710796865 11 50851701
RUNG 15590940575885877409 3897735143971469355 11 1341
RUNG 15590940138476826601 3897735034619206651 3 638327
RUNG 15590940471378355561 3897735117844588891 3 2657
RUNG 15590940516958730401 3897735129239682601 3 65687
RUNG 15590940177381773689 3897735044345443426 15 86
RUNG 15590940212212849969 3897735053053212493 3 434927
RUNG 15590940355357811929 3897735088839452984 7 76
RUNG 15590940470859678409 3897735117714919603 3 5483
RUNG 15590940476048502049 3897735119012125515 11 95785
RUNG 15590940561975503209 3897735140493875805 11 305
RUNG 15590940596289943921 3897735149072485981 3 89
RUNG 15590940256167762649 3897735064041940664 7 1002574
RUNG 15590940270662162569 3897735067665540643 3 857
RUNG 15590940614151668929 3897735153537917233 3 4703
RUNG 15590940510697840201 3897735127674460052 7 464866
RUNG 15590940349101005641 3897735087275251411 3 62926823
RUNG 15590940503471061481 3897735125867765371 3 233
RUNG 15590940603277808521 3897735150819452133 11 4296603381253309401277
RUNG 15590940202841933521 3897735050710483384 15 2456
RUNG 15590940459804078961 3897735114951019741 3 269
RUNG 15590940628057964761 3897735157014491191 3 19463
RUNG 15590940646083051841 3897735161520762961 3 149
RUNG 15590940650544909241 3897735162636227312 7 1109
RUNG 15590940519362218201 3897735129840554551 3 317
RUNG 15590940552606629401 3897735138151657354 15 18236
RUNG 15590940401734588489 3897735100433647125 11 7185
RUNG 15590940564963013849 3897735141240753468 23 6548272
RUNG 15590940529817464681 3897735132454366173 11 80583
RUNG 15590940641619154681 3897735160404788671 3 21701
RUNG 15590940342037593121 3897735085509398281 3 106319
RUNG 15590940192674619529 3897735048168654883 3 13913
RUNG 15590940348833502409 3897735087208375604 7 89810068
RUNG 15590940547556667049 3897735136889166763 3 7673
RUNG 15590940292328214529 3897735073082053634 7 412
RUNG 15590940432238585129 3897735108059646286 15 1309106966
RUNG 15590940367168981081 3897735091792245272 7 103
RUNG 15590940557327829961 3897735139331957491 3 1109
RUNG 15590940209923733209 3897735052480933305 11 30576955
RUNG 15590940306156910249 3897735076539227563 3 50513
RUNG 15590940361690188049 3897735090422547016 15 1796
RUNG 15590940374003689249 3897735093500922314 7 398
RUNG 15590940491770178089 3897735122942544523 3 317
RUNG 15590940192445914409 3897735048111478607 19 1260994839246677
RUNG 15590940239280101809 3897735059820025454 7 124
RUNG 15590940294000648721 3897735073500162182 7 1249
RUNG 15590940589432785721 3897735147358196432 7 388
RUNG 15590940343693692961 3897735085923423242 7 122
RUNG 15590940544524242881 3897735136131060724 15 926
RUNG 15590940164253512809 3897735041063378203 3 428021213
RUNG 15590940176172900289 3897735044043225073 3 48310037
RUNG 15590940206895392161 3897735051723848041 3 173
RUNG 15590940392157429121 3897735098039357281 3 122039
RUNG 15590940249966100009 3897735062491525003 3 23333
RUNG 15590940321839781889 3897735080459945475 11 19
RUNG 15590940383836116289 3897735095959029073 3 20849
RUNG 15590940497916722929 3897735124479180734 7 73
RUNG 15590940534389599369 3897735133597399844 7 17804
RUNG 15590940219415140241 3897735054853785061 3 1761911
RUNG 15590940635897366401 3897735158974341601 3 233
RUNG 15590940294780713041 3897735073695178263 11 369
RUNG 15590940335484696361 3897735083871174091 3 89
RUNG 15590940434482796881 3897735108620699221 3 102953
RUNG 15590940541908396289 3897735135477099073 3 101
RUNG 15590940208988490889 3897735052247122723 3 22079
RUNG 15590940224493700609 3897735056123425153 3 353
RUNG 15590940235228704889 3897735058807176225 11 381
RUNG 15590940219090464089 3897735054772616023 3 389
RUNG 15590940404881389409 3897735101220347354 7 1244
RUNG 15590940527724389689 3897735131931097423 3 59663
RUNG 15590940555434872489 3897735138858718129 27 1223
RUNG 15590940618292947769 3897735154573236944 7 19
RUNG 15590940294966544489 3897735073741636124 7 76
RUNG 15590940300819031129 3897735075204757785 11 24547
RUNG 15590940529115020969 3897735132278755245 11 1165
RUNG 15590940369460165921 3897735092365041482 7 52876
RUNG 15590940473451053881 3897735118362763471 3 353
RUNG 15590940223991363641 3897735055997840911 3 4786883
