RUNG 15631162139265538441 3907790534816384611 3 10289
RUNG 15631162473565864801 3907790618391466202 7 146
RUNG 15631162211182103401 3907790552795525851 3 159233
RUNG 15631162389268411801 3907790597317102951 3 3299
RUNG 15631162418718712681 3907790604679678171 3 1013
RUNG 15631162481680932001 3907790620420233002 7 178
RUNG 15631162257027943609 3907790564256985903 3 12119
RUNG 15631162613498698249 3907790653374674563 3 2237
RUNG 15631162448730575041 3907790612182643761 3 92141351
RUNG 15631162251498100129 3907790562874525033 3 78059
RUNG 15631162233711932209 3907790558427983056 15 7452191
RUNG 15631162466008276489 3907790616502069125 11 14645193
RUNG 15631162394400062689 3907790598600015674 7 766
RUNG 15631162618667105689 3907790654666776423 3 124721
RUNG 15631162660669826449 3907790665167456613 3 2213
RUNG 15631162268669619169 3907790567167404793 3 3209
RUNG 15631162416880882369 3907790604220220593 3 12143
RUNG 15631162419069950281 3907790604767487573 11 135938547
RUNG 15631162232294762521 3907790558073690632 7 804668714
RUNG 15631162491817626121 3907790622954406531 3 16451
RUNG 15631162236288993241 3907790559072248311 3 11213
RUNG 15631162416672596641 3907790604168149162 7 1951
RUNG 15631162508484760441 3907790627121190111 3 12918107
RUNG 15631162533959209441 3907790633489802362 7 404
RUNG 15631162499085252289 3907790624771313073 3 19961
RUNG 15631162250720095489 3907790562680023873 3 151007
RUNG 15631162494359971969 3907790623589992994 7 122
RUNG 15631162276310941369 3907790569077735344 7 5158
RUNG 15631162470805041169 3907790617701260297 19 7020219373808501
RUNG 15631162500992518489 3907790625248129624 7 2218
RUNG 15631162602798422689 3907790650699605673 3 113
RUNG 15631162311803638681 3907790577950909671 3 7529
RUNG 15631162622761406449 3907790655690351613 3 1973
RUNG 15631162367900522689 3907790591975130674 7 173
RUNG 15631162587197241529 3907790646799310384 7 8396
RUNG 15631162303294462681 3907790575823615671 3 6168413
RUNG 15631162329148731121 3907790582287182784 15 776
RUNG 15631162404820607401 3907790601205151854 15 188621
RUNG 15631162279670102881 3907790569917525721 3 54212579
RUNG 15631162326690115921 3907790581672528982 7 146
RUNG 15631162420987439041 3907790605246859761 3 134867
RUNG 15631162560920272081 3907790640230068021 3 27527
RUNG 15631162509123928321 3907790627280982083 11 717
RUNG 15631162281573287089 3907790570393321774 7 542
RUNG 15631162308036083449 3907790577009020866 15 162881
RUNG 15631162647851959849 3907790661962989964 7 1438
RUNG 15631162155657018961 3907790538914254741 3 641
RUNG 15631162317488688961 3907790579372172241 3 257
RUNG 15631162455344767321 3907790613836191831 3 389
RUNG 15631162196587670209 3907790549146917554 7 196453
RUNG 15631162274691616129 3907790568672904033 3 809
RUNG 15631162331854441849 3907790582963610466 15 53246
RUNG 15631162555896860449 3907790638974215114 7 2414662
RUNG 15631162352593400209 3907790588148350054 7 244
RUNG 15631162364492367289 3907790591123091823 3 281
RUNG 15631162382323460569 3907790595580865144 7 1868
RUNG 15631162338327710329 3907790584581927584 7 75807779
RUNG 15631162524533169769 3907790631133292446 15 69149738876
RUNG 15631162560575175769 3907790640143793943 3 119196977
RUNG 15631162522793351881 3907790630698337973 11 28500903
RUNG 15631162550379270241 3907790637594817562 7 122
RUNG 15631162510418593009 3907790627604648254 7 105388
RUNG 15631162419703008481 3907790604925752122 7 5284
RUNG 15631162637086334641 3907790659271583664 15 1016
RUNG 15631162210071266401 3907790552517816601 3 160541
RUNG 15631162296439348201 3907790574109837053 11 35163
RUNG 15631162353175387561 3907790588293846892 7 521
RUNG 15631162583219361721 3907790645804840432 7 101
RUNG 15631162189724381161 3907790547431095295 19 51731
RUNG 15631162218206755081 3907790554551688772 7 21953587
RUNG 15631162411152988561 3907790602788247142 7 1641323
RUNG 15631162212480875449 3907790553120218866 15 77276
RUNG 15631162362821986369 3907790590705496594 7 269
RUNG 15631162575167599849 3907790643791899964 7 115706
RUNG 15631162433078375089 3907790608269593774 7 5021509
RUNG 15631162162073120881 3907790540518280221 3 4397
RUNG 15631162297923915961 3907790574480978992 7 47
RUNG 15631162336643036401 3907790584160759102 7 2084
RUNG 15631162524400446409 3907790631100111604 7 47
RUNG 15631162650367767889 3907790662591941974 7 19
RUNG 15631162655717912689 3907790663929478175 11 1119
RUNG 15631162201598848249 3907790550399712064 7 937
RUNG 15631162473792570769 3907790618448142695 11 1479147
RUNG 15631162477096591489 3907790619274147873 3 89
RUNG 15631162563264553369 3907790640816138346 15 41
RUNG 15631162631164425409 3907790657791106353 3 773
RUNG 15631162170719120281 3907790542679780072 7 164
RUNG 15631162451170851841 3907790612792712962 7 1697
RUNG 15631162478191125121 3907790619547781282 7 695978
RUNG 15631162632791931481 3907790658197982871 3 6473
RUNG 15631162521086219881 3907790630271554972 7 57080068
RUNG 15631162599041096881 3907790649760274222 7 311
RUNG 15631162207435003441 3907790551858750863 11 18959
RUNG 15631162448128216201 3907790612032054052 7 4892
RUNG 15631162205789119609 3907790551447279904 7 94
RUNG 15631162369928294809 3907790592482073703 3 16196951
RUNG 15631162296990711241 3907790574247677812 7 292
RUNG 15631162466367719209 3907790616591929805 11 33315
RUNG 15631162378551832561 3907790594637958141 3 10973
RUNG 15631162313641508929 3907790578410377234 7 85603124
RUNG 15631162488791363809 3907790622197840953 3 1613
RUNG 15631162576952356729 3907790644238089183 3 87149
RUNG 15631162178409454609 3907790544602363653 3 257
RUNG 15631162231269705121 3907790557817426286 23 8233
RUNG 15631162425571853161 3907790606392963291 3 617
RUNG 15631162587909949081 3907790646977487271 3 2477
RUNG 15631162637656085881 3907790659414021476 23 3079432543508
RUNG 15631162548233112841 3907790637058278211 3 1013
RUNG 15631162562798984161 3907790640699746041 3 5261
RUNG 15631162281279266569 3907790570319816644 7 12437
RUNG 15631162489914493369 3907790622478623344 7 292
RUNG 15631162650271810489 3907790662567952623 3 15731
RUNG 15631162621820067529 3907790655455016883 3 1637
RUNG 15631162202409556609 3907790550602389153 3 593
RUNG 15631162417991803489 3907790604497950874 7 47501
RUNG 15631162480412882209 3907790620103220554 7 818
RUNG 15631162254753168481 3907790563688292122 7 2042
RUNG 15631162615602056881 3907790653900514222 7 5242676
RUNG 15631162306484168929 3907790576621042233 3 41651
RUNG 15631162264001569321 3907790566000392333 11 369
RUNG 15631162337784558601 3907790584446139652 7 2602
RUNG 15631162430875036081 3907790607718759023 11 1066203
RUNG 15631162447197061801 3907790611799265453 11 1293
RUNG 15631162221874284409 3907790555468571104 7 314
RUNG 15631162335105403969 3907790583776350994 7 4652044
RUNG 15631162263962773441 3907790565990693361 3 446753
RUNG 15631162149132738289 3907790537283184575 11 5045
RUNG 15631162363193665369 3907790590798416345 11 3879
RUNG 15631162621344278089 3907790655336069523 3 64109
RUNG 15631162399139696161 3907790599784924041 3 233
RUNG 15631162645415847721 3907790661353961932 7 244
RUNG 15631162512632197129 3907790628158049283 3 149
RUNG 15631162394381745121 3907790598595436283 11 1141103506892931
RUNG 15631162588336746361 3907790647084186591 3 569
RUNG 15631162476445207129 3907790619111301783 3 372107
RUNG 15631162576978920409 3907790644244730104 7 38
RUNG 15631162246799433601 3907790561699858401 3 27749
RUNG 15631162451154544561 3907790612788636143 11 113559
RUNG 15631162456931475721 3907790614232868932 7 4788292
RUNG 15631162633994722081 3907790658498680522 7 7120006
RUNG 15631162292504374009 3907790573126093504 7 23561
RUNG 15631162174962511321 3907790543740627832 7 40372
RUNG 15631162314452223289 3907790578613055824 7 6964
RUNG 15631162406664623569 3907790601666155894 7 76
RUNG 15631162632361094569 3907790658090273644 7 452108
RUNG 15631162192009463089 3907790548002365775 11 307205
RUNG 15631162214582173249 3907790553645543313 3 105239
RUNG 15631162508693110369 3907790627173277594 7 8186
RUNG 15631162232305039729 3907790558076259933 3 2237
RUNG 15631162644984987409 3907790661246246854 7 20858
RUNG 15631162221084030721 3907790555271007681 3 43151
RUNG 15631162191419316481 3907790547854829122 7 16142083
RUNG 15631162454499413761 3907790613624853441 3 22901
RUNG 15631162364441365921 3907790591110341482 7 8444411
RUNG 15631162145693957641 3907790536423489413 11 601061
RUNG 15631162581436705081 3907790645359176273 11 212607
RUNG 15631162583315381881 3907790645828845472 7 622
RUNG 15631162326269517889 3907790581567379473 3 276296567
RUNG 15631162333259421001 3907790583314855252 7 1172
RUNG 15631162568290058521 3907790642072514631 3 1373
RUNG 15631162577025905641 3907790644256476412 7 31
RUNG 15631162292896460209 3907790573224115053 3 51521
RUNG 15631162356785765689 3907790589196441424 7 17049434
RUNG 15631162460025182281 3907790615006295572 7 68
RUNG 15631162546311582481 3907790636577895621 3 89
RUNG 15631162281898034041 3907790570474508511 3 3221
RUNG 15631162183927081009 3907790545981770254 7 796
RUNG 15631162654282406449 3907790663570601613 3 8483837
RUNG 15631162222903499281 3907790555725874821 3 301557887
RUNG 15631162268050961641 3907790567012740411 3 1217
RUNG 15631162414338624169 3907790603584656043 3 353
RUNG 15631162538457899449 3907790634614474863 3 1033037
RUNG 15631162266382616209 3907790566595654053 3 173
RUNG 15631162309524795289 3907790577381198824 7 59
RUNG 15631162564912529209 3907790641228132303 3 16217
RUNG 15631162393624172641 3907790598406043161 3 157799
RUNG 15631162446651867361 3907790611662966841 3 89
RUNG 15631162471072623721 3907790617768155932 7 71692
RUNG 15631162626453489361 3907790656613372341 3 1780439
RUNG 15631162507196311849 3907790626799077963 3 173
RUNG 15631162594805953969 3907790648701488494 7 2026
RUNG 15631162523826686281 3907790630956671572 7 346
RUNG 15631162224567766969 3907790556141941743 3 8988227
RUNG 15631162360763666809 3907790590190916709 27 101759
RUNG 15631162376660948209 3907790594165237053 3 133691
RUNG 15631162481086789729 3907790620271697434 7 8524
RUNG 15631162195235904769 3907790548808976196 15 86
RUNG 15631162439923347769 3907790609980836943 3 16691
RUNG 15631162464499299169 3907790616124824793 3 215351
RUNG 15631162425898617361 3907790606474654342 7 686852
RUNG 15631162346769568369 3907790586692392093 3 12101
RUNG 15631162381116681169 3907790595279170294 7 68
RUNG 15631162298028116569 3907790574507029145 11 117
RUNG 15631162343775938689 3907790585943984674 7 69796
RUNG 15631162532562536689 3907790633140634173 3 137
RUNG 15631162188233752801 3907790547058438201 3 10883
RUNG 15631162351888964521 3907790587972241134 15 4921650614574611
RUNG 15631162470809205961 3907790617702301491 3 1487
RUNG 15631162652036171881 3907790663009042971 3 101
RUNG 15631162336220395441 3907790584055098861 3 2423
RUNG 15631162331942322169 3907790582985580545 11 491
RUNG 15631162208903287201 3907790552225821803 11 71937
RUNG 15631162263229720321 3907790565807430082 7 575308
RUNG 15631162621236089041 3907790655309022265 19 2597
RUNG 15631162154303223529 3907790538575805883 3 7117199
RUNG 15631162216581359449 3907790554145339868 23 2930842915609004901
RUNG 15631162499751046249 3907790624937761566 15 281
RUNG 15631162611920303449 3907790652980075863 3 10289
RUNG 15631162331979083569 3907790582994770893 3 821
RUNG 15631162482526440529 3907790620631610136 15 459896
RUNG 15631162648977205009 3907790662244301254 7 19
RUNG 15631162515113315041 3907790628778328761 3 39251
RUNG 15631162270532059969 3907790567633014996 15 4931
RUNG 15631162658993413249 3907790664748353315 11 8504205
RUNG 15631162596018942361 3907790649004735593 11 8433
RUNG 15631162604552627521 3907790651138156883 11 3879
RUNG 15631162434350636209 3907790608587659054 7 19
RUNG 15631162147903476001 3907790536975869001 3 10144553
RUNG 15631162370169320209 3907790592542330054 7 38
RUNG 15631162422845785201 3907790605711446305 19 47130197
RUNG 15631162495089076321 3907790623772269081 3 1181
RUNG 15631162542478698601 3907790635619674651 3 14527967
RUNG 15631162243278999481 3907790560819749871 3 113
RUNG 15631162265676094201 3907790566419023551 3 6269
RUNG 15631162404739019161 3907790601184754791 3 4157
RUNG 15631162450137653329 3907790612534413333 3 2693
RUNG 15631162492328241769 3907790623082060443 3 257
RUNG 15631162254434666809 3907790563608666706 15 41126
RUNG 15631162432071726409 3907790608017931604 7 41
RUNG 15631162459085873569 3907790614771468395 11 2005693
RUNG 15631162288477520929 3907790572119380233 3 149
RUNG 15631162323594482809 3907790580898620704 7 59
RUNG 15631162398208582369 3907790599552145593 3 269
RUNG 15631162320637609201 3907790580159402302 7 103
RUNG 15631162375693049641 3907790593923262412 7 31547
RUNG 15631162300360152121 3907790575090038035 19 136772670128151331225
RUNG 15631162328117601841 3907790582029400461 3 89
RUNG 15631162467944248801 3907790616986062202 7 2386
RUNG 15631162599047300881 3907790649761825222 7 566537
RUNG 15631162624154182681 3907790656038545672 7 566
RUNG 15631162202626076089 3907790550656519023 3 113
RUNG 15631162481001052969 3907790620250263243 3 20813693
RUNG 15631162524747675889 3907790631186918973 3 34313
RUNG 15631162148119945249 3907790537029986313 3 230663
RUNG 15631162361946037729 3907790590486509435 11 153
RUNG 15631162395586604689 3907790598896651174 7 76324
RUNG 15631162395766304209 3907790598941576054 7 429292
RUNG 15631162663712582809 3907790665928145703 3 149
RUNG 15631162138430465929 3907790534607616484 7 68
RUNG 15631162416474632329 3907790604118658083 3 1492502129
RUNG 15631162538751987529 3907790634687996883 3 133639817
RUNG 15631162198535871961 3907790549633967992 7 236
RUNG 15631162311148251841 3907790577787062961 3 377319881
RUNG 15631162360665679801 3907790590166419951 3 7331
RUNG 15631162466292240841 3907790616573060211 3 317
RUNG 15631162559672688001 3907790639918172002 7 10463
RUNG 15631162613766328729 3907790653441582184 7 118
RUNG 15631162374892574449 3907790593723143614 7 2051006
RUNG 15631162442167582249 3907790610541895564 7 181
RUNG 15631162396595377921 3907790599148844485 19 401225
RUNG 15631162280864803201 3907790570216200801 3 2319461
RUNG 15631162331303191201 3907790582825797801 3 586403
RUNG 15631162394177602801 3907790598544400702 7 724
RUNG 15631162325961215401 3907790581490303852 7 829
RUNG 15631162225437713161 3907790556359428291 3 1877
RUNG 15631162639563425161 3907790659890856293 11 187219
RUNG 15631162208968661161 3907790552242165294 15 206
RUNG 15631162392006916561 3907790598001729143 11 5088387
RUNG 15631162643043061921 3907790660760765482 7 146
RUNG 15631162371343515649 3907790592835878914 7 76
RUNG 15631162665472831129 3907790666368207784 7 412
RUNG 15631162238661968881 3907790559665492222 7 40549108
RUNG 15631162382740143241 3907790595685035812 7 75425489
RUNG 15631162616037087121 3907790654009271781 3 6779
RUNG 15631162158518025529 3907790539629506389 27 134751397918258841
RUNG 15631162333214547529 3907790583303636885 11 599121
RUNG 15631162383985788049 3907790595996447014 7 36873742
RUNG 15631162144873114921 3907790536218278731 3 1007429
RUNG 15631162286027087881 3907790571506771974 15 6476
RUNG 15631162559599186681 3907790639899796673 11 4869
RUNG 15631162328185005001 3907790582046251252 7 313
RUNG 15631162429713191761 3907790607428297944 15 885806
RUNG 15631162654709243041 3907790663677310765 19 118467216377983464299358709
RUNG 15631162266425549089 3907790566606387274 7 19
RUNG 15631162301920288369 3907790575480072094 7 289924
RUNG 15631162396168602529 3907790599042150634 7 19
RUNG 15631162412072010049 3907790603018002513 3 2081
RUNG 15631162571432811841 3907790642858202961 3 3329
RUNG 15631162353059097961 3907790588264774492 7 10678916
RUNG 15631162431140582881 3907790607785145723 11 673
RUNG 15631162554929047681 3907790638732261921 3 294353
RUNG 15631162192277038969 3907790548069259743 3 307589
RUNG 15631162321166519689 3907790580291629923 3 269
RUNG 15631162374600580369 3907790593650145093 3 1794029
RUNG 15631162462612504369 3907790615653126094 7 81172118
RUNG 15631162181376630529 3907790545344157633 3 197
RUNG 15631162300092667969 3907790575023166994 7 226852
RUNG 15631162628291378809 3907790657072844703 3 199038299
RUNG 15631162240077114361 3907790560019278592 7 1412
RUNG 15631162423119453841 3907790605779863465 19 1475
RUNG 15631162538568227281 3907790634642056821 3 24023003
RUNG 15631162384273728769 3907790596068432193 3 3251243
RUNG 15631162268316489049 3907790567079122264 7 21292
RUNG 15631162435694339881 3907790608923584972 7 1214
RUNG 15631162388186280049 3907790597046570014 7 104306
RUNG 15631162418220604369 3907790604555151094 7 4052
RUNG 15631162249750263241 3907790562437565811 3 4964789
RUNG 15631162364819217241 3907790591204804312 7 31258
RUNG 15631162205058176401 3907790551264544101 3 509
RUNG 15631162371582454321 3907790592895613583 11 18188279
RUNG 15631162579068012601 3907790644767003153 11 370577811
RUNG 15631162250238314641 3907790562559578661 3 197
RUNG 15631162335999910561 3907790583999977643 11 2493
RUNG 15631162591720495681 3907790647930123924 15 356
RUNG 15631162271301959209 3907790567825489803 3 15926711
RUNG 15631162478238208729 3907790619559552183 3 89
RUNG 15631162143605029921 3907790535901257485 19 2005
RUNG 15631162286231313721 3907790571557828434 15 115316
RUNG 15631162476271724281 3907790619067931071 3 492214301
RUNG 15631162263019446049 3907790565754861514 7 31
RUNG 15631162381900888729 3907790595475222184 7 6317
RUNG 15631162537320553129 3907790634330138283 3 2633
RUNG 15631162598524576009 3907790649631144003 3 317
RUNG 15631162186451114521 3907790546612778634 15 431
RUNG 15631162233003500401 3907790558250875102 7 691
RUNG 15631162389288989761 3907790597322247442 7 128434
RUNG 15631162643768014561 3907790660942003641 3 293
RUNG 15631162336726880329 3907790584181720083 3 7432973
RUNG 15631162363042649809 3907790590760662454 7 124
RUNG 15631162414293769729 3907790603573442434 7 794743
RUNG 15631162463098525729 3907790615774631436 15 153656
RUNG 15631162546062526849 3907790636515631716 15 1016
RUNG 15631162654070106529 3907790663517526633 3 512657
RUNG 15631162185468894289 3907790546367223575 11 24619509
RUNG 15631162440231762649 3907790610057940663 3 89
RUNG 15631162527528973489 3907790631882243373 3 389
RUNG 15631162604973340489 3907790651243335123 3 118518833
RUNG 15631162558353568801 3907790639588392202 7 12101
RUNG 15631162575167726161 3907790643791931541 3 101
RUNG 15631162331076561361 3907790582769140342 7 537904561
RUNG 15631162488397365001 3907790622099341251 3 46727
RUNG 15631162434558980761 3907790608639745192 7 101
RUNG 15631162656924884521 3907790664231221131 3 596861
RUNG 15631162570848815761 3907790642712203942 7 61
RUNG 15631162197384204769 3907790549346051194 7 122
RUNG 15631162363706320729 3907790590926580187 19 7633999
RUNG 15631162665274788241 3907790666318697065 19 335
RUNG 15631162536111675001 3907790634027918751 3 13619
RUNG 15631162610740068841 3907790652685017211 3 8969
RUNG 15631162664478393481 3907790666119598372 7 40759
RUNG 15631162133574541009 3907790533393635253 3 89
RUNG 15631162193420610769 3907790548355152693 3 149
RUNG 15631162307201037529 3907790576800259383 3 1261487
RUNG 15631162611795808009 3907790652948952004 7 244
RUNG 15631162225433673361 3907790556358418341 3 113
RUNG 15631162567269127321 3907790641817281832 7 9722
RUNG 15631162573795487161 3907790643448871791 3 317
RUNG 15631162308865303729 3907790577216325933 3 56703329
RUNG 15631162509328286449 3907790627332071613 3 666783203
RUNG 15631162632800235049 3907790658200058765 11 41
RUNG 15631162231216733041 3907790557804183262 7 124
RUNG 15631162370010107761 3907790592502526941 3 3371
RUNG 15631162628021861761 3907790657005465442 7 3932
RUNG 15631162191786982801 3907790547946745701 3 53269193
RUNG 15631162371235331881 3907790592808832972 7 188
RUNG 15631162460433681121 3907790615108420281 3 89
RUNG 15631162663142907841 3907790665785726966 23 769
RUNG 15631162312232628529 3907790578058157135 11 43595
RUNG 15631162429923561889 3907790607480890476 15 110756
RUNG 15631162654846099729 3907790663711524933 3 1523
RUNG 15631162362193179481 3907790590548294872 7 194
RUNG 15631162428443083201 3907790607110770804 15 32325896
RUNG 15631162490237255641 3907790622559313911 3 8807
RUNG 15631162192899895849 3907790548224973964 7 4091
RUNG 15631162379411661289 3907790594852915324 7 4168412
RUNG 15631162627825827289 3907790656956456828 23 636
RUNG 15631162653927182569 3907790663481795645 11 5455
RUNG 15631162362560747521 3907790590640186881 3 1080019121
RUNG 15631162432525122841 3907790608131280715 19 22373
RUNG 15631162177127180401 3907790544281795105 19 6529
RUNG 15631162321999708201 3907790580499927051 3 113
RUNG 15631162194901097881 3907790548725274471 3 8070827
RUNG 15631162204633460521 3907790551158365131 3 113
RUNG 15631162369944766681 3907790592486191671 3 86399
RUNG 15631162432096296121 3907790608024074031 3 32687
RUNG 15631162651664605081 3907790662916151272 7 958228
RUNG 15631162208823727729 3907790552205931933 3 89
RUNG 15631162373036416369 3907790593259104094 7 1072532
RUNG 15631162442845595809 3907790610711398954 7 1868
RUNG 15631162457141917849 3907790614285479465 11 615
RUNG 15631162666422429289 3907790666605607324 7 4724
RUNG 15631162287826171321 3907790571956542833 11 997
RUNG 15631162344895063201 3907790586223765802 7 101
RUNG 15631162473071871961 3907790618267967992 7 10601
RUNG 15631162516599999769 3907790629149999943 3 89
RUNG 15631162303364057041 3907790575841014261 3 98801
RUNG 15631162161619936369 3907790540404984094 7 38
RUNG 15631162285191944929 3907790571297986239 27 50867
RUNG 15631162515429912889 3907790628857478223 3 119267
RUNG 15631162517812973569 3907790629453243393 3 26099
RUNG 15631162182900035641 3907790545725008911 3 101
RUNG 15631162360988386081 3907790590247096522 7 41
RUNG 15631162473345510961 3907790618336377742 7 41
RUNG 15631162205542176049 3907790551385544013 3 101
RUNG 15631162334968713289 3907790583742178324 7 509
RUNG 15631162658568750049 3907790664642187513 3 113
RUNG 15631162255911135649 3907790563977783913 3 833633
RUNG 15631162279335376489 3907790569833844124 7 76
RUNG 15631162429615226209 3907790607403806554 7 4297
RUNG 15631162630039413601 3907790657509853402 7 31
RUNG 15631162259646031081 3907790564911507771 3 2549
RUNG 15631162587624201601 3907790646906050401 3 101
RUNG 15631162454701692721 3907790613675423181 3 92219
RUNG 15631162475734704721 3907790618933676182 7 514
RUNG 15631162482430553881 3907790620607638472 7 31
RUNG 15631162492324237849 3907790623081059465 11 6927
RUNG 15631162408859937241 3907790602214984313 11 32828127
RUNG 15631162302336921649 3907790575584230414 7 19
RUNG 15631162453527521209 3907790613381880305 11 1264293
RUNG 15631162253111507281 3907790563277876822 7 31
RUNG 15631162390616356609 3907790597654089153 3 924419
RUNG 15631162411273633249 3907790602818408314 7 766
RUNG 15631162505317743409 3907790626329435854 7 104534
RUNG 15631162320872523049 3907790580218130764 7 12520507
RUNG 15631162524096343849 3907790631024085963 3 154373
RUNG 15631162249145869969 3907790562286467494 7 1214
RUNG 15631162499271265489 3907790624817816375 11 359
RUNG 15631162523861512489 3907790630965378123 3 139301
RUNG 15631162370779984009 3907790592694996004 7 76
RUNG 15631162236922221721 3907790559230555433 11 8220159
RUNG 15631162382278713001 3907790595569678252 7 122
RUNG 15631162475301803161 3907790618825450791 3 1039943
RUNG 15631162314946528249 3907790578736632064 7 73
RUNG 15631162435782203209 3907790608945550803 3 2309
RUNG 15631162448042611369 3907790612010652844 7 514
RUNG 15631162566515647321 3907790641628911832 7 6502
RUNG 15631162246380952489 3907790561595238123 3 5715221
RUNG 15631162339491850369 3907790584872962594 7 372282748
RUNG 15631162380175413289 3907790595043853323 3 53927
RUNG 15631162403507762329 3907790600876940583 3 2543
RUNG 15631162608034404649 3907790652008601164 7 47
RUNG 15631162214576179681 3907790553644044921 3 2365589
RUNG 15631162397312213161 3907790599328053294 15 971
RUNG 15631162413999764041 3907790603499941013 11 123948567
RUNG 15631162421118315481 3907790605279578873 11 369
RUNG 15631162554941365441 3907790638735341362 7 314
RUNG 15631162374094219681 3907790593523554922 7 47
RUNG 15631162307111224129 3907790576777806034 7 2621
RUNG 15631162639567588801 3907790659891897202 7 34549094
RUNG 15631162347937733041 3907790586984433261 3 137
RUNG 15631162586345905369 3907790646586476346 15 21116
RUNG 15631162153790783161 3907790538447695792 7 188
RUNG 15631162329822799321 3907790582455699832 7 1904681036
RUNG 15631162547710509361 3907790636927627342 7 937
RUNG 15631162283113176409 3907790570778294103 3 4967
RUNG 15631162334462314249 3907790583615578564 7 16231
RUNG 15631162541245410889 3907790635311352724 7 179276
RUNG 15631162538276289481 3907790634569072374 15 206
RUNG 15631162161362672521 3907790540340668131 3 15761
RUNG 15631162371018919321 3907790592754729831 3 4283
RUNG 15631162471838518201 3907790617959629551 3 122789
RUNG 15631162515915951601 3907790628978987902 7 62
RUNG 15631162577716250161 3907790644429062542 7 314
RUNG 15631162335638534689 3907790583909633675 11 95
RUNG 15631162237430706121 3907790559357676532 7 1497263
RUNG 15631162303735744921 3907790575933936235 19 9541230956221103531155686635482225
RUNG 15631162313847927001 3907790578461981752 7 1601
RUNG 15631162408143208081 3907790602035802024 15 386
RUNG 15631162592369930761 3907790648092482691 3 2267
RUNG 15631162219426039729 3907790554856509933 3 74507
RUNG 15631162532393174209 3907790633098293553 3 169649
RUNG 15631162537773949609 3907790634443487407 19 18595483
RUNG 15631162356201879601 3907790589050469902 7 31366418
RUNG 15631162514909228401 3907790628727307101 3 13487
RUNG 15631162350986509681 3907790587746627423 11 25862789853
RUNG 15631162661913646201 3907790665478411553 11 1341
RUNG 15631162260154529449 3907790565038632365 11 6621
RUNG 15631162500555730801 3907790625138932701 3 257
RUNG 15631162547059107721 3907790636764776931 3 89
RUNG 15631162134078980449 3907790533519745115 11 909
RUNG 15631162255359820129 3907790563839955035 11 183
RUNG 15631162597875273409 3907790649468818355 11 249
RUNG 15631162587746755921 3907790646936688981 3 2274269
RUNG 15631162209203594089 3907790552300898523 3 1361
RUNG 15631162308181272889 3907790577045318224 7 103
RUNG 15631162649545015609 3907790662386253903 3 129671
RUNG 15631162436978862601 3907790609244715653 11 61
RUNG 15631162493665895089 3907790623416473773 3 513407
RUNG 15631162513559454481 3907790628389863622 7 15668404
RUNG 15631162625761384321 3907790656440346081 3 7331
RUNG 15631162344582687841 3907790586145671961 3 513353
RUNG 15631162460637947161 3907790615159486791 3 1289
RUNG 15631162493326923481 3907790623331730871 3 8147
RUNG 15631162633631407801 3907790658407851952 7 1069
RUNG 15631162139594544841 3907790534898636211 3 22135103
RUNG 15631162471031931121 3907790617757982782 7 619
RUNG 15631162517069722921 3907790629267430732 7 247964
RUNG 15631162415028986281 3907790603757246572 7 88465228
RUNG 15631162419905377801 3907790604976344453 11 981
RUNG 15631162484231679841 3907790621057919962 7 257
RUNG 15631162420812044929 3907790605203011233 3 28631
RUNG 15631162498648483609 3907790624662120907 19 167
RUNG 15631162502279230729 3907790625569807685 11 837647469
RUNG 15631162615577736049 3907790653894434016 15 113156
RUNG 15631162650968331289 3907790662742082823 3 4091
RUNG 15631162329024389449 3907790582256097364 7 500722
RUNG 15631162495789628089 3907790623947407025 11 14731
RUNG 15631162565829558049 3907790641457389513 3 28961
RUNG 15631162248263751289 3907790562065937823 3 2028203
RUNG 15631162403087140009 3907790600771785005 11 85
RUNG 15631162210394120329 3907790552598530083 3 137
RUNG 15631162468630498729 3907790617157624684 7 1546
RUNG 15631162311203509249 3907790577800877313 3 34307267
RUNG 15631162553413958329 3907790638353489583 3 11807
RUNG 15631162492534621321 3907790623133655333 11 1359
RUNG 15631162590107378161 3907790647526844541 3 1511
RUNG 15631162637521504921 3907790659380376231 3 7576571
RUNG 15631162393252682329 3907790598313170583 3 19421
RUNG 15631162588206241129 3907790647051560286 15 210399326
RUNG 15631162309774087729 3907790577443521933 3 1554644297
RUNG 15631162412329420609 3907790603082355153 3 226959251
RUNG 15631162187919435361 3907790546979858842 7 82
RUNG 15631162245764302441 3907790561441075612 7 63586
RUNG 15631162403097358321 3907790600774339583 11 14643
RUNG 15631162423636199521 3907790605909049887 27 37785271907147
RUNG 15631162606249710601 3907790651562427652 7 54036748
RUNG 15631162645156699369 3907790661289174844 7 17827
RUNG 15631162365793375801 3907790591448343951 3 317
RUNG 15631162269076236481 3907790567269059122 7 11812
RUNG 15631162406346249361 3907790601586562342 7 206
RUNG 15631162606100644201 3907790651525161054 15 3634808081
RUNG 15631162160903253409 3907790540225813354 7 37684
RUNG 15631162434738775369 3907790608684693844 7 829
RUNG 15631162454830407241 3907790613707601812 7 108722
RUNG 15631162199179252489 3907790549794813124 7 362
RUNG 15631162319412525649 3907790579853131413 3 9776603
RUNG 15631162657772427529 3907790664443106884 7 103
RUNG 15631162210008191401 3907790552502047851 3 5087
RUNG 15631162550934937561 3907790637733734391 3 101
RUNG 15631162232725887241 3907790558181471812 7 771686
RUNG 15631162271690052481 3907790567922513121 3 1024943
RUNG 15631162382891382721 3907790595722845681 3 36833
RUNG 15631162474693332961 3907790618673333245 19 111651160533523807
RUNG 15631162325802071161 3907790581450517791 3 3851
RUNG 15631162639095932041 3907790659773983012 7 10022
RUNG 15631162140809584009 3907790535202396003 3 17609
RUNG 15631162277526204049 3907790569381551014 7 5204
RUNG 15631162556270790169 3907790639067697545 11 6639
RUNG 15631162176555496201 3907790544138874052 7 8069
RUNG 15631162385178470761 3907790596294617693 11 6848937
RUNG 15631162147899549001 3907790536974887251 3 197
RUNG 15631162464838451281 3907790616209612824 15 23021
RUNG 15631162507778468401 3907790626944617101 3 4943
RUNG 15631162590187034641 3907790647546758668 31 17
RUNG 15631162345132026001 3907790586283006503 11 10463571
RUNG 15631162345599653161 3907790586399913291 3 41811137
RUNG 15631162258314695689 3907790564578673924 7 206779
RUNG 15631162561553551609 3907790640388387904 7 188
RUNG 15631162629218589049 3907790657304647263 3 2663
RUNG 15631162643016653329 3907790660754163335 11 160895367
RUNG 15631162261735115209 3907790565433778810 31 424627900
RUNG 15631162310840051089 3907790577710012774 7 2477
RUNG 15631162659555137809 3907790664888784453 3 389
RUNG 15631162262253794281 3907790565563448571 3 1889
RUNG 15631162570079072641 3907790642519768162 7 454
RUNG 15631162321474998169 3907790580368749544 7 101
RUNG 15631162404038759449 3907790601009689863 3 293
RUNG 15631162651852565689 3907790662963141423 3 1571
RUNG 15631162192121974969 3907790548030493744 7 1294
RUNG 15631162284385426249 3907790571096356567 19 51622039
RUNG 15631162446125206369 3907790611531301593 3 113
RUNG 15631162452243158209 3907790613060789553 3 42899
RUNG 15631162459108496689 3907790614777124173 3 391373
RUNG 15631162157936186761 3907790539484046696 23 306
RUNG 15631162162502188201 3907790540625547051 3 9059
RUNG 15631162379644553641 3907790594911138413 11 1341
RUNG 15631162257983895529 3907790564495973884 7 178
RUNG 15631162528094736529 3907790632023684133 3 137
RUNG 15631162634027603569 3907790658506900893 3 2584523
RUNG 15631162281943151161 3907790570485787791 3 16253
RUNG 15631162479890340601 3907790619972585153 11 5874107073
RUNG 15631162466970354529 3907790616742588633 3 3564689
RUNG 15631162298050764481 3907790574512691121 3 3089
RUNG 15631162141934765449 3907790535483691364 7 188
RUNG 15631162165483570729 3907790541370892684 7 1028
RUNG 15631162521509160649 3907790630377290164 7 76
RUNG 15631162550730753601 3907790637682688401 3 4583
RUNG 15631162621973445121 3907790655493361281 3 101
RUNG 15631162628054640241 3907790657013660061 3 28409
RUNG 15631162639108202761 3907790659777050692 7 271
RUNG 15631162535629869001 3907790633907467253 11 1107
RUNG 15631162179849325561 3907790544962331391 3 97787
RUNG 15631162221227182081 3907790555306795521 3 1289
RUNG 15631162420593589321 3907790605148397331 3 4793
RUNG 15631162537675994761 3907790634418998691 3 2543
RUNG 15631162198391048929 3907790549597762236 15 4359986
RUNG 15631162606545837289 3907790651636459323 3 496439
RUNG 15631162321029846889 3907790580257461724 7 878
RUNG 15631162451220107089 3907790612805026775 11 1814205
RUNG 15631162297062423721 3907790574265605935 19 22854828611575
RUNG 15631162639008147841 3907790659752036961 3 26357
RUNG 15631162354860325561 3907790588715081391 3 1039229
RUNG 15631162291191560569 3907790572797890146 15 356
RUNG 15631162546368963049 3907790636592240763 3 505961
RUNG 15631162183471908649 3907790545867977163 3 677
RUNG 15631162605886261009 3907790651471565254 7 57644
RUNG 15631162578212535649 3907790644553133913 3 22067
RUNG 15631162651078648969 3907790662769662243 3 2699
RUNG 15631162569268403161 3907790642317100794 15 1653566
RUNG 15631162134275085841 3907790533568771461 3 2657
RUNG 15631162170727541881 3907790542681885471 3 89
RUNG 15631162174368500761 3907790543592125191 3 2447519
RUNG 15631162219031999641 3907790554757999911 3 94079
RUNG 15631162222832236369 3907790555708059094 7 76
RUNG 15631162340357765041 3907790585089441261 3 113
RUNG 15631162244851555249 3907790561212888813 3 32429
RUNG 15631162386040242889 3907790596510060724 7 19
RUNG 15631162138685896321 3907790534671474082 7 22118
RUNG 15631162146821383681 3907790536705345921 3 1653227201
RUNG 15631162481111499841 3907790620277874961 3 809
RUNG 15631162517700772561 3907790629425193141 3 28703
RUNG 15631162480282433569 3907790620070608395 11 1256615
RUNG 15631162282194344209 3907790570548586054 7 134308
RUNG 15631162289970432529 3907790572492608136 15 401
RUNG 15631162530112294489 3907790632528073626 15 41
RUNG 15631162553387467249 3907790638346866813 3 2579
RUNG 15631162333739519449 3907790583434879865 11 780973
RUNG 15631162154503545049 3907790538625886266 15 79676
RUNG 15631162329277664569 3907790582319416144 7 82
RUNG 15631162356067187329 3907790589016796833 3 19577
RUNG 15631162569791177809 3907790642447794453 3 101
RUNG 15631162439929686241 3907790609982421561 3 12269
RUNG 15631162497868487161 3907790624467121791 3 101
RUNG 15631162563246439801 3907790640811609951 3 10391
RUNG 15631162159966002841 3907790539991500712 7 146
RUNG 15631162227324734689 3907790556831183673 3 113
RUNG 15631162306088259841 3907790576522064961 3 694367
RUNG 15631162232944429609 3907790558236107403 3 3408803
RUNG 15631162386789681169 3907790596697420294 7 38
RUNG 15631162223173268641 3907790555793317161 3 1606733
RUNG 15631162230128456881 3907790557532114222 7 21445612
RUNG 15631162252525551601 3907790563131387901 3 2903
RUNG 15631162623709204441 3907790655927301111 3 2087
RUNG 15631162143290706601 3907790535822676651 3 103377503
RUNG 15631162159847566921 3907790539961891732 7 1762
RUNG 15631162210181810881 3907790552545452721 3 137
RUNG 15631162288567558321 3907790572141889583 11 717
RUNG 15631162174223528689 3907790543555882174 7 68
RUNG 15631162250309939089 3907790562577484773 3 28901
RUNG 15631162473678484489 3907790618419621123 3 137
RUNG 15631162322491969969 3907790580622992493 3 197
RUNG 15631162417261004881 3907790604315251225 19 1573
RUNG 15631162460154055081 3907790615038513772 7 10372
RUNG 15631162569456288121 3907790642364072033 11 787
RUNG 15631162599749951521 3907790649937487882 7 564915839
RUNG 15631162548633606529 3907790637158401637 19 211
RUNG 15631162541941843009 3907790635485460754 7 174844
RUNG 15631162265155574281 3907790566288893572 7 2138
RUNG 15631162423758779041 3907790605939694762 7 542
RUNG 15631162433397207841 3907790608349301962 7 31
RUNG 15631162484605444921 3907790621151361231 3 4214933
RUNG 15631162548686703001 3907790637171675751 3 113
RUNG 15631162340441506609 3907790585110376653 3 59651
RUNG 15631162495119910489 3907790623779977624 7 1873654
RUNG 15631162147201219441 3907790536800304862 7 542
RUNG 15631162268414671801 3907790567103667955 19 67
RUNG 15631162463372314681 3907790615843078672 7 15802
RUNG 15631162189240697089 3907790547310174276 15 41
RUNG 15631162286155915489 3907790571538978876 15 3896
RUNG 15631162384163625289 3907790596040906324 7 4196
RUNG 15631162634552444641 3907790658638111163 11 23319
RUNG 15631162222391175769 3907790555597793945 11 162005
RUNG 15631162356839090161 3907790589209772544 15 505646
RUNG 15631162384288191841 3907790596072047962 7 7489
RUNG 15631162619032942081 3907790654758235524 15 201681716
RUNG 15631162200925254481 3907790550231313626 23 10867
RUNG 15631162607358601801 3907790651839650452 7 47
RUNG 15631162154846624401 3907790538711656103 11 117
RUNG 15631162428988452361 3907790607247113092 7 1204117
RUNG 15631162597758974281 3907790649439743572 7 404
RUNG 15631162167801328129 3907790541950332034 7 2029
RUNG 15631162406409618049 3907790601602404514 7 118
RUNG 15631162382805679441 3907790595701419861 3 101
RUNG 15631162474184927401 3907790618546231852 7 2256901
RUNG 15631162289606976121 3907790572401744034 15 641
RUNG 15631162349156946601 3907790587289236651 3 3329
RUNG 15631162241984562001 3907790560496140501 3 344801
RUNG 15631162354846070761 3907790588711517692 7 68
RUNG 15631162395566390401 3907790598891597602 7 68
RUNG 15631162439864364121 3907790609966091032 7 68
RUNG 15631162435594459441 3907790608898614862 7 2617
RUNG 15631162479400301521 3907790619850075383 11 33465951
RUNG 15631162548999150841 3907790637249787711 3 242483
RUNG 15631162338720082729 3907790584680020684 7 796
RUNG 15631162364547804649 3907790591136951164 7 19
RUNG 15631162211431562569 3907790552857890644 7 158084
RUNG 15631162273109340049 3907790568277335017 19 4640917
RUNG 15631162324025566081 3907790581006391523 11 25203
RUNG 15631162482647149201 3907790620661787302 7 61
RUNG 15631162436983052521 3907790609245763131 3 3881
RUNG 15631162133944316569 3907790533486079143 3 4001
RUNG 15631162165845065449 3907790541461266363 3 2333
RUNG 15631162246803783289 3907790561700945824 7 82
RUNG 15631162348097135449 3907790587024283863 3 1312769
RUNG 15631162360202348569 3907790590050587143 3 1913
RUNG 15631162525672933849 3907790631418233464 7 20396
RUNG 15631162160997263521 3907790540249315883 11 144513
RUNG 15631162206497998801 3907790551624499702 7 94
RUNG 15631162462541226241 3907790615635306561 3 881
RUNG 15631162590926323081 3907790647731580771 3 6863
RUNG 15631162590899782369 3907790647724945593 3 803087
RUNG 15631162628444729809 3907790657111182453 3 89
RUNG 15631162203238909681 3907790550809727422 7 11833
RUNG 15631162444552902601 3907790611138225651 3 653
RUNG 15631162216263041449 3907790554065760363 3 9227
RUNG 15631162612669972369 3907790653167493094 7 14474
RUNG 15631162222166579449 3907790555541644864 7 229916186
RUNG 15631162454697758329 3907790613674439583 3 58733
RUNG 15631162201450083961 3907790550362520991 3 269
RUNG 15631162468667354449 3907790617166838613 3 3671
RUNG 15631162312539103009 3907790578134775756 15 2936
RUNG 15631162581285861289 3907790645321465323 3 269
RUNG 15631162172741046649 3907790543185261665 11 30993
RUNG 15631162445271705049 3907790611317926265 11 1557
RUNG 15631162619729308369 3907790654932327093 3 20939
RUNG 15631162267724495881 3907790566931123971 3 1109
RUNG 15631162290703572001 3907790572675893008 31 518
RUNG 15631162296864406681 3907790574216101671 3 128597939
RUNG 15631162307721933361 3907790576930483342 7 2651372
RUNG 15631162401306584521 3907790600326646131 3 89
RUNG 15631162553687693401 3907790638421923351 3 1451
RUNG 15631162592925492001 3907790648231373001 3 5231
RUNG 15631162626784557241 3907790656696139311 3 42386489
RUNG 15631162134861207169 3907790533715301794 7 94
RUNG 15631162269478610761 3907790567369652692 7 31
RUNG 15631162270826357161 3907790567706589291 3 121523
RUNG 15631162326010446601 3907790581502611653 11 1265217819
RUNG 15631162303362181489 3907790575840545373 3 2237
RUNG 15631162378703247289 3907790594675811823 3 206302163
RUNG 15631162449725398489 3907790612431349626 15 41
RUNG 15631162512160771489 3907790628040192873 3 2207
RUNG 15631162663040980969 3907790665760245245 11 1999
RUNG 15631162346777994241 3907790586694498563 11 167
RUNG 15631162431583915441 3907790607895978863 11 321
RUNG 15631162543485665401 3907790635871416355 19 34280301271
RUNG 15631162357443570001 3907790589360892502 7 42124
RUNG 15631162438334900521 3907790609583725132 7 26505134
RUNG 15631162638930615841 3907790659732653961 3 2799113
RUNG 15631162422200743609 3907790605550185904 7 1042
RUNG 15631162619343370009 3907790654835842503 3 3251
RUNG 15631162487574615601 3907790621893653901 3 89
RUNG 15631162139649802729 3907790534912450684 7 388
RUNG 15631162390216278889 3907790597554069723 3 2087
RUNG 15631162270946848921 3907790567736712231 3 9689
RUNG 15631162482018229969 3907790620504557493 3 309437
RUNG 15631162445145115801 3907790611286278953 11 153
RUNG 15631162184313304729 3907790546078326183 3 18617
RUNG 15631162284879691729 3907790571219922935 11 3603
RUNG 15631162521147803809 3907790630286950954 7 3902
RUNG 15631162370661710401 3907790592665427601 3 283553
RUNG 15631162569086737201 3907790642271684301 3 31751
RUNG 15631162132439366881 3907790533109841721 3 8491541
RUNG 15631162467376809721 3907790616844202431 3 10289
RUNG 15631162154691477241 3907790538672869311 3 6047
RUNG 15631162438845427321 3907790609711356835 19 265
RUNG 15631162326079894801 3907790581519973701 3 1949
RUNG 15631162426921956121 3907790606730489034 15 717686
RUNG 15631162505142298321 3907790626285574582 7 3412
RUNG 15631162642783962481 3907790660695990621 3 155801
RUNG 15631162256715880681 3907790564178970171 3 3881
RUNG 15631162412968697401 3907790603242174353 11 974075241
RUNG 15631162450742353321 3907790612685588334 15 251
RUNG 15631162195485311521 3907790548871327883 11 153
RUNG 15631162373408256721 3907790593352064183 11 153
RUNG 15631162402013154049 3907790600503288514 7 31
RUNG 15631162409515609009 3907790602378902255 11 549
RUNG 15631162526814470689 3907790631703617674 7 1354
RUNG 15631162175438606281 3907790543859651574 15 356
RUNG 15631162254761650081 3907790563690412522 7 41
RUNG 15631162289486540281 3907790572371635071 3 2621
RUNG 15631162354997225521 3907790588749306381 3 1061
RUNG 15631162457234000161 3907790614308500041 3 80100857
RUNG 15631162601708330329 3907790650427082584 7 62
RUNG 15631162657819506001 3907790664454876502 7 929
RUNG 15631162344660419881 3907790586165104971 3 89
RUNG 15631162584847206721 3907790646211801682 7 100591994
RUNG 15631162146453892921 3907790536613473232 7 9098
RUNG 15631162295145035521 3907790573786258883 11 1359
RUNG 15631162137370899289 3907790534342724823 3 1187
RUNG 15631162360343288929 3907790590085822233 3 1010687
RUNG 15631162153590824569 3907790538397706143 3 1994471
RUNG 15631162202299604689 3907790550574901174 7 124
RUNG 15631162367096316769 3907790591774079193 3 307427663
RUNG 15631162422909354049 3907790605727338514 7 194
RUNG 15631162514466259489 3907790628616564874 7 523
RUNG 15631162647025286761 3907790661756321691 3 157781957
RUNG 15631162425708992761 3907790606427248192 7 206
RUNG 15631162190594634121 3907790547648658532 7 4546
RUNG 15631162629253414681 3907790657313353673 11 219128953
RUNG 15631162245658243729 3907790561414560933 3 3743459
RUNG 15631162391572211929 3907790597893052985 11 123
RUNG 15631162548770493169 3907790637192623294 7 1396
RUNG 15631162574447104129 3907790643611776033 3 8067737
RUNG 15631162189800281881 3907790547450070471 3 2249411
RUNG 15631162298600173081 3907790574650043272 7 1051412
RUNG 15631162501597327441 3907790625399331861 3 89
RUNG 15631162410463127641 3907790602615781912 7 24176654
RUNG 15631162503737388721 3907790625934347181 3 1306913
RUNG 15631162420426243441 3907790605106560865 19 29671675
RUNG 15631162515863024881 3907790628965756222 7 3220601
RUNG 15631162158561160201 3907790539640290054 15 596
RUNG 15631162330856243161 3907790582714060792 7 1522
RUNG 15631162408341450961 3907790602085362741 3 646859
RUNG 15631162394525008489 3907790598631252125 11 117
RUNG 15631162484911825009 3907790621227956253 3 3168821
RUNG 15631162332210117169 3907790583052529293 3 449
RUNG 15631162504623638449 3907790626155909613 3 862042859
RUNG 15631162249311461449 3907790562327865364 7 1440641
RUNG 15631162381880698249 3907790595470174563 3 389
RUNG 15631162423295311489 3907790605823827874 7 356
RUNG 15631162486520953969 3907790621630238497 19 203
RUNG 15631162604450806009 3907790651112701505 11 171
RUNG 15631162355260666369 3907790588815166598 23 804844965429459
RUNG 15631162635469395169 3907790658867348794 7 19
RUNG 15631162440893615641 3907790610223403911 3 3917
RUNG 15631162337452038001 3907790584363009501 3 137
RUNG 15631162264920820921 3907790566230205231 3 5849
RUNG 15631162283997558601 3907790570999389652 7 511916
RUNG 15631162609802998561 3907790652450749641 3 3953879
RUNG 15631162274063034241 3907790568515758561 3 28871
RUNG 15631162456907295841 3907790614226823963 11 142721
RUNG 15631162204213015321 3907790551053253832 7 3316
RUNG 15631162497358069561 3907790624339517398 31 86
RUNG 15631162501791338401 3907790625447834601 3 3359
RUNG 15631162255962396529 3907790563990599133 3 9582887
RUNG 15631162403254741729 3907790600813685434 7 236
RUNG 15631162412864581969 3907790603216145493 3 124799
RUNG 15631162426648351969 3907790606662087996 15 1256
RUNG 15631162646120685049 3907790661530171266 15 251
RUNG 15631162179081633529 3907790544770408383 3 341853077
RUNG 15631162301287517329 3907790575321879333 3 2445617
RUNG 15631162334879075329 3907790583719768834 7 118
RUNG 15631162441579750081 3907790610394937522 7 1884182
RUNG 15631162525722008281 3907790631430502072 7 16603
RUNG 15631162438496269729 3907790609624067434 7 47
RUNG 15631162143872784601 3907790535968196152 7 515681
RUNG 15631162549787453761 3907790637446863442 7 7607
RUNG 15631162139676392761 3907790534919098194 15 146
RUNG 15631162550504210161 3907790637626052542 7 141326
RUNG 15631162392750495361 3907790598187623842 7 404
RUNG 15631162513814878801 3907790628453719702 7 3022
RUNG 15631162662644880121 3907790665661220034 15 1031
RUNG 15631162200690507409 3907790550172626855 11 6915
RUNG 15631162410101709409 3907790602525427354 7 89
RUNG 15631162598022482449 3907790649505620614 7 89
RUNG 15631162518707607169 3907790629676901794 7 20156
RUNG 15631162587128199409 3907790646782049853 3 24821
RUNG 15631162195879461841 3907790548969865462 7 266348
RUNG 15631162634262568681 3907790658565642171 3 1061
RUNG 15631162176763927369 3907790544190981847 19 127
RUNG 15631162290993602929 3907790572748400735 11 264416247
RUNG 15631162351476785689 3907790587869196424 7 22973
RUNG 15631162494062228689 3907790623515557175 11 21699
RUNG 15631162274295842569 3907790568573960644 7 874942
RUNG 15631162416007292449 3907790604001823115 11 549
RUNG 15631162454883649969 3907790613720912493 3 518159
RUNG 15631162660022907001 3907790665005726752 7 595234
RUNG 15631162513179813601 3907790628294953403 11 13527
RUNG 15631162537476005521 3907790634369001381 3 137
RUNG 15631162303795158649 3907790575948789664 7 632572
RUNG 15631162313372326249 3907790578343081564 7 283
RUNG 15631162199487755881 3907790549871938972 7 2638
RUNG 15631162205517900001 3907790551379475002 7 181
RUNG 15631162250167105009 3907790562541776253 3 233
RUNG 15631162571682218929 3907790642920554734 7 94
RUNG 15631162590983581009 3907790647745895254 7 38
RUNG 15631162653061597009 3907790663265399254 7 38
RUNG 15631162358207357641 3907790589551839412 7 10708
RUNG 15631162376691903721 3907790594172975933 11 9459
RUNG 15631162219993922449 3907790554998480616 15 71
RUNG 15631162254665721121 3907790563666430285 19 13
RUNG 15631162314340256041 3907790578585064011 3 31907
RUNG 15631162503729255841 3907790625932313961 3 137
RUNG 15631162298359251121 3907790574589812782 7 62
RUNG 15631162537230964201 3907790634307741051 3 197
RUNG 15631162454791767601 3907790613697941901 3 743297
RUNG 15631162629804805801 3907790657451201452 7 122
RUNG 15631162132964222881 3907790533241055723 11 369
RUNG 15631162445845591681 3907790611461397923 11 1265069493
RUNG 15631162608720744121 3907790652180186032 7 103
RUNG 15631162175334512041 3907790543833628012 7 1186
RUNG 15631162233920639641 3907790558480159911 3 2399
RUNG 15631162620505358161 3907790655126339541 3 113
RUNG 15631162585774342489 3907790646443585623 3 1409
RUNG 15631162186669877929 3907790546667469483 3 31389179
RUNG 15631162270975499329 3907790567743874834 7 31
RUNG 15631162364264054689 3907790591066013674 7 4924
RUNG 15631162434710350609 3907790608677587653 3 7247
RUNG 15631162185544715401 3907790546386178851 3 49463
RUNG 15631162343402575561 3907790585850643893 11 813
RUNG 15631162408539567481 3907790602134891872 7 1046
RUNG 15631162445186018641 3907790611296504662 7 194
RUNG 15631162466315006521 3907790616578751633 11 225183177
RUNG 15631162245713426281 3907790561428356571 3 113
RUNG 15631162331109497041 3907790582777374261 3 89
RUNG 15631162558807167241 3907790639701791811 3 36269
RUNG 15631162181969106361 3907790545492276591 3 816857
RUNG 15631162423456672681 3907790605864168171 3 99480917
RUNG 15631162410881790529 3907790602720447633 3 116387549
RUNG 15631162532207555089 3907790633051888773 3 953
RUNG 15631162238592834649 3907790559648208664 7 41
RUNG 15631162224069846721 3907790556017461682 7 124
RUNG 15631162303486824649 3907790575871706165 11 123
RUNG 15631162439807289769 3907790609951822446 15 71
RUNG 15631162434181470289 3907790608545367573 3 70121
RUNG 15631162478146591489 3907790619536647875 11 83
RUNG 15631162548468322969 3907790637117080743 3 10541477
RUNG 15631162577977844881 3907790644494461222 7 59
RUNG 15631162150325660761 3907790537581415193 11 40699
RUNG 15631162593291103681 3907790648322775923 11 101419
RUNG 15631162453521634009 3907790613380408504 7 73
RUNG 15631162186702561801 3907790546675640453 11 901749
RUNG 15631162244688330001 3907790561172082502 7 12316
RUNG 15631162254422734681 3907790563605683671 3 554747
RUNG 15631162419331758961 3907790604832939741 3 7228547
RUNG 15631162442308793041 3907790610577198261 3 2026187
RUNG 15631162560257023441 3907790640064255861 3 101
RUNG 15631162627217557081 3907790656804389271 3 4079
RUNG 15631162666624845001 3907790666656211251 3 9833
RUNG 15631162238053742881 3907790559513435721 3 1229
RUNG 15631162400892138601 3907790600223034651 3 1061
RUNG 15631162275661995001 3907790568915498754 15 9806
RUNG 15631162575798992161 3907790643949748044 15 8134661
RUNG 15631162615894447561 3907790653973611893 11 22259943
RUNG 15631162469100361681 3907790617275090421 3 2753
RUNG 15631162538801313001 3907790634700328255 19 29821
RUNG 15631162261371803689 3907790565342950924 7 38
RUNG 15631162435870247809 3907790608967561956 15 58631
RUNG 15631162571602604569 3907790642900651143 3 26879
RUNG 15631162650527450569 3907790662631862644 7 94
RUNG 15631162226765353249 3907790556691338313 3 173
RUNG 15631162354525585849 3907790588631396463 3 1466177
RUNG 15631162365709839001 3907790591427459753 11 2199
RUNG 15631162455694373641 3907790613923593416 23 7180092
RUNG 15631162327636003801 3907790581909000953 11 192771
RUNG 15631162484217588961 3907790621054397241 3 759487373
RUNG 15631162588390217521 3907790647097554382 7 152452
RUNG 15631162193522986009 3907790548380746503 3 5903
RUNG 15631162410718444489 3907790602679611124 7 388
RUNG 15631162418418977329 3907790604604744333 3 233
RUNG 15631162246285215841 3907790561571303964 15 326
RUNG 15631162320615471841 3907790580153867962 7 21124
RUNG 15631162413207691561 3907790603301922893 11 35170115429717306037
RUNG 15631162601632848481 3907790650408212121 3 113
RUNG 15631162141883880601 3907790535470970154 15 137756
RUNG 15631162309621130281 3907790577405282571 3 1709
RUNG 15631162566403576201 3907790641600894054 15 4556
RUNG 15631162150419608521 3907790537604902131 3 25673
RUNG 15631162524574429561 3907790631143607392 7 164990327
RUNG 15631162599531591841 3907790649882897963 11 61
RUNG 15631162625010124921 3907790656252531231 3 220482767
RUNG 15631162193388214729 3907790548347053684 7 94
RUNG 15631162336251377161 3907790584062844294 15 326
RUNG 15631162666639154881 3907790666659788722 7 82
RUNG 15631162181697539689 3907790545424384924 7 2141
RUNG 15631162362256758529 3907790590564189633 3 1420109
RUNG 15631162389734448769 3907790597433612193 3 395159
RUNG 15631162646655753961 3907790661663938492 7 93473266
RUNG 15631162161740684329 3907790540435171084 7 236
RUNG 15631162290864999649 3907790572716249917 19 1564513
RUNG 15631162561423051561 3907790640355762891 3 5879
RUNG 15631162351946505841 3907790587986626461 3 6863
RUNG 15631162266709715881 3907790566677428972 7 236
RUNG 15631162395960637681 3907790598990159422 7 1153
RUNG 15631162197337533961 3907790549334383493 11 909
RUNG 15631162206406233601 3907790551601558401 3 52127
RUNG 15631162640774688121 3907790660193672031 3 401
RUNG 15631162148195841601 3907790537048960402 7 7242098
RUNG 15631162222285137529 3907790555571284384 7 718324
RUNG 15631162394992712569 3907790598748178145 11 10297251
RUNG 15631162548274361089 3907790637068590273 3 59069
RUNG 15631162238613289729 3907790559653322433 3 353
RUNG 15631162607950938721 3907790651987734683 11 549
RUNG 15631162617389248609 3907790654347312153 3 3709031
RUNG 15631162201750386769 3907790550437596693 3 797
RUNG 15631162388468398249 3907790597117099563 3 113
RUNG 15631162598522842849 3907790649630710715 11 32353
RUNG 15631162379311891801 3907790594827972952 7 724
RUNG 15631162219450792921 3907790554862698233 11 3291
RUNG 15631162305775992361 3907790576443998091 3 89
RUNG 15631162406471026801 3907790601617756702 7 68
RUNG 15631162284371330449 3907790571092832616 15 296
RUNG 15631162190051545201 3907790547512886303 11 1143
RUNG 15631162375505533921 3907790593876383484 15 386
RUNG 15631162387384080601 3907790596846020152 7 5164
RUNG 15631162569260415241 3907790642315103811 3 23879
RUNG 15631162203075677281 3907790550768919324 15 1164836
RUNG 15631162491738451681 3907790622934612921 3 53201
RUNG 15631162171728321409 3907790542932080353 3 101
RUNG 15631162374529439929 3907790593632359984 7 7045646
RUNG 15631162346616795889 3907790586654198973 3 10199027
RUNG 15631162601283688369 3907790650320922093 3 438050153
RUNG 15631162316500794001 3907790579125198504 15 71
RUNG 15631162337582814961 3907790584395703741 3 285113
RUNG 15631162241649818161 3907790560412454542 7 1214
RUNG 15631162593775111681 3907790648443777922 7 388
RUNG 15631162225491157489 3907790556372789375 11 47395961
RUNG 15631162303525674049 3907790575881418513 3 1185659
RUNG 15631162238282496361 3907790559570624092 7 236
RUNG 15631162510463966281 3907790627615991572 7 830546
RUNG 15631162281132664561 3907790570283166144 15 19751
RUNG 15631162491403565401 3907790622850891352 7 5164
RUNG 15631162166823350449 3907790541705837613 3 113
RUNG 15631162185640749049 3907790546410187263 3 2905223
RUNG 15631162540555469209 3907790635138867305 11 224545
RUNG 15631162282400774041 3907790570600193511 3 1901
RUNG 15631162185156787369 3907790546289196843 3 15767
RUNG 15631162198952809609 3907790549738202403 3 809
RUNG 15631162208995562329 3907790552248890585 11 305
RUNG 15631162306168077769 3907790576542019443 3 22811
RUNG 15631162321232206849 3907790580308051713 3 259157
RUNG 15631162600009465609 3907790650002366407 19 109418138200066259263
RUNG 15631162245950361049 3907790561487590266 15 86
RUNG 15631162388897245129 3907790597224311283 3 881
RUNG 15631162182014088889 3907790545503522223 3 157253
RUNG 15631162254218581249 3907790563554645315 11 831
RUNG 15631162348671099409 3907790587167774854 7 31
RUNG 15631162551351738169 3907790637837934543 3 16649
RUNG 15631162154248472329 3907790538562118086 15 15761
RUNG 15631162164764978329 3907790541191244587 19 15383
RUNG 15631162385125598809 3907790596281399703 3 117851
RUNG 15631162260287528761 3907790565071882194 15 114763601
RUNG 15631162414245092761 3907790603561273191 3 101
RUNG 15631162395785052169 3907790598946263044 7 73
RUNG 15631162665530368009 3907790666382592003 3 199679
RUNG 15631162156719345721 3907790539179836432 7 454
RUNG 15631162431596308921 3907790607899077233 11 3687
RUNG 15631162149214851121 3907790537303712781 3 62603
RUNG 15631162204147769161 3907790551036942294 15 4852226
RUNG 15631162175414224441 3907790543853556111 3 31828583
RUNG 15631162258084171969 3907790564521042995 11 1641
RUNG 15631162581226791769 3907790645306697943 3 3896003
RUNG 15631162374431443849 3907790593607860963 3 1409
RUNG 15631162452661996249 3907790613165499063 3 5987
RUNG 15631162622065550569 3907790655516387646 15 131
RUNG 15631162218838206121 3907790554709551531 3 91463
RUNG 15631162205189213281 3907790551297303321 3 3851
RUNG 15631162457391363481 3907790614347840875 19 5125
RUNG 15631162549569049081 3907790637392262272 7 591706
RUNG 15631162379814264529 3907790594953566133 3 1901
RUNG 15631162263977503681 3907790565994375922 7 73
RUNG 15631162451218277401 3907790612804569352 7 13142
RUNG 15631162328034258121 3907790582008564531 3 41777
RUNG 15631162133838296761 3907790533459574192 7 62
RUNG 15631162149323086081 3907790537330771522 7 344917516
RUNG 15631162280197429681 3907790570049357421 3 773
RUNG 15631162616694991081 3907790654173747772 7 1777
RUNG 15631162150679000689 3907790537669750174 7 19
RUNG 15631162194066224569 3907790548516556143 3 8933
RUNG 15631162376132468929 3907790594033117233 3 1601
RUNG 15631162422484734889 3907790605621183726 15 311
RUNG 15631162465424752009 3907790616356188007 19 8219835434404395463
RUNG 15631162483002633121 3907790620750658282 7 1532
RUNG 15631162164450520249 3907790541112630065 11 108831
RUNG 15631162237567804489 3907790559391951125 11 3231
RUNG 15631162408165953289 3907790602041488323 3 773
RUNG 15631162138104123241 3907790534526030813 11 1987
RUNG 15631162173872496001 3907790543468124001 3 2663
RUNG 15631162180186483681 3907790545046620922 7 10667
RUNG 15631162338387406561 3907790584596851641 3 101
RUNG 15631162193245329721 3907790548311332431 3 35211479
RUNG 15631162511870957209 3907790627967739304 7 227
RUNG 15631162135016560441 3907790533754140112 7 36307
RUNG 15631162292994900961 3907790573248725245 19 1775
RUNG 15631162224192447409 3907790556048111854 7 68
RUNG 15631162511438046049 3907790627859511513 3 89
RUNG 15631162659494114209 3907790664873528554 7 68
RUNG 15631162402826024209 3907790600706506054 7 15076
RUNG 15631162256922266401 3907790564230566602 7 1774
RUNG 15631162637617741561 3907790659404435391 3 973487
RUNG 15631162664170387681 3907790666042596923 11 712190753789429
RUNG 15631162156423268569 3907790539105817144 7 356
RUNG 15631162472755684969 3907790618188921243 3 213791
RUNG 15631162411811002081 3907790602952750522 7 164
RUNG 15631162256713982449 3907790564178495614 7 188
RUNG 15631162269170426521 3907790567292606631 3 11553533
RUNG 15631162612071825361 3907790653017956341 3 1076123
RUNG 15631162162690294609 3907790540672573654 7 31
RUNG 15631162202616260689 3907790550654065174 7 38
RUNG 15631162655518270249 3907790663879567563 3 71852219
RUNG 15631162269452231329 3907790567363057833 3 173
RUNG 15631162593922177129 3907790648480544283 3 204502733
RUNG 15631162259864854609 3907790564966213654 7 128236
RUNG 15631162649549389849 3907790662387347463 3 257
RUNG 15631162337486879401 3907790584371719852 7 82
RUNG 15631162409877197401 3907790602469299353 11 258288909
RUNG 15631162567557400081 3907790641889350021 3 9541019
RUNG 15631162658522114089 3907790664630528523 3 44729
RUNG 15631162147346410681 3907790536836602673 11 453
RUNG 15631162524366213841 3907790631091553463 11 22167
RUNG 15631162291647167329 3907790572911791834 7 124
RUNG 15631162313560298569 3907790578390074643 3 19785173
RUNG 15631162201223595049 3907790550305898764 7 146
RUNG 15631162265304852289 3907790566326213074 7 2895892
RUNG 15631162297675270921 3907790574418817731 3 6803
RUNG 15631162419591185041 3907790604897796262 7 82
RUNG 15631162653580380481 3907790663395095121 3 27017
RUNG 15631162159782438361 3907790539945609592 7 19913
RUNG 15631162187190699241 3907790546797674812 7 61
RUNG 15631162478567344801 3907790619641836201 3 5417
RUNG 15631162245586918801 3907790561396729706 23 1009
RUNG 15631162529083332001 3907790632270833001 3 2999
RUNG 15631162498027988641 3907790624506997162 7 18215084
RUNG 15631162507010922601 3907790626752730651 3 1031
RUNG 15631162174585190809 3907790543646297704 7 97
RUNG 15631162446856510129 3907790611714127535 11 183
RUNG 15631162601671730689 3907790650417932680 31 2150
RUNG 15631162298273596369 3907790574568399094 7 6676
RUNG 15631162175990119201 3907790543997529801 3 2423
RUNG 15631162457254582681 3907790614313645673 11 1359
RUNG 15631162578359806921 3907790644589951731 3 101
RUNG 15631162631977651201 3907790657994412803 11 13701
RUNG 15631162242284949361 3907790560571237341 3 1103
RUNG 15631162352348863609 3907790588087215903 3 101
RUNG 15631162663815098689 3907790665953774674 7 5788
RUNG 15631162377043253401 3907790594260813351 3 1823
RUNG 15631162472594390089 3907790618148597524 7 4084
RUNG 15631162292406822841 3907790573101705712 7 47
RUNG 15631162480131560041 3907790620032890011 3 13121
RUNG 15631162572047865049 3907790643011966265 11 1341
RUNG 15631162515340414561 3907790628835103641 3 883871
RUNG 15631162663459785961 3907790665864946493 11 1556323
RUNG 15631162216038612049 3907790554009653013 3 1451
RUNG 15631162376908481209 3907790594227120303 3 317
RUNG 15631162162620888601 3907790540655222151 3 1217
RUNG 15631162540381952281 3907790635095488073 11 83
RUNG 15631162639984496641 3907790659996124161 3 178259
RUNG 15631162145437124449 3907790536359281113 3 13467053
RUNG 15631162236260937529 3907790559065234383 3 1402816007
RUNG 15631162573128108169 3907790643282027045 11 541661559
RUNG 15631162549060625449 3907790637265156366 15 114326
RUNG 15631162652487909409 3907790663121977353 3 204821
RUNG 15631162611442906441 3907790652860726614 15 1910156
RUNG 15631162270352797249 3907790567588199314 7 835922
RUNG 15631162231384549249 3907790557846137313 3 53987
RUNG 15631162666484056129 3907790666621014033 3 86105417
RUNG 15631162478065025761 3907790619516256442 7 356
RUNG 15631162591130738521 3907790647782684635 19 52661
RUNG 15631162452960186721 3907790613240046682 7 235772
RUNG 15631162455872135761 3907790613968033943 11 107259647057
RUNG 15631162578337358641 3907790644584339661 3 701
RUNG 15631162625359413721 3907790656339853431 3 289283
RUNG 15631162475108157121 3907790618777039282 7 199
RUNG 15631162317240088441 3907790579310022112 7 122
RUNG 15631162403865467281 3907790600966366822 7 94
RUNG 15631162639433159641 3907790659858289912 7 229929724
RUNG 15631162423838661001 3907790605959665252 7 323692
RUNG 15631162198703752009 3907790549675938003 3 2274329
RUNG 15631162452766200649 3907790613191550164 7 1783
RUNG 15631162567569689449 3907790641892422364 7 124
RUNG 15631162628538877729 3907790657134719434 7 583966
RUNG 15631162646427148129 3907790661606787034 7 19
RUNG 15631162352994168481 3907790588248542122 7 262
RUNG 15631162373688201841 3907790593422050463 11 123
RUNG 15631162600497584641 3907790650124396162 7 2511722
RUNG 15631162310654512561 3907790577663628141 3 55442417
RUNG 15631162639030880881 3907790659757720222 7 692
RUNG 15631162141248916441 3907790535312229112 7 21322381
RUNG 15631162497141773761 3907790624285443442 7 31
RUNG 15631162584061206361 3907790646015301592 7 199
RUNG 15631162177568640481 3907790544392160122 7 41068
RUNG 15631162204688973721 3907790551172243431 3 198701
RUNG 15631162330772691481 3907790582693172871 3 2243
RUNG 15631162466494838041 3907790616623709516 23 430988
RUNG 15631162584443068441 3907790646110767111 3 5273
RUNG 15631162585335439921 3907790646333859984 15 1016
RUNG 15631162274914730569 3907790568728682643 3 318713
RUNG 15631162300760830849 3907790575190207714 7 4406
RUNG 15631162607642686729 3907790651910671683 3 42611
RUNG 15631162405619586841 3907790601404896712 7 80932
RUNG 15631162488975659641 3907790622243914912 7 292
RUNG 15631162604595964441 3907790651148991111 3 5573
RUNG 15631162665054642721 3907790666263660681 3 197
RUNG 15631162441561533409 3907790610390383353 3 451859
RUNG 15631162257886162849 3907790564471540714 7 89
RUNG 15631162603293144769 3907790650823286193 3 316439
RUNG 15631162376990188081 3907790594247547023 11 113871999
RUNG 15631162393610351641 3907790598402587911 3 257
RUNG 15631162221744099241 3907790555436024811 3 6089
RUNG 15631162256889649681 3907790564222412422 7 194
RUNG 15631162283695508761 3907790570923877193 11 33417
RUNG 15631162245713569129 3907790561428392283 3 89
RUNG 15631162580544825889 3907790645136206473 3 1913
RUNG 15631162606793208049 3907790651698302013 3 95453573
RUNG 15631162628726759689 3907790657181689924 7 628
RUNG 15631162661352432769 3907790665338108194 7 187402
RUNG 15631162397273778601 3907790599318444652 7 68
RUNG 15631162220643445921 3907790555160861481 3 197
RUNG 15631162153058049049 3907790538264512263 3 701
RUNG 15631162228838153449 3907790557209538364 7 8263
RUNG 15631162357070097289 3907790589267524325 11 1515
RUNG 15631162634013605449 3907790658503401365 11 41
RUNG 15631162324458720649 3907790581114680165 11 1030977
RUNG 15631162136509360081 3907790534127340021 3 1671347
RUNG 15631162407026567041 3907790601756641761 3 98507
RUNG 15631162524866571601 3907790631216642903 11 211
RUNG 15631162551374292841 3907790637843573212 7 692
RUNG 15631162313229547561 3907790578307386891 3 80532341
RUNG 15631162504705512241 3907790626176378062 7 82
RUNG 15631162187731895401 3907790546932973853 11 142649667
RUNG 15631162434010087561 3907790608502521891 3 386650463
RUNG 15631162265010857569 3907790566252714394 7 10006
RUNG 15631162394723280409 3907790598680820103 3 981443
RUNG 15631162190161924561 3907790547540481145 19 9437
RUNG 15631162333643823121 3907790583410955781 3 12143
RUNG 15631162424861749921 3907790606215437484 15 596
RUNG 15631162608651476041 3907790652162869011 3 2027
RUNG 15631162213514694289 3907790553378673573 3 163047047
RUNG 15631162530282065209 3907790632570516306 15 656186
RUNG 15631162633946225809 3907790658486556455 11 149
RUNG 15631162529802186721 3907790632450546683 11 120383
RUNG 15631162553328531049 3907790638332132764 7 82
RUNG 15631162644121713529 3907790661030428386 15 1466
RUNG 15631162525183093849 3907790631295773463 3 51383
RUNG 15631162179108365761 3907790544777091443 11 743
RUNG 15631162267130499961 3907790566782624995 19 214928481173044374725
RUNG 15631162484183015641 3907790621045753911 3 54401
RUNG 15631162518129888601 3907790629532472151 3 67541711
RUNG 15631162591161407761 3907790647790351941 3 884453
RUNG 15631162502038615009 3907790625509653753 3 905897
RUNG 15631162344387001129 3907790586096750283 3 46307951
RUNG 15631162483441756969 3907790620860439244 7 8578
RUNG 15631162236167050609 3907790559041762653 3 373229
RUNG 15631162572646233649 3907790643161558416 15 296
RUNG 15631162259186969401 3907790564796742353 11 1587027439338057
RUNG 15631162283207485921 3907790570801871482 7 178
RUNG 15631162296948373561 3907790574237093391 3 110239397
RUNG 15631162469672285449 3907790617418071364 7 59
RUNG 15631162611532804249 3907790652883201065 11 701
RUNG 15631162288602556921 3907790572150639232 7 9182
RUNG 15631162444763481841 3907790611190870462 7 124
RUNG 15631162168089524809 3907790542022381203 3 2909
RUNG 15631162435517125249 3907790608879281313 3 4493
RUNG 15631162645379618401 3907790661344904602 7 47
RUNG 15631162661050233361 3907790665262558343 11 549
RUNG 15631162151926779049 3907790537981694764 7 12281
RUNG 15631162554976466089 3907790638744116524 7 149627866
RUNG 15631162455590379721 3907790613897594934 15 326
RUNG 15631162628677774201 3907790657169443552 7 104446
RUNG 15631162233136671841 3907790558284167963 11 1899
RUNG 15631162411337334481 3907790602834333622 7 18713411
RUNG 15631162267306128841 3907790566826532211 3 1049
RUNG 15631162364582788321 3907790591145697081 3 663407
RUNG 15631162565715562321 3907790641428890583 11 431
RUNG 15631162511231893201 3907790627807973301 3 266489
RUNG 15631162325234722249 3907790581308680564 7 38
RUNG 15631162356236973529 3907790589059243383 3 821
RUNG 15631162374713351449 3907790593678337864 7 38762
RUNG 15631162524891099169 3907790631222774794 7 62786
RUNG 15631162572356277769 3907790643089069443 3 188603
RUNG 15631162218897532609 3907790554724383153 3 1075673
RUNG 15631162382050402489 3907790595512600624 7 19
RUNG 15631162496194312369 3907790624048578094 7 236
RUNG 15631162568825591089 3907790642206397774 7 9545093
RUNG 15631162660974688129 3907790665243672033 3 494847281
RUNG 15631162237625084329 3907790559406271085 11 23384499
RUNG 15631162409558726209 3907790602389681553 3 813227
RUNG 15631162243939074121 3907790560984768532 7 3646
RUNG 15631162503171968041 3907790625792992011 3 557
RUNG 15631162554488433241 3907790638622108312 7 2617
RUNG 15631162621181459641 3907790655295364911 3 100261211
RUNG 15631162658710070761 3907790664677517691 3 401
RUNG 15631162169363773561 3907790542340943394 15 20606
RUNG 15631162137422185201 3907790534355546301 3 233
RUNG 15631162290816145921 3907790572704036482 7 236
RUNG 15631162300850730481 3907790575212682623 11 207567
RUNG 15631162355064850441 3907790588766212614 15 175268084906
RUNG 15631162366385920561 3907790591596480141 3 279551201
RUNG 15631162564825241641 3907790641206310417 27 364248569
RUNG 15631162160746367281 3907790540186591821 3 544367
RUNG 15631162277324388841 3907790569331097212 7 259381
RUNG 15631162510059771721 3907790627514942931 3 8081
RUNG 15631162152086077921 3907790538021519482 7 2078
RUNG 15631162157930396401 3907790539482599101 3 322846367
RUNG 15631162311718470841 3907790577929617712 7 3506
RUNG 15631162439911615921 3907790609977903981 3 149
RUNG 15631162526918856241 3907790631729714066 23 8817126
RUNG 15631162190325320641 3907790547581330163 11 351
RUNG 15631162226653212241 3907790556663303062 7 151234
RUNG 15631162229567203321 3907790557391800832 7 1028
RUNG 15631162145598518689 3907790536399629676 15 4616156
RUNG 15631162206743322409 3907790551685830603 3 137
RUNG 15631162606680940489 3907790651670235126 15 387901286
RUNG 15631162276756706089 3907790569189176523 3 12119
RUNG 15631162387639478689 3907790596909869674 7 6082
RUNG 15631162324632335209 3907790581158083804 7 2476
RUNG 15631162565999421169 3907790641499855293 3 1901
RUNG 15631162137322132801 3907790534330533201 3 5261
RUNG 15631162319751862129 3907790579937965533 3 4931
RUNG 15631162344652497889 3907790586163124474 7 1636
RUNG 15631162287900123409 3907790571975030853 3 461
RUNG 15631162582470519841 3907790645617629963 11 2727
RUNG 15631162623627836041 3907790655906959012 7 47
RUNG 15631162292123062801 3907790573030765701 3 4583
RUNG 15631162246365031081 3907790561591257771 3 3741929
RUNG 15631162209681826201 3907790552420456551 3 2609
RUNG 15631162293056277361 3907790573264069342 7 20887
RUNG 15631162341599652241 3907790585399913062 7 524
RUNG 15631162451459362369 3907790612864840594 7 40676
RUNG 15631162501687420249 3907790625421855064 7 5228
RUNG 15631162537455792889 3907790634363948224 7 734
RUNG 15631162256111690401 3907790564027922601 3 97943
RUNG 15631162146149880961 3907790536537470243 11 284621
RUNG 15631162487148098521 3907790621787024631 3 18461
RUNG 15631162489092120601 3907790622273030153 11 381
RUNG 15631162564429102321 3907790641107275581 3 6203
RUNG 15631162645569561721 3907790661392390432 7 124
RUNG 15631162429221550201 3907790607305387552 7 227
RUNG 15631162314467071681 3907790578616767922 7 68
RUNG 15631162341767104441 3907790585441776112 7 68
RUNG 15631162615473977881 3907790653868494472 7 68
RUNG 15631162636384467481 3907790659096116872 7 68
RUNG 15631162525315870009 3907790631328967503 3 1103
RUNG 15631162350470279209 3907790587617569803 3 15131
RUNG 15631162291028538409 3907790572757134603 3 401
RUNG 15631162433240288089 3907790608310072024 7 202858
RUNG 15631162456787051329 3907790614196762833 3 69245837
RUNG 15631162369591944289 3907790592397986073 3 29879
RUNG 15631162544931708889 3907790636232927223 3 641
RUNG 15631162601065346449 3907790650266336614 7 181
RUNG 15631162362996157849 3907790590749039463 3 149
RUNG 15631162591512686089 3907790647878171523 3 11003
RUNG 15631162602560122489 3907790650640030623 3 545717027
RUNG 15631162310350325041 3907790577587581262 7 478099
RUNG 15631162421757901321 3907790605439475331 3 37906061
RUNG 15631162447914391681 3907790611978597924 15 296
RUNG 15631162550189965081 3907790637547491273 11 233
RUNG 15631162237398446281 3907790559349611572 7 199
RUNG 15631162295962111441 3907790573990527863 11 52191
RUNG 15631162445902982521 3907790611475745633 11 25879408023018183
RUNG 15631162327530009121 3907790581882502283 11 651669
RUNG 15631162505150732401 3907790626287683102 7 61
RUNG 15631162539773520601 3907790634943380151 3 621521
RUNG 15631162576048321129 3907790644012080283 3 2141
RUNG 15631162245476761201 3907790561369190301 3 3968501
RUNG 15631162647887289721 3907790661971822433 11 3057
RUNG 15631162390230851689 3907790597557712923 3 233
RUNG 15631162522087416529 3907790630521854133 3 77048003
RUNG 15631162525446572329 3907790631361643083 3 3767
RUNG 15631162646627352049 3907790661656838013 3 70597979
RUNG 15631162136401196641 3907790534100299163 11 1931
RUNG 15631162223420689201 3907790555855172301 3 32523917
RUNG 15631162424406434161 3907790606101608541 3 627491
RUNG 15631162200950081809 3907790550237520453 3 353
RUNG 15631162189912856161 3907790547478214042 7 68
RUNG 15631162446413500561 3907790611603375141 3 2699
RUNG 15631162135161680881 3907790533790420223 11 312889749
RUNG 15631162570557281521 3907790642639320383 11 381
RUNG 15631162326129179041 3907790581532294761 3 48383
RUNG 15631162569074761921 3907790642268690483 11 3897777252507
RUNG 15631162571788633489 3907790642947158373 3 528821
RUNG 15631162589399186449 3907790647349796613 3 233
RUNG 15631162200523300729 3907790550130825184 7 43413569
RUNG 15631162273820284801 3907790568455071201 3 173
RUNG 15631162478579719681 3907790619644929921 3 77002907
RUNG 15631162174099303561 3907790543524825893 11 117
RUNG 15631162544417131441 3907790636104282862 7 2708
RUNG 15631162178058819841 3907790544514704962 7 236
RUNG 15631162356283986961 3907790589070996741 3 27874031
RUNG 15631162439017237561 3907790609754309392 7 14026
RUNG 15631162474254679801 3907790618563669951 3 89
RUNG 15631162537351673761 3907790634337918443 11 285801
RUNG 15631162217429351881 3907790554357337971 3 293
RUNG 15631162363284100921 3907790590821025232 7 96017
RUNG 15631162592482670689 3907790648120667673 3 89
RUNG 15631162237768072921 3907790559442018232 7 15724274
RUNG 15631162480766748841 3907790620191687211 3 896781143
RUNG 15631162434465534889 3907790608616383723 3 2843
RUNG 15631162294491861121 3907790573622965283 11 42621
RUNG 15631162226563403881 3907790556640850972 7 178
RUNG 15631162628489968921 3907790657122492231 3 2447
RUNG 15631162652818833481 3907790663204708372 7 1844
RUNG 15631162518667015849 3907790629666753964 7 31
RUNG 15631162282858363081 3907790570714590772 7 68
RUNG 15631162406465086321 3907790601616271581 3 62207
RUNG 15631162432719594601 3907790608179898651 3 122267
RUNG 15631162523267732281 3907790630816933071 3 173
RUNG 15631162525626288481 3907790631406572122 7 68
RUNG 15631162491083140849 3907790622770785213 3 89
RUNG 15631162176647780281 3907790544161945071 3 8243
RUNG 15631162276695488041 3907790569173872013 11 3119643
RUNG 15631162550089929361 3907790637522482343 11 417
RUNG 15631162220433202921 3907790555108300733 11 11959
RUNG 15631162185214140049 3907790546303535013 3 420803
RUNG 15631162172187968641 3907790543046992161 3 6959
RUNG 15631162206835261321 3907790551708815331 3 22003523
RUNG 15631162500507159841 3907790625126789966 23 80583
RUNG 15631162511462704441 3907790627865676112 7 1214426
RUNG 15631162143250221481 3907790535812555374 15 131
RUNG 15631162520502817369 3907790630125704343 3 1667
RUNG 15631162572672855289 3907790643168213823 3 149969
RUNG 15631162139570466241 3907790534892616562 7 7296572
RUNG 15631162170715660321 3907790542678915081 3 19073
RUNG 15631162259715931681 3907790564928982922 7 458
RUNG 15631162160286962689 3907790540071740673 3 2530457
RUNG 15631162234582504009 3907790558645626004 7 47
RUNG 15631162365046397569 3907790591261599393 3 25118771
RUNG 15631162549932699169 3907790637483174793 3 2388539
RUNG 15631162135376117521 3907790533844029384 15 146
RUNG 15631162172155299961 3907790543038824991 3 14087
RUNG 15631162147981631161 3907790536995407793 11 2313671129067737
RUNG 15631162305929341081 3907790576482335272 7 35327
RUNG 15631162144489744609 3907790536122436154 7 19
RUNG 15631162381564462489 3907790595391115623 3 535487
RUNG 15631162425298834801 3907790606324708702 7 62
RUNG 15631162146625720249 3907790536656430064 7 58666
RUNG 15631162304985922249 3907790576246480564 7 41
RUNG 15631162260461283649 3907790565115320913 3 7079
RUNG 15631162293515785129 3907790573378946283 3 8935889
RUNG 15631162646386423249 3907790661596605814 7 866
RUNG 15631162164107628889 3907790541026907224 7 1398802
RUNG 15631162238656383169 3907790559664095794 7 188
RUNG 15631162333188540889 3907790583297135224 7 236956
RUNG 15631162333623495409 3907790583405873853 3 2963
RUNG 15631162399524210289 3907790599881052575 11 7365
RUNG 15631162580608233409 3907790645152058353 3 1441001
RUNG 15631162148349207769 3907790537087301944 7 19
RUNG 15631162185867608689 3907790546466902174 7 19
RUNG 15631162231621557121 3907790557905389282 7 1414462703
RUNG 15631162653092487001 3907790663273121753 11 434198962585902417
RUNG 15631162361754640801 3907790590438660201 3 509
RUNG 15631162623415520281 3907790655853880071 3 678047
RUNG 15631162240635123121 3907790560158780784 15 29576
RUNG 15631162663363949641 3907790665840987411 3 43721
RUNG 15631162223051116921 3907790555762779231 3 195274031
RUNG 15631162355175189001 3907790588793797252 7 1304894
RUNG 15631162452347704441 3907790613086926112 7 16411
RUNG 15631162458923073241 3907790614730768312 7 7549
RUNG 15631162582258205161 3907790645564551291 3 353
RUNG 15631162150264643761 3907790537566160943 11 153
RUNG 15631162453289086201 3907790613322271552 7 47
RUNG 15631162535748703441 3907790633937175862 7 236
RUNG 15631162439341953529 3907790609835488384 7 15634
RUNG 15631162576665060049 3907790644166265013 3 101
RUNG 15631162274704524601 3907790568676131151 3 9216947
RUNG 15631162613033795881 3907790653258448971 3 1901
RUNG 15631162455418940329 3907790613854735086 15 2006666
RUNG 15631162492428873289 3907790623107218324 7 38
RUNG 15631162244053507321 3907790561013376831 3 317
RUNG 15631162510991018161 3907790627747754541 3 281
RUNG 15631162629025014289 3907790657256253575 11 48179
RUNG 15631162145802795601 3907790536450698901 3 372401
RUNG 15631162657064266321 3907790664266066581 3 3581
RUNG 15631162340176416049 3907790585044104014 7 2316586
RUNG 15631162295880485929 3907790573970121484 7 194
RUNG 15631162364135672929 3907790591033918234 7 89
RUNG 15631162646931666409 3907790661732916603 3 149
RUNG 15631162415695141561 3907790603923785391 3 19463
RUNG 15631162551041552761 3907790637760388196 23 5484
RUNG 15631162603166665801 3907790650791666451 3 170272649
RUNG 15631162330799371129 3907790582699842783 3 708689
RUNG 15631162214456184841 3907790553614046216 23 954
RUNG 15631162593714063841 3907790648428515963 11 409
RUNG 15631162255080529609 3907790563770132404 7 283
RUNG 15631162306417415209 3907790576604353804 7 41529617
RUNG 15631162456252100209 3907790614063025055 11 85
RUNG 15631162526749447129 3907790631687361784 7 59
RUNG 15631162539134419729 3907790634783604935 11 85
RUNG 15631162203216799849 3907790550804199965 11 2336853
RUNG 15631162340840085649 3907790585210021415 11 57
RUNG 15631162393602315169 3907790598400578793 3 37463
RUNG 15631162408535753689 3907790602133938423 3 2729
RUNG 15631162480777002769 3907790620194250694 7 2297278492
RUNG 15631162571296551889 3907790642824137974 7 586
RUNG 15631162224539782561 3907790556134945642 7 164
RUNG 15631162483740006121 3907790620935001531 3 2267
RUNG 15631162417289984161 3907790604322496041 3 89
RUNG 15631162584702549889 3907790646175637473 3 16619
RUNG 15631162422062235049 3907790605515558766 15 5846
RUNG 15631162483209080809 3907790620802270203 3 113
RUNG 15631162217094512449 3907790554273628113 3 13867793
RUNG 15631162269746472121 3907790567436618031 3 16127
RUNG 15631162219636852729 3907790554909213183 3 137
RUNG 15631162462145439049 3907790615536359763 3 20771
RUNG 15631162611214359049 3907790652803589763 3 617
RUNG 15631162473874917841 3907790618468729462 7 157
RUNG 15631162464465198121 3907790616116299532 7 37484
RUNG 15631162521967002481 3907790630491750622 7 2078
RUNG 15631162447442753689 3907790611860688427 19 1676087
RUNG 15631162442243720761 3907790610560930195 19 5060101
RUNG 15631162564086121441 3907790641021530364 15 296
RUNG 15631162296113298841 3907790574028324713 11 651402457
RUNG 15631162235301350329 3907790558825337584 7 31
RUNG 15631162316051780089 3907790579012945026 15 1539409327954676
RUNG 15631162453033865329 3907790613258466333 3 18371
RUNG 15631162471853305969 3907790617963326496 15 776
RUNG 15631162484201522161 3907790621050380541 3 11475041
RUNG 15631162522700102281 3907790630675025572 7 68
RUNG 15631162584367668241 3907790646091917061 3 881
RUNG 15631162589709645169 3907790647427411294 7 62
RUNG 15631162351856910769 3907790587964227696 15 6314876
RUNG 15631162547617075369 3907790636904268843 3 1889
RUNG 15631162336098489049 3907790584024622263 3 593
RUNG 15631162577322632209 3907790644330658054 7 4822
RUNG 15631162626592976401 3907790656648244101 3 361463
RUNG 15631162171042441321 3907790542760610331 3 32969
RUNG 15631162440787757161 3907790610196939291 3 462953
RUNG 15631162256550826129 3907790564137706533 3 3076649
RUNG 15631162604941228489 3907790651235307123 3 4889
RUNG 15631162205011778881 3907790551252944721 3 353
RUNG 15631162373394313201 3907790593348578301 3 593
RUNG 15631162260265297729 3907790565066324433 3 113147
RUNG 15631162294973851609 3907790573743462903 3 89
RUNG 15631162202222354761 3907790550555588691 3 1523
RUNG 15631162530653858161 3907790632663464543 11 919705855499
RUNG 15631162608349396081 3907790652087349022 7 197909
RUNG 15631162377080199049 3907790594270049765 11 65579
RUNG 15631162472649715489 3907790618162428873 3 5987
RUNG 15631162542340456609 3907790635585114153 3 72651893
RUNG 15631162243896311641 3907790560974077914 15 431
RUNG 15631162276983485761 3907790569245871442 7 12764
RUNG 15631162423242558721 3907790605810639683 11 10029
RUNG 15631162501975452961 3907790625493863241 3 3803
RUNG 15631162576046369881 3907790644011592471 3 2106617
RUNG 15631162624152748201 3907790656038187051 3 13757
RUNG 15631162139129450281 3907790534782362571 3 2723387
RUNG 15631162501432271161 3907790625358067792 7 5619274
RUNG 15631162475594339521 3907790618898584881 3 8111
RUNG 15631162572205293961 3907790643051323492 7 47
RUNG 15631162330403256841 3907790582600814212 7 133793798
RUNG 15631162599068333641 3907790649767083414 15 5156
RUNG 15631162272635988961 3907790568158997241 3 509
RUNG 15631162448600618329 3907790612150154583 3 7703
RUNG 15631162627301580769 3907790656825395196 15 146
RUNG 15631162183123166689 3907790545780791675 11 50885
RUNG 15631162383771975121 3907790595942993781 3 197
RUNG 15631162622743748161 3907790655685937041 3 2903
RUNG 15631162135576308049 3907790533894077013 3 206896931
RUNG 15631162321781767489 3907790580445441874 7 68
RUNG 15631162420510317409 3907790605127579354 7 68
RUNG 15631162520529436609 3907790630132359154 7 68
RUNG 15631162211666803201 3907790552916700801 3 137
RUNG 15631162271186143081 3907790567796535772 7 39212
RUNG 15631162170940359481 3907790542735089872 7 157
RUNG 15631162244584490041 3907790561146122514 15 4553951
RUNG 15631162416260834881 3907790604065208723 11 12359473654854745998230986179
RUNG 15631162462854061561 3907790615713515392 7 295508
RUNG 15631162661195364721 3907790665298841182 7 8075147
RUNG 15631162360033264801 3907790590008316202 7 34508
RUNG 15631162417410504721 3907790604352626187 27 20573
RUNG 15631162457348723041 3907790614337180761 3 206600819
RUNG 15631162497193007521 3907790624298251881 3 1289
RUNG 15631162636772567641 3907790659193141912 7 41858
RUNG 15631162638267340921 3907790659566835233 11 549
RUNG 15631162537702998001 3907790634425749502 7 114184874
RUNG 15631162179312725809 3907790544828181456 15 446
RUNG 15631162150217741521 3907790537554435383 11 457137
RUNG 15631162234206846721 3907790558551711681 3 1752893
RUNG 15631162393473714481 3907790598368428623 11 1341
RUNG 15631162573745005849 3907790643436251463 3 89
RUNG 15631162193096498689 3907790548274124675 11 33413
RUNG 15631162599278675089 3907790649819668773 3 89
RUNG 15631162291339045609 3907790572834761404 7 367
RUNG 15631162297456997449 3907790574364249364 7 35408873
RUNG 15631162396689931249 3907790599172482813 3 17188781
RUNG 15631162629027116329 3907790657256779083 3 336599
RUNG 15631162210133242081 3907790552533310522 7 411724
RUNG 15631162165735214641 3907790541433803662 7 94
RUNG 15631162201524007681 3907790550381001921 3 4217
RUNG 15631162398744230881 3907790599686057721 3 101
RUNG 15631162209055053049 3907790552263763265 11 26358471
RUNG 15631162258523472049 3907790564630868013 3 76163
RUNG 15631162314489662329 3907790578622415584 7 52678
RUNG 15631162395164536609 3907790598791134154 7 12148
RUNG 15631162329780459289 3907790582445114823 3 1409
RUNG 15631162436362695049 3907790609090673764 7 181
RUNG 15631162442213139649 3907790610553284913 3 2549
RUNG 15631162332857813641 3907790583214453412 7 3612703
RUNG 15631162533163559281 3907790633290889822 7 269
RUNG 15631162572973129081 3907790643243282273 11 8667
RUNG 15631162643000806801 3907790660750201701 3 2116967
RUNG 15631162271796734569 3907790567949183643 3 325079
RUNG 15631162443646652809 3907790610911663203 3 269
RUNG 15631162574214690409 3907790643553672605 11 695
RUNG 15631162284851496769 3907790571212874193 3 113359607
RUNG 15631162426134119089 3907790606533529774 7 404
RUNG 15631162133883480529 3907790533470870134 7 13474
RUNG 15631162356884458729 3907790589221114683 3 2957
RUNG 15631162579883394889 3907790644970848725 11 537555
RUNG 15631162508099563489 3907790627024890873 3 89
RUNG 15631162522973782849 3907790630743445714 7 310091
RUNG 15631162372836877441 3907790593209219361 3 74279
RUNG 15631162587865732681 3907790646966433171 3 76991
RUNG 15631162166823632521 3907790541705908131 3 3917
RUNG 15631162355857317361 3907790588964329341 3 310829
RUNG 15631162354429931521 3907790588607482883 11 237
RUNG 15631162401809343601 3907790600452335903 11 152440063
RUNG 15631162182277791601 3907790545569447902 7 206
RUNG 15631162499851768321 3907790624962942081 3 440549
RUNG 15631162665183494881 3907790666295873724 15 2247356
RUNG 15631162133387270089 3907790533346817525 11 95
RUNG 15631162309641868609 3907790577410467154 7 5466926
RUNG 15631162332239083249 3907790583059770813 3 10107893
RUNG 15631162213496500441 3907790553374125111 3 19697
RUNG 15631162449964732441 3907790612491183112 7 63502
RUNG 15631162607655145321 3907790651913786332 7 733
RUNG 15631162631863529521 3907790657965882384 15 296
RUNG 15631162455572174449 3907790613893043613 3 953
RUNG 15631162493272316929 3907790623318079237 19 716665488515521639
RUNG 15631162145882514841 3907790536470628715 19 76516795
RUNG 15631162368254544721 3907790592063636182 7 1452211
RUNG 15631162369894302841 3907790592473575711 3 348190961
RUNG 15631162415472635641 3907790603868158911 3 100193
RUNG 15631162419338217361 3907790604834554342 7 106993
RUNG 15631162614242768881 3907790653560692222 7 47
RUNG 15631162665473468401 3907790666368367101 3 9851
RUNG 15631162294306154521 3907790573576538631 3 101
RUNG 15631162332139029601 3907790583034757404 15 296
RUNG 15631162427592147361 3907790606898036841 3 270797
RUNG 15631162482241222849 3907790620560305715 11 153
RUNG 15631162682346852601 3907790670586713151 3 281
RUNG 15631162669659658801 3907790667414914702 7 229
RUNG 15631162669183864321 3907790667295966081 3 6127307
RUNG 15631162691462526961 3907790672865631741 3 317
RUNG 15631162698086907841 3907790674521726961 3 149
RUNG 15631162689044755609 3907790672261188905 11 51655
RUNG 15631162670588802481 3907790667647200624 15 101
RUNG 15631162703539160761 3907790675884790191 3 229157
RUNG 15631162688372931001 3907790672093232751 3 769425533
RUNG 15631162675452957649 3907790668863239416 15 5175656
RUNG 15631162672726837681 3907790668181709421 3 2411
RUNG 15631162707406803649 3907790676851700913 3 9167771
RUNG 15631162700794680601 3907790675198670151 3 65993
RUNG 15631162667828001529 3907790666957000384 7 3729589
RUNG 15631162709593865641 3907790677398466414 15 439435196
RUNG 15631162698732261409 3907790674683065353 3 149
RUNG 15631162687809391969 3907790671952347994 7 89
RUNG 15631162670846184361 3907790667711546092 7 269
RUNG 15631162705628254129 3907790676407063535 11 1635
RUNG 15631162683817225801 3907790670954306455 19 616715
RUNG 15631162708709699449 3907790677177424868 23 431
RUNG 15631162669574008489 3907790667393502124 7 622
RUNG 15631162674158396689 3907790668539599175 11 255
RUNG 15631162680055813489 3907790670013953374 7 8879902
RUNG 15631162676596600849 3907790669149150213 3 159113
RUNG 15631162682171370049 3907790670542842513 3 137
RUNG 15631162667391085081 3907790666847771273 11 24493563
RUNG 15631162703716934929 3907790675929233734 7 244
RUNG 15631162681201404481 3907790670300351121 3 173
RUNG 15631162675469400049 3907790668867350016 15 1256
RUNG 15631162671991807249 3907790667997951814 7 47
RUNG 15631162693876359361 3907790673469089841 3 3870551
RUNG 15631162683733547161 3907790670933386792 7 2042
RUNG 15631162697008852249 3907790674252213065 11 351885
RUNG 15631162709459171449 3907790677364792863 3 28541
RUNG 15631162702710231769 3907790675677557943 3 68933399
RUNG 15631162692971753929 3907790673242938484 7 356228
RUNG 15631162708866994129 3907790677216748534 7 61
RUNG 15631162707666294721 3907790676916573681 3 34403
RUNG 15631162686026802961 3907790671506700742 7 467239
RUNG 15631162669282076401 3907790667320519105 19 295
RUNG 15631162707065949289 3907790676766487324 7 68
RUNG 15631162695699956161 3907790673924989041 3 1264859
RUNG 15631162697552094001 3907790674388023501 3 114761
RUNG 15631162705307780929 3907790676326945233 3 2599931
RUNG 15631162669308668689 3907790667327167174 7 388
RUNG 15631162708748649241 3907790677187162314 15 1286
RUNG 15631162671755061601 3907790667938765403 11 65529
RUNG 15631162682375731969 3907790670593932993 3 5207513
RUNG 15631162695591819289 3907790673897954825 11 56691
RUNG 15631162683417178801 3907790670854294702 7 467
RUNG 15631162670489036449 3907790667622259115 11 153
RUNG 15631162668085560649 3907790667021390169 27 179
RUNG 15631162701091056289 3907790675272764074 7 3163
RUNG 15631162671185391961 3907790667796347993 11 174433761
RUNG 15631162694170600201 3907790673542650052 7 6404
RUNG 15631162708366864129 3907790677091716034 7 54366892
RUNG 15631162709332753489 3907790677333188373 3 2399
RUNG 15631162670562584401 3907790667640646101 3 2798963
RUNG 15631162705032225289 3907790676258056323 3 551886371
RUNG 15631162701411705529 3907790675352926383 3 1670597
RUNG 15631162678992150889 3907790669748037723 3 44359883
RUNG 15631162690619531449 3907790672654882863 3 12281
RUNG 15631162706467803889 3907790676616950974 7 818
RUNG 15631162693290526321 3907790673322631581 3 149
RUNG 15631162672786412161 3907790668196603043 11 82617783
RUNG 15631162672251403369 3907790668062850845 11 1635
RUNG 15631162709375690929 3907790677343922734 7 38
RUNG 15631162680507371761 3907790670126842945 19 1080481
RUNG 15631162689202379089 3907790672300594773 3 30552413
RUNG 15631162700643940321 3907790675160985081 3 809
RUNG 15631162696012595449 3907790674003148864 7 94
RUNG 15631162678142705929 3907790669535676485 11 5067
RUNG 15631162703243461609 3907790675810865412 39 3939224
RUNG 15631162673107053361 3907790668276763341 3 30809
RUNG 15631162667632356961 3907790666908089241 3 382037171
RUNG 15631162671702145129 3907790667925536284 7 76
RUNG 15631162689808918729 3907790672452229683 3 1583357
RUNG 15631162686069943609 3907790671517485904 7 76
RUNG 15631162670562699649 3907790667640674913 3 101
RUNG 15631162679811101809 3907790669952775453 3 7283
RUNG 15631162694336139721 3907790673584034932 7 61
RUNG 15631162697638119241 3907790674409529812 7 1237
RUNG 15631162669280319121 3907790667320079782 7 41
RUNG 15631162667936657209 3907790666984164304 7 182354707
RUNG 15631162698708158281 3907790674677039571 3 1103
RUNG 15631162672933541449 3907790668233385366 15 49211
RUNG 15631162681673480881 3907790670418370221 3 977
RUNG 15631162669237457521 3907790667309364381 3 16097
RUNG 15631162686970534729 3907790671742633683 3 5801
RUNG 15631162671107973721 3907790667776993431 3 66173
RUNG 15631162677705804961 3907790669426451241 3 1289
RUNG 15631162704393225889 3907790676098306476 15 296
RUNG 15631162671038551081 3907790667759637771 3 234791
RUNG 15631162685053072249 3907790671263268064 7 68
RUNG 15631162682088042769 3907790670522010693 3 29327
RUNG 15631162684881554281 3907790671220388571 3 4337
RUNG 15631162672702842841 3907790668175710711 3 66587
RUNG 15631162687168654201 3907790671792163551 3 98507
RUNG 15631162703937891889 3907790675984472973 3 5927
RUNG 15631162675767956521 3907790668941989131 3 822743
RUNG 15631162685477860921 3907790671369465231 3 449
RUNG 15631162691800017961 3907790672950004491 3 59369
RUNG 15631162688116178449 3907790672029044613 3 122753
RUNG 15631162688116185961 3907790672029046493 11 67293
RUNG 15631162696118942281 3907790674029735572 7 21223676
RUNG 15631162680074640241 3907790670018660062 7 210902569
RUNG 15631162697078722369 3907790674269680594 7 524
RUNG 15631162686468290641 3907790671617072661 3 310181
RUNG 15631162682725233001 3907790670681308252 7 194
RUNG 15631162670699666689 3907790667674916673 3 197
RUNG 15631162709128817449 3907790677282204363 3 1997
RUNG 15631162706837652361 3907790676709413091 3 1901
RUNG 15631162687368847441 3907790671842211861 3 625007
RUNG 15631162674845021929 3907790668711255484 7 1287887
RUNG 15631162682808979321 3907790670702244832 7 24308716
RUNG 15631162692727170241 3907790673181792562 7 188
RUNG 15631162695228670489 3907790673807167623 3 1973
RUNG 15631162671369482329 3907790667842370584 7 17036
RUNG 15631162703584705729 3907790675896176434 7 206
RUNG 15631162682837584801 3907790670709396203 11 71565133
RUNG 15631162684636629601 3907790671159157401 3 91541
RUNG 15631162709684298529 3907790677421074633 3 4493
RUNG 15631162700152056961 3907790675038014244 15 1550636
RUNG 15631162669817582281 3907790667454395573 11 153
RUNG 15631162700017311841 3907790675004327963 11 153
RUNG 15631162667832726361 3907790666958181592 7 724
RUNG 15631162699878462361 3907790674969615591 3 269
RUNG 15631162700983209769 3907790675245802443 3 2273
RUNG 15631162709316778849 3907790677329194713 3 113
RUNG 15631162687665028849 3907790671916257213 3 1036067
RUNG 15631162697468867761 3907790674367216941 3 149
RUNG 15631162683956689489 3907790670989172376 15 32906
RUNG 15631162690693386841 3907790672673346714 15 612006116
RUNG 15631162668188069521 3907790667047017382 7 68
RUNG 15631162668226874521 3907790667056718631 3 13757
RUNG 15631162702079813641 3907790675519953411 3 428369
RUNG 15631162681969812121 3907790670492453031 3 6833
RUNG 15631162685494376329 3907790671373594085 11 1251
RUNG 15631162704360789601 3907790676090197401 3 293
RUNG 15631162674181480969 3907790668545370244 7 38
RUNG 15631162670871342169 3907790667717835545 11 61485
RUNG 15631162695663751681 3907790673915937922 7 1354
RUNG 15631162706392638409 3907790676598159605 11 95
RUNG 15631162674297898729 3907790668574474683 3 22901
RUNG 15631162703031443569 3907790675757860894 7 908
RUNG 15631162675276054729 3907790668819013683 3 353
RUNG 15631162670918348761 3907790667729587191 3 167267
RUNG 15631162700174656681 3907790675043664171 3 113
RUNG 15631162669764598009 3907790667441149503 3 593
RUNG 15631162694938867729 3907790673734716934 7 76
RUNG 15631162692853953001 3907790673213488252 7 82
RUNG 15631162698155092729 3907790674538773183 3 677
RUNG 15631162686499137649 3907790671624784414 7 38
RUNG 15631162683713795689 3907790670928448923 3 856799
RUNG 15631162707916059529 3907790676979014885 11 123
RUNG 15631162698606399961 3907790674651599992 7 45989894
RUNG 15631162694028146329 3907790673507036583 3 1399401137
RUNG 15631162707685309849 3907790676921327463 3 1150709393
RUNG 15631162687115857561 3907790671778964393 11 306267081
RUNG 15631162699739770681 3907790674934942672 7 219889
RUNG 15631162689799126681 3907790672449781672 7 124
RUNG 15631162677673500049 3907790669418375015 11 1991359
RUNG 15631162709143398169 3907790677285849543 3 380909
RUNG 15631162678322898001 3907790669580724502 7 719
RUNG 15631162679507285689 3907790669876821424 7 263927
RUNG 15631162696294897249 3907790674073724313 3 1997
RUNG 15631162706037473641 3907790676509368411 3 111863
RUNG 15631162668790674769 3907790667197668695 11 12113
RUNG 15631162678482209329 3907790669620552333 3 107351
RUNG 15631162707411796561 3907790676852949142 7 352414
RUNG 15631162707930486721 3907790676982621681 3 549719
RUNG 15631162672102898761 3907790668025724691 3 641
RUNG 15631162678637426761 3907790669659356691 3 943139
RUNG 15631162708279692961 3907790677069923242 7 41
RUNG 15631162675155763129 3907790668788940783 3 13859
RUNG 15631162683307590169 3907790670826897544 7 513596
RUNG 15631162687595879449 3907790671898969864 7 16922
RUNG 15631162701285718129 3907790675321429534 7 31
RUNG 15631162700185060081 3907790675046265021 3 8753
RUNG 15631162704199710721 3907790676049927681 3 44711
RUNG 15631162689678784609 3907790672419696153 3 1277
RUNG 15631162686319630129 3907790671579907535 11 285
RUNG 15631162688688397321 3907790672172099334 15 71
RUNG 15631162690197472321 3907790672549368082 7 47
RUNG 15631162680383428369 3907790670095857093 3 4547
RUNG 15631162705286116921 3907790676321529231 3 10937
RUNG 15631162694030396041 3907790673507599012 7 31
RUNG 15631162700289255289 3907790675072313824 7 3604999
RUNG 15631162695210705241 3907790673802676312 7 1466
RUNG 15631162699315208761 3907790674828802191 3 35999
RUNG 15631162706721689689 3907790676680422425 11 1999
RUNG 15631162674514639561 3907790668628659893 11 1251
RUNG 15631162674923051281 3907790668730762822 7 31
RUNG 15631162684077518881 3907790671019379722 7 1238
RUNG 15631162703534081929 3907790675883520484 7 179468777
RUNG 15631162683787555249 3907790670946888817 19 13
RUNG 15631162694945267089 3907790673736316773 3 113
RUNG 15631162695539511649 3907790673884877914 7 130252
RUNG 15631162693536272689 3907790673384068175 11 249
RUNG 15631162672068317089 3907790668017079274 7 2036
RUNG 15631162699762469521 3907790674940617383 11 45649
RUNG 15631162686895580449 3907790671723895115 11 2595
RUNG 15631162686840458209 3907790671710114554 7 38
RUNG 15631162677234702361 3907790669308675593 11 717
RUNG 15631162695882618889 3907790673970654723 3 1217
RUNG 15631162667722899889 3907790666930724974 7 38
RUNG 15631162700712056089 3907790675178014023 3 3436067
RUNG 15631162673842902481 3907790668460725621 3 208454069
RUNG 15631162693603731121 3907790673400932782 7 1045714
RUNG 15631162695276166921 3907790673819041731 3 113891
RUNG 15631162697381512681 3907790674345378171 3 171881
RUNG 15631162688517034129 3907790672129258533 3 419591
RUNG 15631162706327711929 3907790676581927984 7 24659
RUNG 15631162673093520841 3907790668273380212 7 68
RUNG 15631162705762077049 3907790676440519264 7 244
RUNG 15631162701347187289 3907790675336796823 3 11423
RUNG 15631162683605949481 3907790670901487371 3 149
RUNG 15631162674661827049 3907790668665456764 7 11156
RUNG 15631162668870607681 3907790667217651925 19 1466875
RUNG 15631162685541824521 3907790671385456133 11 1266933
RUNG 15631162672097034841 3907790668024258712 7 1042
RUNG 15631162700681512009 3907790675170378004 7 31
RUNG 15631162681124895529 3907790670281223883 3 81707
RUNG 15631162706176644169 3907790676544161043 3 49451
RUNG 15631162707079243801 3907790676769810952 7 5423668
RUNG 15631162708453538401 3907790677113384601 3 113
RUNG 15631162686848755489 3907790671712188874 7 41
RUNG 15631162673630633809 3907790668407658455 11 3167
RUNG 15631162682876990929 3907790670719247733 3 653
RUNG 15631162676140303009 3907790669035075756 15 21806
RUNG 15631162702015000009 3907790675503750005 11 46021
RUNG 15631162674051325129 3907790668512831284 7 236
RUNG 15631162694122544209 3907790673530636058 23 54414
RUNG 15631162705312923409 3907790676328230854 7 157
RUNG 15631162695202789081 3907790673800697271 3 111509
RUNG 15631162680302032081 3907790670075508024 15 57416
RUNG 15631162687451227849 3907790671862806963 3 89
RUNG 15631162684126797889 3907790671031699474 7 10479668
RUNG 15631162708819148929 3907790677204787234 7 2446
RUNG 15631162689556588441 3907790672389147111 3 36653
RUNG 15631162671766344481 3907790667941586121 3 293
RUNG 15631162679268806569 3907790669817201643 3 492077
RUNG 15631162692966810889 3907790673241702725 11 857
RUNG 15631162689911922169 3907790672477980547 19 636151969938275903
RUNG 15631162686640589929 3907790671660147483 3 1617199979
RUNG 15631162690651159369 3907790672662789845 11 809
RUNG 15631162677345233041 3907790669336308262 7 202
RUNG 15631162701247311409 3907790675311827853 3 701
RUNG 15631162674202541281 3907790668550635322 7 101
RUNG 15631162673244825529 3907790668311206384 7 170068846
RUNG 15631162689003260809 3907790672250815204 7 6926
RUNG 15631162705037367721 3907790676259341932 7 418921
RUNG 15631162694688309409 3907790673672077353 3 197
RUNG 15631162695854316241 3907790673963579061 3 182549
RUNG 15631162667992726201 3907790666998181551 3 25257857
RUNG 15631162702778883121 3907790675694720782 7 271
RUNG 15631162707026335561 3907790676756583892 7 47
RUNG 15631162684000304401 3907790671000076101 3 198850931
RUNG 15631162674429263641 3907790668607315912 7 188622194
RUNG 15631162686307810321 3907790671576952583 11 56583
RUNG 15631162694735317129 3907790673683829284 7 14908
RUNG 15631162690157071201 3907790672539267801 3 19001219
RUNG 15631162709511529489 3907790677377882373 3 281
RUNG 15631162701596586169 3907790675399146543 3 4409
RUNG 15631162691594678209 3907790672898669553 3 1705859
RUNG 15631162691943870241 3907790672985967561 3 89
RUNG 15631162677273855721 3907790669318463931 3 1373
RUNG 15631162699511702641 3907790674877925661 3 101
RUNG 15631162688345831929 3907790672086457985 11 57
RUNG 15631162692156280201 3907790673039070051 3 141803
RUNG 15631162685215389601 3907790671303847401 3 49441991
RUNG 15631162701570096409 3907790675392524104 7 105607
RUNG 15631162674551865841 3907790668637966461 3 2003
RUNG 15631162703338508881 3907790675834627221 3 1293203
RUNG 15631162685047958161 3907790671261989541 3 2801
RUNG 15631162706103433129 3907790676525858284 7 2621
RUNG 15631162672324009561 3907790668081002391 3 101
RUNG 15631162702627885009 3907790675656971253 3 53758829
RUNG 15631162671170261329 3907790667792565334 7 634388
RUNG 15631162688897211481 3907790672224302871 3 113
RUNG 15631162698735760201 3907790674683940051 3 146291
RUNG 15631162689368924569 3907790672342231144 7 44348
RUNG 15631162672922347489 3907790668230586874 7 124
RUNG 15631162702691209969 3907790675672802493 3 293
RUNG 15631162702989350521 3907790675747337631 3 89
RUNG 15631162697100108601 3907790674275027152 7 13138
RUNG 15631162692648473569 3907790673162118395 11 4001505
RUNG 15631162668170540401 3907790667042635102 7 5862442
RUNG 15631162685384945521 3907790671346236381 3 6833
RUNG 15631162696448719729 3907790674112179934 7 47
RUNG 15631162677118769881 3907790669279692472 7 146
RUNG 15631162704341207521 3907790676085301881 3 101
RUNG 15631162703244641281 3907790675811160321 3 6150437
RUNG 15631162692015463609 3907790673003865905 11 449438035
RUNG 15631162675856821921 3907790668964205483 11 61
RUNG 15631162694639527081 3907790673659881771 3 48505817
RUNG 15631162677749815849 3907790669437453964 7 293
RUNG 15631162667943940321 3907790666985985081 3 617
RUNG 15631162703056821649 3907790675764205413 3 34367
RUNG 15631162677568085761 3907790669392021443 11 18651
RUNG 15631162690545260161 3907790672636315041 3 89
RUNG 15631162699809995641 3907790674952498911 3 293
RUNG 15631162705827887521 3907790676456971882 7 202
RUNG 15631162672520174641 3907790668130043663 11 5793
RUNG 15631162707275709169 3907790676818927296 15 27466616
RUNG 15631162679338563361 3907790669834640842 7 388
RUNG 15631162700038722841 3907790675009680711 3 89
RUNG 15631162668926205769 3907790667231551443 3 1491953
RUNG 15631162706420115121 3907790676605028781 3 188843
RUNG 15631162683296054449 3907790670824013614 7 72134
RUNG 15631162706569185889 3907790676642296475 11 19580391
RUNG 15631162706612080489 3907790676653020129 27 101021
RUNG 15631162707004161409 3907790676751040354 7 173
RUNG 15631162697094147121 3907790674273536782 7 62
RUNG 15631162686632783761 3907790671658195943 11 14013
RUNG 15631162693912658929 3907790673478164733 3 754223
RUNG 15631162667280375121 3907790666820093781 3 909773
RUNG 15631162676835083401 3907790669208770851 3 116981
RUNG 15631162702577049601 3907790675644262401 3 3347
RUNG 15631162678609628929 3907790669652407236 15 2066
RUNG 15631162682460917089 3907790670615229273 3 36766601
RUNG 15631162689097547089 3907790672274386776 15 128291
RUNG 15631162682346566401 3907790670586641602 7 1759397
RUNG 15631162693391974369 3907790673347993594 7 38
RUNG 15631162673373866089 3907790668343466524 7 356
RUNG 15631162679318244529 3907790669829561133 3 12953
RUNG 15631162703794142569 3907790675948535643 3 269
RUNG 15631162672281382801 3907790668070345701 3 130649
RUNG 15631162680257598769 3907790670064399693 3 204947
RUNG 15631162679728719841 3907790669932179962 7 23547002
RUNG 15631162703520532081 3907790675880133022 7 8389
RUNG 15631162682422178329 3907790670605544584 7 24356
RUNG 15631162699554896881 3907790674888724221 3 113
RUNG 15631162701331477609 3907790675332869407 19 38329741
RUNG 15631162687008616801 3907790671752154201 3 103079
RUNG 15631162707347343601 3907790676836835902 7 373418
RUNG 15631162685887546249 3907790671471886563 3 91097
RUNG 15631162708368371761 3907790677092092948 31 136
RUNG 15631162684290683401 3907790671072670851 3 83933
RUNG 15631162692924435721 3907790673231108932 7 2833
RUNG 15631162676827035361 3907790669206758841 3 7840691
RUNG 15631162679185591561 3907790669796397892 7 7741
RUNG 15631162705683110569 3907790676420777644 7 157
RUNG 15631162699303781809 3907790674825945453 3 22259
RUNG 15631162697286249961 3907790674321562491 3 9715331
RUNG 15631162707853808161 3907790676963452042 7 31
RUNG 15631162707927333961 3907790676981833491 3 89
RUNG 15631162672263106081 3907790668065776523 11 2833
RUNG 15631162698889270129 3907790674722317533 3 2531
RUNG 15631162684010975929 3907790671002743984 7 76
RUNG 15631162680241374841 3907790670060343712 7 68
RUNG 15631162692518129689 3907790673129532427 19 44814627153173
RUNG 15631162675710101881 3907790668927525472 7 121292
RUNG 15631162675273126081 3907790668818281522 7 141308
RUNG 15631162679050902481 3907790669762725622 7 2958212
RUNG 15631162688644414081 3907790672161103521 3 4373
RUNG 15631162679336796601 3907790669834199151 3 1049
RUNG 15631162682587725289 3907790670646931323 3 109049
RUNG 15631162686328747009 3907790671582186753 3 24938189
RUNG 15631162683357587809 3907790670839396955 11 819891
RUNG 15631162705852700449 3907790676463175113 3 251519
RUNG 15631162708000926529 3907790677000231633 3 348149
RUNG 15631162690396501249 3907790672599125313 3 587087
RUNG 15631162700514810121 3907790675128702531 3 3299
RUNG 15631162708570657921 3907790677142664482 7 2462
RUNG 15631162675503911761 3907790668875977943 11 26479
RUNG 15631162670210945761 3907790667552736441 3 25523
RUNG 15631162699103777281 3907790674775944321 3 94949
RUNG 15631162704398788369 3907790676099697093 3 9041
RUNG 15631162706689964281 3907790676672491075 19 55097506897039
RUNG 15631162698168534721 3907790674542133681 3 4289
RUNG 15631162678905974209 3907790669726493555 11 494185
RUNG 15631162681311500761 3907790670327875191 3 122651
RUNG 15631162709614177441 3907790677403544362 7 8287
RUNG 15631162698387043369 3907790674596760844 7 51316
RUNG 15631162671056392849 3907790667764098213 3 361211
RUNG 15631162708662603001 3907790677165650752 7 87774788
RUNG 15631162674899516809 3907790668724879204 7 19
RUNG 15631162686827084329 3907790671706771083 3 13006919
